DATE_TIME,PLANT_ID,SOURCE_KEY,AC_POWER,TARGET_AC_POWER,PERSISTENCE_PREDICTION
2020-06-13 01:15:00,4136001,LlT2YUhhzqhg5Sw,0.0,0.0,0.0
2020-06-13 01:15:00,4136001,vOuJvMaM2sgwLmb,0.0,0.0,0.0
2020-06-13 01:15:00,4136001,oZZkBaNadn6DNKz,0.0,0.0,0.0
2020-06-13 01:15:00,4136001,Qf4GUc1pJu5T6c6,0.0,0.0,0.0
2020-06-13 01:15:00,4136001,9kRcWv60rDACzjR,0.0,0.0,0.0
2020-06-13 01:15:00,4136001,q49J1IKaHRwDQnt,0.0,0.0,0.0
2020-06-13 01:15:00,4136001,NgDl19wMapZy17u,0.0,0.0,0.0
2020-06-13 01:15:00,4136001,Et9kgGMDl729KT4,0.0,0.0,0.0
2020-06-13 01:15:00,4136001,mqwcsP2rE7J0TFp,0.0,0.0,0.0
2020-06-13 01:15:00,4136001,oZ35aAeoifZaQzV,0.0,0.0,0.0
2020-06-13 01:15:00,4136001,Mx2yZCDsyf6DPfv,0.0,0.0,0.0
2020-06-13 01:15:00,4136001,PeE6FRyGXUgsRhN,0.0,0.0,0.0
2020-06-13 01:15:00,4136001,LYwnQax7tkwH5Cb,0.0,0.0,0.0
2020-06-13 01:15:00,4136001,IQ2d7wF4YD8zU1Q,0.0,0.0,0.0
2020-06-13 01:15:00,4136001,V94E5Ben1TlhnDV,0.0,0.0,0.0
2020-06-13 01:15:00,4136001,Quc1TzYxW2pYoWX,0.0,0.0,0.0
2020-06-13 01:15:00,4136001,4UPUqMRk7TRMgml,0.0,0.0,0.0
2020-06-13 01:15:00,4136001,81aHJ1q11NBPMrL,0.0,0.0,0.0
2020-06-13 01:15:00,4136001,WcxssY2VbP4hApt,0.0,0.0,0.0
2020-06-13 01:15:00,4136001,xoJJ8DcxJEcupym,0.0,0.0,0.0
2020-06-13 01:15:00,4136001,xMbIugepa2P7lBB,0.0,0.0,0.0
2020-06-13 01:15:00,4136001,rrq4fwE8jgrTyWY,0.0,0.0,0.0
2020-06-13 01:30:00,4136001,NgDl19wMapZy17u,0.0,0.0,0.0
2020-06-13 01:30:00,4136001,xoJJ8DcxJEcupym,0.0,0.0,0.0
2020-06-13 01:30:00,4136001,LYwnQax7tkwH5Cb,0.0,0.0,0.0
2020-06-13 01:30:00,4136001,IQ2d7wF4YD8zU1Q,0.0,0.0,0.0
2020-06-13 01:30:00,4136001,Et9kgGMDl729KT4,0.0,0.0,0.0
2020-06-13 01:30:00,4136001,81aHJ1q11NBPMrL,0.0,0.0,0.0
2020-06-13 01:30:00,4136001,xMbIugepa2P7lBB,0.0,0.0,0.0
2020-06-13 01:30:00,4136001,9kRcWv60rDACzjR,0.0,0.0,0.0
2020-06-13 01:30:00,4136001,PeE6FRyGXUgsRhN,0.0,0.0,0.0
2020-06-13 01:30:00,4136001,4UPUqMRk7TRMgml,0.0,0.0,0.0
2020-06-13 01:30:00,4136001,mqwcsP2rE7J0TFp,0.0,0.0,0.0
2020-06-13 01:30:00,4136001,rrq4fwE8jgrTyWY,0.0,0.0,0.0
2020-06-13 01:30:00,4136001,V94E5Ben1TlhnDV,0.0,0.0,0.0
2020-06-13 01:30:00,4136001,WcxssY2VbP4hApt,0.0,0.0,0.0
2020-06-13 01:30:00,4136001,Mx2yZCDsyf6DPfv,0.0,0.0,0.0
2020-06-13 01:30:00,4136001,vOuJvMaM2sgwLmb,0.0,0.0,0.0
2020-06-13 01:30:00,4136001,oZ35aAeoifZaQzV,0.0,0.0,0.0
2020-06-13 01:30:00,4136001,oZZkBaNadn6DNKz,0.0,0.0,0.0
2020-06-13 01:30:00,4136001,Qf4GUc1pJu5T6c6,0.0,0.0,0.0
2020-06-13 01:30:00,4136001,Quc1TzYxW2pYoWX,0.0,0.0,0.0
2020-06-13 01:30:00,4136001,LlT2YUhhzqhg5Sw,0.0,0.0,0.0
2020-06-13 01:30:00,4136001,q49J1IKaHRwDQnt,0.0,0.0,0.0
2020-06-13 01:45:00,4136001,vOuJvMaM2sgwLmb,0.0,0.0,0.0
2020-06-13 01:45:00,4136001,oZ35aAeoifZaQzV,0.0,0.0,0.0
2020-06-13 01:45:00,4136001,4UPUqMRk7TRMgml,0.0,0.0,0.0
2020-06-13 01:45:00,4136001,WcxssY2VbP4hApt,0.0,0.0,0.0
2020-06-13 01:45:00,4136001,PeE6FRyGXUgsRhN,0.0,0.0,0.0
2020-06-13 01:45:00,4136001,mqwcsP2rE7J0TFp,0.0,0.0,0.0
2020-06-13 01:45:00,4136001,NgDl19wMapZy17u,0.0,0.0,0.0
2020-06-13 01:45:00,4136001,rrq4fwE8jgrTyWY,0.0,0.0,0.0
2020-06-13 01:45:00,4136001,Quc1TzYxW2pYoWX,0.0,0.0,0.0
2020-06-13 01:45:00,4136001,81aHJ1q11NBPMrL,0.0,0.0,0.0
2020-06-13 01:45:00,4136001,Mx2yZCDsyf6DPfv,0.0,0.0,0.0
2020-06-13 01:45:00,4136001,LlT2YUhhzqhg5Sw,0.0,0.0,0.0
2020-06-13 01:45:00,4136001,Qf4GUc1pJu5T6c6,0.0,0.0,0.0
2020-06-13 01:45:00,4136001,V94E5Ben1TlhnDV,0.0,0.0,0.0
2020-06-13 01:45:00,4136001,q49J1IKaHRwDQnt,0.0,0.0,0.0
2020-06-13 01:45:00,4136001,oZZkBaNadn6DNKz,0.0,0.0,0.0
2020-06-13 01:45:00,4136001,Et9kgGMDl729KT4,0.0,0.0,0.0
2020-06-13 01:45:00,4136001,IQ2d7wF4YD8zU1Q,0.0,0.0,0.0
2020-06-13 01:45:00,4136001,9kRcWv60rDACzjR,0.0,0.0,0.0
2020-06-13 01:45:00,4136001,xMbIugepa2P7lBB,0.0,0.0,0.0
2020-06-13 01:45:00,4136001,LYwnQax7tkwH5Cb,0.0,0.0,0.0
2020-06-13 01:45:00,4136001,xoJJ8DcxJEcupym,0.0,0.0,0.0
2020-06-13 02:00:00,4136001,mqwcsP2rE7J0TFp,0.0,0.0,0.0
2020-06-13 02:00:00,4136001,V94E5Ben1TlhnDV,0.0,0.0,0.0
2020-06-13 02:00:00,4136001,vOuJvMaM2sgwLmb,0.0,0.0,0.0
2020-06-13 02:00:00,4136001,rrq4fwE8jgrTyWY,0.0,0.0,0.0
2020-06-13 02:00:00,4136001,WcxssY2VbP4hApt,0.0,0.0,0.0
2020-06-13 02:00:00,4136001,PeE6FRyGXUgsRhN,0.0,0.0,0.0
2020-06-13 02:00:00,4136001,LlT2YUhhzqhg5Sw,0.0,0.0,0.0
2020-06-13 02:00:00,4136001,Mx2yZCDsyf6DPfv,0.0,0.0,0.0
2020-06-13 02:00:00,4136001,xoJJ8DcxJEcupym,0.0,0.0,0.0
2020-06-13 02:00:00,4136001,Qf4GUc1pJu5T6c6,0.0,0.0,0.0
2020-06-13 02:00:00,4136001,Quc1TzYxW2pYoWX,0.0,0.0,0.0
2020-06-13 02:00:00,4136001,81aHJ1q11NBPMrL,0.0,0.0,0.0
2020-06-13 02:00:00,4136001,Et9kgGMDl729KT4,0.0,0.0,0.0
2020-06-13 02:00:00,4136001,9kRcWv60rDACzjR,0.0,0.0,0.0
2020-06-13 02:00:00,4136001,oZZkBaNadn6DNKz,0.0,0.0,0.0
2020-06-13 02:00:00,4136001,IQ2d7wF4YD8zU1Q,0.0,0.0,0.0
2020-06-13 02:00:00,4136001,q49J1IKaHRwDQnt,0.0,0.0,0.0
2020-06-13 02:00:00,4136001,LYwnQax7tkwH5Cb,0.0,0.0,0.0
2020-06-13 02:00:00,4136001,oZ35aAeoifZaQzV,0.0,0.0,0.0
2020-06-13 02:00:00,4136001,4UPUqMRk7TRMgml,0.0,0.0,0.0
2020-06-13 02:00:00,4136001,xMbIugepa2P7lBB,0.0,0.0,0.0
2020-06-13 02:00:00,4136001,NgDl19wMapZy17u,0.0,0.0,0.0
2020-06-13 02:15:00,4136001,IQ2d7wF4YD8zU1Q,0.0,0.0,0.0
2020-06-13 02:15:00,4136001,oZZkBaNadn6DNKz,0.0,0.0,0.0
2020-06-13 02:15:00,4136001,vOuJvMaM2sgwLmb,0.0,0.0,0.0
2020-06-13 02:15:00,4136001,WcxssY2VbP4hApt,0.0,0.0,0.0
2020-06-13 02:15:00,4136001,NgDl19wMapZy17u,0.0,0.0,0.0
2020-06-13 02:15:00,4136001,LlT2YUhhzqhg5Sw,0.0,0.0,0.0
2020-06-13 02:15:00,4136001,xoJJ8DcxJEcupym,0.0,0.0,0.0
2020-06-13 02:15:00,4136001,Mx2yZCDsyf6DPfv,0.0,0.0,0.0
2020-06-13 02:15:00,4136001,Qf4GUc1pJu5T6c6,0.0,0.0,0.0
2020-06-13 02:15:00,4136001,81aHJ1q11NBPMrL,0.0,0.0,0.0
2020-06-13 02:15:00,4136001,Quc1TzYxW2pYoWX,0.0,0.0,0.0
2020-06-13 02:15:00,4136001,9kRcWv60rDACzjR,0.0,0.0,0.0
2020-06-13 02:15:00,4136001,xMbIugepa2P7lBB,0.0,0.0,0.0
2020-06-13 02:15:00,4136001,q49J1IKaHRwDQnt,0.0,0.0,0.0
2020-06-13 02:15:00,4136001,Et9kgGMDl729KT4,0.0,0.0,0.0
2020-06-13 02:15:00,4136001,LYwnQax7tkwH5Cb,0.0,0.0,0.0
2020-06-13 02:15:00,4136001,oZ35aAeoifZaQzV,0.0,0.0,0.0
2020-06-13 02:15:00,4136001,4UPUqMRk7TRMgml,0.0,0.0,0.0
2020-06-13 02:15:00,4136001,PeE6FRyGXUgsRhN,0.0,0.0,0.0
2020-06-13 02:15:00,4136001,mqwcsP2rE7J0TFp,0.0,0.0,0.0
2020-06-13 02:15:00,4136001,rrq4fwE8jgrTyWY,0.0,0.0,0.0
2020-06-13 02:15:00,4136001,V94E5Ben1TlhnDV,0.0,0.0,0.0
2020-06-13 02:30:00,4136001,LYwnQax7tkwH5Cb,0.0,0.0,0.0
2020-06-13 02:30:00,4136001,WcxssY2VbP4hApt,0.0,0.0,0.0
2020-06-13 02:30:00,4136001,vOuJvMaM2sgwLmb,0.0,0.0,0.0
2020-06-13 02:30:00,4136001,LlT2YUhhzqhg5Sw,0.0,0.0,0.0
2020-06-13 02:30:00,4136001,Quc1TzYxW2pYoWX,0.0,0.0,0.0
2020-06-13 02:30:00,4136001,4UPUqMRk7TRMgml,0.0,0.0,0.0
2020-06-13 02:30:00,4136001,oZZkBaNadn6DNKz,0.0,0.0,0.0
2020-06-13 02:30:00,4136001,V94E5Ben1TlhnDV,0.0,0.0,0.0
2020-06-13 02:30:00,4136001,xoJJ8DcxJEcupym,0.0,0.0,0.0
2020-06-13 02:30:00,4136001,NgDl19wMapZy17u,0.0,0.0,0.0
2020-06-13 02:30:00,4136001,IQ2d7wF4YD8zU1Q,0.0,0.0,0.0
2020-06-13 02:30:00,4136001,oZ35aAeoifZaQzV,0.0,0.0,0.0
2020-06-13 02:30:00,4136001,PeE6FRyGXUgsRhN,0.0,0.0,0.0
2020-06-13 02:30:00,4136001,xMbIugepa2P7lBB,0.0,0.0,0.0
2020-06-13 02:30:00,4136001,mqwcsP2rE7J0TFp,0.0,0.0,0.0
2020-06-13 02:30:00,4136001,q49J1IKaHRwDQnt,0.0,0.0,0.0
2020-06-13 02:30:00,4136001,Et9kgGMDl729KT4,0.0,0.0,0.0
2020-06-13 02:30:00,4136001,rrq4fwE8jgrTyWY,0.0,0.0,0.0
2020-06-13 02:30:00,4136001,81aHJ1q11NBPMrL,0.0,0.0,0.0
2020-06-13 02:30:00,4136001,Qf4GUc1pJu5T6c6,0.0,0.0,0.0
2020-06-13 02:30:00,4136001,Mx2yZCDsyf6DPfv,0.0,0.0,0.0
2020-06-13 02:30:00,4136001,9kRcWv60rDACzjR,0.0,0.0,0.0
2020-06-13 02:45:00,4136001,9kRcWv60rDACzjR,0.0,0.0,0.0
2020-06-13 02:45:00,4136001,q49J1IKaHRwDQnt,0.0,0.0,0.0
2020-06-13 02:45:00,4136001,rrq4fwE8jgrTyWY,0.0,0.0,0.0
2020-06-13 02:45:00,4136001,Qf4GUc1pJu5T6c6,0.0,0.0,0.0
2020-06-13 02:45:00,4136001,Quc1TzYxW2pYoWX,0.0,0.0,0.0
2020-06-13 02:45:00,4136001,Mx2yZCDsyf6DPfv,0.0,0.0,0.0
2020-06-13 02:45:00,4136001,xMbIugepa2P7lBB,0.0,0.0,0.0
2020-06-13 02:45:00,4136001,LYwnQax7tkwH5Cb,0.0,0.0,0.0
2020-06-13 02:45:00,4136001,xoJJ8DcxJEcupym,0.0,0.0,0.0
2020-06-13 02:45:00,4136001,LlT2YUhhzqhg5Sw,0.0,0.0,0.0
2020-06-13 02:45:00,4136001,oZZkBaNadn6DNKz,0.0,0.0,0.0
2020-06-13 02:45:00,4136001,Et9kgGMDl729KT4,0.0,0.0,0.0
2020-06-13 02:45:00,4136001,oZ35aAeoifZaQzV,0.0,0.0,0.0
2020-06-13 02:45:00,4136001,PeE6FRyGXUgsRhN,0.0,0.0,0.0
2020-06-13 02:45:00,4136001,mqwcsP2rE7J0TFp,0.0,0.0,0.0
2020-06-13 02:45:00,4136001,4UPUqMRk7TRMgml,0.0,0.0,0.0
2020-06-13 02:45:00,4136001,V94E5Ben1TlhnDV,0.0,0.0,0.0
2020-06-13 02:45:00,4136001,NgDl19wMapZy17u,0.0,0.0,0.0
2020-06-13 02:45:00,4136001,WcxssY2VbP4hApt,0.0,0.0,0.0
2020-06-13 02:45:00,4136001,vOuJvMaM2sgwLmb,0.0,0.0,0.0
2020-06-13 02:45:00,4136001,IQ2d7wF4YD8zU1Q,0.0,0.0,0.0
2020-06-13 02:45:00,4136001,81aHJ1q11NBPMrL,0.0,0.0,0.0
2020-06-13 03:00:00,4136001,vOuJvMaM2sgwLmb,0.0,0.0,0.0
2020-06-13 03:00:00,4136001,LYwnQax7tkwH5Cb,0.0,0.0,0.0
2020-06-13 03:00:00,4136001,Qf4GUc1pJu5T6c6,0.0,0.0,0.0
2020-06-13 03:00:00,4136001,Et9kgGMDl729KT4,0.0,0.0,0.0
2020-06-13 03:00:00,4136001,xMbIugepa2P7lBB,0.0,0.0,0.0
2020-06-13 03:00:00,4136001,81aHJ1q11NBPMrL,0.0,0.0,0.0
2020-06-13 03:00:00,4136001,oZ35aAeoifZaQzV,0.0,0.0,0.0
2020-06-13 03:00:00,4136001,V94E5Ben1TlhnDV,0.0,0.0,0.0
2020-06-13 03:00:00,4136001,q49J1IKaHRwDQnt,0.0,0.0,0.0
2020-06-13 03:00:00,4136001,oZZkBaNadn6DNKz,0.0,0.0,0.0
2020-06-13 03:00:00,4136001,xoJJ8DcxJEcupym,0.0,0.0,0.0
2020-06-13 03:00:00,4136001,PeE6FRyGXUgsRhN,0.0,0.0,0.0
2020-06-13 03:00:00,4136001,mqwcsP2rE7J0TFp,0.0,0.0,0.0
2020-06-13 03:00:00,4136001,Quc1TzYxW2pYoWX,0.0,0.0,0.0
2020-06-13 03:00:00,4136001,NgDl19wMapZy17u,0.0,0.0,0.0
2020-06-13 03:00:00,4136001,LlT2YUhhzqhg5Sw,0.0,0.0,0.0
2020-06-13 03:00:00,4136001,WcxssY2VbP4hApt,0.0,0.0,0.0
2020-06-13 03:00:00,4136001,IQ2d7wF4YD8zU1Q,0.0,0.0,0.0
2020-06-13 03:00:00,4136001,9kRcWv60rDACzjR,0.0,0.0,0.0
2020-06-13 03:00:00,4136001,Mx2yZCDsyf6DPfv,0.0,0.0,0.0
2020-06-13 03:00:00,4136001,4UPUqMRk7TRMgml,0.0,0.0,0.0
2020-06-13 03:00:00,4136001,rrq4fwE8jgrTyWY,0.0,0.0,0.0
2020-06-13 03:15:00,4136001,81aHJ1q11NBPMrL,0.0,0.0,0.0
2020-06-13 03:15:00,4136001,IQ2d7wF4YD8zU1Q,0.0,0.0,0.0
2020-06-13 03:15:00,4136001,oZZkBaNadn6DNKz,0.0,0.0,0.0
2020-06-13 03:15:00,4136001,oZ35aAeoifZaQzV,0.0,0.0,0.0
2020-06-13 03:15:00,4136001,PeE6FRyGXUgsRhN,0.0,0.0,0.0
2020-06-13 03:15:00,4136001,NgDl19wMapZy17u,0.0,0.0,0.0
2020-06-13 03:15:00,4136001,V94E5Ben1TlhnDV,0.0,0.0,0.0
2020-06-13 03:15:00,4136001,mqwcsP2rE7J0TFp,0.0,0.0,0.0
2020-06-13 03:15:00,4136001,WcxssY2VbP4hApt,0.0,0.0,0.0
2020-06-13 03:15:00,4136001,Et9kgGMDl729KT4,0.0,0.0,0.0
2020-06-13 03:15:00,4136001,q49J1IKaHRwDQnt,0.0,0.0,0.0
2020-06-13 03:15:00,4136001,vOuJvMaM2sgwLmb,0.0,0.0,0.0
2020-06-13 03:15:00,4136001,xoJJ8DcxJEcupym,0.0,0.0,0.0
2020-06-13 03:15:00,4136001,Quc1TzYxW2pYoWX,0.0,0.0,0.0
2020-06-13 03:15:00,4136001,Qf4GUc1pJu5T6c6,0.0,0.0,0.0
2020-06-13 03:15:00,4136001,9kRcWv60rDACzjR,0.0,0.0,0.0
2020-06-13 03:15:00,4136001,LYwnQax7tkwH5Cb,0.0,0.0,0.0
2020-06-13 03:15:00,4136001,Mx2yZCDsyf6DPfv,0.0,0.0,0.0
2020-06-13 03:15:00,4136001,xMbIugepa2P7lBB,0.0,0.0,0.0
2020-06-13 03:15:00,4136001,4UPUqMRk7TRMgml,0.0,0.0,0.0
2020-06-13 03:15:00,4136001,rrq4fwE8jgrTyWY,0.0,0.0,0.0
2020-06-13 03:15:00,4136001,LlT2YUhhzqhg5Sw,0.0,0.0,0.0
2020-06-13 03:30:00,4136001,oZ35aAeoifZaQzV,0.0,0.0,0.0
2020-06-13 03:30:00,4136001,q49J1IKaHRwDQnt,0.0,0.0,0.0
2020-06-13 03:30:00,4136001,Mx2yZCDsyf6DPfv,0.0,0.0,0.0
2020-06-13 03:30:00,4136001,Qf4GUc1pJu5T6c6,0.0,0.0,0.0
2020-06-13 03:30:00,4136001,9kRcWv60rDACzjR,0.0,0.0,0.0
2020-06-13 03:30:00,4136001,4UPUqMRk7TRMgml,0.0,0.0,0.0
2020-06-13 03:30:00,4136001,PeE6FRyGXUgsRhN,0.0,0.0,0.0
2020-06-13 03:30:00,4136001,NgDl19wMapZy17u,0.0,0.0,0.0
2020-06-13 03:30:00,4136001,rrq4fwE8jgrTyWY,0.0,0.0,0.0
2020-06-13 03:30:00,4136001,LlT2YUhhzqhg5Sw,0.0,0.0,0.0
2020-06-13 03:30:00,4136001,vOuJvMaM2sgwLmb,0.0,0.0,0.0
2020-06-13 03:30:00,4136001,xMbIugepa2P7lBB,0.0,0.0,0.0
2020-06-13 03:30:00,4136001,81aHJ1q11NBPMrL,0.0,0.0,0.0
2020-06-13 03:30:00,4136001,IQ2d7wF4YD8zU1Q,0.0,0.0,0.0
2020-06-13 03:30:00,4136001,Quc1TzYxW2pYoWX,0.0,0.0,0.0
2020-06-13 03:30:00,4136001,xoJJ8DcxJEcupym,0.0,0.0,0.0
2020-06-13 03:30:00,4136001,V94E5Ben1TlhnDV,0.0,0.0,0.0
2020-06-13 03:30:00,4136001,Et9kgGMDl729KT4,0.0,0.0,0.0
2020-06-13 03:30:00,4136001,oZZkBaNadn6DNKz,0.0,0.0,0.0
2020-06-13 03:30:00,4136001,mqwcsP2rE7J0TFp,0.0,0.0,0.0
2020-06-13 03:30:00,4136001,WcxssY2VbP4hApt,0.0,0.0,0.0
2020-06-13 03:30:00,4136001,LYwnQax7tkwH5Cb,0.0,0.0,0.0
2020-06-13 03:45:00,4136001,9kRcWv60rDACzjR,0.0,0.0,0.0
2020-06-13 03:45:00,4136001,Qf4GUc1pJu5T6c6,0.0,0.0,0.0
2020-06-13 03:45:00,4136001,xoJJ8DcxJEcupym,0.0,0.0,0.0
2020-06-13 03:45:00,4136001,rrq4fwE8jgrTyWY,0.0,0.0,0.0
2020-06-13 03:45:00,4136001,WcxssY2VbP4hApt,0.0,0.0,0.0
2020-06-13 03:45:00,4136001,LYwnQax7tkwH5Cb,0.0,0.0,0.0
2020-06-13 03:45:00,4136001,oZ35aAeoifZaQzV,0.0,0.0,0.0
2020-06-13 03:45:00,4136001,IQ2d7wF4YD8zU1Q,0.0,0.0,0.0
2020-06-13 03:45:00,4136001,V94E5Ben1TlhnDV,0.0,0.0,0.0
2020-06-13 03:45:00,4136001,4UPUqMRk7TRMgml,0.0,0.0,0.0
2020-06-13 03:45:00,4136001,PeE6FRyGXUgsRhN,0.0,0.0,0.0
2020-06-13 03:45:00,4136001,Quc1TzYxW2pYoWX,0.0,0.0,0.0
2020-06-13 03:45:00,4136001,81aHJ1q11NBPMrL,0.0,0.0,0.0
2020-06-13 03:45:00,4136001,vOuJvMaM2sgwLmb,0.0,0.0,0.0
2020-06-13 03:45:00,4136001,Mx2yZCDsyf6DPfv,0.0,0.0,0.0
2020-06-13 03:45:00,4136001,Et9kgGMDl729KT4,0.0,0.0,0.0
2020-06-13 03:45:00,4136001,xMbIugepa2P7lBB,0.0,0.0,0.0
2020-06-13 03:45:00,4136001,oZZkBaNadn6DNKz,0.0,0.0,0.0
2020-06-13 03:45:00,4136001,q49J1IKaHRwDQnt,0.0,0.0,0.0
2020-06-13 03:45:00,4136001,NgDl19wMapZy17u,0.0,0.0,0.0
2020-06-13 03:45:00,4136001,mqwcsP2rE7J0TFp,0.0,0.0,0.0
2020-06-13 03:45:00,4136001,LlT2YUhhzqhg5Sw,0.0,0.0,0.0
2020-06-13 04:00:00,4136001,IQ2d7wF4YD8zU1Q,0.0,0.0,0.0
2020-06-13 04:00:00,4136001,NgDl19wMapZy17u,0.0,0.0,0.0
2020-06-13 04:00:00,4136001,oZZkBaNadn6DNKz,0.0,0.0,0.0
2020-06-13 04:00:00,4136001,rrq4fwE8jgrTyWY,0.0,0.0,0.0
2020-06-13 04:00:00,4136001,4UPUqMRk7TRMgml,0.0,0.0,0.0
2020-06-13 04:00:00,4136001,Qf4GUc1pJu5T6c6,0.0,0.0,0.0
2020-06-13 04:00:00,4136001,q49J1IKaHRwDQnt,0.0,0.0,0.0
2020-06-13 04:00:00,4136001,Et9kgGMDl729KT4,0.0,0.0,0.0
2020-06-13 04:00:00,4136001,oZ35aAeoifZaQzV,0.0,0.0,0.0
2020-06-13 04:00:00,4136001,vOuJvMaM2sgwLmb,0.0,0.0,0.0
2020-06-13 04:00:00,4136001,9kRcWv60rDACzjR,0.0,0.0,0.0
2020-06-13 04:00:00,4136001,WcxssY2VbP4hApt,0.0,0.0,0.0
2020-06-13 04:00:00,4136001,mqwcsP2rE7J0TFp,0.0,0.0,0.0
2020-06-13 04:00:00,4136001,Mx2yZCDsyf6DPfv,0.0,0.0,0.0
2020-06-13 04:00:00,4136001,PeE6FRyGXUgsRhN,0.0,0.0,0.0
2020-06-13 04:00:00,4136001,xoJJ8DcxJEcupym,0.0,0.0,0.0
2020-06-13 04:00:00,4136001,LYwnQax7tkwH5Cb,0.0,0.0,0.0
2020-06-13 04:00:00,4136001,Quc1TzYxW2pYoWX,0.0,0.0,0.0
2020-06-13 04:00:00,4136001,LlT2YUhhzqhg5Sw,0.0,0.0,0.0
2020-06-13 04:00:00,4136001,81aHJ1q11NBPMrL,0.0,0.0,0.0
2020-06-13 04:00:00,4136001,xMbIugepa2P7lBB,0.0,0.0,0.0
2020-06-13 04:00:00,4136001,V94E5Ben1TlhnDV,0.0,0.0,0.0
2020-06-13 04:15:00,4136001,4UPUqMRk7TRMgml,0.0,0.0,0.0
2020-06-13 04:15:00,4136001,81aHJ1q11NBPMrL,0.0,0.0,0.0
2020-06-13 04:15:00,4136001,Qf4GUc1pJu5T6c6,0.0,0.0,0.0
2020-06-13 04:15:00,4136001,vOuJvMaM2sgwLmb,0.0,0.0,0.0
2020-06-13 04:15:00,4136001,LYwnQax7tkwH5Cb,0.0,0.0,0.0
2020-06-13 04:15:00,4136001,xoJJ8DcxJEcupym,0.0,0.0,0.0
2020-06-13 04:15:00,4136001,PeE6FRyGXUgsRhN,0.0,0.0,0.0
2020-06-13 04:15:00,4136001,Et9kgGMDl729KT4,0.0,0.0,0.0
2020-06-13 04:15:00,4136001,Mx2yZCDsyf6DPfv,0.0,0.0,0.0
2020-06-13 04:15:00,4136001,Quc1TzYxW2pYoWX,0.0,0.0,0.0
2020-06-13 04:15:00,4136001,LlT2YUhhzqhg5Sw,0.0,0.0,0.0
2020-06-13 04:15:00,4136001,xMbIugepa2P7lBB,0.0,0.0,0.0
2020-06-13 04:15:00,4136001,9kRcWv60rDACzjR,0.0,0.0,0.0
2020-06-13 04:15:00,4136001,oZZkBaNadn6DNKz,0.0,0.0,0.0
2020-06-13 04:15:00,4136001,V94E5Ben1TlhnDV,0.0,0.0,0.0
2020-06-13 04:15:00,4136001,NgDl19wMapZy17u,0.0,0.0,0.0
2020-06-13 04:15:00,4136001,WcxssY2VbP4hApt,0.0,0.0,0.0
2020-06-13 04:15:00,4136001,oZ35aAeoifZaQzV,0.0,0.0,0.0
2020-06-13 04:15:00,4136001,rrq4fwE8jgrTyWY,0.0,0.0,0.0
2020-06-13 04:15:00,4136001,mqwcsP2rE7J0TFp,0.0,0.0,0.0
2020-06-13 04:15:00,4136001,q49J1IKaHRwDQnt,0.0,0.0,0.0
2020-06-13 04:15:00,4136001,IQ2d7wF4YD8zU1Q,0.0,0.0,0.0
2020-06-13 04:30:00,4136001,4UPUqMRk7TRMgml,0.0,0.0,0.0
2020-06-13 04:30:00,4136001,mqwcsP2rE7J0TFp,0.0,0.0,0.0
2020-06-13 04:30:00,4136001,xMbIugepa2P7lBB,0.0,0.0,0.0
2020-06-13 04:30:00,4136001,oZ35aAeoifZaQzV,0.0,0.0,0.0
2020-06-13 04:30:00,4136001,Et9kgGMDl729KT4,0.0,0.0,0.0
2020-06-13 04:30:00,4136001,vOuJvMaM2sgwLmb,0.0,0.0,0.0
2020-06-13 04:30:00,4136001,Mx2yZCDsyf6DPfv,0.0,0.0,0.0
2020-06-13 04:30:00,4136001,rrq4fwE8jgrTyWY,0.0,0.0,0.0
2020-06-13 04:30:00,4136001,oZZkBaNadn6DNKz,0.0,0.0,0.0
2020-06-13 04:30:00,4136001,9kRcWv60rDACzjR,0.0,0.0,0.0
2020-06-13 04:30:00,4136001,81aHJ1q11NBPMrL,0.0,0.0,0.0
2020-06-13 04:30:00,4136001,q49J1IKaHRwDQnt,0.0,0.0,0.0
2020-06-13 04:30:00,4136001,LlT2YUhhzqhg5Sw,0.0,0.0,0.0
2020-06-13 04:30:00,4136001,V94E5Ben1TlhnDV,0.0,0.0,0.0
2020-06-13 04:30:00,4136001,IQ2d7wF4YD8zU1Q,0.0,0.0,0.0
2020-06-13 04:30:00,4136001,Qf4GUc1pJu5T6c6,0.0,0.0,0.0
2020-06-13 04:30:00,4136001,WcxssY2VbP4hApt,0.0,0.0,0.0
2020-06-13 04:30:00,4136001,PeE6FRyGXUgsRhN,0.0,0.0,0.0
2020-06-13 04:30:00,4136001,Quc1TzYxW2pYoWX,0.0,0.0,0.0
2020-06-13 04:30:00,4136001,xoJJ8DcxJEcupym,0.0,0.0,0.0
2020-06-13 04:30:00,4136001,LYwnQax7tkwH5Cb,0.0,0.0,0.0
2020-06-13 04:30:00,4136001,NgDl19wMapZy17u,0.0,0.0,0.0
2020-06-13 04:45:00,4136001,oZZkBaNadn6DNKz,0.0,0.0,0.0
2020-06-13 04:45:00,4136001,oZ35aAeoifZaQzV,0.0,0.0,0.0
2020-06-13 04:45:00,4136001,LlT2YUhhzqhg5Sw,0.0,0.0,0.0
2020-06-13 04:45:00,4136001,81aHJ1q11NBPMrL,0.0,0.0,0.0
2020-06-13 04:45:00,4136001,IQ2d7wF4YD8zU1Q,0.0,0.0,0.0
2020-06-13 04:45:00,4136001,mqwcsP2rE7J0TFp,0.0,0.0,0.0
2020-06-13 04:45:00,4136001,rrq4fwE8jgrTyWY,0.0,0.0,0.0
2020-06-13 04:45:00,4136001,V94E5Ben1TlhnDV,0.0,0.0,0.0
2020-06-13 04:45:00,4136001,Et9kgGMDl729KT4,0.0,0.0,0.0
2020-06-13 04:45:00,4136001,Mx2yZCDsyf6DPfv,0.0,0.0,0.0
2020-06-13 04:45:00,4136001,xoJJ8DcxJEcupym,0.0,0.0,0.0
2020-06-13 04:45:00,4136001,NgDl19wMapZy17u,0.0,0.0,0.0
2020-06-13 04:45:00,4136001,LYwnQax7tkwH5Cb,0.0,0.0,0.0
2020-06-13 04:45:00,4136001,Quc1TzYxW2pYoWX,0.0,0.0,0.0
2020-06-13 04:45:00,4136001,PeE6FRyGXUgsRhN,0.0,0.0,0.0
2020-06-13 04:45:00,4136001,WcxssY2VbP4hApt,0.0,0.0,0.0
2020-06-13 04:45:00,4136001,vOuJvMaM2sgwLmb,0.0,0.0,0.0
2020-06-13 04:45:00,4136001,xMbIugepa2P7lBB,0.0,0.0,0.0
2020-06-13 04:45:00,4136001,4UPUqMRk7TRMgml,0.0,0.0,0.0
2020-06-13 04:45:00,4136001,q49J1IKaHRwDQnt,0.0,0.0,0.0
2020-06-13 04:45:00,4136001,Qf4GUc1pJu5T6c6,0.0,0.0,0.0
2020-06-13 04:45:00,4136001,9kRcWv60rDACzjR,0.0,0.0,0.0
2020-06-13 05:00:00,4136001,oZZkBaNadn6DNKz,0.0,0.0,0.0
2020-06-13 05:00:00,4136001,Qf4GUc1pJu5T6c6,0.0,0.0,0.0
2020-06-13 05:00:00,4136001,9kRcWv60rDACzjR,0.0,0.0,0.0
2020-06-13 05:00:00,4136001,NgDl19wMapZy17u,0.0,0.0,0.0
2020-06-13 05:00:00,4136001,Et9kgGMDl729KT4,0.0,0.0,0.0
2020-06-13 05:00:00,4136001,4UPUqMRk7TRMgml,0.0,0.0,0.0
2020-06-13 05:00:00,4136001,81aHJ1q11NBPMrL,0.0,0.0,0.0
2020-06-13 05:00:00,4136001,mqwcsP2rE7J0TFp,0.0,0.0,0.0
2020-06-13 05:00:00,4136001,V94E5Ben1TlhnDV,0.0,0.0,0.0
2020-06-13 05:00:00,4136001,IQ2d7wF4YD8zU1Q,0.0,0.0,0.0
2020-06-13 05:00:00,4136001,q49J1IKaHRwDQnt,0.0,0.0,0.0
2020-06-13 05:00:00,4136001,Mx2yZCDsyf6DPfv,0.0,0.0,0.0
2020-06-13 05:00:00,4136001,xoJJ8DcxJEcupym,0.0,0.0,0.0
2020-06-13 05:00:00,4136001,LYwnQax7tkwH5Cb,0.0,0.0,0.0
2020-06-13 05:00:00,4136001,PeE6FRyGXUgsRhN,0.0,0.0,0.0
2020-06-13 05:00:00,4136001,LlT2YUhhzqhg5Sw,0.0,0.0,0.0
2020-06-13 05:00:00,4136001,WcxssY2VbP4hApt,0.0,0.0,0.0
2020-06-13 05:00:00,4136001,xMbIugepa2P7lBB,0.0,0.0,0.0
2020-06-13 05:00:00,4136001,oZ35aAeoifZaQzV,0.0,0.0,0.0
2020-06-13 05:00:00,4136001,vOuJvMaM2sgwLmb,0.0,0.0,0.0
2020-06-13 05:00:00,4136001,Quc1TzYxW2pYoWX,0.0,0.0,0.0
2020-06-13 05:00:00,4136001,rrq4fwE8jgrTyWY,0.0,0.0,0.0
2020-06-13 05:15:00,4136001,Qf4GUc1pJu5T6c6,0.0,0.0,0.0
2020-06-13 05:15:00,4136001,81aHJ1q11NBPMrL,0.0,0.0,0.0
2020-06-13 05:15:00,4136001,q49J1IKaHRwDQnt,0.0,0.0,0.0
2020-06-13 05:15:00,4136001,IQ2d7wF4YD8zU1Q,0.0,0.0,0.0
2020-06-13 05:15:00,4136001,V94E5Ben1TlhnDV,0.0,0.0,0.0
2020-06-13 05:15:00,4136001,WcxssY2VbP4hApt,0.0,0.0,0.0
2020-06-13 05:15:00,4136001,NgDl19wMapZy17u,0.0,0.0,0.0
2020-06-13 05:15:00,4136001,LYwnQax7tkwH5Cb,0.0,0.0,0.0
2020-06-13 05:15:00,4136001,Et9kgGMDl729KT4,0.0,0.0,0.0
2020-06-13 05:15:00,4136001,rrq4fwE8jgrTyWY,0.0,0.0,0.0
2020-06-13 05:15:00,4136001,oZZkBaNadn6DNKz,0.0,0.0,0.0
2020-06-13 05:15:00,4136001,vOuJvMaM2sgwLmb,0.0,0.0,0.0
2020-06-13 05:15:00,4136001,mqwcsP2rE7J0TFp,0.0,0.0,0.0
2020-06-13 05:15:00,4136001,9kRcWv60rDACzjR,0.0,0.0,0.0
2020-06-13 05:15:00,4136001,Quc1TzYxW2pYoWX,0.0,0.0,0.0
2020-06-13 05:15:00,4136001,xMbIugepa2P7lBB,0.0,0.0,0.0
2020-06-13 05:15:00,4136001,oZ35aAeoifZaQzV,0.0,0.0,0.0
2020-06-13 05:15:00,4136001,PeE6FRyGXUgsRhN,0.0,0.0,0.0
2020-06-13 05:15:00,4136001,LlT2YUhhzqhg5Sw,0.0,0.0,0.0
2020-06-13 05:15:00,4136001,Mx2yZCDsyf6DPfv,0.0,0.0,0.0
2020-06-13 05:15:00,4136001,4UPUqMRk7TRMgml,0.0,0.0,0.0
2020-06-13 05:15:00,4136001,xoJJ8DcxJEcupym,0.0,0.0,0.0
2020-06-13 05:30:00,4136001,xoJJ8DcxJEcupym,0.0,0.0,0.0
2020-06-13 05:30:00,4136001,Qf4GUc1pJu5T6c6,0.0,0.0,0.0
2020-06-13 05:30:00,4136001,V94E5Ben1TlhnDV,0.0,0.0,0.0
2020-06-13 05:30:00,4136001,q49J1IKaHRwDQnt,0.0,0.0,0.0
2020-06-13 05:30:00,4136001,IQ2d7wF4YD8zU1Q,0.0,0.0,0.0
2020-06-13 05:30:00,4136001,WcxssY2VbP4hApt,0.0,0.0,0.0
2020-06-13 05:30:00,4136001,oZZkBaNadn6DNKz,0.0,0.0,0.0
2020-06-13 05:30:00,4136001,9kRcWv60rDACzjR,0.0,0.0,0.0
2020-06-13 05:30:00,4136001,Quc1TzYxW2pYoWX,0.0,0.0,0.0
2020-06-13 05:30:00,4136001,LlT2YUhhzqhg5Sw,0.0,0.0,0.0
2020-06-13 05:30:00,4136001,Mx2yZCDsyf6DPfv,0.0,0.0,0.0
2020-06-13 05:30:00,4136001,xMbIugepa2P7lBB,0.0,0.0,0.0
2020-06-13 05:30:00,4136001,LYwnQax7tkwH5Cb,0.0,0.0,0.0
2020-06-13 05:30:00,4136001,Et9kgGMDl729KT4,0.0,0.0,0.0
2020-06-13 05:30:00,4136001,PeE6FRyGXUgsRhN,0.0,0.0,0.0
2020-06-13 05:30:00,4136001,rrq4fwE8jgrTyWY,0.0,0.0,0.0
2020-06-13 05:30:00,4136001,81aHJ1q11NBPMrL,0.0,0.0,0.0
2020-06-13 05:30:00,4136001,4UPUqMRk7TRMgml,0.0,0.0,0.0
2020-06-13 05:30:00,4136001,oZ35aAeoifZaQzV,0.0,0.0,0.0
2020-06-13 05:30:00,4136001,mqwcsP2rE7J0TFp,0.0,0.0,0.0
2020-06-13 05:30:00,4136001,NgDl19wMapZy17u,0.0,0.0,0.0
2020-06-13 05:30:00,4136001,vOuJvMaM2sgwLmb,0.0,0.0,0.0
2020-06-13 05:45:00,4136001,WcxssY2VbP4hApt,0.0,2.3733333333333326,0.0
2020-06-13 05:45:00,4136001,IQ2d7wF4YD8zU1Q,0.0,3.2000000000000006,0.0
2020-06-13 05:45:00,4136001,Et9kgGMDl729KT4,0.0,1.3785714285714283,0.0
2020-06-13 05:45:00,4136001,q49J1IKaHRwDQnt,0.0,2.407142857142857,0.0
2020-06-13 05:45:00,4136001,LYwnQax7tkwH5Cb,0.0,2.2857142857142856,0.0
2020-06-13 05:45:00,4136001,oZZkBaNadn6DNKz,0.0,2.9333333333333327,0.0
2020-06-13 05:45:00,4136001,NgDl19wMapZy17u,0.0,2.006666666666668,0.0
2020-06-13 05:45:00,4136001,81aHJ1q11NBPMrL,0.0,2.3933333333333326,0.0
2020-06-13 05:45:00,4136001,9kRcWv60rDACzjR,0.0,2.306666666666666,0.0
2020-06-13 05:45:00,4136001,mqwcsP2rE7J0TFp,0.0,2.746666666666667,0.0
2020-06-13 05:45:00,4136001,Quc1TzYxW2pYoWX,0.0,1.8642857142857143,0.0
2020-06-13 05:45:00,4136001,oZ35aAeoifZaQzV,0.0,3.0333333333333328,0.0
2020-06-13 05:45:00,4136001,LlT2YUhhzqhg5Sw,0.0,2.814285714285714,0.0
2020-06-13 05:45:00,4136001,Mx2yZCDsyf6DPfv,0.0,2.766666666666667,0.0
2020-06-13 05:45:00,4136001,vOuJvMaM2sgwLmb,0.0,2.44,0.0
2020-06-13 05:45:00,4136001,4UPUqMRk7TRMgml,0.0,2.833333333333333,0.0
2020-06-13 05:45:00,4136001,xMbIugepa2P7lBB,0.0,3.2533333333333334,0.0
2020-06-13 05:45:00,4136001,xoJJ8DcxJEcupym,0.0,3.226666666666667,0.0
2020-06-13 05:45:00,4136001,Qf4GUc1pJu5T6c6,0.0,2.146666666666666,0.0
2020-06-13 05:45:00,4136001,rrq4fwE8jgrTyWY,0.0,2.2285714285714286,0.0
2020-06-13 05:45:00,4136001,V94E5Ben1TlhnDV,0.0,3.0933333333333333,0.0
2020-06-13 05:45:00,4136001,PeE6FRyGXUgsRhN,0.0,3.0133333333333336,0.0
2020-06-13 06:00:00,4136001,Qf4GUc1pJu5T6c6,2.146666666666666,40.94666666666667,2.146666666666666
2020-06-13 06:00:00,4136001,4UPUqMRk7TRMgml,2.833333333333333,41.23333333333333,2.833333333333333
2020-06-13 06:00:00,4136001,PeE6FRyGXUgsRhN,3.0133333333333336,40.07333333333333,3.0133333333333336
2020-06-13 06:00:00,4136001,NgDl19wMapZy17u,2.006666666666668,41.04666666666667,2.006666666666668
2020-06-13 06:00:00,4136001,xoJJ8DcxJEcupym,3.226666666666667,42.04,3.226666666666667
2020-06-13 06:00:00,4136001,81aHJ1q11NBPMrL,2.3933333333333326,40.19333333333334,2.3933333333333326
2020-06-13 06:00:00,4136001,vOuJvMaM2sgwLmb,2.44,40.86666666666667,2.44
2020-06-13 06:00:00,4136001,Quc1TzYxW2pYoWX,1.8642857142857143,32.526666666666664,1.8642857142857143
2020-06-13 06:00:00,4136001,rrq4fwE8jgrTyWY,2.2285714285714286,37.52,2.2285714285714286
2020-06-13 06:00:00,4136001,oZ35aAeoifZaQzV,3.0333333333333328,42.313333333333325,3.0333333333333328
2020-06-13 06:00:00,4136001,LlT2YUhhzqhg5Sw,2.814285714285714,38.41333333333333,2.814285714285714
2020-06-13 06:00:00,4136001,Mx2yZCDsyf6DPfv,2.766666666666667,41.90666666666667,2.766666666666667
2020-06-13 06:00:00,4136001,xMbIugepa2P7lBB,3.2533333333333334,41.453333333333326,3.2533333333333334
2020-06-13 06:00:00,4136001,9kRcWv60rDACzjR,2.306666666666666,39.806666666666665,2.306666666666666
2020-06-13 06:00:00,4136001,oZZkBaNadn6DNKz,2.9333333333333327,41.1,2.9333333333333327
2020-06-13 06:00:00,4136001,LYwnQax7tkwH5Cb,2.2857142857142856,37.580000000000005,2.2857142857142856
2020-06-13 06:00:00,4136001,mqwcsP2rE7J0TFp,2.746666666666667,41.653333333333336,2.746666666666667
2020-06-13 06:00:00,4136001,WcxssY2VbP4hApt,2.3733333333333326,40.620000000000005,2.3733333333333326
2020-06-13 06:00:00,4136001,IQ2d7wF4YD8zU1Q,3.2000000000000006,41.57333333333333,3.2000000000000006
2020-06-13 06:00:00,4136001,Et9kgGMDl729KT4,1.3785714285714283,33.46,1.3785714285714283
2020-06-13 06:00:00,4136001,V94E5Ben1TlhnDV,3.0933333333333333,40.2,3.0933333333333333
2020-06-13 06:00:00,4136001,q49J1IKaHRwDQnt,2.407142857142857,39.353333333333325,2.407142857142857
2020-06-13 06:15:00,4136001,vOuJvMaM2sgwLmb,40.86666666666667,72.24666666666668,40.86666666666667
2020-06-13 06:15:00,4136001,Quc1TzYxW2pYoWX,32.526666666666664,59.86,32.526666666666664
2020-06-13 06:15:00,4136001,oZ35aAeoifZaQzV,42.313333333333325,72.8,42.313333333333325
2020-06-13 06:15:00,4136001,IQ2d7wF4YD8zU1Q,41.57333333333333,67.7357142857143,41.57333333333333
2020-06-13 06:15:00,4136001,LlT2YUhhzqhg5Sw,38.41333333333333,67.63333333333333,38.41333333333333
2020-06-13 06:15:00,4136001,NgDl19wMapZy17u,41.04666666666667,66.35,41.04666666666667
2020-06-13 06:15:00,4136001,Qf4GUc1pJu5T6c6,40.94666666666667,68.68571428571428,40.94666666666667
2020-06-13 06:15:00,4136001,LYwnQax7tkwH5Cb,37.580000000000005,65.22000000000001,37.580000000000005
2020-06-13 06:15:00,4136001,xMbIugepa2P7lBB,41.453333333333326,67.89999999999999,41.453333333333326
2020-06-13 06:15:00,4136001,Mx2yZCDsyf6DPfv,41.90666666666667,73.17857142857143,41.90666666666667
2020-06-13 06:15:00,4136001,V94E5Ben1TlhnDV,40.2,74.17333333333333,40.2
2020-06-13 06:15:00,4136001,WcxssY2VbP4hApt,40.620000000000005,71.57333333333332,40.620000000000005
2020-06-13 06:15:00,4136001,rrq4fwE8jgrTyWY,37.52,63.82666666666668,37.52
2020-06-13 06:15:00,4136001,Et9kgGMDl729KT4,33.46,62.02666666666666,33.46
2020-06-13 06:15:00,4136001,oZZkBaNadn6DNKz,41.1,73.64666666666668,41.1
2020-06-13 06:15:00,4136001,9kRcWv60rDACzjR,39.806666666666665,69.83999999999999,39.806666666666665
2020-06-13 06:15:00,4136001,81aHJ1q11NBPMrL,40.19333333333334,72.08,40.19333333333334
2020-06-13 06:15:00,4136001,q49J1IKaHRwDQnt,39.353333333333325,68.62666666666665,39.353333333333325
2020-06-13 06:15:00,4136001,4UPUqMRk7TRMgml,41.23333333333333,71.86428571428573,41.23333333333333
2020-06-13 06:15:00,4136001,mqwcsP2rE7J0TFp,41.653333333333336,65.92857142857144,41.653333333333336
2020-06-13 06:15:00,4136001,xoJJ8DcxJEcupym,42.04,74.06,42.04
2020-06-13 06:15:00,4136001,PeE6FRyGXUgsRhN,40.07333333333333,71.31333333333333,40.07333333333333
2020-06-13 06:30:00,4136001,4UPUqMRk7TRMgml,71.86428571428573,108.61333333333334,71.86428571428573
2020-06-13 06:30:00,4136001,xMbIugepa2P7lBB,67.89999999999999,106.22666666666665,67.89999999999999
2020-06-13 06:30:00,4136001,xoJJ8DcxJEcupym,74.06,113.62142857142857,74.06
2020-06-13 06:30:00,4136001,LlT2YUhhzqhg5Sw,67.63333333333333,109.96,67.63333333333333
2020-06-13 06:30:00,4136001,IQ2d7wF4YD8zU1Q,67.7357142857143,108.74666666666668,67.7357142857143
2020-06-13 06:30:00,4136001,V94E5Ben1TlhnDV,74.17333333333333,111.53571428571428,74.17333333333333
2020-06-13 06:30:00,4136001,9kRcWv60rDACzjR,69.83999999999999,109.42142857142856,69.83999999999999
2020-06-13 06:30:00,4136001,mqwcsP2rE7J0TFp,65.92857142857144,108.80666666666669,65.92857142857144
2020-06-13 06:30:00,4136001,rrq4fwE8jgrTyWY,63.82666666666668,106.20000000000002,63.82666666666668
2020-06-13 06:30:00,4136001,q49J1IKaHRwDQnt,68.62666666666665,111.96,68.62666666666665
2020-06-13 06:30:00,4136001,LYwnQax7tkwH5Cb,65.22000000000001,108.0,65.22000000000001
2020-06-13 06:30:00,4136001,vOuJvMaM2sgwLmb,72.24666666666668,111.04285714285714,72.24666666666668
2020-06-13 06:30:00,4136001,Et9kgGMDl729KT4,62.02666666666666,94.52,62.02666666666666
2020-06-13 06:30:00,4136001,NgDl19wMapZy17u,66.35,107.63333333333333,66.35
2020-06-13 06:30:00,4136001,Qf4GUc1pJu5T6c6,68.68571428571428,107.74666666666668,68.68571428571428
2020-06-13 06:30:00,4136001,Mx2yZCDsyf6DPfv,73.17857142857143,109.49333333333333,73.17857142857143
2020-06-13 06:30:00,4136001,oZ35aAeoifZaQzV,72.8,109.97333333333331,72.8
2020-06-13 06:30:00,4136001,Quc1TzYxW2pYoWX,59.86,91.24,59.86
2020-06-13 06:30:00,4136001,81aHJ1q11NBPMrL,72.08,110.62142857142858,72.08
2020-06-13 06:30:00,4136001,oZZkBaNadn6DNKz,73.64666666666668,112.32142857142856,73.64666666666668
2020-06-13 06:30:00,4136001,WcxssY2VbP4hApt,71.57333333333332,112.36428571428571,71.57333333333332
2020-06-13 06:30:00,4136001,PeE6FRyGXUgsRhN,71.31333333333333,109.35,71.31333333333333
2020-06-13 06:45:00,4136001,oZZkBaNadn6DNKz,112.32142857142856,191.99333333333328,112.32142857142856
2020-06-13 06:45:00,4136001,Mx2yZCDsyf6DPfv,109.49333333333333,194.83333333333337,109.49333333333333
2020-06-13 06:45:00,4136001,9kRcWv60rDACzjR,109.42142857142856,189.74666666666667,109.42142857142856
2020-06-13 06:45:00,4136001,4UPUqMRk7TRMgml,108.61333333333334,196.04,108.61333333333334
2020-06-13 06:45:00,4136001,LYwnQax7tkwH5Cb,108.0,184.9,108.0
2020-06-13 06:45:00,4136001,xoJJ8DcxJEcupym,113.62142857142857,188.64,113.62142857142857
2020-06-13 06:45:00,4136001,IQ2d7wF4YD8zU1Q,108.74666666666668,193.92666666666665,108.74666666666668
2020-06-13 06:45:00,4136001,PeE6FRyGXUgsRhN,109.35,184.93333333333328,109.35
2020-06-13 06:45:00,4136001,Qf4GUc1pJu5T6c6,107.74666666666668,194.1733333333333,107.74666666666668
2020-06-13 06:45:00,4136001,vOuJvMaM2sgwLmb,111.04285714285714,189.25333333333336,111.04285714285714
2020-06-13 06:45:00,4136001,WcxssY2VbP4hApt,112.36428571428571,193.5,112.36428571428571
2020-06-13 06:45:00,4136001,NgDl19wMapZy17u,107.63333333333333,192.4533333333333,107.63333333333333
2020-06-13 06:45:00,4136001,Et9kgGMDl729KT4,94.52,162.77333333333334,94.52
2020-06-13 06:45:00,4136001,q49J1IKaHRwDQnt,111.96,191.9333333333333,111.96
2020-06-13 06:45:00,4136001,Quc1TzYxW2pYoWX,91.24,158.78666666666666,91.24
2020-06-13 06:45:00,4136001,V94E5Ben1TlhnDV,111.53571428571428,186.58,111.53571428571428
2020-06-13 06:45:00,4136001,oZ35aAeoifZaQzV,109.97333333333331,196.0733333333333,109.97333333333331
2020-06-13 06:45:00,4136001,mqwcsP2rE7J0TFp,108.80666666666669,194.81333333333333,108.80666666666669
2020-06-13 06:45:00,4136001,81aHJ1q11NBPMrL,110.62142857142858,188.3933333333333,110.62142857142858
2020-06-13 06:45:00,4136001,LlT2YUhhzqhg5Sw,109.96,188.58,109.96
2020-06-13 06:45:00,4136001,xMbIugepa2P7lBB,106.22666666666665,189.38,106.22666666666665
2020-06-13 06:45:00,4136001,rrq4fwE8jgrTyWY,106.20000000000002,182.42666666666668,106.20000000000002
2020-06-13 07:00:00,4136001,IQ2d7wF4YD8zU1Q,193.92666666666665,177.20666666666668,193.92666666666665
2020-06-13 07:00:00,4136001,V94E5Ben1TlhnDV,186.58,184.0,186.58
2020-06-13 07:00:00,4136001,Mx2yZCDsyf6DPfv,194.83333333333337,185.06666666666663,194.83333333333337
2020-06-13 07:00:00,4136001,xoJJ8DcxJEcupym,188.64,185.6133333333333,188.64
2020-06-13 07:00:00,4136001,9kRcWv60rDACzjR,189.74666666666667,181.50666666666663,189.74666666666667
2020-06-13 07:00:00,4136001,xMbIugepa2P7lBB,189.38,177.17333333333335,189.38
2020-06-13 07:00:00,4136001,oZ35aAeoifZaQzV,196.0733333333333,186.19333333333333,196.0733333333333
2020-06-13 07:00:00,4136001,Et9kgGMDl729KT4,162.77333333333334,156.21333333333334,162.77333333333334
2020-06-13 07:00:00,4136001,vOuJvMaM2sgwLmb,189.25333333333336,184.8,189.25333333333336
2020-06-13 07:00:00,4136001,mqwcsP2rE7J0TFp,194.81333333333333,170.74,194.81333333333333
2020-06-13 07:00:00,4136001,rrq4fwE8jgrTyWY,182.42666666666668,167.10714285714286,182.42666666666668
2020-06-13 07:00:00,4136001,LlT2YUhhzqhg5Sw,188.58,177.83571428571432,188.58
2020-06-13 07:00:00,4136001,WcxssY2VbP4hApt,193.5,186.2333333333333,193.5
2020-06-13 07:00:00,4136001,Quc1TzYxW2pYoWX,158.78666666666666,149.65333333333334,158.78666666666666
2020-06-13 07:00:00,4136001,NgDl19wMapZy17u,192.4533333333333,174.38,192.4533333333333
2020-06-13 07:00:00,4136001,81aHJ1q11NBPMrL,188.3933333333333,184.3333333333333,188.3933333333333
2020-06-13 07:00:00,4136001,oZZkBaNadn6DNKz,191.99333333333328,185.59333333333333,191.99333333333328
2020-06-13 07:00:00,4136001,Qf4GUc1pJu5T6c6,194.1733333333333,178.7,194.1733333333333
2020-06-13 07:00:00,4136001,4UPUqMRk7TRMgml,196.04,183.64,196.04
2020-06-13 07:00:00,4136001,q49J1IKaHRwDQnt,191.9333333333333,178.87142857142857,191.9333333333333
2020-06-13 07:00:00,4136001,LYwnQax7tkwH5Cb,184.9,171.33571428571426,184.9
2020-06-13 07:00:00,4136001,PeE6FRyGXUgsRhN,184.93333333333328,180.86666666666667,184.93333333333328
2020-06-13 07:15:00,4136001,9kRcWv60rDACzjR,181.50666666666663,334.52000000000004,181.50666666666663
2020-06-13 07:15:00,4136001,oZ35aAeoifZaQzV,186.19333333333333,339.62666666666667,186.19333333333333
2020-06-13 07:15:00,4136001,xoJJ8DcxJEcupym,185.6133333333333,324.99999999999994,185.6133333333333
2020-06-13 07:15:00,4136001,4UPUqMRk7TRMgml,183.64,349.78000000000003,183.64
2020-06-13 07:15:00,4136001,Qf4GUc1pJu5T6c6,178.7,345.57333333333327,178.7
2020-06-13 07:15:00,4136001,Et9kgGMDl729KT4,156.21333333333334,275.70666666666665,156.21333333333334
2020-06-13 07:15:00,4136001,WcxssY2VbP4hApt,186.2333333333333,343.7333333333333,186.2333333333333
2020-06-13 07:15:00,4136001,rrq4fwE8jgrTyWY,167.10714285714286,329.7933333333333,167.10714285714286
2020-06-13 07:15:00,4136001,xMbIugepa2P7lBB,177.17333333333335,346.53571428571433,177.17333333333335
2020-06-13 07:15:00,4136001,vOuJvMaM2sgwLmb,184.8,333.76000000000005,184.8
2020-06-13 07:15:00,4136001,PeE6FRyGXUgsRhN,180.86666666666667,322.7266666666667,180.86666666666667
2020-06-13 07:15:00,4136001,mqwcsP2rE7J0TFp,170.74,365.1357142857143,170.74
2020-06-13 07:15:00,4136001,IQ2d7wF4YD8zU1Q,177.20666666666668,359.35,177.20666666666668
2020-06-13 07:15:00,4136001,NgDl19wMapZy17u,174.38,356.7285714285714,174.38
2020-06-13 07:15:00,4136001,oZZkBaNadn6DNKz,185.59333333333333,328.6333333333334,185.59333333333333
2020-06-13 07:15:00,4136001,LYwnQax7tkwH5Cb,171.33571428571426,331.8133333333333,171.33571428571426
2020-06-13 07:15:00,4136001,V94E5Ben1TlhnDV,184.0,316.58000000000004,184.0
2020-06-13 07:15:00,4136001,Mx2yZCDsyf6DPfv,185.06666666666663,344.21333333333337,185.06666666666663
2020-06-13 07:15:00,4136001,LlT2YUhhzqhg5Sw,177.83571428571432,337.55999999999995,177.83571428571432
2020-06-13 07:15:00,4136001,q49J1IKaHRwDQnt,178.87142857142857,341.6066666666666,178.87142857142857
2020-06-13 07:15:00,4136001,81aHJ1q11NBPMrL,184.3333333333333,330.4933333333334,184.3333333333333
2020-06-13 07:15:00,4136001,Quc1TzYxW2pYoWX,149.65333333333334,263.21333333333325,149.65333333333334
2020-06-13 07:30:00,4136001,4UPUqMRk7TRMgml,349.78000000000003,294.9428571428572,349.78000000000003
2020-06-13 07:30:00,4136001,q49J1IKaHRwDQnt,341.6066666666666,272.7666666666667,341.6066666666666
2020-06-13 07:30:00,4136001,xoJJ8DcxJEcupym,324.99999999999994,286.95333333333326,324.99999999999994
2020-06-13 07:30:00,4136001,oZZkBaNadn6DNKz,328.6333333333334,294.8066666666666,328.6333333333334
2020-06-13 07:30:00,4136001,81aHJ1q11NBPMrL,330.4933333333334,280.71333333333325,330.4933333333334
2020-06-13 07:30:00,4136001,NgDl19wMapZy17u,356.7285714285714,262.88,356.7285714285714
2020-06-13 07:30:00,4136001,vOuJvMaM2sgwLmb,333.76000000000005,283.07333333333327,333.76000000000005
2020-06-13 07:30:00,4136001,oZ35aAeoifZaQzV,339.62666666666667,295.4785714285714,339.62666666666667
2020-06-13 07:30:00,4136001,V94E5Ben1TlhnDV,316.58000000000004,298.45333333333326,316.58000000000004
2020-06-13 07:30:00,4136001,LYwnQax7tkwH5Cb,331.8133333333333,257.92,331.8133333333333
2020-06-13 07:30:00,4136001,Mx2yZCDsyf6DPfv,344.21333333333337,295.54285714285714,344.21333333333337
2020-06-13 07:30:00,4136001,Qf4GUc1pJu5T6c6,345.57333333333327,280.4857142857142,345.57333333333327
2020-06-13 07:30:00,4136001,9kRcWv60rDACzjR,334.52000000000004,272.04,334.52000000000004
2020-06-13 07:30:00,4136001,WcxssY2VbP4hApt,343.7333333333333,282.76666666666665,343.7333333333333
2020-06-13 07:30:00,4136001,Quc1TzYxW2pYoWX,263.21333333333325,261.60714285714283,263.21333333333325
2020-06-13 07:30:00,4136001,xMbIugepa2P7lBB,346.53571428571433,261.90000000000003,346.53571428571433
2020-06-13 07:30:00,4136001,Et9kgGMDl729KT4,275.70666666666665,267.00714285714287,275.70666666666665
2020-06-13 07:30:00,4136001,IQ2d7wF4YD8zU1Q,359.35,265.66,359.35
2020-06-13 07:30:00,4136001,PeE6FRyGXUgsRhN,322.7266666666667,277.97333333333336,322.7266666666667
2020-06-13 07:30:00,4136001,LlT2YUhhzqhg5Sw,337.55999999999995,268.28666666666663,337.55999999999995
2020-06-13 07:30:00,4136001,rrq4fwE8jgrTyWY,329.7933333333333,253.9733333333333,329.7933333333333
2020-06-13 07:30:00,4136001,mqwcsP2rE7J0TFp,365.1357142857143,264.83333333333326,365.1357142857143
2020-06-13 07:45:00,4136001,mqwcsP2rE7J0TFp,264.83333333333326,380.62666666666655,264.83333333333326
2020-06-13 07:45:00,4136001,LlT2YUhhzqhg5Sw,268.28666666666663,379.56000000000006,268.28666666666663
2020-06-13 07:45:00,4136001,rrq4fwE8jgrTyWY,253.9733333333333,372.0333333333333,253.9733333333333
2020-06-13 07:45:00,4136001,4UPUqMRk7TRMgml,294.9428571428572,359.6266666666666,294.9428571428572
2020-06-13 07:45:00,4136001,oZZkBaNadn6DNKz,294.8066666666666,358.5285714285713,294.8066666666666
2020-06-13 07:45:00,4136001,Quc1TzYxW2pYoWX,261.60714285714283,276.11333333333334,261.60714285714283
2020-06-13 07:45:00,4136001,WcxssY2VbP4hApt,282.76666666666665,374.9285714285714,282.76666666666665
2020-06-13 07:45:00,4136001,Qf4GUc1pJu5T6c6,280.4857142857142,352.6333333333333,280.4857142857142
2020-06-13 07:45:00,4136001,NgDl19wMapZy17u,262.88,375.1533333333333,262.88
2020-06-13 07:45:00,4136001,PeE6FRyGXUgsRhN,277.97333333333336,352.72142857142853,277.97333333333336
2020-06-13 07:45:00,4136001,vOuJvMaM2sgwLmb,283.07333333333327,364.9,283.07333333333327
2020-06-13 07:45:00,4136001,LYwnQax7tkwH5Cb,257.92,377.0333333333333,257.92
2020-06-13 07:45:00,4136001,Mx2yZCDsyf6DPfv,295.54285714285714,361.8933333333334,295.54285714285714
2020-06-13 07:45:00,4136001,xMbIugepa2P7lBB,261.90000000000003,370.54666666666657,261.90000000000003
2020-06-13 07:45:00,4136001,oZ35aAeoifZaQzV,295.4785714285714,359.37333333333333,295.4785714285714
2020-06-13 07:45:00,4136001,V94E5Ben1TlhnDV,298.45333333333326,354.5285714285714,298.45333333333326
2020-06-13 07:45:00,4136001,9kRcWv60rDACzjR,272.04,376.0571428571428,272.04
2020-06-13 07:45:00,4136001,IQ2d7wF4YD8zU1Q,265.66,372.9066666666666,265.66
2020-06-13 07:45:00,4136001,xoJJ8DcxJEcupym,286.95333333333326,370.3571428571429,286.95333333333326
2020-06-13 07:45:00,4136001,q49J1IKaHRwDQnt,272.7666666666667,387.3,272.7666666666667
2020-06-13 07:45:00,4136001,Et9kgGMDl729KT4,267.00714285714287,291.70000000000005,267.00714285714287
2020-06-13 07:45:00,4136001,81aHJ1q11NBPMrL,280.71333333333325,370.5142857142857,280.71333333333325
2020-06-13 08:00:00,4136001,9kRcWv60rDACzjR,376.0571428571428,411.82,376.0571428571428
2020-06-13 08:00:00,4136001,Et9kgGMDl729KT4,291.70000000000005,353.8533333333334,291.70000000000005
2020-06-13 08:00:00,4136001,4UPUqMRk7TRMgml,359.6266666666666,486.3133333333333,359.6266666666666
2020-06-13 08:00:00,4136001,xMbIugepa2P7lBB,370.54666666666657,432.4133333333334,370.54666666666657
2020-06-13 08:00:00,4136001,Quc1TzYxW2pYoWX,276.11333333333334,348.8733333333333,276.11333333333334
2020-06-13 08:00:00,4136001,LlT2YUhhzqhg5Sw,379.56000000000006,417.25,379.56000000000006
2020-06-13 08:00:00,4136001,mqwcsP2rE7J0TFp,380.62666666666655,440.08,380.62666666666655
2020-06-13 08:00:00,4136001,Mx2yZCDsyf6DPfv,361.8933333333334,459.91333333333336,361.8933333333334
2020-06-13 08:00:00,4136001,rrq4fwE8jgrTyWY,372.0333333333333,395.10714285714295,372.0333333333333
2020-06-13 08:00:00,4136001,81aHJ1q11NBPMrL,370.5142857142857,423.0266666666666,370.5142857142857
2020-06-13 08:00:00,4136001,Qf4GUc1pJu5T6c6,352.6333333333333,481.1466666666665,352.6333333333333
2020-06-13 08:00:00,4136001,IQ2d7wF4YD8zU1Q,372.9066666666666,439.42666666666656,372.9066666666666
2020-06-13 08:00:00,4136001,PeE6FRyGXUgsRhN,352.72142857142853,419.6266666666667,352.72142857142853
2020-06-13 08:00:00,4136001,oZZkBaNadn6DNKz,358.5285714285713,421.6666666666666,358.5285714285713
2020-06-13 08:00:00,4136001,oZ35aAeoifZaQzV,359.37333333333333,453.77333333333337,359.37333333333333
2020-06-13 08:00:00,4136001,V94E5Ben1TlhnDV,354.5285714285714,417.64,354.5285714285714
2020-06-13 08:00:00,4136001,xoJJ8DcxJEcupym,370.3571428571429,423.3,370.3571428571429
2020-06-13 08:00:00,4136001,vOuJvMaM2sgwLmb,364.9,431.4066666666666,364.9
2020-06-13 08:00:00,4136001,WcxssY2VbP4hApt,374.9285714285714,441.7,374.9285714285714
2020-06-13 08:00:00,4136001,NgDl19wMapZy17u,375.1533333333333,442.7666666666667,375.1533333333333
2020-06-13 08:00:00,4136001,q49J1IKaHRwDQnt,387.3,418.7,387.3
2020-06-13 08:00:00,4136001,LYwnQax7tkwH5Cb,377.0333333333333,405.2285714285714,377.0333333333333
2020-06-13 08:15:00,4136001,rrq4fwE8jgrTyWY,395.10714285714295,308.16,395.10714285714295
2020-06-13 08:15:00,4136001,q49J1IKaHRwDQnt,418.7,334.62666666666667,418.7
2020-06-13 08:15:00,4136001,4UPUqMRk7TRMgml,486.3133333333333,375.6666666666666,486.3133333333333
2020-06-13 08:15:00,4136001,IQ2d7wF4YD8zU1Q,439.42666666666656,338.83333333333326,439.42666666666656
2020-06-13 08:15:00,4136001,9kRcWv60rDACzjR,411.82,345.1333333333333,411.82
2020-06-13 08:15:00,4136001,WcxssY2VbP4hApt,441.7,356.4,441.7
2020-06-13 08:15:00,4136001,LlT2YUhhzqhg5Sw,417.25,332.40000000000003,417.25
2020-06-13 08:15:00,4136001,PeE6FRyGXUgsRhN,419.6266666666667,361.4666666666666,419.6266666666667
2020-06-13 08:15:00,4136001,oZZkBaNadn6DNKz,421.6666666666666,374.3133333333333,421.6666666666666
2020-06-13 08:15:00,4136001,mqwcsP2rE7J0TFp,440.08,336.04,440.08
2020-06-13 08:15:00,4136001,V94E5Ben1TlhnDV,417.64,370.3400000000001,417.64
2020-06-13 08:15:00,4136001,Et9kgGMDl729KT4,353.8533333333334,334.25333333333333,353.8533333333334
2020-06-13 08:15:00,4136001,81aHJ1q11NBPMrL,423.0266666666666,359.6933333333334,423.0266666666666
2020-06-13 08:15:00,4136001,xMbIugepa2P7lBB,432.4133333333334,330.24666666666667,432.4133333333334
2020-06-13 08:15:00,4136001,oZ35aAeoifZaQzV,453.77333333333337,384.9133333333334,453.77333333333337
2020-06-13 08:15:00,4136001,Mx2yZCDsyf6DPfv,459.91333333333336,378.7000000000001,459.91333333333336
2020-06-13 08:15:00,4136001,vOuJvMaM2sgwLmb,431.4066666666666,367.5533333333333,431.4066666666666
2020-06-13 08:15:00,4136001,NgDl19wMapZy17u,442.7666666666667,337.0533333333333,442.7666666666667
2020-06-13 08:15:00,4136001,Quc1TzYxW2pYoWX,348.8733333333333,322.0466666666667,348.8733333333333
2020-06-13 08:15:00,4136001,LYwnQax7tkwH5Cb,405.2285714285714,314.5933333333333,405.2285714285714
2020-06-13 08:15:00,4136001,Qf4GUc1pJu5T6c6,481.1466666666665,373.3,481.1466666666665
2020-06-13 08:15:00,4136001,xoJJ8DcxJEcupym,423.3,382.6266666666667,423.3
2020-06-13 08:30:00,4136001,NgDl19wMapZy17u,337.0533333333333,567.5,337.0533333333333
2020-06-13 08:30:00,4136001,oZZkBaNadn6DNKz,374.3133333333333,570.6133333333332,374.3133333333333
2020-06-13 08:30:00,4136001,81aHJ1q11NBPMrL,359.6933333333334,590.0599999999998,359.6933333333334
2020-06-13 08:30:00,4136001,xoJJ8DcxJEcupym,382.6266666666667,586.4733333333332,382.6266666666667
2020-06-13 08:30:00,4136001,Quc1TzYxW2pYoWX,322.0466666666667,487.5733333333334,322.0466666666667
2020-06-13 08:30:00,4136001,V94E5Ben1TlhnDV,370.3400000000001,576.8066666666666,370.3400000000001
2020-06-13 08:30:00,4136001,IQ2d7wF4YD8zU1Q,338.83333333333326,559.7571428571429,338.83333333333326
2020-06-13 08:30:00,4136001,4UPUqMRk7TRMgml,375.6666666666666,567.3,375.6666666666666
2020-06-13 08:30:00,4136001,mqwcsP2rE7J0TFp,336.04,557.8000000000001,336.04
2020-06-13 08:30:00,4136001,oZ35aAeoifZaQzV,384.9133333333334,577.1533333333333,384.9133333333334
2020-06-13 08:30:00,4136001,q49J1IKaHRwDQnt,334.62666666666667,551.5333333333333,334.62666666666667
2020-06-13 08:30:00,4136001,rrq4fwE8jgrTyWY,308.16,528.0,308.16
2020-06-13 08:30:00,4136001,Et9kgGMDl729KT4,334.25333333333333,514.9533333333334,334.25333333333333
2020-06-13 08:30:00,4136001,9kRcWv60rDACzjR,345.1333333333333,543.2266666666668,345.1333333333333
2020-06-13 08:30:00,4136001,xMbIugepa2P7lBB,330.24666666666667,530.6,330.24666666666667
2020-06-13 08:30:00,4136001,PeE6FRyGXUgsRhN,361.4666666666666,544.1133333333332,361.4666666666666
2020-06-13 08:30:00,4136001,LlT2YUhhzqhg5Sw,332.40000000000003,521.8,332.40000000000003
2020-06-13 08:30:00,4136001,vOuJvMaM2sgwLmb,367.5533333333333,552.96,367.5533333333333
2020-06-13 08:30:00,4136001,WcxssY2VbP4hApt,356.4,572.9133333333333,356.4
2020-06-13 08:30:00,4136001,LYwnQax7tkwH5Cb,314.5933333333333,515.3333333333333,314.5933333333333
2020-06-13 08:30:00,4136001,Qf4GUc1pJu5T6c6,373.3,568.9666666666667,373.3
2020-06-13 08:30:00,4136001,Mx2yZCDsyf6DPfv,378.7000000000001,568.2399999999999,378.7000000000001
2020-06-13 08:45:00,4136001,Mx2yZCDsyf6DPfv,568.2399999999999,674.5142857142855,568.2399999999999
2020-06-13 08:45:00,4136001,rrq4fwE8jgrTyWY,528.0,568.6933333333333,528.0
2020-06-13 08:45:00,4136001,NgDl19wMapZy17u,567.5,575.1800000000001,567.5
2020-06-13 08:45:00,4136001,q49J1IKaHRwDQnt,551.5333333333333,653.16,551.5333333333333
2020-06-13 08:45:00,4136001,WcxssY2VbP4hApt,572.9133333333333,663.2333333333336,572.9133333333333
2020-06-13 08:45:00,4136001,oZ35aAeoifZaQzV,577.1533333333333,665.9214285714286,577.1533333333333
2020-06-13 08:45:00,4136001,V94E5Ben1TlhnDV,576.8066666666666,630.5066666666667,576.8066666666666
2020-06-13 08:45:00,4136001,mqwcsP2rE7J0TFp,557.8000000000001,601.0866666666668,557.8000000000001
2020-06-13 08:45:00,4136001,9kRcWv60rDACzjR,543.2266666666668,602.14,543.2266666666668
2020-06-13 08:45:00,4136001,LlT2YUhhzqhg5Sw,521.8,602.62,521.8
2020-06-13 08:45:00,4136001,Quc1TzYxW2pYoWX,487.5733333333334,520.3399999999999,487.5733333333334
2020-06-13 08:45:00,4136001,Qf4GUc1pJu5T6c6,568.9666666666667,538.3857142857142,568.9666666666667
2020-06-13 08:45:00,4136001,81aHJ1q11NBPMrL,590.0599999999998,664.8266666666667,590.0599999999998
2020-06-13 08:45:00,4136001,xoJJ8DcxJEcupym,586.4733333333332,641.0866666666667,586.4733333333332
2020-06-13 08:45:00,4136001,4UPUqMRk7TRMgml,567.3,680.2928571428572,567.3
2020-06-13 08:45:00,4136001,LYwnQax7tkwH5Cb,515.3333333333333,573.8733333333332,515.3333333333333
2020-06-13 08:45:00,4136001,IQ2d7wF4YD8zU1Q,559.7571428571429,629.06,559.7571428571429
2020-06-13 08:45:00,4136001,xMbIugepa2P7lBB,530.6,630.36,530.6
2020-06-13 08:45:00,4136001,oZZkBaNadn6DNKz,570.6133333333332,644.4133333333333,570.6133333333332
2020-06-13 08:45:00,4136001,vOuJvMaM2sgwLmb,552.96,657.9933333333332,552.96
2020-06-13 08:45:00,4136001,PeE6FRyGXUgsRhN,544.1133333333332,632.9266666666665,544.1133333333332
2020-06-13 08:45:00,4136001,Et9kgGMDl729KT4,514.9533333333334,427.2066666666667,514.9533333333334
2020-06-13 09:00:00,4136001,LYwnQax7tkwH5Cb,573.8733333333332,319.6333333333333,573.8733333333332
2020-06-13 09:00:00,4136001,oZZkBaNadn6DNKz,644.4133333333333,376.9928571428572,644.4133333333333
2020-06-13 09:00:00,4136001,V94E5Ben1TlhnDV,630.5066666666667,369.1785714285714,630.5066666666667
2020-06-13 09:00:00,4136001,PeE6FRyGXUgsRhN,632.9266666666665,374.05,632.9266666666665
2020-06-13 09:00:00,4136001,Qf4GUc1pJu5T6c6,538.3857142857142,367.5533333333333,538.3857142857142
2020-06-13 09:00:00,4136001,Et9kgGMDl729KT4,427.2066666666667,329.84,427.2066666666667
2020-06-13 09:00:00,4136001,xoJJ8DcxJEcupym,641.0866666666667,357.6071428571428,641.0866666666667
2020-06-13 09:00:00,4136001,LlT2YUhhzqhg5Sw,602.62,329.37999999999994,602.62
2020-06-13 09:00:00,4136001,Mx2yZCDsyf6DPfv,674.5142857142855,385.4066666666666,674.5142857142855
2020-06-13 09:00:00,4136001,81aHJ1q11NBPMrL,664.8266666666667,349.45,664.8266666666667
2020-06-13 09:00:00,4136001,xMbIugepa2P7lBB,630.36,348.7466666666668,630.36
2020-06-13 09:00:00,4136001,WcxssY2VbP4hApt,663.2333333333336,351.65714285714284,663.2333333333336
2020-06-13 09:00:00,4136001,oZ35aAeoifZaQzV,665.9214285714286,394.7266666666666,665.9214285714286
2020-06-13 09:00:00,4136001,NgDl19wMapZy17u,575.1800000000001,345.55333333333334,575.1800000000001
2020-06-13 09:00:00,4136001,Quc1TzYxW2pYoWX,520.3399999999999,326.24,520.3399999999999
2020-06-13 09:00:00,4136001,rrq4fwE8jgrTyWY,568.6933333333333,321.18,568.6933333333333
2020-06-13 09:00:00,4136001,vOuJvMaM2sgwLmb,657.9933333333332,362.71428571428567,657.9933333333332
2020-06-13 09:00:00,4136001,9kRcWv60rDACzjR,602.14,335.4214285714286,602.14
2020-06-13 09:00:00,4136001,IQ2d7wF4YD8zU1Q,629.06,349.8066666666667,629.06
2020-06-13 09:00:00,4136001,mqwcsP2rE7J0TFp,601.0866666666668,344.3399999999999,601.0866666666668
2020-06-13 09:00:00,4136001,q49J1IKaHRwDQnt,653.16,337.02,653.16
2020-06-13 09:00:00,4136001,4UPUqMRk7TRMgml,680.2928571428572,381.88,680.2928571428572
2020-06-13 09:15:00,4136001,LlT2YUhhzqhg5Sw,329.37999999999994,597.9357142857144,329.37999999999994
2020-06-13 09:15:00,4136001,81aHJ1q11NBPMrL,349.45,650.9133333333334,349.45
2020-06-13 09:15:00,4136001,q49J1IKaHRwDQnt,337.02,613.9642857142858,337.02
2020-06-13 09:15:00,4136001,LYwnQax7tkwH5Cb,319.6333333333333,562.8571428571428,319.6333333333333
2020-06-13 09:15:00,4136001,WcxssY2VbP4hApt,351.65714285714284,637.9933333333332,351.65714285714284
2020-06-13 09:15:00,4136001,vOuJvMaM2sgwLmb,362.71428571428567,644.4266666666667,362.71428571428567
2020-06-13 09:15:00,4136001,rrq4fwE8jgrTyWY,321.18,549.2214285714285,321.18
2020-06-13 09:15:00,4136001,Et9kgGMDl729KT4,329.84,558.0999999999999,329.84
2020-06-13 09:15:00,4136001,IQ2d7wF4YD8zU1Q,349.8066666666667,615.8866666666665,349.8066666666667
2020-06-13 09:15:00,4136001,PeE6FRyGXUgsRhN,374.05,649.6533333333334,374.05
2020-06-13 09:15:00,4136001,Mx2yZCDsyf6DPfv,385.4066666666666,662.4466666666666,385.4066666666666
2020-06-13 09:15:00,4136001,oZ35aAeoifZaQzV,394.7266666666666,675.9533333333333,394.7266666666666
2020-06-13 09:15:00,4136001,oZZkBaNadn6DNKz,376.9928571428572,650.3333333333333,376.9928571428572
2020-06-13 09:15:00,4136001,xoJJ8DcxJEcupym,357.6071428571428,669.6133333333336,357.6071428571428
2020-06-13 09:15:00,4136001,4UPUqMRk7TRMgml,381.88,591.54,381.88
2020-06-13 09:15:00,4136001,NgDl19wMapZy17u,345.55333333333334,592.9933333333332,345.55333333333334
2020-06-13 09:15:00,4136001,Quc1TzYxW2pYoWX,326.24,545.5857142857143,326.24
2020-06-13 09:15:00,4136001,xMbIugepa2P7lBB,348.7466666666668,607.1066666666667,348.7466666666668
2020-06-13 09:15:00,4136001,V94E5Ben1TlhnDV,369.1785714285714,648.66,369.1785714285714
2020-06-13 09:15:00,4136001,9kRcWv60rDACzjR,335.4214285714286,598.8,335.4214285714286
2020-06-13 09:15:00,4136001,mqwcsP2rE7J0TFp,344.3399999999999,649.36,344.3399999999999
2020-06-13 09:15:00,4136001,Qf4GUc1pJu5T6c6,367.5533333333333,637.06,367.5533333333333
2020-06-13 09:30:00,4136001,LYwnQax7tkwH5Cb,562.8571428571428,234.5133333333333,562.8571428571428
2020-06-13 09:30:00,4136001,9kRcWv60rDACzjR,598.8,248.61999999999995,598.8
2020-06-13 09:30:00,4136001,q49J1IKaHRwDQnt,613.9642857142858,246.14,613.9642857142858
2020-06-13 09:30:00,4136001,V94E5Ben1TlhnDV,648.66,279.48,648.66
2020-06-13 09:30:00,4136001,Et9kgGMDl729KT4,558.0999999999999,252.4,558.0999999999999
2020-06-13 09:30:00,4136001,PeE6FRyGXUgsRhN,649.6533333333334,292.15333333333336,649.6533333333334
2020-06-13 09:30:00,4136001,IQ2d7wF4YD8zU1Q,615.8866666666665,303.01333333333326,615.8866666666665
2020-06-13 09:30:00,4136001,xMbIugepa2P7lBB,607.1066666666667,296.99333333333334,607.1066666666667
2020-06-13 09:30:00,4136001,Mx2yZCDsyf6DPfv,662.4466666666666,279.3666666666667,662.4466666666666
2020-06-13 09:30:00,4136001,oZ35aAeoifZaQzV,675.9533333333333,281.3666666666667,675.9533333333333
2020-06-13 09:30:00,4136001,mqwcsP2rE7J0TFp,649.36,216.86666666666667,649.36
2020-06-13 09:30:00,4136001,oZZkBaNadn6DNKz,650.3333333333333,270.33333333333326,650.3333333333333
2020-06-13 09:30:00,4136001,xoJJ8DcxJEcupym,669.6133333333336,331.6733333333334,669.6133333333336
2020-06-13 09:30:00,4136001,Qf4GUc1pJu5T6c6,637.06,260.8866666666667,637.06
2020-06-13 09:30:00,4136001,4UPUqMRk7TRMgml,591.54,279.32666666666665,591.54
2020-06-13 09:30:00,4136001,Quc1TzYxW2pYoWX,545.5857142857143,247.84666666666664,545.5857142857143
2020-06-13 09:30:00,4136001,LlT2YUhhzqhg5Sw,597.9357142857144,236.6933333333333,597.9357142857144
2020-06-13 09:30:00,4136001,rrq4fwE8jgrTyWY,549.2214285714285,230.92666666666668,549.2214285714285
2020-06-13 09:30:00,4136001,vOuJvMaM2sgwLmb,644.4266666666667,288.00666666666666,644.4266666666667
2020-06-13 09:30:00,4136001,81aHJ1q11NBPMrL,650.9133333333334,298.5933333333333,650.9133333333334
2020-06-13 09:30:00,4136001,NgDl19wMapZy17u,592.9933333333332,223.24,592.9933333333332
2020-06-13 09:30:00,4136001,WcxssY2VbP4hApt,637.9933333333332,266.3,637.9933333333332
2020-06-13 09:45:00,4136001,q49J1IKaHRwDQnt,246.14,489.6466666666667,246.14
2020-06-13 09:45:00,4136001,oZZkBaNadn6DNKz,270.33333333333326,654.4,270.33333333333326
2020-06-13 09:45:00,4136001,IQ2d7wF4YD8zU1Q,303.01333333333326,530.3928571428572,303.01333333333326
2020-06-13 09:45:00,4136001,LlT2YUhhzqhg5Sw,236.6933333333333,470.5533333333335,236.6933333333333
2020-06-13 09:45:00,4136001,Mx2yZCDsyf6DPfv,279.3666666666667,623.4933333333332,279.3666666666667
2020-06-13 09:45:00,4136001,Quc1TzYxW2pYoWX,247.84666666666664,481.3266666666666,247.84666666666664
2020-06-13 09:45:00,4136001,rrq4fwE8jgrTyWY,230.92666666666668,425.9066666666666,230.92666666666668
2020-06-13 09:45:00,4136001,xMbIugepa2P7lBB,296.99333333333334,512.5857142857143,296.99333333333334
2020-06-13 09:45:00,4136001,81aHJ1q11NBPMrL,298.5933333333333,596.8400000000001,298.5933333333333
2020-06-13 09:45:00,4136001,oZ35aAeoifZaQzV,281.3666666666667,631.4400000000002,281.3666666666667
2020-06-13 09:45:00,4136001,Qf4GUc1pJu5T6c6,260.8866666666667,462.64,260.8866666666667
2020-06-13 09:45:00,4136001,9kRcWv60rDACzjR,248.61999999999995,139.56,248.61999999999995
2020-06-13 09:45:00,4136001,NgDl19wMapZy17u,223.24,510.257142857143,223.24
2020-06-13 09:45:00,4136001,Et9kgGMDl729KT4,252.4,446.78,252.4
2020-06-13 09:45:00,4136001,LYwnQax7tkwH5Cb,234.5133333333333,435.20666666666665,234.5133333333333
2020-06-13 09:45:00,4136001,vOuJvMaM2sgwLmb,288.00666666666666,170.9333333333333,288.00666666666666
2020-06-13 09:45:00,4136001,4UPUqMRk7TRMgml,279.32666666666665,269.82666666666665,279.32666666666665
2020-06-13 09:45:00,4136001,V94E5Ben1TlhnDV,279.48,491.5133333333335,279.48
2020-06-13 09:45:00,4136001,xoJJ8DcxJEcupym,331.6733333333334,603.8666666666667,331.6733333333334
2020-06-13 09:45:00,4136001,WcxssY2VbP4hApt,266.3,153.45333333333335,266.3
2020-06-13 09:45:00,4136001,PeE6FRyGXUgsRhN,292.15333333333336,654.1733333333334,292.15333333333336
2020-06-13 09:45:00,4136001,mqwcsP2rE7J0TFp,216.86666666666667,527.6928571428571,216.86666666666667
2020-06-13 10:00:00,4136001,Qf4GUc1pJu5T6c6,462.64,530.2071428571429,462.64
2020-06-13 10:00:00,4136001,oZ35aAeoifZaQzV,631.4400000000002,618.0785714285713,631.4400000000002
2020-06-13 10:00:00,4136001,vOuJvMaM2sgwLmb,170.9333333333333,464.6466666666665,170.9333333333333
2020-06-13 10:00:00,4136001,V94E5Ben1TlhnDV,491.5133333333335,587.3428571428572,491.5133333333335
2020-06-13 10:00:00,4136001,Quc1TzYxW2pYoWX,481.3266666666666,518.4200000000001,481.3266666666666
2020-06-13 10:00:00,4136001,rrq4fwE8jgrTyWY,425.9066666666666,580.3266666666667,425.9066666666666
2020-06-13 10:00:00,4136001,mqwcsP2rE7J0TFp,527.6928571428571,646.8266666666667,527.6928571428571
2020-06-13 10:00:00,4136001,xMbIugepa2P7lBB,512.5857142857143,580.5733333333332,512.5857142857143
2020-06-13 10:00:00,4136001,q49J1IKaHRwDQnt,489.6466666666667,608.7399999999999,489.6466666666667
2020-06-13 10:00:00,4136001,81aHJ1q11NBPMrL,596.8400000000001,642.8399999999999,596.8400000000001
2020-06-13 10:00:00,4136001,oZZkBaNadn6DNKz,654.4,604.242857142857,654.4
2020-06-13 10:00:00,4136001,LlT2YUhhzqhg5Sw,470.5533333333335,604.18,470.5533333333335
2020-06-13 10:00:00,4136001,9kRcWv60rDACzjR,139.56,449.8266666666667,139.56
2020-06-13 10:00:00,4136001,NgDl19wMapZy17u,510.257142857143,644.68,510.257142857143
2020-06-13 10:00:00,4136001,WcxssY2VbP4hApt,153.45333333333335,460.8733333333333,153.45333333333335
2020-06-13 10:00:00,4136001,xoJJ8DcxJEcupym,603.8666666666667,600.7428571428572,603.8666666666667
2020-06-13 10:00:00,4136001,LYwnQax7tkwH5Cb,435.20666666666665,585.6333333333332,435.20666666666665
2020-06-13 10:00:00,4136001,Et9kgGMDl729KT4,446.78,507.7066666666667,446.78
2020-06-13 10:00:00,4136001,PeE6FRyGXUgsRhN,654.1733333333334,589.8785714285716,654.1733333333334
2020-06-13 10:00:00,4136001,Mx2yZCDsyf6DPfv,623.4933333333332,617.0000000000001,623.4933333333332
2020-06-13 10:00:00,4136001,IQ2d7wF4YD8zU1Q,530.3928571428572,607.6133333333332,530.3928571428572
2020-06-13 10:00:00,4136001,4UPUqMRk7TRMgml,269.82666666666665,526.8642857142858,269.82666666666665
2020-06-13 10:15:00,4136001,vOuJvMaM2sgwLmb,464.6466666666665,0.0,464.6466666666665
2020-06-13 10:15:00,4136001,Mx2yZCDsyf6DPfv,617.0000000000001,199.7866666666667,617.0000000000001
2020-06-13 10:15:00,4136001,NgDl19wMapZy17u,644.68,258.2333333333333,644.68
2020-06-13 10:15:00,4136001,LYwnQax7tkwH5Cb,585.6333333333332,252.07333333333327,585.6333333333332
2020-06-13 10:15:00,4136001,4UPUqMRk7TRMgml,526.8642857142858,0.0,526.8642857142858
2020-06-13 10:15:00,4136001,IQ2d7wF4YD8zU1Q,607.6133333333332,250.6466666666668,607.6133333333332
2020-06-13 10:15:00,4136001,xoJJ8DcxJEcupym,600.7428571428572,348.2333333333333,600.7428571428572
2020-06-13 10:15:00,4136001,LlT2YUhhzqhg5Sw,604.18,271.68000000000006,604.18
2020-06-13 10:15:00,4136001,WcxssY2VbP4hApt,460.8733333333333,0.0,460.8733333333333
2020-06-13 10:15:00,4136001,81aHJ1q11NBPMrL,642.8399999999999,189.15,642.8399999999999
2020-06-13 10:15:00,4136001,rrq4fwE8jgrTyWY,580.3266666666667,229.6733333333333,580.3266666666667
2020-06-13 10:15:00,4136001,oZZkBaNadn6DNKz,604.242857142857,0.0,604.242857142857
2020-06-13 10:15:00,4136001,Et9kgGMDl729KT4,507.7066666666667,0.0,507.7066666666667
2020-06-13 10:15:00,4136001,Quc1TzYxW2pYoWX,518.4200000000001,0.0,518.4200000000001
2020-06-13 10:15:00,4136001,mqwcsP2rE7J0TFp,646.8266666666667,271.18666666666667,646.8266666666667
2020-06-13 10:15:00,4136001,PeE6FRyGXUgsRhN,589.8785714285716,237.9866666666667,589.8785714285716
2020-06-13 10:15:00,4136001,xMbIugepa2P7lBB,580.5733333333332,240.6599999999999,580.5733333333332
2020-06-13 10:15:00,4136001,9kRcWv60rDACzjR,449.8266666666667,0.0,449.8266666666667
2020-06-13 10:15:00,4136001,Qf4GUc1pJu5T6c6,530.2071428571429,0.0,530.2071428571429
2020-06-13 10:15:00,4136001,V94E5Ben1TlhnDV,587.3428571428572,261.8666666666668,587.3428571428572
2020-06-13 10:15:00,4136001,oZ35aAeoifZaQzV,618.0785714285713,227.2733333333333,618.0785714285713
2020-06-13 10:15:00,4136001,q49J1IKaHRwDQnt,608.7399999999999,267.64000000000004,608.7399999999999
2020-06-13 10:30:00,4136001,Et9kgGMDl729KT4,0.0,0.0,0.0
2020-06-13 10:30:00,4136001,mqwcsP2rE7J0TFp,271.18666666666667,0.0,271.18666666666667
2020-06-13 10:30:00,4136001,LYwnQax7tkwH5Cb,252.07333333333327,0.0,252.07333333333327
2020-06-13 10:30:00,4136001,9kRcWv60rDACzjR,0.0,0.0,0.0
2020-06-13 10:30:00,4136001,q49J1IKaHRwDQnt,267.64000000000004,0.0,267.64000000000004
2020-06-13 10:30:00,4136001,vOuJvMaM2sgwLmb,0.0,0.0,0.0
2020-06-13 10:30:00,4136001,81aHJ1q11NBPMrL,189.15,0.0,189.15
2020-06-13 10:30:00,4136001,WcxssY2VbP4hApt,0.0,0.0,0.0
2020-06-13 10:30:00,4136001,IQ2d7wF4YD8zU1Q,250.6466666666668,0.0,250.6466666666668
2020-06-13 10:30:00,4136001,Quc1TzYxW2pYoWX,0.0,0.0,0.0
2020-06-13 10:30:00,4136001,V94E5Ben1TlhnDV,261.8666666666668,0.0,261.8666666666668
2020-06-13 10:30:00,4136001,rrq4fwE8jgrTyWY,229.6733333333333,0.0,229.6733333333333
2020-06-13 10:30:00,4136001,4UPUqMRk7TRMgml,0.0,0.0,0.0
2020-06-13 10:30:00,4136001,NgDl19wMapZy17u,258.2333333333333,0.0,258.2333333333333
2020-06-13 10:30:00,4136001,Qf4GUc1pJu5T6c6,0.0,0.0,0.0
2020-06-13 10:30:00,4136001,Mx2yZCDsyf6DPfv,199.7866666666667,0.0,199.7866666666667
2020-06-13 10:30:00,4136001,oZZkBaNadn6DNKz,0.0,0.0,0.0
2020-06-13 10:30:00,4136001,LlT2YUhhzqhg5Sw,271.68000000000006,0.0,271.68000000000006
2020-06-13 10:30:00,4136001,xMbIugepa2P7lBB,240.6599999999999,0.0,240.6599999999999
2020-06-13 10:30:00,4136001,xoJJ8DcxJEcupym,348.2333333333333,0.0,348.2333333333333
2020-06-13 10:30:00,4136001,oZ35aAeoifZaQzV,227.2733333333333,0.0,227.2733333333333
2020-06-13 10:30:00,4136001,PeE6FRyGXUgsRhN,237.9866666666667,0.0,237.9866666666667
2020-06-13 10:45:00,4136001,LYwnQax7tkwH5Cb,0.0,529.3533333333334,0.0
2020-06-13 10:45:00,4136001,Qf4GUc1pJu5T6c6,0.0,104.58000000000006,0.0
2020-06-13 10:45:00,4136001,Mx2yZCDsyf6DPfv,0.0,101.72666666666667,0.0
2020-06-13 10:45:00,4136001,oZ35aAeoifZaQzV,0.0,89.75333333333333,0.0
2020-06-13 10:45:00,4136001,mqwcsP2rE7J0TFp,0.0,92.44666666666669,0.0
2020-06-13 10:45:00,4136001,xMbIugepa2P7lBB,0.0,184.9,0.0
2020-06-13 10:45:00,4136001,81aHJ1q11NBPMrL,0.0,567.32,0.0
2020-06-13 10:45:00,4136001,oZZkBaNadn6DNKz,0.0,253.66,0.0
2020-06-13 10:45:00,4136001,Et9kgGMDl729KT4,0.0,601.08,0.0
2020-06-13 10:45:00,4136001,xoJJ8DcxJEcupym,0.0,579.7933333333333,0.0
2020-06-13 10:45:00,4136001,Quc1TzYxW2pYoWX,0.0,578.8799999999999,0.0
2020-06-13 10:45:00,4136001,PeE6FRyGXUgsRhN,0.0,547.1199999999999,0.0
2020-06-13 10:45:00,4136001,4UPUqMRk7TRMgml,0.0,654.7466666666667,0.0
2020-06-13 10:45:00,4136001,vOuJvMaM2sgwLmb,0.0,520.6800000000001,0.0
2020-06-13 10:45:00,4136001,NgDl19wMapZy17u,0.0,92.44,0.0
2020-06-13 10:45:00,4136001,LlT2YUhhzqhg5Sw,0.0,43.873333333333335,0.0
2020-06-13 10:45:00,4136001,rrq4fwE8jgrTyWY,0.0,488.5199999999999,0.0
2020-06-13 10:45:00,4136001,9kRcWv60rDACzjR,0.0,103.02,0.0
2020-06-13 10:45:00,4136001,IQ2d7wF4YD8zU1Q,0.0,92.45333333333332,0.0
2020-06-13 10:45:00,4136001,WcxssY2VbP4hApt,0.0,558.62,0.0
2020-06-13 10:45:00,4136001,q49J1IKaHRwDQnt,0.0,560.2533333333334,0.0
2020-06-13 10:45:00,4136001,V94E5Ben1TlhnDV,0.0,128.46666666666667,0.0
2020-06-13 11:00:00,4136001,q49J1IKaHRwDQnt,560.2533333333334,891.8733333333333,560.2533333333334
2020-06-13 11:00:00,4136001,oZZkBaNadn6DNKz,253.66,956.6066666666666,253.66
2020-06-13 11:00:00,4136001,WcxssY2VbP4hApt,558.62,930.7800000000002,558.62
2020-06-13 11:00:00,4136001,Et9kgGMDl729KT4,601.08,829.4933333333332,601.08
2020-06-13 11:00:00,4136001,NgDl19wMapZy17u,92.44,0.0,92.44
2020-06-13 11:00:00,4136001,Quc1TzYxW2pYoWX,578.8799999999999,815.5600000000002,578.8799999999999
2020-06-13 11:00:00,4136001,IQ2d7wF4YD8zU1Q,92.45333333333332,0.0,92.45333333333332
2020-06-13 11:00:00,4136001,xoJJ8DcxJEcupym,579.7933333333333,955.82,579.7933333333333
2020-06-13 11:00:00,4136001,81aHJ1q11NBPMrL,567.32,955.1933333333332,567.32
2020-06-13 11:00:00,4136001,Mx2yZCDsyf6DPfv,101.72666666666667,0.0,101.72666666666667
2020-06-13 11:00:00,4136001,oZ35aAeoifZaQzV,89.75333333333333,0.0,89.75333333333333
2020-06-13 11:00:00,4136001,vOuJvMaM2sgwLmb,520.6800000000001,921.7133333333333,520.6800000000001
2020-06-13 11:00:00,4136001,mqwcsP2rE7J0TFp,92.44666666666669,0.0,92.44666666666669
2020-06-13 11:00:00,4136001,rrq4fwE8jgrTyWY,488.5199999999999,851.9533333333331,488.5199999999999
2020-06-13 11:00:00,4136001,xMbIugepa2P7lBB,184.9,0.0,184.9
2020-06-13 11:00:00,4136001,4UPUqMRk7TRMgml,654.7466666666667,872.1666666666667,654.7466666666667
2020-06-13 11:00:00,4136001,9kRcWv60rDACzjR,103.02,0.0,103.02
2020-06-13 11:00:00,4136001,V94E5Ben1TlhnDV,128.46666666666667,0.0,128.46666666666667
2020-06-13 11:00:00,4136001,LYwnQax7tkwH5Cb,529.3533333333334,842.8733333333333,529.3533333333334
2020-06-13 11:00:00,4136001,LlT2YUhhzqhg5Sw,43.873333333333335,0.0,43.873333333333335
2020-06-13 11:00:00,4136001,PeE6FRyGXUgsRhN,547.1199999999999,886.0533333333334,547.1199999999999
2020-06-13 11:00:00,4136001,Qf4GUc1pJu5T6c6,104.58000000000006,0.0,104.58000000000006
2020-06-13 11:15:00,4136001,LlT2YUhhzqhg5Sw,0.0,0.0,0.0
2020-06-13 11:15:00,4136001,xoJJ8DcxJEcupym,955.82,878.7,955.82
2020-06-13 11:15:00,4136001,oZ35aAeoifZaQzV,0.0,0.0,0.0
2020-06-13 11:15:00,4136001,Mx2yZCDsyf6DPfv,0.0,0.0,0.0
2020-06-13 11:15:00,4136001,vOuJvMaM2sgwLmb,921.7133333333333,889.4599999999998,921.7133333333333
2020-06-13 11:15:00,4136001,NgDl19wMapZy17u,0.0,0.0,0.0
2020-06-13 11:15:00,4136001,xMbIugepa2P7lBB,0.0,0.0,0.0
2020-06-13 11:15:00,4136001,4UPUqMRk7TRMgml,872.1666666666667,868.35,872.1666666666667
2020-06-13 11:15:00,4136001,oZZkBaNadn6DNKz,956.6066666666666,882.2066666666667,956.6066666666666
2020-06-13 11:15:00,4136001,Et9kgGMDl729KT4,829.4933333333332,787.2571428571428,829.4933333333332
2020-06-13 11:15:00,4136001,PeE6FRyGXUgsRhN,886.0533333333334,875.8333333333331,886.0533333333334
2020-06-13 11:15:00,4136001,81aHJ1q11NBPMrL,955.1933333333332,869.4533333333331,955.1933333333332
2020-06-13 11:15:00,4136001,IQ2d7wF4YD8zU1Q,0.0,0.0,0.0
2020-06-13 11:15:00,4136001,rrq4fwE8jgrTyWY,851.9533333333331,795.9533333333335,851.9533333333331
2020-06-13 11:15:00,4136001,Quc1TzYxW2pYoWX,815.5600000000002,712.6142857142856,815.5600000000002
2020-06-13 11:15:00,4136001,Qf4GUc1pJu5T6c6,0.0,0.0,0.0
2020-06-13 11:15:00,4136001,q49J1IKaHRwDQnt,891.8733333333333,828.6866666666667,891.8733333333333
2020-06-13 11:15:00,4136001,LYwnQax7tkwH5Cb,842.8733333333333,802.2333333333332,842.8733333333333
2020-06-13 11:15:00,4136001,9kRcWv60rDACzjR,0.0,0.0,0.0
2020-06-13 11:15:00,4136001,mqwcsP2rE7J0TFp,0.0,0.0,0.0
2020-06-13 11:15:00,4136001,V94E5Ben1TlhnDV,0.0,0.0,0.0
2020-06-13 11:15:00,4136001,WcxssY2VbP4hApt,930.7800000000002,852.6666666666665,930.7800000000002
2020-06-13 11:30:00,4136001,9kRcWv60rDACzjR,0.0,0.0,0.0
2020-06-13 11:30:00,4136001,oZ35aAeoifZaQzV,0.0,0.0,0.0
2020-06-13 11:30:00,4136001,PeE6FRyGXUgsRhN,875.8333333333331,862.45,875.8333333333331
2020-06-13 11:30:00,4136001,LYwnQax7tkwH5Cb,802.2333333333332,873.9000000000002,802.2333333333332
2020-06-13 11:30:00,4136001,WcxssY2VbP4hApt,852.6666666666665,896.75,852.6666666666665
2020-06-13 11:30:00,4136001,Qf4GUc1pJu5T6c6,0.0,0.0,0.0
2020-06-13 11:30:00,4136001,4UPUqMRk7TRMgml,868.35,850.9466666666666,868.35
2020-06-13 11:30:00,4136001,xMbIugepa2P7lBB,0.0,0.0,0.0
2020-06-13 11:30:00,4136001,Et9kgGMDl729KT4,787.2571428571428,745.2066666666667,787.2571428571428
2020-06-13 11:30:00,4136001,LlT2YUhhzqhg5Sw,0.0,0.0,0.0
2020-06-13 11:30:00,4136001,xoJJ8DcxJEcupym,878.7,887.9428571428573,878.7
2020-06-13 11:30:00,4136001,Mx2yZCDsyf6DPfv,0.0,0.0,0.0
2020-06-13 11:30:00,4136001,Quc1TzYxW2pYoWX,712.6142857142856,653.2266666666667,712.6142857142856
2020-06-13 11:30:00,4136001,rrq4fwE8jgrTyWY,795.9533333333335,864.6066666666666,795.9533333333335
2020-06-13 11:30:00,4136001,q49J1IKaHRwDQnt,828.6866666666667,885.46,828.6866666666667
2020-06-13 11:30:00,4136001,vOuJvMaM2sgwLmb,889.4599999999998,890.5428571428572,889.4599999999998
2020-06-13 11:30:00,4136001,V94E5Ben1TlhnDV,0.0,0.0,0.0
2020-06-13 11:30:00,4136001,oZZkBaNadn6DNKz,882.2066666666667,866.3928571428572,882.2066666666667
2020-06-13 11:30:00,4136001,81aHJ1q11NBPMrL,869.4533333333331,905.8285714285712,869.4533333333331
2020-06-13 11:30:00,4136001,NgDl19wMapZy17u,0.0,0.0,0.0
2020-06-13 11:30:00,4136001,mqwcsP2rE7J0TFp,0.0,710.3,0.0
2020-06-13 11:30:00,4136001,IQ2d7wF4YD8zU1Q,0.0,0.0,0.0
2020-06-13 11:45:00,4136001,vOuJvMaM2sgwLmb,890.5428571428572,1018.5533333333332,890.5428571428572
2020-06-13 11:45:00,4136001,rrq4fwE8jgrTyWY,864.6066666666666,907.1714285714284,864.6066666666666
2020-06-13 11:45:00,4136001,Mx2yZCDsyf6DPfv,0.0,0.0,0.0
2020-06-13 11:45:00,4136001,oZ35aAeoifZaQzV,0.0,0.0,0.0
2020-06-13 11:45:00,4136001,V94E5Ben1TlhnDV,0.0,0.0,0.0
2020-06-13 11:45:00,4136001,LlT2YUhhzqhg5Sw,0.0,0.0,0.0
2020-06-13 11:45:00,4136001,LYwnQax7tkwH5Cb,873.9000000000002,956.7071428571428,873.9000000000002
2020-06-13 11:45:00,4136001,WcxssY2VbP4hApt,896.75,1021.0866666666664,896.75
2020-06-13 11:45:00,4136001,81aHJ1q11NBPMrL,905.8285714285712,1029.52,905.8285714285712
2020-06-13 11:45:00,4136001,9kRcWv60rDACzjR,0.0,0.0,0.0
2020-06-13 11:45:00,4136001,mqwcsP2rE7J0TFp,710.3,1009.24,710.3
2020-06-13 11:45:00,4136001,q49J1IKaHRwDQnt,885.46,929.4142857142856,885.46
2020-06-13 11:45:00,4136001,Quc1TzYxW2pYoWX,653.2266666666667,845.1133333333331,653.2266666666667
2020-06-13 11:45:00,4136001,IQ2d7wF4YD8zU1Q,0.0,0.0,0.0
2020-06-13 11:45:00,4136001,xoJJ8DcxJEcupym,887.9428571428573,1027.0199999999998,887.9428571428573
2020-06-13 11:45:00,4136001,Qf4GUc1pJu5T6c6,0.0,0.0,0.0
2020-06-13 11:45:00,4136001,xMbIugepa2P7lBB,0.0,0.0,0.0
2020-06-13 11:45:00,4136001,Et9kgGMDl729KT4,745.2066666666667,957.5,745.2066666666667
2020-06-13 11:45:00,4136001,PeE6FRyGXUgsRhN,862.45,1023.02,862.45
2020-06-13 11:45:00,4136001,4UPUqMRk7TRMgml,850.9466666666666,1014.8866666666664,850.9466666666666
2020-06-13 11:45:00,4136001,NgDl19wMapZy17u,0.0,0.0,0.0
2020-06-13 11:45:00,4136001,oZZkBaNadn6DNKz,866.3928571428572,987.8733333333332,866.3928571428572
2020-06-13 12:00:00,4136001,q49J1IKaHRwDQnt,929.4142857142856,1188.2866666666669,929.4142857142856
2020-06-13 12:00:00,4136001,LlT2YUhhzqhg5Sw,0.0,0.0,0.0
2020-06-13 12:00:00,4136001,Qf4GUc1pJu5T6c6,0.0,0.0,0.0
2020-06-13 12:00:00,4136001,vOuJvMaM2sgwLmb,1018.5533333333332,1184.9666666666662,1018.5533333333332
2020-06-13 12:00:00,4136001,Et9kgGMDl729KT4,957.5,1115.9,957.5
2020-06-13 12:00:00,4136001,LYwnQax7tkwH5Cb,956.7071428571428,1157.2733333333333,956.7071428571428
2020-06-13 12:00:00,4136001,oZZkBaNadn6DNKz,987.8733333333332,1195.48,987.8733333333332
2020-06-13 12:00:00,4136001,mqwcsP2rE7J0TFp,1009.24,1202.8866666666663,1009.24
2020-06-13 12:00:00,4136001,WcxssY2VbP4hApt,1021.0866666666664,1207.8066666666664,1021.0866666666664
2020-06-13 12:00:00,4136001,Quc1TzYxW2pYoWX,845.1133333333331,1034.3133333333333,845.1133333333331
2020-06-13 12:00:00,4136001,xoJJ8DcxJEcupym,1027.0199999999998,1223.9466666666667,1027.0199999999998
2020-06-13 12:00:00,4136001,V94E5Ben1TlhnDV,0.0,0.0,0.0
2020-06-13 12:00:00,4136001,9kRcWv60rDACzjR,0.0,0.0,0.0
2020-06-13 12:00:00,4136001,Mx2yZCDsyf6DPfv,0.0,0.0,0.0
2020-06-13 12:00:00,4136001,NgDl19wMapZy17u,0.0,0.0,0.0
2020-06-13 12:00:00,4136001,xMbIugepa2P7lBB,0.0,0.0,0.0
2020-06-13 12:00:00,4136001,IQ2d7wF4YD8zU1Q,0.0,0.0,0.0
2020-06-13 12:00:00,4136001,PeE6FRyGXUgsRhN,1023.02,1198.5533333333335,1023.02
2020-06-13 12:00:00,4136001,4UPUqMRk7TRMgml,1014.8866666666664,1227.8000000000002,1014.8866666666664
2020-06-13 12:00:00,4136001,oZ35aAeoifZaQzV,0.0,0.0,0.0
2020-06-13 12:00:00,4136001,rrq4fwE8jgrTyWY,907.1714285714284,1136.5733333333333,907.1714285714284
2020-06-13 12:00:00,4136001,81aHJ1q11NBPMrL,1029.52,1206.5266666666664,1029.52
2020-06-13 12:15:00,4136001,IQ2d7wF4YD8zU1Q,0.0,0.0,0.0
2020-06-13 12:15:00,4136001,9kRcWv60rDACzjR,0.0,0.0,0.0
2020-06-13 12:15:00,4136001,4UPUqMRk7TRMgml,1227.8000000000002,1137.8066666666668,1227.8000000000002
2020-06-13 12:15:00,4136001,LYwnQax7tkwH5Cb,1157.2733333333333,1130.4266666666665,1157.2733333333333
2020-06-13 12:15:00,4136001,rrq4fwE8jgrTyWY,1136.5733333333333,1121.8666666666668,1136.5733333333333
2020-06-13 12:15:00,4136001,V94E5Ben1TlhnDV,0.0,0.0,0.0
2020-06-13 12:15:00,4136001,LlT2YUhhzqhg5Sw,0.0,0.0,0.0
2020-06-13 12:15:00,4136001,WcxssY2VbP4hApt,1207.8066666666664,1239.5066666666664,1207.8066666666664
2020-06-13 12:15:00,4136001,81aHJ1q11NBPMrL,1206.5266666666664,1227.0733333333333,1206.5266666666664
2020-06-13 12:15:00,4136001,NgDl19wMapZy17u,0.0,0.0,0.0
2020-06-13 12:15:00,4136001,Mx2yZCDsyf6DPfv,0.0,0.0,0.0
2020-06-13 12:15:00,4136001,oZ35aAeoifZaQzV,0.0,0.0,0.0
2020-06-13 12:15:00,4136001,Quc1TzYxW2pYoWX,1034.3133333333333,980.84,1034.3133333333333
2020-06-13 12:15:00,4136001,q49J1IKaHRwDQnt,1188.2866666666669,1208.1933333333334,1188.2866666666669
2020-06-13 12:15:00,4136001,vOuJvMaM2sgwLmb,1184.9666666666662,1176.7666666666669,1184.9666666666662
2020-06-13 12:15:00,4136001,xoJJ8DcxJEcupym,1223.9466666666667,1239.9533333333336,1223.9466666666667
2020-06-13 12:15:00,4136001,oZZkBaNadn6DNKz,1195.48,1194.88,1195.48
2020-06-13 12:15:00,4136001,Qf4GUc1pJu5T6c6,0.0,0.0,0.0
2020-06-13 12:15:00,4136001,mqwcsP2rE7J0TFp,1202.8866666666663,1145.9428571428573,1202.8866666666663
2020-06-13 12:15:00,4136001,xMbIugepa2P7lBB,0.0,0.0,0.0
2020-06-13 12:15:00,4136001,PeE6FRyGXUgsRhN,1198.5533333333335,1182.2066666666667,1198.5533333333335
2020-06-13 12:15:00,4136001,Et9kgGMDl729KT4,1115.9,1116.9333333333332,1115.9
2020-06-13 12:30:00,4136001,81aHJ1q11NBPMrL,1227.0733333333333,848.1533333333333,1227.0733333333333
2020-06-13 12:30:00,4136001,Mx2yZCDsyf6DPfv,0.0,0.0,0.0
2020-06-13 12:30:00,4136001,4UPUqMRk7TRMgml,1137.8066666666668,788.4785714285715,1137.8066666666668
2020-06-13 12:30:00,4136001,xMbIugepa2P7lBB,0.0,0.0,0.0
2020-06-13 12:30:00,4136001,oZZkBaNadn6DNKz,1194.88,829.5571428571427,1194.88
2020-06-13 12:30:00,4136001,q49J1IKaHRwDQnt,1208.1933333333334,791.3533333333332,1208.1933333333334
2020-06-13 12:30:00,4136001,mqwcsP2rE7J0TFp,1145.9428571428573,702.26,1145.9428571428573
2020-06-13 12:30:00,4136001,WcxssY2VbP4hApt,1239.5066666666664,845.2133333333331,1239.5066666666664
2020-06-13 12:30:00,4136001,Et9kgGMDl729KT4,1116.9333333333332,768.5999999999998,1116.9333333333332
2020-06-13 12:30:00,4136001,LlT2YUhhzqhg5Sw,0.0,0.0,0.0
2020-06-13 12:30:00,4136001,NgDl19wMapZy17u,0.0,0.0,0.0
2020-06-13 12:30:00,4136001,9kRcWv60rDACzjR,0.0,0.0,0.0
2020-06-13 12:30:00,4136001,xoJJ8DcxJEcupym,1239.9533333333336,815.1928571428573,1239.9533333333336
2020-06-13 12:30:00,4136001,Qf4GUc1pJu5T6c6,0.0,0.0,0.0
2020-06-13 12:30:00,4136001,PeE6FRyGXUgsRhN,1182.2066666666667,812.6285714285715,1182.2066666666667
2020-06-13 12:30:00,4136001,rrq4fwE8jgrTyWY,1121.8666666666668,739.8933333333333,1121.8666666666668
2020-06-13 12:30:00,4136001,Quc1TzYxW2pYoWX,980.84,697.8266666666667,980.84
2020-06-13 12:30:00,4136001,IQ2d7wF4YD8zU1Q,0.0,0.0,0.0
2020-06-13 12:30:00,4136001,vOuJvMaM2sgwLmb,1176.7666666666669,825.7533333333333,1176.7666666666669
2020-06-13 12:30:00,4136001,oZ35aAeoifZaQzV,0.0,0.0,0.0
2020-06-13 12:30:00,4136001,V94E5Ben1TlhnDV,0.0,0.0,0.0
2020-06-13 12:30:00,4136001,LYwnQax7tkwH5Cb,1130.4266666666665,799.1999999999998,1130.4266666666665
2020-06-13 12:45:00,4136001,V94E5Ben1TlhnDV,0.0,0.0,0.0
2020-06-13 12:45:00,4136001,Qf4GUc1pJu5T6c6,0.0,0.0,0.0
2020-06-13 12:45:00,4136001,vOuJvMaM2sgwLmb,825.7533333333333,1085.292857142857,825.7533333333333
2020-06-13 12:45:00,4136001,Et9kgGMDl729KT4,768.5999999999998,1030.4357142857143,768.5999999999998
2020-06-13 12:45:00,4136001,LlT2YUhhzqhg5Sw,0.0,0.0,0.0
2020-06-13 12:45:00,4136001,81aHJ1q11NBPMrL,848.1533333333333,1110.0785714285716,848.1533333333333
2020-06-13 12:45:00,4136001,Mx2yZCDsyf6DPfv,0.0,0.0,0.0
2020-06-13 12:45:00,4136001,mqwcsP2rE7J0TFp,702.26,1110.4799999999998,702.26
2020-06-13 12:45:00,4136001,Quc1TzYxW2pYoWX,697.8266666666667,941.4928571428572,697.8266666666667
2020-06-13 12:45:00,4136001,PeE6FRyGXUgsRhN,812.6285714285715,1072.1799999999998,812.6285714285715
2020-06-13 12:45:00,4136001,oZZkBaNadn6DNKz,829.5571428571427,1055.1066666666668,829.5571428571427
2020-06-13 12:45:00,4136001,xoJJ8DcxJEcupym,815.1928571428573,1114.9666666666665,815.1928571428573
2020-06-13 12:45:00,4136001,WcxssY2VbP4hApt,845.2133333333331,1141.5785714285712,845.2133333333331
2020-06-13 12:45:00,4136001,oZ35aAeoifZaQzV,0.0,0.0,0.0
2020-06-13 12:45:00,4136001,xMbIugepa2P7lBB,0.0,0.0,0.0
2020-06-13 12:45:00,4136001,q49J1IKaHRwDQnt,791.3533333333332,1106.1733333333334,791.3533333333332
2020-06-13 12:45:00,4136001,rrq4fwE8jgrTyWY,739.8933333333333,1058.1066666666668,739.8933333333333
2020-06-13 12:45:00,4136001,4UPUqMRk7TRMgml,788.4785714285715,1064.986666666667,788.4785714285715
2020-06-13 12:45:00,4136001,9kRcWv60rDACzjR,0.0,0.0,0.0
2020-06-13 12:45:00,4136001,LYwnQax7tkwH5Cb,799.1999999999998,1075.28,799.1999999999998
2020-06-13 12:45:00,4136001,NgDl19wMapZy17u,0.0,0.0,0.0
2020-06-13 12:45:00,4136001,IQ2d7wF4YD8zU1Q,0.0,0.0,0.0
2020-06-13 13:00:00,4136001,Mx2yZCDsyf6DPfv,0.0,0.0,0.0
2020-06-13 13:00:00,4136001,81aHJ1q11NBPMrL,1110.0785714285716,913.2333333333332,1110.0785714285716
2020-06-13 13:00:00,4136001,rrq4fwE8jgrTyWY,1058.1066666666668,901.9142857142856,1058.1066666666668
2020-06-13 13:00:00,4136001,LYwnQax7tkwH5Cb,1075.28,923.0785714285716,1075.28
2020-06-13 13:00:00,4136001,oZ35aAeoifZaQzV,0.0,0.0,0.0
2020-06-13 13:00:00,4136001,oZZkBaNadn6DNKz,1055.1066666666668,841.2800000000002,1055.1066666666668
2020-06-13 13:00:00,4136001,4UPUqMRk7TRMgml,1064.986666666667,1037.6133333333332,1064.986666666667
2020-06-13 13:00:00,4136001,Quc1TzYxW2pYoWX,941.4928571428572,885.6933333333334,941.4928571428572
2020-06-13 13:00:00,4136001,PeE6FRyGXUgsRhN,1072.1799999999998,938.6466666666664,1072.1799999999998
2020-06-13 13:00:00,4136001,mqwcsP2rE7J0TFp,1110.4799999999998,1142.94,1110.4799999999998
2020-06-13 13:00:00,4136001,xMbIugepa2P7lBB,0.0,0.0,0.0
2020-06-13 13:00:00,4136001,vOuJvMaM2sgwLmb,1085.292857142857,920.3666666666664,1085.292857142857
2020-06-13 13:00:00,4136001,q49J1IKaHRwDQnt,1106.1733333333334,814.0428571428572,1106.1733333333334
2020-06-13 13:00:00,4136001,xoJJ8DcxJEcupym,1114.9666666666665,934.7933333333332,1114.9666666666665
2020-06-13 13:00:00,4136001,V94E5Ben1TlhnDV,0.0,0.0,0.0
2020-06-13 13:00:00,4136001,Qf4GUc1pJu5T6c6,0.0,0.0,0.0
2020-06-13 13:00:00,4136001,Et9kgGMDl729KT4,1030.4357142857143,921.1133333333332,1030.4357142857143
2020-06-13 13:00:00,4136001,IQ2d7wF4YD8zU1Q,0.0,0.0,0.0
2020-06-13 13:00:00,4136001,NgDl19wMapZy17u,0.0,0.0,0.0
2020-06-13 13:00:00,4136001,WcxssY2VbP4hApt,1141.5785714285712,860.7266666666667,1141.5785714285712
2020-06-13 13:00:00,4136001,9kRcWv60rDACzjR,0.0,0.0,0.0
2020-06-13 13:00:00,4136001,LlT2YUhhzqhg5Sw,0.0,0.0,0.0
2020-06-13 13:15:00,4136001,xMbIugepa2P7lBB,0.0,0.0,0.0
2020-06-13 13:15:00,4136001,LlT2YUhhzqhg5Sw,0.0,0.0,0.0
2020-06-13 13:15:00,4136001,PeE6FRyGXUgsRhN,938.6466666666664,1003.6533333333334,938.6466666666664
2020-06-13 13:15:00,4136001,NgDl19wMapZy17u,0.0,34.14,0.0
2020-06-13 13:15:00,4136001,oZZkBaNadn6DNKz,841.2800000000002,989.26,841.2800000000002
2020-06-13 13:15:00,4136001,4UPUqMRk7TRMgml,1037.6133333333332,1050.34,1037.6133333333332
2020-06-13 13:15:00,4136001,xoJJ8DcxJEcupym,934.7933333333332,1011.8066666666668,934.7933333333332
2020-06-13 13:15:00,4136001,Quc1TzYxW2pYoWX,885.6933333333334,903.0066666666664,885.6933333333334
2020-06-13 13:15:00,4136001,q49J1IKaHRwDQnt,814.0428571428572,884.52,814.0428571428572
2020-06-13 13:15:00,4136001,WcxssY2VbP4hApt,860.7266666666667,964.94,860.7266666666667
2020-06-13 13:15:00,4136001,mqwcsP2rE7J0TFp,1142.94,775.4866666666666,1142.94
2020-06-13 13:15:00,4136001,Qf4GUc1pJu5T6c6,0.0,0.0,0.0
2020-06-13 13:15:00,4136001,V94E5Ben1TlhnDV,0.0,0.0,0.0
2020-06-13 13:15:00,4136001,Mx2yZCDsyf6DPfv,0.0,0.0,0.0
2020-06-13 13:15:00,4136001,LYwnQax7tkwH5Cb,923.0785714285716,888.7333333333331,923.0785714285716
2020-06-13 13:15:00,4136001,oZ35aAeoifZaQzV,0.0,0.0,0.0
2020-06-13 13:15:00,4136001,rrq4fwE8jgrTyWY,901.9142857142856,842.08,901.9142857142856
2020-06-13 13:15:00,4136001,81aHJ1q11NBPMrL,913.2333333333332,996.8066666666664,913.2333333333332
2020-06-13 13:15:00,4136001,vOuJvMaM2sgwLmb,920.3666666666664,966.9266666666664,920.3666666666664
2020-06-13 13:15:00,4136001,9kRcWv60rDACzjR,0.0,0.0,0.0
2020-06-13 13:15:00,4136001,Et9kgGMDl729KT4,921.1133333333332,952.54,921.1133333333332
2020-06-13 13:15:00,4136001,IQ2d7wF4YD8zU1Q,0.0,0.0,0.0
2020-06-13 13:30:00,4136001,xMbIugepa2P7lBB,0.0,0.0,0.0
2020-06-13 13:30:00,4136001,xoJJ8DcxJEcupym,1011.8066666666668,439.39333333333326,1011.8066666666668
2020-06-13 13:30:00,4136001,Quc1TzYxW2pYoWX,903.0066666666664,373.38000000000005,903.0066666666664
2020-06-13 13:30:00,4136001,4UPUqMRk7TRMgml,1050.34,447.35,1050.34
2020-06-13 13:30:00,4136001,mqwcsP2rE7J0TFp,775.4866666666666,433.45714285714286,775.4866666666666
2020-06-13 13:30:00,4136001,81aHJ1q11NBPMrL,996.8066666666664,433.16,996.8066666666664
2020-06-13 13:30:00,4136001,oZZkBaNadn6DNKz,989.26,441.82,989.26
2020-06-13 13:30:00,4136001,rrq4fwE8jgrTyWY,842.08,400.38666666666666,842.08
2020-06-13 13:30:00,4136001,9kRcWv60rDACzjR,0.0,0.0,0.0
2020-06-13 13:30:00,4136001,IQ2d7wF4YD8zU1Q,0.0,0.0,0.0
2020-06-13 13:30:00,4136001,V94E5Ben1TlhnDV,0.0,0.0,0.0
2020-06-13 13:30:00,4136001,WcxssY2VbP4hApt,964.94,433.34,964.94
2020-06-13 13:30:00,4136001,LlT2YUhhzqhg5Sw,0.0,0.0,0.0
2020-06-13 13:30:00,4136001,oZ35aAeoifZaQzV,0.0,0.0,0.0
2020-06-13 13:30:00,4136001,LYwnQax7tkwH5Cb,888.7333333333331,402.56666666666666,888.7333333333331
2020-06-13 13:30:00,4136001,Qf4GUc1pJu5T6c6,0.0,0.0,0.0
2020-06-13 13:30:00,4136001,NgDl19wMapZy17u,34.14,428.5142857142857,34.14
2020-06-13 13:30:00,4136001,PeE6FRyGXUgsRhN,1003.6533333333334,428.2266666666666,1003.6533333333334
2020-06-13 13:30:00,4136001,vOuJvMaM2sgwLmb,966.9266666666664,434.4533333333334,966.9266666666664
2020-06-13 13:30:00,4136001,Et9kgGMDl729KT4,952.54,408.92,952.54
2020-06-13 13:30:00,4136001,q49J1IKaHRwDQnt,884.52,418.26,884.52
2020-06-13 13:30:00,4136001,Mx2yZCDsyf6DPfv,0.0,0.0,0.0
2020-06-13 13:45:00,4136001,rrq4fwE8jgrTyWY,400.38666666666666,877.44,400.38666666666666
2020-06-13 13:45:00,4136001,Mx2yZCDsyf6DPfv,0.0,0.0,0.0
2020-06-13 13:45:00,4136001,q49J1IKaHRwDQnt,418.26,914.1866666666666,418.26
2020-06-13 13:45:00,4136001,LYwnQax7tkwH5Cb,402.56666666666666,909.0733333333332,402.56666666666666
2020-06-13 13:45:00,4136001,oZ35aAeoifZaQzV,0.0,0.0,0.0
2020-06-13 13:45:00,4136001,mqwcsP2rE7J0TFp,433.45714285714286,937.6066666666665,433.45714285714286
2020-06-13 13:45:00,4136001,WcxssY2VbP4hApt,433.34,959.3785714285716,433.34
2020-06-13 13:45:00,4136001,Qf4GUc1pJu5T6c6,0.0,0.0,0.0
2020-06-13 13:45:00,4136001,Quc1TzYxW2pYoWX,373.38000000000005,734.3133333333332,373.38000000000005
2020-06-13 13:45:00,4136001,vOuJvMaM2sgwLmb,434.4533333333334,884.8714285714286,434.4533333333334
2020-06-13 13:45:00,4136001,V94E5Ben1TlhnDV,0.0,0.0,0.0
2020-06-13 13:45:00,4136001,IQ2d7wF4YD8zU1Q,0.0,349.21333333333337,0.0
2020-06-13 13:45:00,4136001,Et9kgGMDl729KT4,408.92,813.9733333333335,408.92
2020-06-13 13:45:00,4136001,9kRcWv60rDACzjR,0.0,0.0,0.0
2020-06-13 13:45:00,4136001,81aHJ1q11NBPMrL,433.16,923.7214285714284,433.16
2020-06-13 13:45:00,4136001,PeE6FRyGXUgsRhN,428.2266666666666,895.4928571428571,428.2266666666666
2020-06-13 13:45:00,4136001,NgDl19wMapZy17u,428.5142857142857,940.52,428.5142857142857
2020-06-13 13:45:00,4136001,oZZkBaNadn6DNKz,441.82,882.607142857143,441.82
2020-06-13 13:45:00,4136001,xMbIugepa2P7lBB,0.0,253.2666666666667,0.0
2020-06-13 13:45:00,4136001,4UPUqMRk7TRMgml,447.35,910.7066666666666,447.35
2020-06-13 13:45:00,4136001,xoJJ8DcxJEcupym,439.39333333333326,908.7785714285714,439.39333333333326
2020-06-13 13:45:00,4136001,LlT2YUhhzqhg5Sw,0.0,0.0,0.0
2020-06-13 14:00:00,4136001,oZZkBaNadn6DNKz,882.607142857143,651.6933333333334,882.607142857143
2020-06-13 14:00:00,4136001,q49J1IKaHRwDQnt,914.1866666666666,668.8357142857143,914.1866666666666
2020-06-13 14:00:00,4136001,PeE6FRyGXUgsRhN,895.4928571428571,637.9266666666665,895.4928571428571
2020-06-13 14:00:00,4136001,LlT2YUhhzqhg5Sw,0.0,0.0,0.0
2020-06-13 14:00:00,4136001,rrq4fwE8jgrTyWY,877.44,647.7499999999999,877.44
2020-06-13 14:00:00,4136001,4UPUqMRk7TRMgml,910.7066666666666,683.22,910.7066666666666
2020-06-13 14:00:00,4136001,xMbIugepa2P7lBB,253.2666666666667,0.0,253.2666666666667
2020-06-13 14:00:00,4136001,WcxssY2VbP4hApt,959.3785714285716,667.0333333333333,959.3785714285716
2020-06-13 14:00:00,4136001,oZ35aAeoifZaQzV,0.0,561.1399999999999,0.0
2020-06-13 14:00:00,4136001,Et9kgGMDl729KT4,813.9733333333335,589.4933333333332,813.9733333333335
2020-06-13 14:00:00,4136001,Quc1TzYxW2pYoWX,734.3133333333332,528.8,734.3133333333332
2020-06-13 14:00:00,4136001,xoJJ8DcxJEcupym,908.7785714285714,646.3733333333336,908.7785714285714
2020-06-13 14:00:00,4136001,Mx2yZCDsyf6DPfv,0.0,294.83333333333326,0.0
2020-06-13 14:00:00,4136001,IQ2d7wF4YD8zU1Q,349.21333333333337,0.0,349.21333333333337
2020-06-13 14:00:00,4136001,81aHJ1q11NBPMrL,923.7214285714284,654.66,923.7214285714284
2020-06-13 14:00:00,4136001,9kRcWv60rDACzjR,0.0,0.0,0.0
2020-06-13 14:00:00,4136001,Qf4GUc1pJu5T6c6,0.0,562.4333333333335,0.0
2020-06-13 14:00:00,4136001,vOuJvMaM2sgwLmb,884.8714285714286,655.68,884.8714285714286
2020-06-13 14:00:00,4136001,V94E5Ben1TlhnDV,0.0,522.1733333333333,0.0
2020-06-13 14:00:00,4136001,NgDl19wMapZy17u,940.52,686.1133333333332,940.52
2020-06-13 14:00:00,4136001,mqwcsP2rE7J0TFp,937.6066666666665,658.6333333333334,937.6066666666665
2020-06-13 14:00:00,4136001,LYwnQax7tkwH5Cb,909.0733333333332,663.0428571428571,909.0733333333332
2020-06-13 14:15:00,4136001,LYwnQax7tkwH5Cb,663.0428571428571,1083.5,663.0428571428571
2020-06-13 14:15:00,4136001,LlT2YUhhzqhg5Sw,0.0,0.0,0.0
2020-06-13 14:15:00,4136001,Et9kgGMDl729KT4,589.4933333333332,1077.04,589.4933333333332
2020-06-13 14:15:00,4136001,9kRcWv60rDACzjR,0.0,0.0,0.0
2020-06-13 14:15:00,4136001,q49J1IKaHRwDQnt,668.8357142857143,1105.34,668.8357142857143
2020-06-13 14:15:00,4136001,IQ2d7wF4YD8zU1Q,0.0,0.0,0.0
2020-06-13 14:15:00,4136001,WcxssY2VbP4hApt,667.0333333333333,1157.0733333333333,667.0333333333333
2020-06-13 14:15:00,4136001,4UPUqMRk7TRMgml,683.22,539.3000000000001,683.22
2020-06-13 14:15:00,4136001,Qf4GUc1pJu5T6c6,562.4333333333335,1188.6666666666667,562.4333333333335
2020-06-13 14:15:00,4136001,xoJJ8DcxJEcupym,646.3733333333336,1107.5466666666666,646.3733333333336
2020-06-13 14:15:00,4136001,xMbIugepa2P7lBB,0.0,0.0,0.0
2020-06-13 14:15:00,4136001,NgDl19wMapZy17u,686.1133333333332,1172.0866666666666,686.1133333333332
2020-06-13 14:15:00,4136001,oZ35aAeoifZaQzV,561.1399999999999,768.12,561.1399999999999
2020-06-13 14:15:00,4136001,V94E5Ben1TlhnDV,522.1733333333333,1114.246666666667,522.1733333333333
2020-06-13 14:15:00,4136001,vOuJvMaM2sgwLmb,655.68,1149.3266666666668,655.68
2020-06-13 14:15:00,4136001,81aHJ1q11NBPMrL,654.66,1156.74,654.66
2020-06-13 14:15:00,4136001,oZZkBaNadn6DNKz,651.6933333333334,1149.4333333333327,651.6933333333334
2020-06-13 14:15:00,4136001,rrq4fwE8jgrTyWY,647.7499999999999,1106.1533333333332,647.7499999999999
2020-06-13 14:15:00,4136001,mqwcsP2rE7J0TFp,658.6333333333334,1148.246666666667,658.6333333333334
2020-06-13 14:15:00,4136001,PeE6FRyGXUgsRhN,637.9266666666665,1138.4666666666667,637.9266666666665
2020-06-13 14:15:00,4136001,Mx2yZCDsyf6DPfv,294.83333333333326,0.0,294.83333333333326
2020-06-13 14:15:00,4136001,Quc1TzYxW2pYoWX,528.8,993.0866666666668,528.8
2020-06-13 14:30:00,4136001,81aHJ1q11NBPMrL,1156.74,563.8733333333332,1156.74
2020-06-13 14:30:00,4136001,PeE6FRyGXUgsRhN,1138.4666666666667,546.1133333333332,1138.4666666666667
2020-06-13 14:30:00,4136001,xoJJ8DcxJEcupym,1107.5466666666666,573.6733333333333,1107.5466666666666
2020-06-13 14:30:00,4136001,xMbIugepa2P7lBB,0.0,0.0,0.0
2020-06-13 14:30:00,4136001,oZZkBaNadn6DNKz,1149.4333333333327,577.1333333333333,1149.4333333333327
2020-06-13 14:30:00,4136001,LYwnQax7tkwH5Cb,1083.5,513.4933333333332,1083.5
2020-06-13 14:30:00,4136001,9kRcWv60rDACzjR,0.0,0.0,0.0
2020-06-13 14:30:00,4136001,IQ2d7wF4YD8zU1Q,0.0,0.0,0.0
2020-06-13 14:30:00,4136001,WcxssY2VbP4hApt,1157.0733333333333,587.1933333333333,1157.0733333333333
2020-06-13 14:30:00,4136001,mqwcsP2rE7J0TFp,1148.246666666667,582.4142857142857,1148.246666666667
2020-06-13 14:30:00,4136001,vOuJvMaM2sgwLmb,1149.3266666666668,563.44,1149.3266666666668
2020-06-13 14:30:00,4136001,NgDl19wMapZy17u,1172.0866666666666,583.35,1172.0866666666666
2020-06-13 14:30:00,4136001,Mx2yZCDsyf6DPfv,0.0,0.0,0.0
2020-06-13 14:30:00,4136001,Quc1TzYxW2pYoWX,993.0866666666668,432.50714285714287,993.0866666666668
2020-06-13 14:30:00,4136001,q49J1IKaHRwDQnt,1105.34,547.3933333333333,1105.34
2020-06-13 14:30:00,4136001,rrq4fwE8jgrTyWY,1106.1533333333332,514.3333333333334,1106.1533333333332
2020-06-13 14:30:00,4136001,4UPUqMRk7TRMgml,539.3000000000001,405.96,539.3000000000001
2020-06-13 14:30:00,4136001,Et9kgGMDl729KT4,1077.04,508.27857142857147,1077.04
2020-06-13 14:30:00,4136001,V94E5Ben1TlhnDV,1114.246666666667,586.6,1114.246666666667
2020-06-13 14:30:00,4136001,oZ35aAeoifZaQzV,768.12,0.0,768.12
2020-06-13 14:30:00,4136001,Qf4GUc1pJu5T6c6,1188.6666666666667,580.8133333333332,1188.6666666666667
2020-06-13 14:30:00,4136001,LlT2YUhhzqhg5Sw,0.0,0.0,0.0
2020-06-13 14:45:00,4136001,xoJJ8DcxJEcupym,573.6733333333333,676.4071428571428,573.6733333333333
2020-06-13 14:45:00,4136001,Et9kgGMDl729KT4,508.27857142857147,566.34,508.27857142857147
2020-06-13 14:45:00,4136001,oZZkBaNadn6DNKz,577.1333333333333,638.8857142857142,577.1333333333333
2020-06-13 14:45:00,4136001,81aHJ1q11NBPMrL,563.8733333333332,657.4066666666668,563.8733333333332
2020-06-13 14:45:00,4136001,vOuJvMaM2sgwLmb,563.44,639.5266666666665,563.44
2020-06-13 14:45:00,4136001,Quc1TzYxW2pYoWX,432.50714285714287,514.62,432.50714285714287
2020-06-13 14:45:00,4136001,rrq4fwE8jgrTyWY,514.3333333333334,586.74,514.3333333333334
2020-06-13 14:45:00,4136001,PeE6FRyGXUgsRhN,546.1133333333332,617.5142857142857,546.1133333333332
2020-06-13 14:45:00,4136001,NgDl19wMapZy17u,583.35,630.8933333333334,583.35
2020-06-13 14:45:00,4136001,Qf4GUc1pJu5T6c6,580.8133333333332,638.0714285714284,580.8133333333332
2020-06-13 14:45:00,4136001,4UPUqMRk7TRMgml,405.96,635.3714285714285,405.96
2020-06-13 14:45:00,4136001,mqwcsP2rE7J0TFp,582.4142857142857,638.7133333333333,582.4142857142857
2020-06-13 14:45:00,4136001,xMbIugepa2P7lBB,0.0,274.2933333333333,0.0
2020-06-13 14:45:00,4136001,q49J1IKaHRwDQnt,547.3933333333333,619.8,547.3933333333333
2020-06-13 14:45:00,4136001,WcxssY2VbP4hApt,587.1933333333333,656.8466666666667,587.1933333333333
2020-06-13 14:45:00,4136001,oZ35aAeoifZaQzV,0.0,584.7928571428571,0.0
2020-06-13 14:45:00,4136001,LYwnQax7tkwH5Cb,513.4933333333332,581.4933333333332,513.4933333333332
2020-06-13 14:45:00,4136001,LlT2YUhhzqhg5Sw,0.0,416.4266666666666,0.0
2020-06-13 14:45:00,4136001,IQ2d7wF4YD8zU1Q,0.0,270.8066666666667,0.0
2020-06-13 14:45:00,4136001,9kRcWv60rDACzjR,0.0,434.9333333333333,0.0
2020-06-13 14:45:00,4136001,Mx2yZCDsyf6DPfv,0.0,582.3285714285713,0.0
2020-06-13 14:45:00,4136001,V94E5Ben1TlhnDV,586.6,648.3214285714286,586.6
2020-06-13 15:00:00,4136001,V94E5Ben1TlhnDV,648.3214285714286,800.3599999999999,648.3214285714286
2020-06-13 15:00:00,4136001,IQ2d7wF4YD8zU1Q,270.8066666666667,666.2666666666667,270.8066666666667
2020-06-13 15:00:00,4136001,rrq4fwE8jgrTyWY,586.74,685.1999999999999,586.74
2020-06-13 15:00:00,4136001,LlT2YUhhzqhg5Sw,416.4266666666666,726.6533333333334,416.4266666666666
2020-06-13 15:00:00,4136001,oZ35aAeoifZaQzV,584.7928571428571,716.6200000000001,584.7928571428571
2020-06-13 15:00:00,4136001,q49J1IKaHRwDQnt,619.8,722.44,619.8
2020-06-13 15:00:00,4136001,Quc1TzYxW2pYoWX,514.62,527.4866666666667,514.62
2020-06-13 15:00:00,4136001,oZZkBaNadn6DNKz,638.8857142857142,763.4133333333334,638.8857142857142
2020-06-13 15:00:00,4136001,Mx2yZCDsyf6DPfv,582.3285714285713,704.3133333333333,582.3285714285713
2020-06-13 15:00:00,4136001,mqwcsP2rE7J0TFp,638.7133333333333,674.28,638.7133333333333
2020-06-13 15:00:00,4136001,vOuJvMaM2sgwLmb,639.5266666666665,748.3142857142858,639.5266666666665
2020-06-13 15:00:00,4136001,NgDl19wMapZy17u,630.8933333333334,652.84,630.8933333333334
2020-06-13 15:00:00,4136001,4UPUqMRk7TRMgml,635.3714285714285,647.9533333333334,635.3714285714285
2020-06-13 15:00:00,4136001,Et9kgGMDl729KT4,566.34,614.2266666666666,566.34
2020-06-13 15:00:00,4136001,WcxssY2VbP4hApt,656.8466666666667,713.7357142857142,656.8466666666667
2020-06-13 15:00:00,4136001,9kRcWv60rDACzjR,434.9333333333333,713.8571428571429,434.9333333333333
2020-06-13 15:00:00,4136001,Qf4GUc1pJu5T6c6,638.0714285714284,610.4333333333334,638.0714285714284
2020-06-13 15:00:00,4136001,xoJJ8DcxJEcupym,676.4071428571428,784.2733333333332,676.4071428571428
2020-06-13 15:00:00,4136001,81aHJ1q11NBPMrL,657.4066666666668,748.4142857142857,657.4066666666668
2020-06-13 15:00:00,4136001,xMbIugepa2P7lBB,274.2933333333333,707.12,274.2933333333333
2020-06-13 15:00:00,4136001,PeE6FRyGXUgsRhN,617.5142857142857,737.4399999999998,617.5142857142857
2020-06-13 15:00:00,4136001,LYwnQax7tkwH5Cb,581.4933333333332,687.8133333333334,581.4933333333332
2020-06-13 15:15:00,4136001,V94E5Ben1TlhnDV,800.3599999999999,707.9,800.3599999999999
2020-06-13 15:15:00,4136001,4UPUqMRk7TRMgml,647.9533333333334,689.2266666666668,647.9533333333334
2020-06-13 15:15:00,4136001,IQ2d7wF4YD8zU1Q,666.2666666666667,673.14,666.2666666666667
2020-06-13 15:15:00,4136001,Qf4GUc1pJu5T6c6,610.4333333333334,707.9733333333332,610.4333333333334
2020-06-13 15:15:00,4136001,9kRcWv60rDACzjR,713.8571428571429,700.04,713.8571428571429
2020-06-13 15:15:00,4136001,LYwnQax7tkwH5Cb,687.8133333333334,630.4928571428571,687.8133333333334
2020-06-13 15:15:00,4136001,rrq4fwE8jgrTyWY,685.1999999999999,649.6928571428571,685.1999999999999
2020-06-13 15:15:00,4136001,NgDl19wMapZy17u,652.84,669.6866666666667,652.84
2020-06-13 15:15:00,4136001,xoJJ8DcxJEcupym,784.2733333333332,689.18,784.2733333333332
2020-06-13 15:15:00,4136001,oZ35aAeoifZaQzV,716.6200000000001,686.9866666666666,716.6200000000001
2020-06-13 15:15:00,4136001,81aHJ1q11NBPMrL,748.4142857142857,725.6133333333332,748.4142857142857
2020-06-13 15:15:00,4136001,q49J1IKaHRwDQnt,722.44,653.7071428571428,722.44
2020-06-13 15:15:00,4136001,Quc1TzYxW2pYoWX,527.4866666666667,547.6733333333332,527.4866666666667
2020-06-13 15:15:00,4136001,xMbIugepa2P7lBB,707.12,651.2333333333333,707.12
2020-06-13 15:15:00,4136001,oZZkBaNadn6DNKz,763.4133333333334,712.5933333333334,763.4133333333334
2020-06-13 15:15:00,4136001,mqwcsP2rE7J0TFp,674.28,682.7200000000001,674.28
2020-06-13 15:15:00,4136001,Et9kgGMDl729KT4,614.2266666666666,656.4066666666668,614.2266666666666
2020-06-13 15:15:00,4136001,Mx2yZCDsyf6DPfv,704.3133333333333,677.9533333333333,704.3133333333333
2020-06-13 15:15:00,4136001,LlT2YUhhzqhg5Sw,726.6533333333334,670.3357142857144,726.6533333333334
2020-06-13 15:15:00,4136001,vOuJvMaM2sgwLmb,748.3142857142858,749.4533333333331,748.3142857142858
2020-06-13 15:15:00,4136001,WcxssY2VbP4hApt,713.7357142857142,726.9199999999998,713.7357142857142
2020-06-13 15:15:00,4136001,PeE6FRyGXUgsRhN,737.4399999999998,715.7533333333333,737.4399999999998
2020-06-13 15:30:00,4136001,4UPUqMRk7TRMgml,689.2266666666668,723.6999999999998,689.2266666666668
2020-06-13 15:30:00,4136001,IQ2d7wF4YD8zU1Q,673.14,644.68,673.14
2020-06-13 15:30:00,4136001,Mx2yZCDsyf6DPfv,677.9533333333333,708.4333333333335,677.9533333333333
2020-06-13 15:30:00,4136001,Et9kgGMDl729KT4,656.4066666666668,646.9466666666666,656.4066666666668
2020-06-13 15:30:00,4136001,xMbIugepa2P7lBB,651.2333333333333,607.8266666666666,651.2333333333333
2020-06-13 15:30:00,4136001,q49J1IKaHRwDQnt,653.7071428571428,651.6066666666668,653.7071428571428
2020-06-13 15:30:00,4136001,oZZkBaNadn6DNKz,712.5933333333334,649.2466666666668,712.5933333333334
2020-06-13 15:30:00,4136001,81aHJ1q11NBPMrL,725.6133333333332,686.3,725.6133333333332
2020-06-13 15:30:00,4136001,vOuJvMaM2sgwLmb,749.4533333333331,672.1800000000001,749.4533333333331
2020-06-13 15:30:00,4136001,LlT2YUhhzqhg5Sw,670.3357142857144,636.8533333333334,670.3357142857144
2020-06-13 15:30:00,4136001,9kRcWv60rDACzjR,700.04,662.3333333333333,700.04
2020-06-13 15:30:00,4136001,Qf4GUc1pJu5T6c6,707.9733333333332,698.6266666666667,707.9733333333332
2020-06-13 15:30:00,4136001,WcxssY2VbP4hApt,726.9199999999998,688.94,726.9199999999998
2020-06-13 15:30:00,4136001,PeE6FRyGXUgsRhN,715.7533333333333,651.2533333333334,715.7533333333333
2020-06-13 15:30:00,4136001,oZ35aAeoifZaQzV,686.9866666666666,688.1333333333332,686.9866666666666
2020-06-13 15:30:00,4136001,NgDl19wMapZy17u,669.6866666666667,630.0333333333332,669.6866666666667
2020-06-13 15:30:00,4136001,mqwcsP2rE7J0TFp,682.7200000000001,702.5,682.7200000000001
2020-06-13 15:30:00,4136001,V94E5Ben1TlhnDV,707.9,636.5666666666667,707.9
2020-06-13 15:30:00,4136001,Quc1TzYxW2pYoWX,547.6733333333332,611.2,547.6733333333332
2020-06-13 15:30:00,4136001,LYwnQax7tkwH5Cb,630.4928571428571,613.4,630.4928571428571
2020-06-13 15:30:00,4136001,rrq4fwE8jgrTyWY,649.6928571428571,605.8066666666666,649.6928571428571
2020-06-13 15:30:00,4136001,xoJJ8DcxJEcupym,689.18,661.92,689.18
2020-06-13 15:45:00,4136001,PeE6FRyGXUgsRhN,651.2533333333334,377.86,651.2533333333334
2020-06-13 15:45:00,4136001,IQ2d7wF4YD8zU1Q,644.68,467.77857142857147,644.68
2020-06-13 15:45:00,4136001,LYwnQax7tkwH5Cb,613.4,421.73333333333335,613.4
2020-06-13 15:45:00,4136001,Et9kgGMDl729KT4,646.9466666666666,410.7866666666668,646.9466666666666
2020-06-13 15:45:00,4136001,xMbIugepa2P7lBB,607.8266666666666,440.8071428571428,607.8266666666666
2020-06-13 15:45:00,4136001,Qf4GUc1pJu5T6c6,698.6266666666667,462.2071428571428,698.6266666666667
2020-06-13 15:45:00,4136001,xoJJ8DcxJEcupym,661.92,369.3133333333333,661.92
2020-06-13 15:45:00,4136001,oZZkBaNadn6DNKz,649.2466666666668,399.68,649.2466666666668
2020-06-13 15:45:00,4136001,Quc1TzYxW2pYoWX,611.2,396.58,611.2
2020-06-13 15:45:00,4136001,81aHJ1q11NBPMrL,686.3,383.4333333333333,686.3
2020-06-13 15:45:00,4136001,WcxssY2VbP4hApt,688.94,431.6000000000001,688.94
2020-06-13 15:45:00,4136001,9kRcWv60rDACzjR,662.3333333333333,423.69999999999993,662.3333333333333
2020-06-13 15:45:00,4136001,V94E5Ben1TlhnDV,636.5666666666667,385.00000000000006,636.5666666666667
2020-06-13 15:45:00,4136001,q49J1IKaHRwDQnt,651.6066666666668,429.38,651.6066666666668
2020-06-13 15:45:00,4136001,4UPUqMRk7TRMgml,723.6999999999998,444.8428571428571,723.6999999999998
2020-06-13 15:45:00,4136001,rrq4fwE8jgrTyWY,605.8066666666666,420.9933333333333,605.8066666666666
2020-06-13 15:45:00,4136001,LlT2YUhhzqhg5Sw,636.8533333333334,426.45333333333326,636.8533333333334
2020-06-13 15:45:00,4136001,mqwcsP2rE7J0TFp,702.5,456.2642857142857,702.5
2020-06-13 15:45:00,4136001,oZ35aAeoifZaQzV,688.1333333333332,449.6,688.1333333333332
2020-06-13 15:45:00,4136001,NgDl19wMapZy17u,630.0333333333332,460.7714285714285,630.0333333333332
2020-06-13 15:45:00,4136001,Mx2yZCDsyf6DPfv,708.4333333333335,460.4357142857142,708.4333333333335
2020-06-13 15:45:00,4136001,vOuJvMaM2sgwLmb,672.1800000000001,395.6533333333333,672.1800000000001
2020-06-13 16:00:00,4136001,4UPUqMRk7TRMgml,444.8428571428571,632.5133333333333,444.8428571428571
2020-06-13 16:00:00,4136001,81aHJ1q11NBPMrL,383.4333333333333,587.3785714285713,383.4333333333333
2020-06-13 16:00:00,4136001,Quc1TzYxW2pYoWX,396.58,531.8142857142857,396.58
2020-06-13 16:00:00,4136001,mqwcsP2rE7J0TFp,456.2642857142857,642.8933333333333,456.2642857142857
2020-06-13 16:00:00,4136001,WcxssY2VbP4hApt,431.6000000000001,618.6357142857144,431.6000000000001
2020-06-13 16:00:00,4136001,rrq4fwE8jgrTyWY,420.9933333333333,539.1399999999999,420.9933333333333
2020-06-13 16:00:00,4136001,xoJJ8DcxJEcupym,369.3133333333333,562.2928571428571,369.3133333333333
2020-06-13 16:00:00,4136001,oZZkBaNadn6DNKz,399.68,602.0357142857143,399.68
2020-06-13 16:00:00,4136001,IQ2d7wF4YD8zU1Q,467.77857142857147,647.1533333333333,467.77857142857147
2020-06-13 16:00:00,4136001,NgDl19wMapZy17u,460.7714285714285,633.3933333333333,460.7714285714285
2020-06-13 16:00:00,4136001,PeE6FRyGXUgsRhN,377.86,586.1357142857144,377.86
2020-06-13 16:00:00,4136001,xMbIugepa2P7lBB,440.8071428571428,641.9933333333332,440.8071428571428
2020-06-13 16:00:00,4136001,V94E5Ben1TlhnDV,385.00000000000006,572.9642857142857,385.00000000000006
2020-06-13 16:00:00,4136001,vOuJvMaM2sgwLmb,395.6533333333333,576.8071428571428,395.6533333333333
2020-06-13 16:00:00,4136001,Mx2yZCDsyf6DPfv,460.4357142857142,622.28,460.4357142857142
2020-06-13 16:00:00,4136001,Et9kgGMDl729KT4,410.7866666666668,576.1142857142858,410.7866666666668
2020-06-13 16:00:00,4136001,Qf4GUc1pJu5T6c6,462.2071428571428,605.76,462.2071428571428
2020-06-13 16:00:00,4136001,LYwnQax7tkwH5Cb,421.73333333333335,552.6066666666668,421.73333333333335
2020-06-13 16:00:00,4136001,oZ35aAeoifZaQzV,449.6,615.72,449.6
2020-06-13 16:00:00,4136001,q49J1IKaHRwDQnt,429.38,599.2200000000003,429.38
2020-06-13 16:00:00,4136001,9kRcWv60rDACzjR,423.69999999999993,591.4285714285713,423.69999999999993
2020-06-13 16:00:00,4136001,LlT2YUhhzqhg5Sw,426.45333333333326,581.82,426.45333333333326
2020-06-13 16:15:00,4136001,rrq4fwE8jgrTyWY,539.1399999999999,350.3933333333334,539.1399999999999
2020-06-13 16:15:00,4136001,oZ35aAeoifZaQzV,615.72,432.6333333333332,615.72
2020-06-13 16:15:00,4136001,q49J1IKaHRwDQnt,599.2200000000003,367.14666666666665,599.2200000000003
2020-06-13 16:15:00,4136001,Qf4GUc1pJu5T6c6,605.76,462.5533333333333,605.76
2020-06-13 16:15:00,4136001,V94E5Ben1TlhnDV,572.9642857142857,400.51333333333326,572.9642857142857
2020-06-13 16:15:00,4136001,mqwcsP2rE7J0TFp,642.8933333333333,464.8399999999999,642.8933333333333
2020-06-13 16:15:00,4136001,9kRcWv60rDACzjR,591.4285714285713,414.13999999999993,591.4285714285713
2020-06-13 16:15:00,4136001,WcxssY2VbP4hApt,618.6357142857144,429.5133333333334,618.6357142857144
2020-06-13 16:15:00,4136001,vOuJvMaM2sgwLmb,576.8071428571428,407.1666666666666,576.8071428571428
2020-06-13 16:15:00,4136001,Quc1TzYxW2pYoWX,531.8142857142857,392.71333333333337,531.8142857142857
2020-06-13 16:15:00,4136001,xoJJ8DcxJEcupym,562.2928571428571,409.98,562.2928571428571
2020-06-13 16:15:00,4136001,oZZkBaNadn6DNKz,602.0357142857143,405.06000000000006,602.0357142857143
2020-06-13 16:15:00,4136001,LlT2YUhhzqhg5Sw,581.82,352.6333333333333,581.82
2020-06-13 16:15:00,4136001,NgDl19wMapZy17u,633.3933333333333,449.63999999999993,633.3933333333333
2020-06-13 16:15:00,4136001,xMbIugepa2P7lBB,641.9933333333332,402.4066666666666,641.9933333333332
2020-06-13 16:15:00,4136001,LYwnQax7tkwH5Cb,552.6066666666668,365.9533333333334,552.6066666666668
2020-06-13 16:15:00,4136001,Mx2yZCDsyf6DPfv,622.28,432.78,622.28
2020-06-13 16:15:00,4136001,81aHJ1q11NBPMrL,587.3785714285713,414.88,587.3785714285713
2020-06-13 16:15:00,4136001,IQ2d7wF4YD8zU1Q,647.1533333333333,436.06,647.1533333333333
2020-06-13 16:15:00,4136001,PeE6FRyGXUgsRhN,586.1357142857144,407.2933333333333,586.1357142857144
2020-06-13 16:15:00,4136001,Et9kgGMDl729KT4,576.1142857142858,399.8266666666666,576.1142857142858
2020-06-13 16:15:00,4136001,4UPUqMRk7TRMgml,632.5133333333333,452.35333333333335,632.5133333333333
2020-06-13 16:30:00,4136001,V94E5Ben1TlhnDV,400.51333333333326,447.2,400.51333333333326
2020-06-13 16:30:00,4136001,xoJJ8DcxJEcupym,409.98,465.2000000000001,409.98
2020-06-13 16:30:00,4136001,Quc1TzYxW2pYoWX,392.71333333333337,357.5733333333334,392.71333333333337
2020-06-13 16:30:00,4136001,LYwnQax7tkwH5Cb,365.9533333333334,466.4428571428572,365.9533333333334
2020-06-13 16:30:00,4136001,NgDl19wMapZy17u,449.63999999999993,471.3533333333335,449.63999999999993
2020-06-13 16:30:00,4136001,4UPUqMRk7TRMgml,452.35333333333335,473.0533333333332,452.35333333333335
2020-06-13 16:30:00,4136001,q49J1IKaHRwDQnt,367.14666666666665,483.8,367.14666666666665
2020-06-13 16:30:00,4136001,9kRcWv60rDACzjR,414.13999999999993,465.62,414.13999999999993
2020-06-13 16:30:00,4136001,rrq4fwE8jgrTyWY,350.3933333333334,467.02857142857135,350.3933333333334
2020-06-13 16:30:00,4136001,IQ2d7wF4YD8zU1Q,436.06,477.35333333333335,436.06
2020-06-13 16:30:00,4136001,Et9kgGMDl729KT4,399.8266666666666,409.7933333333333,399.8266666666666
2020-06-13 16:30:00,4136001,PeE6FRyGXUgsRhN,407.2933333333333,445.63333333333327,407.2933333333333
2020-06-13 16:30:00,4136001,Mx2yZCDsyf6DPfv,432.78,480.64666666666665,432.78
2020-06-13 16:30:00,4136001,LlT2YUhhzqhg5Sw,352.6333333333333,486.2714285714286,352.6333333333333
2020-06-13 16:30:00,4136001,xMbIugepa2P7lBB,402.4066666666666,475.19333333333327,402.4066666666666
2020-06-13 16:30:00,4136001,mqwcsP2rE7J0TFp,464.8399999999999,453.77333333333326,464.8399999999999
2020-06-13 16:30:00,4136001,vOuJvMaM2sgwLmb,407.1666666666666,460.74,407.1666666666666
2020-06-13 16:30:00,4136001,oZZkBaNadn6DNKz,405.06000000000006,445.52,405.06000000000006
2020-06-13 16:30:00,4136001,WcxssY2VbP4hApt,429.5133333333334,477.3466666666666,429.5133333333334
2020-06-13 16:30:00,4136001,Qf4GUc1pJu5T6c6,462.5533333333333,441.15333333333336,462.5533333333333
2020-06-13 16:30:00,4136001,81aHJ1q11NBPMrL,414.88,464.64,414.88
2020-06-13 16:30:00,4136001,oZ35aAeoifZaQzV,432.6333333333332,470.5533333333333,432.6333333333332
2020-06-13 16:45:00,4136001,rrq4fwE8jgrTyWY,467.02857142857135,451.1600000000001,467.02857142857135
2020-06-13 16:45:00,4136001,Et9kgGMDl729KT4,409.7933333333333,449.8733333333333,409.7933333333333
2020-06-13 16:45:00,4136001,4UPUqMRk7TRMgml,473.0533333333332,504.8733333333333,473.0533333333332
2020-06-13 16:45:00,4136001,Quc1TzYxW2pYoWX,357.5733333333334,408.68666666666655,357.5733333333334
2020-06-13 16:45:00,4136001,WcxssY2VbP4hApt,477.3466666666666,497.45333333333326,477.3466666666666
2020-06-13 16:45:00,4136001,PeE6FRyGXUgsRhN,445.63333333333327,479.21333333333325,445.63333333333327
2020-06-13 16:45:00,4136001,81aHJ1q11NBPMrL,464.64,491.9666666666666,464.64
2020-06-13 16:45:00,4136001,V94E5Ben1TlhnDV,447.2,469.7066666666667,447.2
2020-06-13 16:45:00,4136001,LlT2YUhhzqhg5Sw,486.2714285714286,490.71333333333325,486.2714285714286
2020-06-13 16:45:00,4136001,xMbIugepa2P7lBB,475.19333333333327,491.1285714285714,475.19333333333327
2020-06-13 16:45:00,4136001,oZ35aAeoifZaQzV,470.5533333333333,503.4733333333334,470.5533333333333
2020-06-13 16:45:00,4136001,vOuJvMaM2sgwLmb,460.74,491.82,460.74
2020-06-13 16:45:00,4136001,q49J1IKaHRwDQnt,483.8,480.1066666666666,483.8
2020-06-13 16:45:00,4136001,xoJJ8DcxJEcupym,465.2000000000001,489.8466666666666,465.2000000000001
2020-06-13 16:45:00,4136001,oZZkBaNadn6DNKz,445.52,481.6466666666667,445.52
2020-06-13 16:45:00,4136001,mqwcsP2rE7J0TFp,453.77333333333326,480.74285714285713,453.77333333333326
2020-06-13 16:45:00,4136001,NgDl19wMapZy17u,471.3533333333335,499.71428571428567,471.3533333333335
2020-06-13 16:45:00,4136001,Qf4GUc1pJu5T6c6,441.15333333333336,497.6066666666666,441.15333333333336
2020-06-13 16:45:00,4136001,9kRcWv60rDACzjR,465.62,486.54,465.62
2020-06-13 16:45:00,4136001,Mx2yZCDsyf6DPfv,480.64666666666665,505.06,480.64666666666665
2020-06-13 16:45:00,4136001,IQ2d7wF4YD8zU1Q,477.35333333333335,497.3357142857144,477.35333333333335
2020-06-13 16:45:00,4136001,LYwnQax7tkwH5Cb,466.4428571428572,465.42666666666673,466.4428571428572
2020-06-13 17:00:00,4136001,LYwnQax7tkwH5Cb,465.42666666666673,267.62666666666667,465.42666666666673
2020-06-13 17:00:00,4136001,Qf4GUc1pJu5T6c6,497.6066666666666,253.00000000000009,497.6066666666666
2020-06-13 17:00:00,4136001,rrq4fwE8jgrTyWY,451.1600000000001,263.0,451.1600000000001
2020-06-13 17:00:00,4136001,WcxssY2VbP4hApt,497.45333333333326,286.5142857142857,497.45333333333326
2020-06-13 17:00:00,4136001,9kRcWv60rDACzjR,486.54,285.1571428571429,486.54
2020-06-13 17:00:00,4136001,81aHJ1q11NBPMrL,491.9666666666666,290.3071428571428,491.9666666666666
2020-06-13 17:00:00,4136001,oZZkBaNadn6DNKz,481.6466666666667,292.05,481.6466666666667
2020-06-13 17:00:00,4136001,PeE6FRyGXUgsRhN,479.21333333333325,277.9357142857143,479.21333333333325
2020-06-13 17:00:00,4136001,V94E5Ben1TlhnDV,469.7066666666667,303.0428571428572,469.7066666666667
2020-06-13 17:00:00,4136001,Et9kgGMDl729KT4,449.8733333333333,262.0,449.8733333333333
2020-06-13 17:00:00,4136001,IQ2d7wF4YD8zU1Q,497.3357142857144,258.40000000000003,497.3357142857144
2020-06-13 17:00:00,4136001,Mx2yZCDsyf6DPfv,505.06,293.00714285714287,505.06
2020-06-13 17:00:00,4136001,LlT2YUhhzqhg5Sw,490.71333333333325,273.2199999999999,490.71333333333325
2020-06-13 17:00:00,4136001,mqwcsP2rE7J0TFp,480.74285714285713,232.84,480.74285714285713
2020-06-13 17:00:00,4136001,vOuJvMaM2sgwLmb,491.82,288.6,491.82
2020-06-13 17:00:00,4136001,oZ35aAeoifZaQzV,503.4733333333334,287.79285714285714,503.4733333333334
2020-06-13 17:00:00,4136001,NgDl19wMapZy17u,499.71428571428567,246.76666666666665,499.71428571428567
2020-06-13 17:00:00,4136001,xMbIugepa2P7lBB,491.1285714285714,270.4133333333334,491.1285714285714
2020-06-13 17:00:00,4136001,xoJJ8DcxJEcupym,489.8466666666666,296.6714285714286,489.8466666666666
2020-06-13 17:00:00,4136001,q49J1IKaHRwDQnt,480.1066666666666,269.15333333333336,480.1066666666666
2020-06-13 17:00:00,4136001,Quc1TzYxW2pYoWX,408.68666666666655,240.59333333333328,408.68666666666655
2020-06-13 17:00:00,4136001,4UPUqMRk7TRMgml,504.8733333333333,276.17857142857144,504.8733333333333
2020-06-13 17:15:00,4136001,4UPUqMRk7TRMgml,276.17857142857144,185.1133333333333,276.17857142857144
2020-06-13 17:15:00,4136001,vOuJvMaM2sgwLmb,288.6,201.7266666666667,288.6
2020-06-13 17:15:00,4136001,LlT2YUhhzqhg5Sw,273.2199999999999,199.76,273.2199999999999
2020-06-13 17:15:00,4136001,Mx2yZCDsyf6DPfv,293.00714285714287,192.10666666666668,293.00714285714287
2020-06-13 17:15:00,4136001,Qf4GUc1pJu5T6c6,253.00000000000009,176.5533333333333,253.00000000000009
2020-06-13 17:15:00,4136001,mqwcsP2rE7J0TFp,232.84,205.62,232.84
2020-06-13 17:15:00,4136001,PeE6FRyGXUgsRhN,277.9357142857143,194.44666666666663,277.9357142857143
2020-06-13 17:15:00,4136001,rrq4fwE8jgrTyWY,263.0,193.7,263.0
2020-06-13 17:15:00,4136001,V94E5Ben1TlhnDV,303.0428571428572,199.44666666666663,303.0428571428572
2020-06-13 17:15:00,4136001,Quc1TzYxW2pYoWX,240.59333333333328,153.29333333333332,240.59333333333328
2020-06-13 17:15:00,4136001,q49J1IKaHRwDQnt,269.15333333333336,198.42,269.15333333333336
2020-06-13 17:15:00,4136001,oZ35aAeoifZaQzV,287.79285714285714,195.94000000000003,287.79285714285714
2020-06-13 17:15:00,4136001,Et9kgGMDl729KT4,262.0,178.02,262.0
2020-06-13 17:15:00,4136001,IQ2d7wF4YD8zU1Q,258.40000000000003,199.9,258.40000000000003
2020-06-13 17:15:00,4136001,xMbIugepa2P7lBB,270.4133333333334,201.88666666666663,270.4133333333334
2020-06-13 17:15:00,4136001,LYwnQax7tkwH5Cb,267.62666666666667,191.4466666666667,267.62666666666667
2020-06-13 17:15:00,4136001,NgDl19wMapZy17u,246.76666666666665,193.84666666666664,246.76666666666665
2020-06-13 17:15:00,4136001,xoJJ8DcxJEcupym,296.6714285714286,201.4266666666667,296.6714285714286
2020-06-13 17:15:00,4136001,81aHJ1q11NBPMrL,290.3071428571428,202.88,290.3071428571428
2020-06-13 17:15:00,4136001,oZZkBaNadn6DNKz,292.05,195.59333333333333,292.05
2020-06-13 17:15:00,4136001,WcxssY2VbP4hApt,286.5142857142857,206.92666666666665,286.5142857142857
2020-06-13 17:15:00,4136001,9kRcWv60rDACzjR,285.1571428571429,206.72,285.1571428571429
2020-06-13 17:30:00,4136001,rrq4fwE8jgrTyWY,193.7,132.72857142857143,193.7
2020-06-13 17:30:00,4136001,IQ2d7wF4YD8zU1Q,199.9,145.66666666666663,199.9
2020-06-13 17:30:00,4136001,81aHJ1q11NBPMrL,202.88,129.01333333333335,202.88
2020-06-13 17:30:00,4136001,4UPUqMRk7TRMgml,185.1133333333333,130.59333333333333,185.1133333333333
2020-06-13 17:30:00,4136001,mqwcsP2rE7J0TFp,205.62,143.33333333333331,205.62
2020-06-13 17:30:00,4136001,LlT2YUhhzqhg5Sw,199.76,136.1,199.76
2020-06-13 17:30:00,4136001,Et9kgGMDl729KT4,178.02,113.66,178.02
2020-06-13 17:30:00,4136001,PeE6FRyGXUgsRhN,194.44666666666663,122.66666666666669,194.44666666666663
2020-06-13 17:30:00,4136001,9kRcWv60rDACzjR,206.72,133.67999999999998,206.72
2020-06-13 17:30:00,4136001,WcxssY2VbP4hApt,206.92666666666665,133.17999999999998,206.92666666666665
2020-06-13 17:30:00,4136001,Qf4GUc1pJu5T6c6,176.5533333333333,130.05333333333334,176.5533333333333
2020-06-13 17:30:00,4136001,oZ35aAeoifZaQzV,195.94000000000003,130.72,195.94000000000003
2020-06-13 17:30:00,4136001,q49J1IKaHRwDQnt,198.42,133.5357142857143,198.42
2020-06-13 17:30:00,4136001,NgDl19wMapZy17u,193.84666666666664,143.04,193.84666666666664
2020-06-13 17:30:00,4136001,xMbIugepa2P7lBB,201.88666666666663,144.58,201.88666666666663
2020-06-13 17:30:00,4136001,xoJJ8DcxJEcupym,201.4266666666667,128.62,201.4266666666667
2020-06-13 17:30:00,4136001,V94E5Ben1TlhnDV,199.44666666666663,122.74666666666666,199.44666666666663
2020-06-13 17:30:00,4136001,Mx2yZCDsyf6DPfv,192.10666666666668,131.03333333333333,192.10666666666668
2020-06-13 17:30:00,4136001,LYwnQax7tkwH5Cb,191.4466666666667,130.29285714285714,191.4466666666667
2020-06-13 17:30:00,4136001,vOuJvMaM2sgwLmb,201.7266666666667,128.73999999999998,201.7266666666667
2020-06-13 17:30:00,4136001,Quc1TzYxW2pYoWX,153.29333333333332,101.94,153.29333333333332
2020-06-13 17:30:00,4136001,oZZkBaNadn6DNKz,195.59333333333333,124.27333333333333,195.59333333333333
2020-06-13 17:45:00,4136001,xoJJ8DcxJEcupym,128.62,126.56666666666663,128.62
2020-06-13 17:45:00,4136001,81aHJ1q11NBPMrL,129.01333333333335,124.64666666666665,129.01333333333335
2020-06-13 17:45:00,4136001,9kRcWv60rDACzjR,133.67999999999998,117.18666666666668,133.67999999999998
2020-06-13 17:45:00,4136001,4UPUqMRk7TRMgml,130.59333333333333,119.46666666666664,130.59333333333333
2020-06-13 17:45:00,4136001,xMbIugepa2P7lBB,144.58,127.83571428571427,144.58
2020-06-13 17:45:00,4136001,LlT2YUhhzqhg5Sw,136.1,116.48666666666664,136.1
2020-06-13 17:45:00,4136001,NgDl19wMapZy17u,143.04,127.23571428571428,143.04
2020-06-13 17:45:00,4136001,q49J1IKaHRwDQnt,133.5357142857143,115.08666666666667,133.5357142857143
2020-06-13 17:45:00,4136001,WcxssY2VbP4hApt,133.17999999999998,119.44,133.17999999999998
2020-06-13 17:45:00,4136001,vOuJvMaM2sgwLmb,128.73999999999998,124.18,128.73999999999998
2020-06-13 17:45:00,4136001,rrq4fwE8jgrTyWY,132.72857142857143,111.39333333333332,132.72857142857143
2020-06-13 17:45:00,4136001,Qf4GUc1pJu5T6c6,130.05333333333334,121.96666666666668,130.05333333333334
2020-06-13 17:45:00,4136001,oZZkBaNadn6DNKz,124.27333333333333,119.27333333333335,124.27333333333333
2020-06-13 17:45:00,4136001,PeE6FRyGXUgsRhN,122.66666666666669,120.3,122.66666666666669
2020-06-13 17:45:00,4136001,Mx2yZCDsyf6DPfv,131.03333333333333,119.64666666666668,131.03333333333333
2020-06-13 17:45:00,4136001,V94E5Ben1TlhnDV,122.74666666666666,119.84666666666666,122.74666666666666
2020-06-13 17:45:00,4136001,LYwnQax7tkwH5Cb,130.29285714285714,109.6,130.29285714285714
2020-06-13 17:45:00,4136001,IQ2d7wF4YD8zU1Q,145.66666666666663,129.20000000000002,145.66666666666663
2020-06-13 17:45:00,4136001,Et9kgGMDl729KT4,113.66,111.85714285714285,113.66
2020-06-13 17:45:00,4136001,Quc1TzYxW2pYoWX,101.94,101.27142857142856,101.94
2020-06-13 17:45:00,4136001,mqwcsP2rE7J0TFp,143.33333333333331,126.11428571428571,143.33333333333331
2020-06-13 17:45:00,4136001,oZ35aAeoifZaQzV,130.72,121.85333333333332,130.72
2020-06-13 18:00:00,4136001,Et9kgGMDl729KT4,111.85714285714285,64.23333333333333,111.85714285714285
2020-06-13 18:00:00,4136001,oZZkBaNadn6DNKz,119.27333333333335,67.94999999999999,119.27333333333335
2020-06-13 18:00:00,4136001,PeE6FRyGXUgsRhN,120.3,66.83571428571427,120.3
2020-06-13 18:00:00,4136001,IQ2d7wF4YD8zU1Q,129.20000000000002,70.91333333333333,129.20000000000002
2020-06-13 18:00:00,4136001,4UPUqMRk7TRMgml,119.46666666666664,68.72857142857144,119.46666666666664
2020-06-13 18:00:00,4136001,81aHJ1q11NBPMrL,124.64666666666665,67.02666666666667,124.64666666666665
2020-06-13 18:00:00,4136001,xMbIugepa2P7lBB,127.83571428571427,70.93333333333334,127.83571428571427
2020-06-13 18:00:00,4136001,Quc1TzYxW2pYoWX,101.27142857142856,58.14000000000001,101.27142857142856
2020-06-13 18:00:00,4136001,q49J1IKaHRwDQnt,115.08666666666667,65.68,115.08666666666667
2020-06-13 18:00:00,4136001,oZ35aAeoifZaQzV,121.85333333333332,69.89285714285715,121.85333333333332
2020-06-13 18:00:00,4136001,vOuJvMaM2sgwLmb,124.18,67.74000000000001,124.18
2020-06-13 18:00:00,4136001,Qf4GUc1pJu5T6c6,121.96666666666668,67.89285714285715,121.96666666666668
2020-06-13 18:00:00,4136001,LYwnQax7tkwH5Cb,109.6,62.58666666666666,109.6
2020-06-13 18:00:00,4136001,mqwcsP2rE7J0TFp,126.11428571428571,69.18666666666667,126.11428571428571
2020-06-13 18:00:00,4136001,rrq4fwE8jgrTyWY,111.39333333333332,62.78,111.39333333333332
2020-06-13 18:00:00,4136001,V94E5Ben1TlhnDV,119.84666666666666,67.64285714285714,119.84666666666666
2020-06-13 18:00:00,4136001,Mx2yZCDsyf6DPfv,119.64666666666668,69.52857142857144,119.64666666666668
2020-06-13 18:00:00,4136001,LlT2YUhhzqhg5Sw,116.48666666666664,66.02666666666666,116.48666666666664
2020-06-13 18:00:00,4136001,WcxssY2VbP4hApt,119.44,67.42666666666668,119.44
2020-06-13 18:00:00,4136001,NgDl19wMapZy17u,127.23571428571428,70.05333333333334,127.23571428571428
2020-06-13 18:00:00,4136001,xoJJ8DcxJEcupym,126.56666666666663,68.45,126.56666666666663
2020-06-13 18:00:00,4136001,9kRcWv60rDACzjR,117.18666666666668,66.54666666666665,117.18666666666668
2020-06-13 18:15:00,4136001,xMbIugepa2P7lBB,70.93333333333334,27.913333333333338,70.93333333333334
2020-06-13 18:15:00,4136001,V94E5Ben1TlhnDV,67.64285714285714,27.866666666666667,67.64285714285714
2020-06-13 18:15:00,4136001,xoJJ8DcxJEcupym,68.45,28.200000000000003,68.45
2020-06-13 18:15:00,4136001,Qf4GUc1pJu5T6c6,67.89285714285715,27.84,67.89285714285715
2020-06-13 18:15:00,4136001,vOuJvMaM2sgwLmb,67.74000000000001,27.978571428571428,67.74000000000001
2020-06-13 18:15:00,4136001,Quc1TzYxW2pYoWX,58.14000000000001,23.253333333333327,58.14000000000001
2020-06-13 18:15:00,4136001,PeE6FRyGXUgsRhN,66.83571428571427,27.7,66.83571428571427
2020-06-13 18:15:00,4136001,Mx2yZCDsyf6DPfv,69.52857142857144,28.49333333333333,69.52857142857144
2020-06-13 18:15:00,4136001,oZZkBaNadn6DNKz,67.94999999999999,28.01333333333333,67.94999999999999
2020-06-13 18:15:00,4136001,LlT2YUhhzqhg5Sw,66.02666666666666,26.093333333333334,66.02666666666666
2020-06-13 18:15:00,4136001,Et9kgGMDl729KT4,64.23333333333333,25.96,64.23333333333333
2020-06-13 18:15:00,4136001,rrq4fwE8jgrTyWY,62.78,24.806666666666665,62.78
2020-06-13 18:15:00,4136001,9kRcWv60rDACzjR,66.54666666666665,27.37142857142857,66.54666666666665
2020-06-13 18:15:00,4136001,q49J1IKaHRwDQnt,65.68,26.15333333333333,65.68
2020-06-13 18:15:00,4136001,oZ35aAeoifZaQzV,69.89285714285715,28.74,69.89285714285715
2020-06-13 18:15:00,4136001,LYwnQax7tkwH5Cb,62.58666666666666,24.66,62.58666666666666
2020-06-13 18:15:00,4136001,IQ2d7wF4YD8zU1Q,70.91333333333333,28.31333333333333,70.91333333333333
2020-06-13 18:15:00,4136001,81aHJ1q11NBPMrL,67.02666666666667,27.29285714285714,67.02666666666667
2020-06-13 18:15:00,4136001,mqwcsP2rE7J0TFp,69.18666666666667,27.97333333333333,69.18666666666667
2020-06-13 18:15:00,4136001,NgDl19wMapZy17u,70.05333333333334,27.893333333333327,70.05333333333334
2020-06-13 18:15:00,4136001,4UPUqMRk7TRMgml,68.72857142857144,28.366666666666664,68.72857142857144
2020-06-13 18:15:00,4136001,WcxssY2VbP4hApt,67.42666666666668,27.67857142857143,67.42666666666668
2020-06-13 18:30:00,4136001,LlT2YUhhzqhg5Sw,26.093333333333334,1.2,26.093333333333334
2020-06-13 18:30:00,4136001,Mx2yZCDsyf6DPfv,28.49333333333333,1.833333333333333,28.49333333333333
2020-06-13 18:30:00,4136001,oZZkBaNadn6DNKz,28.01333333333333,1.12,28.01333333333333
2020-06-13 18:30:00,4136001,Et9kgGMDl729KT4,25.96,1.1733333333333331,25.96
2020-06-13 18:30:00,4136001,mqwcsP2rE7J0TFp,27.97333333333333,1.7733333333333337,27.97333333333333
2020-06-13 18:30:00,4136001,oZ35aAeoifZaQzV,28.74,1.1666666666666667,28.74
2020-06-13 18:30:00,4136001,4UPUqMRk7TRMgml,28.366666666666664,1.16,28.366666666666664
2020-06-13 18:30:00,4136001,vOuJvMaM2sgwLmb,27.978571428571428,2.3400000000000003,27.978571428571428
2020-06-13 18:30:00,4136001,NgDl19wMapZy17u,27.893333333333327,1.7533333333333334,27.893333333333327
2020-06-13 18:30:00,4136001,IQ2d7wF4YD8zU1Q,28.31333333333333,1.7666666666666666,28.31333333333333
2020-06-13 18:30:00,4136001,PeE6FRyGXUgsRhN,27.7,1.2800000000000002,27.7
2020-06-13 18:30:00,4136001,xMbIugepa2P7lBB,27.913333333333338,1.7600000000000002,27.913333333333338
2020-06-13 18:30:00,4136001,81aHJ1q11NBPMrL,27.29285714285714,1.8066666666666664,27.29285714285714
2020-06-13 18:30:00,4136001,q49J1IKaHRwDQnt,26.15333333333333,1.2,26.15333333333333
2020-06-13 18:30:00,4136001,9kRcWv60rDACzjR,27.37142857142857,1.8066666666666669,27.37142857142857
2020-06-13 18:30:00,4136001,LYwnQax7tkwH5Cb,24.66,0.6142857142857142,24.66
2020-06-13 18:30:00,4136001,V94E5Ben1TlhnDV,27.866666666666667,1.1,27.866666666666667
2020-06-13 18:30:00,4136001,WcxssY2VbP4hApt,27.67857142857143,1.7733333333333337,27.67857142857143
2020-06-13 18:30:00,4136001,rrq4fwE8jgrTyWY,24.806666666666665,1.142857142857143,24.806666666666665
2020-06-13 18:30:00,4136001,Quc1TzYxW2pYoWX,23.253333333333327,0.9866666666666668,23.253333333333327
2020-06-13 18:30:00,4136001,xoJJ8DcxJEcupym,28.200000000000003,1.7933333333333332,28.200000000000003
2020-06-13 18:30:00,4136001,Qf4GUc1pJu5T6c6,27.84,1.2933333333333332,27.84
2020-06-13 18:45:00,4136001,WcxssY2VbP4hApt,1.7733333333333337,0.0,1.7733333333333337
2020-06-13 18:45:00,4136001,Quc1TzYxW2pYoWX,0.9866666666666668,0.0,0.9866666666666668
2020-06-13 18:45:00,4136001,9kRcWv60rDACzjR,1.8066666666666669,0.0,1.8066666666666669
2020-06-13 18:45:00,4136001,xoJJ8DcxJEcupym,1.7933333333333332,0.0,1.7933333333333332
2020-06-13 18:45:00,4136001,LlT2YUhhzqhg5Sw,1.2,0.0,1.2
2020-06-13 18:45:00,4136001,mqwcsP2rE7J0TFp,1.7733333333333337,0.0,1.7733333333333337
2020-06-13 18:45:00,4136001,V94E5Ben1TlhnDV,1.1,0.0,1.1
2020-06-13 18:45:00,4136001,Mx2yZCDsyf6DPfv,1.833333333333333,0.0,1.833333333333333
2020-06-13 18:45:00,4136001,rrq4fwE8jgrTyWY,1.142857142857143,0.0,1.142857142857143
2020-06-13 18:45:00,4136001,81aHJ1q11NBPMrL,1.8066666666666664,0.0,1.8066666666666664
2020-06-13 18:45:00,4136001,LYwnQax7tkwH5Cb,0.6142857142857142,0.0,0.6142857142857142
2020-06-13 18:45:00,4136001,vOuJvMaM2sgwLmb,2.3400000000000003,0.0,2.3400000000000003
2020-06-13 18:45:00,4136001,Qf4GUc1pJu5T6c6,1.2933333333333332,0.0,1.2933333333333332
2020-06-13 18:45:00,4136001,oZ35aAeoifZaQzV,1.1666666666666667,0.0,1.1666666666666667
2020-06-13 18:45:00,4136001,NgDl19wMapZy17u,1.7533333333333334,0.0,1.7533333333333334
2020-06-13 18:45:00,4136001,xMbIugepa2P7lBB,1.7600000000000002,0.0,1.7600000000000002
2020-06-13 18:45:00,4136001,IQ2d7wF4YD8zU1Q,1.7666666666666666,0.0,1.7666666666666666
2020-06-13 18:45:00,4136001,oZZkBaNadn6DNKz,1.12,0.0,1.12
2020-06-13 18:45:00,4136001,Et9kgGMDl729KT4,1.1733333333333331,0.0,1.1733333333333331
2020-06-13 18:45:00,4136001,4UPUqMRk7TRMgml,1.16,0.0,1.16
2020-06-13 18:45:00,4136001,q49J1IKaHRwDQnt,1.2,0.0,1.2
2020-06-13 18:45:00,4136001,PeE6FRyGXUgsRhN,1.2800000000000002,0.0,1.2800000000000002
2020-06-13 19:00:00,4136001,LlT2YUhhzqhg5Sw,0.0,0.0,0.0
2020-06-13 19:00:00,4136001,4UPUqMRk7TRMgml,0.0,0.0,0.0
2020-06-13 19:00:00,4136001,Quc1TzYxW2pYoWX,0.0,0.0,0.0
2020-06-13 19:00:00,4136001,mqwcsP2rE7J0TFp,0.0,0.0,0.0
2020-06-13 19:00:00,4136001,PeE6FRyGXUgsRhN,0.0,0.0,0.0
2020-06-13 19:00:00,4136001,LYwnQax7tkwH5Cb,0.0,0.0,0.0
2020-06-13 19:00:00,4136001,V94E5Ben1TlhnDV,0.0,0.0,0.0
2020-06-13 19:00:00,4136001,oZZkBaNadn6DNKz,0.0,0.0,0.0
2020-06-13 19:00:00,4136001,rrq4fwE8jgrTyWY,0.0,0.0,0.0
2020-06-13 19:00:00,4136001,vOuJvMaM2sgwLmb,0.0,0.0,0.0
2020-06-13 19:00:00,4136001,Et9kgGMDl729KT4,0.0,0.0,0.0
2020-06-13 19:00:00,4136001,oZ35aAeoifZaQzV,0.0,0.0,0.0
2020-06-13 19:00:00,4136001,Qf4GUc1pJu5T6c6,0.0,0.0,0.0
2020-06-13 19:00:00,4136001,9kRcWv60rDACzjR,0.0,0.0,0.0
2020-06-13 19:00:00,4136001,WcxssY2VbP4hApt,0.0,0.0,0.0
2020-06-13 19:00:00,4136001,xoJJ8DcxJEcupym,0.0,0.0,0.0
2020-06-13 19:00:00,4136001,xMbIugepa2P7lBB,0.0,0.0,0.0
2020-06-13 19:00:00,4136001,q49J1IKaHRwDQnt,0.0,0.0,0.0
2020-06-13 19:00:00,4136001,81aHJ1q11NBPMrL,0.0,0.0,0.0
2020-06-13 19:00:00,4136001,IQ2d7wF4YD8zU1Q,0.0,0.0,0.0
2020-06-13 19:00:00,4136001,Mx2yZCDsyf6DPfv,0.0,0.0,0.0
2020-06-13 19:00:00,4136001,NgDl19wMapZy17u,0.0,0.0,0.0
2020-06-13 19:15:00,4136001,oZZkBaNadn6DNKz,0.0,0.0,0.0
2020-06-13 19:15:00,4136001,Mx2yZCDsyf6DPfv,0.0,0.0,0.0
2020-06-13 19:15:00,4136001,vOuJvMaM2sgwLmb,0.0,0.0,0.0
2020-06-13 19:15:00,4136001,Quc1TzYxW2pYoWX,0.0,0.0,0.0
2020-06-13 19:15:00,4136001,Qf4GUc1pJu5T6c6,0.0,0.0,0.0
2020-06-13 19:15:00,4136001,WcxssY2VbP4hApt,0.0,0.0,0.0
2020-06-13 19:15:00,4136001,LYwnQax7tkwH5Cb,0.0,0.0,0.0
2020-06-13 19:15:00,4136001,4UPUqMRk7TRMgml,0.0,0.0,0.0
2020-06-13 19:15:00,4136001,xoJJ8DcxJEcupym,0.0,0.0,0.0
2020-06-13 19:15:00,4136001,rrq4fwE8jgrTyWY,0.0,0.0,0.0
2020-06-13 19:15:00,4136001,IQ2d7wF4YD8zU1Q,0.0,0.0,0.0
2020-06-13 19:15:00,4136001,Et9kgGMDl729KT4,0.0,0.0,0.0
2020-06-13 19:15:00,4136001,PeE6FRyGXUgsRhN,0.0,0.0,0.0
2020-06-13 19:15:00,4136001,81aHJ1q11NBPMrL,0.0,0.0,0.0
2020-06-13 19:15:00,4136001,LlT2YUhhzqhg5Sw,0.0,0.0,0.0
2020-06-13 19:15:00,4136001,q49J1IKaHRwDQnt,0.0,0.0,0.0
2020-06-13 19:15:00,4136001,9kRcWv60rDACzjR,0.0,0.0,0.0
2020-06-13 19:15:00,4136001,mqwcsP2rE7J0TFp,0.0,0.0,0.0
2020-06-13 19:15:00,4136001,NgDl19wMapZy17u,0.0,0.0,0.0
2020-06-13 19:15:00,4136001,V94E5Ben1TlhnDV,0.0,0.0,0.0
2020-06-13 19:15:00,4136001,oZ35aAeoifZaQzV,0.0,0.0,0.0
2020-06-13 19:15:00,4136001,xMbIugepa2P7lBB,0.0,0.0,0.0
2020-06-13 19:30:00,4136001,NgDl19wMapZy17u,0.0,0.0,0.0
2020-06-13 19:30:00,4136001,Mx2yZCDsyf6DPfv,0.0,0.0,0.0
2020-06-13 19:30:00,4136001,xoJJ8DcxJEcupym,0.0,0.0,0.0
2020-06-13 19:30:00,4136001,V94E5Ben1TlhnDV,0.0,0.0,0.0
2020-06-13 19:30:00,4136001,Quc1TzYxW2pYoWX,0.0,0.0,0.0
2020-06-13 19:30:00,4136001,Qf4GUc1pJu5T6c6,0.0,0.0,0.0
2020-06-13 19:30:00,4136001,81aHJ1q11NBPMrL,0.0,0.0,0.0
2020-06-13 19:30:00,4136001,IQ2d7wF4YD8zU1Q,0.0,0.0,0.0
2020-06-13 19:30:00,4136001,4UPUqMRk7TRMgml,0.0,0.0,0.0
2020-06-13 19:30:00,4136001,9kRcWv60rDACzjR,0.0,0.0,0.0
2020-06-13 19:30:00,4136001,q49J1IKaHRwDQnt,0.0,0.0,0.0
2020-06-13 19:30:00,4136001,PeE6FRyGXUgsRhN,0.0,0.0,0.0
2020-06-13 19:30:00,4136001,xMbIugepa2P7lBB,0.0,0.0,0.0
2020-06-13 19:30:00,4136001,LYwnQax7tkwH5Cb,0.0,0.0,0.0
2020-06-13 19:30:00,4136001,LlT2YUhhzqhg5Sw,0.0,0.0,0.0
2020-06-13 19:30:00,4136001,oZZkBaNadn6DNKz,0.0,0.0,0.0
2020-06-13 19:30:00,4136001,mqwcsP2rE7J0TFp,0.0,0.0,0.0
2020-06-13 19:30:00,4136001,vOuJvMaM2sgwLmb,0.0,0.0,0.0
2020-06-13 19:30:00,4136001,oZ35aAeoifZaQzV,0.0,0.0,0.0
2020-06-13 19:30:00,4136001,Et9kgGMDl729KT4,0.0,0.0,0.0
2020-06-13 19:30:00,4136001,WcxssY2VbP4hApt,0.0,0.0,0.0
2020-06-13 19:30:00,4136001,rrq4fwE8jgrTyWY,0.0,0.0,0.0
2020-06-13 19:45:00,4136001,V94E5Ben1TlhnDV,0.0,0.0,0.0
2020-06-13 19:45:00,4136001,Quc1TzYxW2pYoWX,0.0,0.0,0.0
2020-06-13 19:45:00,4136001,q49J1IKaHRwDQnt,0.0,0.0,0.0
2020-06-13 19:45:00,4136001,mqwcsP2rE7J0TFp,0.0,0.0,0.0
2020-06-13 19:45:00,4136001,oZZkBaNadn6DNKz,0.0,0.0,0.0
2020-06-13 19:45:00,4136001,81aHJ1q11NBPMrL,0.0,0.0,0.0
2020-06-13 19:45:00,4136001,LYwnQax7tkwH5Cb,0.0,0.0,0.0
2020-06-13 19:45:00,4136001,xMbIugepa2P7lBB,0.0,0.0,0.0
2020-06-13 19:45:00,4136001,NgDl19wMapZy17u,0.0,0.0,0.0
2020-06-13 19:45:00,4136001,rrq4fwE8jgrTyWY,0.0,0.0,0.0
2020-06-13 19:45:00,4136001,Et9kgGMDl729KT4,0.0,0.0,0.0
2020-06-13 19:45:00,4136001,LlT2YUhhzqhg5Sw,0.0,0.0,0.0
2020-06-13 19:45:00,4136001,PeE6FRyGXUgsRhN,0.0,0.0,0.0
2020-06-13 19:45:00,4136001,vOuJvMaM2sgwLmb,0.0,0.0,0.0
2020-06-13 19:45:00,4136001,4UPUqMRk7TRMgml,0.0,0.0,0.0
2020-06-13 19:45:00,4136001,xoJJ8DcxJEcupym,0.0,0.0,0.0
2020-06-13 19:45:00,4136001,IQ2d7wF4YD8zU1Q,0.0,0.0,0.0
2020-06-13 19:45:00,4136001,Mx2yZCDsyf6DPfv,0.0,0.0,0.0
2020-06-13 19:45:00,4136001,WcxssY2VbP4hApt,0.0,0.0,0.0
2020-06-13 19:45:00,4136001,oZ35aAeoifZaQzV,0.0,0.0,0.0
2020-06-13 19:45:00,4136001,9kRcWv60rDACzjR,0.0,0.0,0.0
2020-06-13 19:45:00,4136001,Qf4GUc1pJu5T6c6,0.0,0.0,0.0
2020-06-13 20:00:00,4136001,q49J1IKaHRwDQnt,0.0,0.0,0.0
2020-06-13 20:00:00,4136001,9kRcWv60rDACzjR,0.0,0.0,0.0
2020-06-13 20:00:00,4136001,NgDl19wMapZy17u,0.0,0.0,0.0
2020-06-13 20:00:00,4136001,Qf4GUc1pJu5T6c6,0.0,0.0,0.0
2020-06-13 20:00:00,4136001,PeE6FRyGXUgsRhN,0.0,0.0,0.0
2020-06-13 20:00:00,4136001,V94E5Ben1TlhnDV,0.0,0.0,0.0
2020-06-13 20:00:00,4136001,81aHJ1q11NBPMrL,0.0,0.0,0.0
2020-06-13 20:00:00,4136001,xoJJ8DcxJEcupym,0.0,0.0,0.0
2020-06-13 20:00:00,4136001,WcxssY2VbP4hApt,0.0,0.0,0.0
2020-06-13 20:00:00,4136001,vOuJvMaM2sgwLmb,0.0,0.0,0.0
2020-06-13 20:00:00,4136001,Quc1TzYxW2pYoWX,0.0,0.0,0.0
2020-06-13 20:00:00,4136001,Et9kgGMDl729KT4,0.0,0.0,0.0
2020-06-13 20:00:00,4136001,LlT2YUhhzqhg5Sw,0.0,0.0,0.0
2020-06-13 20:00:00,4136001,oZZkBaNadn6DNKz,0.0,0.0,0.0
2020-06-13 20:00:00,4136001,4UPUqMRk7TRMgml,0.0,0.0,0.0
2020-06-13 20:00:00,4136001,mqwcsP2rE7J0TFp,0.0,0.0,0.0
2020-06-13 20:00:00,4136001,LYwnQax7tkwH5Cb,0.0,0.0,0.0
2020-06-13 20:00:00,4136001,IQ2d7wF4YD8zU1Q,0.0,0.0,0.0
2020-06-13 20:00:00,4136001,Mx2yZCDsyf6DPfv,0.0,0.0,0.0
2020-06-13 20:00:00,4136001,oZ35aAeoifZaQzV,0.0,0.0,0.0
2020-06-13 20:00:00,4136001,xMbIugepa2P7lBB,0.0,0.0,0.0
2020-06-13 20:00:00,4136001,rrq4fwE8jgrTyWY,0.0,0.0,0.0
2020-06-13 20:15:00,4136001,xoJJ8DcxJEcupym,0.0,0.0,0.0
2020-06-13 20:15:00,4136001,Quc1TzYxW2pYoWX,0.0,0.0,0.0
2020-06-13 20:15:00,4136001,4UPUqMRk7TRMgml,0.0,0.0,0.0
2020-06-13 20:15:00,4136001,WcxssY2VbP4hApt,0.0,0.0,0.0
2020-06-13 20:15:00,4136001,LYwnQax7tkwH5Cb,0.0,0.0,0.0
2020-06-13 20:15:00,4136001,Qf4GUc1pJu5T6c6,0.0,0.0,0.0
2020-06-13 20:15:00,4136001,q49J1IKaHRwDQnt,0.0,0.0,0.0
2020-06-13 20:15:00,4136001,vOuJvMaM2sgwLmb,0.0,0.0,0.0
2020-06-13 20:15:00,4136001,Mx2yZCDsyf6DPfv,0.0,0.0,0.0
2020-06-13 20:15:00,4136001,oZ35aAeoifZaQzV,0.0,0.0,0.0
2020-06-13 20:15:00,4136001,LlT2YUhhzqhg5Sw,0.0,0.0,0.0
2020-06-13 20:15:00,4136001,mqwcsP2rE7J0TFp,0.0,0.0,0.0
2020-06-13 20:15:00,4136001,IQ2d7wF4YD8zU1Q,0.0,0.0,0.0
2020-06-13 20:15:00,4136001,oZZkBaNadn6DNKz,0.0,0.0,0.0
2020-06-13 20:15:00,4136001,Et9kgGMDl729KT4,0.0,0.0,0.0
2020-06-13 20:15:00,4136001,rrq4fwE8jgrTyWY,0.0,0.0,0.0
2020-06-13 20:15:00,4136001,xMbIugepa2P7lBB,0.0,0.0,0.0
2020-06-13 20:15:00,4136001,PeE6FRyGXUgsRhN,0.0,0.0,0.0
2020-06-13 20:15:00,4136001,9kRcWv60rDACzjR,0.0,0.0,0.0
2020-06-13 20:15:00,4136001,V94E5Ben1TlhnDV,0.0,0.0,0.0
2020-06-13 20:15:00,4136001,81aHJ1q11NBPMrL,0.0,0.0,0.0
2020-06-13 20:15:00,4136001,NgDl19wMapZy17u,0.0,0.0,0.0
2020-06-13 20:30:00,4136001,NgDl19wMapZy17u,0.0,0.0,0.0
2020-06-13 20:30:00,4136001,IQ2d7wF4YD8zU1Q,0.0,0.0,0.0
2020-06-13 20:30:00,4136001,Quc1TzYxW2pYoWX,0.0,0.0,0.0
2020-06-13 20:30:00,4136001,q49J1IKaHRwDQnt,0.0,0.0,0.0
2020-06-13 20:30:00,4136001,9kRcWv60rDACzjR,0.0,0.0,0.0
2020-06-13 20:30:00,4136001,mqwcsP2rE7J0TFp,0.0,0.0,0.0
2020-06-13 20:30:00,4136001,WcxssY2VbP4hApt,0.0,0.0,0.0
2020-06-13 20:30:00,4136001,Mx2yZCDsyf6DPfv,0.0,0.0,0.0
2020-06-13 20:30:00,4136001,Et9kgGMDl729KT4,0.0,0.0,0.0
2020-06-13 20:30:00,4136001,Qf4GUc1pJu5T6c6,0.0,0.0,0.0
2020-06-13 20:30:00,4136001,oZZkBaNadn6DNKz,0.0,0.0,0.0
2020-06-13 20:30:00,4136001,81aHJ1q11NBPMrL,0.0,0.0,0.0
2020-06-13 20:30:00,4136001,V94E5Ben1TlhnDV,0.0,0.0,0.0
2020-06-13 20:30:00,4136001,rrq4fwE8jgrTyWY,0.0,0.0,0.0
2020-06-13 20:30:00,4136001,xMbIugepa2P7lBB,0.0,0.0,0.0
2020-06-13 20:30:00,4136001,LlT2YUhhzqhg5Sw,0.0,0.0,0.0
2020-06-13 20:30:00,4136001,oZ35aAeoifZaQzV,0.0,0.0,0.0
2020-06-13 20:30:00,4136001,xoJJ8DcxJEcupym,0.0,0.0,0.0
2020-06-13 20:30:00,4136001,4UPUqMRk7TRMgml,0.0,0.0,0.0
2020-06-13 20:30:00,4136001,LYwnQax7tkwH5Cb,0.0,0.0,0.0
2020-06-13 20:30:00,4136001,vOuJvMaM2sgwLmb,0.0,0.0,0.0
2020-06-13 20:30:00,4136001,PeE6FRyGXUgsRhN,0.0,0.0,0.0
2020-06-13 20:45:00,4136001,oZ35aAeoifZaQzV,0.0,0.0,0.0
2020-06-13 20:45:00,4136001,oZZkBaNadn6DNKz,0.0,0.0,0.0
2020-06-13 20:45:00,4136001,LlT2YUhhzqhg5Sw,0.0,0.0,0.0
2020-06-13 20:45:00,4136001,Qf4GUc1pJu5T6c6,0.0,0.0,0.0
2020-06-13 20:45:00,4136001,PeE6FRyGXUgsRhN,0.0,0.0,0.0
2020-06-13 20:45:00,4136001,NgDl19wMapZy17u,0.0,0.0,0.0
2020-06-13 20:45:00,4136001,81aHJ1q11NBPMrL,0.0,0.0,0.0
2020-06-13 20:45:00,4136001,V94E5Ben1TlhnDV,0.0,0.0,0.0
2020-06-13 20:45:00,4136001,WcxssY2VbP4hApt,0.0,0.0,0.0
2020-06-13 20:45:00,4136001,q49J1IKaHRwDQnt,0.0,0.0,0.0
2020-06-13 20:45:00,4136001,Quc1TzYxW2pYoWX,0.0,0.0,0.0
2020-06-13 20:45:00,4136001,xoJJ8DcxJEcupym,0.0,0.0,0.0
2020-06-13 20:45:00,4136001,LYwnQax7tkwH5Cb,0.0,0.0,0.0
2020-06-13 20:45:00,4136001,xMbIugepa2P7lBB,0.0,0.0,0.0
2020-06-13 20:45:00,4136001,9kRcWv60rDACzjR,0.0,0.0,0.0
2020-06-13 20:45:00,4136001,Et9kgGMDl729KT4,0.0,0.0,0.0
2020-06-13 20:45:00,4136001,Mx2yZCDsyf6DPfv,0.0,0.0,0.0
2020-06-13 20:45:00,4136001,rrq4fwE8jgrTyWY,0.0,0.0,0.0
2020-06-13 20:45:00,4136001,mqwcsP2rE7J0TFp,0.0,0.0,0.0
2020-06-13 20:45:00,4136001,vOuJvMaM2sgwLmb,0.0,0.0,0.0
2020-06-13 20:45:00,4136001,4UPUqMRk7TRMgml,0.0,0.0,0.0
2020-06-13 20:45:00,4136001,IQ2d7wF4YD8zU1Q,0.0,0.0,0.0
2020-06-13 21:00:00,4136001,4UPUqMRk7TRMgml,0.0,0.0,0.0
2020-06-13 21:00:00,4136001,Mx2yZCDsyf6DPfv,0.0,0.0,0.0
2020-06-13 21:00:00,4136001,V94E5Ben1TlhnDV,0.0,0.0,0.0
2020-06-13 21:00:00,4136001,LlT2YUhhzqhg5Sw,0.0,0.0,0.0
2020-06-13 21:00:00,4136001,xoJJ8DcxJEcupym,0.0,0.0,0.0
2020-06-13 21:00:00,4136001,81aHJ1q11NBPMrL,0.0,0.0,0.0
2020-06-13 21:00:00,4136001,Et9kgGMDl729KT4,0.0,0.0,0.0
2020-06-13 21:00:00,4136001,NgDl19wMapZy17u,0.0,0.0,0.0
2020-06-13 21:00:00,4136001,xMbIugepa2P7lBB,0.0,0.0,0.0
2020-06-13 21:00:00,4136001,Quc1TzYxW2pYoWX,0.0,0.0,0.0
2020-06-13 21:00:00,4136001,WcxssY2VbP4hApt,0.0,0.0,0.0
2020-06-13 21:00:00,4136001,rrq4fwE8jgrTyWY,0.0,0.0,0.0
2020-06-13 21:00:00,4136001,PeE6FRyGXUgsRhN,0.0,0.0,0.0
2020-06-13 21:00:00,4136001,IQ2d7wF4YD8zU1Q,0.0,0.0,0.0
2020-06-13 21:00:00,4136001,LYwnQax7tkwH5Cb,0.0,0.0,0.0
2020-06-13 21:00:00,4136001,oZZkBaNadn6DNKz,0.0,0.0,0.0
2020-06-13 21:00:00,4136001,Qf4GUc1pJu5T6c6,0.0,0.0,0.0
2020-06-13 21:00:00,4136001,oZ35aAeoifZaQzV,0.0,0.0,0.0
2020-06-13 21:00:00,4136001,vOuJvMaM2sgwLmb,0.0,0.0,0.0
2020-06-13 21:00:00,4136001,q49J1IKaHRwDQnt,0.0,0.0,0.0
2020-06-13 21:00:00,4136001,9kRcWv60rDACzjR,0.0,0.0,0.0
2020-06-13 21:00:00,4136001,mqwcsP2rE7J0TFp,0.0,0.0,0.0
2020-06-13 21:15:00,4136001,9kRcWv60rDACzjR,0.0,0.0,0.0
2020-06-13 21:15:00,4136001,xMbIugepa2P7lBB,0.0,0.0,0.0
2020-06-13 21:15:00,4136001,mqwcsP2rE7J0TFp,0.0,0.0,0.0
2020-06-13 21:15:00,4136001,oZZkBaNadn6DNKz,0.0,0.0,0.0
2020-06-13 21:15:00,4136001,WcxssY2VbP4hApt,0.0,0.0,0.0
2020-06-13 21:15:00,4136001,Et9kgGMDl729KT4,0.0,0.0,0.0
2020-06-13 21:15:00,4136001,NgDl19wMapZy17u,0.0,0.0,0.0
2020-06-13 21:15:00,4136001,vOuJvMaM2sgwLmb,0.0,0.0,0.0
2020-06-13 21:15:00,4136001,LYwnQax7tkwH5Cb,0.0,0.0,0.0
2020-06-13 21:15:00,4136001,IQ2d7wF4YD8zU1Q,0.0,0.0,0.0
2020-06-13 21:15:00,4136001,Quc1TzYxW2pYoWX,0.0,0.0,0.0
2020-06-13 21:15:00,4136001,81aHJ1q11NBPMrL,0.0,0.0,0.0
2020-06-13 21:15:00,4136001,q49J1IKaHRwDQnt,0.0,0.0,0.0
2020-06-13 21:15:00,4136001,Qf4GUc1pJu5T6c6,0.0,0.0,0.0
2020-06-13 21:15:00,4136001,V94E5Ben1TlhnDV,0.0,0.0,0.0
2020-06-13 21:15:00,4136001,rrq4fwE8jgrTyWY,0.0,0.0,0.0
2020-06-13 21:15:00,4136001,Mx2yZCDsyf6DPfv,0.0,0.0,0.0
2020-06-13 21:15:00,4136001,LlT2YUhhzqhg5Sw,0.0,0.0,0.0
2020-06-13 21:15:00,4136001,PeE6FRyGXUgsRhN,0.0,0.0,0.0
2020-06-13 21:15:00,4136001,4UPUqMRk7TRMgml,0.0,0.0,0.0
2020-06-13 21:15:00,4136001,oZ35aAeoifZaQzV,0.0,0.0,0.0
2020-06-13 21:15:00,4136001,xoJJ8DcxJEcupym,0.0,0.0,0.0
2020-06-13 21:30:00,4136001,Qf4GUc1pJu5T6c6,0.0,0.0,0.0
2020-06-13 21:30:00,4136001,oZZkBaNadn6DNKz,0.0,0.0,0.0
2020-06-13 21:30:00,4136001,WcxssY2VbP4hApt,0.0,0.0,0.0
2020-06-13 21:30:00,4136001,LYwnQax7tkwH5Cb,0.0,0.0,0.0
2020-06-13 21:30:00,4136001,xoJJ8DcxJEcupym,0.0,0.0,0.0
2020-06-13 21:30:00,4136001,xMbIugepa2P7lBB,0.0,0.0,0.0
2020-06-13 21:30:00,4136001,Et9kgGMDl729KT4,0.0,0.0,0.0
2020-06-13 21:30:00,4136001,vOuJvMaM2sgwLmb,0.0,0.0,0.0
2020-06-13 21:30:00,4136001,9kRcWv60rDACzjR,0.0,0.0,0.0
2020-06-13 21:30:00,4136001,V94E5Ben1TlhnDV,0.0,0.0,0.0
2020-06-13 21:30:00,4136001,LlT2YUhhzqhg5Sw,0.0,0.0,0.0
2020-06-13 21:30:00,4136001,4UPUqMRk7TRMgml,0.0,0.0,0.0
2020-06-13 21:30:00,4136001,Quc1TzYxW2pYoWX,0.0,0.0,0.0
2020-06-13 21:30:00,4136001,rrq4fwE8jgrTyWY,0.0,0.0,0.0
2020-06-13 21:30:00,4136001,oZ35aAeoifZaQzV,0.0,0.0,0.0
2020-06-13 21:30:00,4136001,q49J1IKaHRwDQnt,0.0,0.0,0.0
2020-06-13 21:30:00,4136001,mqwcsP2rE7J0TFp,0.0,0.0,0.0
2020-06-13 21:30:00,4136001,81aHJ1q11NBPMrL,0.0,0.0,0.0
2020-06-13 21:30:00,4136001,IQ2d7wF4YD8zU1Q,0.0,0.0,0.0
2020-06-13 21:30:00,4136001,PeE6FRyGXUgsRhN,0.0,0.0,0.0
2020-06-13 21:30:00,4136001,Mx2yZCDsyf6DPfv,0.0,0.0,0.0
2020-06-13 21:30:00,4136001,NgDl19wMapZy17u,0.0,0.0,0.0
2020-06-13 21:45:00,4136001,IQ2d7wF4YD8zU1Q,0.0,0.0,0.0
2020-06-13 21:45:00,4136001,q49J1IKaHRwDQnt,0.0,0.0,0.0
2020-06-13 21:45:00,4136001,9kRcWv60rDACzjR,0.0,0.0,0.0
2020-06-13 21:45:00,4136001,xoJJ8DcxJEcupym,0.0,0.0,0.0
2020-06-13 21:45:00,4136001,mqwcsP2rE7J0TFp,0.0,0.0,0.0
2020-06-13 21:45:00,4136001,oZ35aAeoifZaQzV,0.0,0.0,0.0
2020-06-13 21:45:00,4136001,NgDl19wMapZy17u,0.0,0.0,0.0
2020-06-13 21:45:00,4136001,Et9kgGMDl729KT4,0.0,0.0,0.0
2020-06-13 21:45:00,4136001,xMbIugepa2P7lBB,0.0,0.0,0.0
2020-06-13 21:45:00,4136001,vOuJvMaM2sgwLmb,0.0,0.0,0.0
2020-06-13 21:45:00,4136001,81aHJ1q11NBPMrL,0.0,0.0,0.0
2020-06-13 21:45:00,4136001,V94E5Ben1TlhnDV,0.0,0.0,0.0
2020-06-13 21:45:00,4136001,Qf4GUc1pJu5T6c6,0.0,0.0,0.0
2020-06-13 21:45:00,4136001,4UPUqMRk7TRMgml,0.0,0.0,0.0
2020-06-13 21:45:00,4136001,WcxssY2VbP4hApt,0.0,0.0,0.0
2020-06-13 21:45:00,4136001,Mx2yZCDsyf6DPfv,0.0,0.0,0.0
2020-06-13 21:45:00,4136001,LYwnQax7tkwH5Cb,0.0,0.0,0.0
2020-06-13 21:45:00,4136001,LlT2YUhhzqhg5Sw,0.0,0.0,0.0
2020-06-13 21:45:00,4136001,Quc1TzYxW2pYoWX,0.0,0.0,0.0
2020-06-13 21:45:00,4136001,rrq4fwE8jgrTyWY,0.0,0.0,0.0
2020-06-13 21:45:00,4136001,PeE6FRyGXUgsRhN,0.0,0.0,0.0
2020-06-13 21:45:00,4136001,oZZkBaNadn6DNKz,0.0,0.0,0.0
2020-06-13 22:00:00,4136001,81aHJ1q11NBPMrL,0.0,0.0,0.0
2020-06-13 22:00:00,4136001,4UPUqMRk7TRMgml,0.0,0.0,0.0
2020-06-13 22:00:00,4136001,NgDl19wMapZy17u,0.0,0.0,0.0
2020-06-13 22:00:00,4136001,xoJJ8DcxJEcupym,0.0,0.0,0.0
2020-06-13 22:00:00,4136001,q49J1IKaHRwDQnt,0.0,0.0,0.0
2020-06-13 22:00:00,4136001,Mx2yZCDsyf6DPfv,0.0,0.0,0.0
2020-06-13 22:00:00,4136001,LYwnQax7tkwH5Cb,0.0,0.0,0.0
2020-06-13 22:00:00,4136001,V94E5Ben1TlhnDV,0.0,0.0,0.0
2020-06-13 22:00:00,4136001,oZ35aAeoifZaQzV,0.0,0.0,0.0
2020-06-13 22:00:00,4136001,LlT2YUhhzqhg5Sw,0.0,0.0,0.0
2020-06-13 22:00:00,4136001,Et9kgGMDl729KT4,0.0,0.0,0.0
2020-06-13 22:00:00,4136001,9kRcWv60rDACzjR,0.0,0.0,0.0
2020-06-13 22:00:00,4136001,IQ2d7wF4YD8zU1Q,0.0,0.0,0.0
2020-06-13 22:00:00,4136001,rrq4fwE8jgrTyWY,0.0,0.0,0.0
2020-06-13 22:00:00,4136001,oZZkBaNadn6DNKz,0.0,0.0,0.0
2020-06-13 22:00:00,4136001,PeE6FRyGXUgsRhN,0.0,0.0,0.0
2020-06-13 22:00:00,4136001,Quc1TzYxW2pYoWX,0.0,0.0,0.0
2020-06-13 22:00:00,4136001,WcxssY2VbP4hApt,0.0,0.0,0.0
2020-06-13 22:00:00,4136001,mqwcsP2rE7J0TFp,0.0,0.0,0.0
2020-06-13 22:00:00,4136001,vOuJvMaM2sgwLmb,0.0,0.0,0.0
2020-06-13 22:00:00,4136001,xMbIugepa2P7lBB,0.0,0.0,0.0
2020-06-13 22:00:00,4136001,Qf4GUc1pJu5T6c6,0.0,0.0,0.0
2020-06-13 22:15:00,4136001,xMbIugepa2P7lBB,0.0,0.0,0.0
2020-06-13 22:15:00,4136001,rrq4fwE8jgrTyWY,0.0,0.0,0.0
2020-06-13 22:15:00,4136001,Mx2yZCDsyf6DPfv,0.0,0.0,0.0
2020-06-13 22:15:00,4136001,q49J1IKaHRwDQnt,0.0,0.0,0.0
2020-06-13 22:15:00,4136001,Et9kgGMDl729KT4,0.0,0.0,0.0
2020-06-13 22:15:00,4136001,LlT2YUhhzqhg5Sw,0.0,0.0,0.0
2020-06-13 22:15:00,4136001,IQ2d7wF4YD8zU1Q,0.0,0.0,0.0
2020-06-13 22:15:00,4136001,PeE6FRyGXUgsRhN,0.0,0.0,0.0
2020-06-13 22:15:00,4136001,oZZkBaNadn6DNKz,0.0,0.0,0.0
2020-06-13 22:15:00,4136001,LYwnQax7tkwH5Cb,0.0,0.0,0.0
2020-06-13 22:15:00,4136001,Quc1TzYxW2pYoWX,0.0,0.0,0.0
2020-06-13 22:15:00,4136001,NgDl19wMapZy17u,0.0,0.0,0.0
2020-06-13 22:15:00,4136001,V94E5Ben1TlhnDV,0.0,0.0,0.0
2020-06-13 22:15:00,4136001,4UPUqMRk7TRMgml,0.0,0.0,0.0
2020-06-13 22:15:00,4136001,Qf4GUc1pJu5T6c6,0.0,0.0,0.0
2020-06-13 22:15:00,4136001,xoJJ8DcxJEcupym,0.0,0.0,0.0
2020-06-13 22:15:00,4136001,9kRcWv60rDACzjR,0.0,0.0,0.0
2020-06-13 22:15:00,4136001,mqwcsP2rE7J0TFp,0.0,0.0,0.0
2020-06-13 22:15:00,4136001,oZ35aAeoifZaQzV,0.0,0.0,0.0
2020-06-13 22:15:00,4136001,vOuJvMaM2sgwLmb,0.0,0.0,0.0
2020-06-13 22:15:00,4136001,81aHJ1q11NBPMrL,0.0,0.0,0.0
2020-06-13 22:15:00,4136001,WcxssY2VbP4hApt,0.0,0.0,0.0
2020-06-13 22:30:00,4136001,Mx2yZCDsyf6DPfv,0.0,0.0,0.0
2020-06-13 22:30:00,4136001,q49J1IKaHRwDQnt,0.0,0.0,0.0
2020-06-13 22:30:00,4136001,mqwcsP2rE7J0TFp,0.0,0.0,0.0
2020-06-13 22:30:00,4136001,Qf4GUc1pJu5T6c6,0.0,0.0,0.0
2020-06-13 22:30:00,4136001,oZZkBaNadn6DNKz,0.0,0.0,0.0
2020-06-13 22:30:00,4136001,oZ35aAeoifZaQzV,0.0,0.0,0.0
2020-06-13 22:30:00,4136001,LYwnQax7tkwH5Cb,0.0,0.0,0.0
2020-06-13 22:30:00,4136001,9kRcWv60rDACzjR,0.0,0.0,0.0
2020-06-13 22:30:00,4136001,81aHJ1q11NBPMrL,0.0,0.0,0.0
2020-06-13 22:30:00,4136001,vOuJvMaM2sgwLmb,0.0,0.0,0.0
2020-06-13 22:30:00,4136001,IQ2d7wF4YD8zU1Q,0.0,0.0,0.0
2020-06-13 22:30:00,4136001,rrq4fwE8jgrTyWY,0.0,0.0,0.0
2020-06-13 22:30:00,4136001,LlT2YUhhzqhg5Sw,0.0,0.0,0.0
2020-06-13 22:30:00,4136001,xoJJ8DcxJEcupym,0.0,0.0,0.0
2020-06-13 22:30:00,4136001,4UPUqMRk7TRMgml,0.0,0.0,0.0
2020-06-13 22:30:00,4136001,NgDl19wMapZy17u,0.0,0.0,0.0
2020-06-13 22:30:00,4136001,V94E5Ben1TlhnDV,0.0,0.0,0.0
2020-06-13 22:30:00,4136001,Et9kgGMDl729KT4,0.0,0.0,0.0
2020-06-13 22:30:00,4136001,WcxssY2VbP4hApt,0.0,0.0,0.0
2020-06-13 22:30:00,4136001,xMbIugepa2P7lBB,0.0,0.0,0.0
2020-06-13 22:30:00,4136001,Quc1TzYxW2pYoWX,0.0,0.0,0.0
2020-06-13 22:30:00,4136001,PeE6FRyGXUgsRhN,0.0,0.0,0.0
2020-06-13 22:45:00,4136001,PeE6FRyGXUgsRhN,0.0,0.0,0.0
2020-06-13 22:45:00,4136001,xMbIugepa2P7lBB,0.0,0.0,0.0
2020-06-13 22:45:00,4136001,NgDl19wMapZy17u,0.0,0.0,0.0
2020-06-13 22:45:00,4136001,Quc1TzYxW2pYoWX,0.0,0.0,0.0
2020-06-13 22:45:00,4136001,81aHJ1q11NBPMrL,0.0,0.0,0.0
2020-06-13 22:45:00,4136001,vOuJvMaM2sgwLmb,0.0,0.0,0.0
2020-06-13 22:45:00,4136001,oZZkBaNadn6DNKz,0.0,0.0,0.0
2020-06-13 22:45:00,4136001,WcxssY2VbP4hApt,0.0,0.0,0.0
2020-06-13 22:45:00,4136001,mqwcsP2rE7J0TFp,0.0,0.0,0.0
2020-06-13 22:45:00,4136001,Et9kgGMDl729KT4,0.0,0.0,0.0
2020-06-13 22:45:00,4136001,Qf4GUc1pJu5T6c6,0.0,0.0,0.0
2020-06-13 22:45:00,4136001,9kRcWv60rDACzjR,0.0,0.0,0.0
2020-06-13 22:45:00,4136001,4UPUqMRk7TRMgml,0.0,0.0,0.0
2020-06-13 22:45:00,4136001,LlT2YUhhzqhg5Sw,0.0,0.0,0.0
2020-06-13 22:45:00,4136001,Mx2yZCDsyf6DPfv,0.0,0.0,0.0
2020-06-13 22:45:00,4136001,q49J1IKaHRwDQnt,0.0,0.0,0.0
2020-06-13 22:45:00,4136001,rrq4fwE8jgrTyWY,0.0,0.0,0.0
2020-06-13 22:45:00,4136001,V94E5Ben1TlhnDV,0.0,0.0,0.0
2020-06-13 22:45:00,4136001,LYwnQax7tkwH5Cb,0.0,0.0,0.0
2020-06-13 22:45:00,4136001,oZ35aAeoifZaQzV,0.0,0.0,0.0
2020-06-13 22:45:00,4136001,IQ2d7wF4YD8zU1Q,0.0,0.0,0.0
2020-06-13 22:45:00,4136001,xoJJ8DcxJEcupym,0.0,0.0,0.0
2020-06-13 23:00:00,4136001,WcxssY2VbP4hApt,0.0,0.0,0.0
2020-06-13 23:00:00,4136001,rrq4fwE8jgrTyWY,0.0,0.0,0.0
2020-06-13 23:00:00,4136001,4UPUqMRk7TRMgml,0.0,0.0,0.0
2020-06-13 23:00:00,4136001,Quc1TzYxW2pYoWX,0.0,0.0,0.0
2020-06-13 23:00:00,4136001,oZZkBaNadn6DNKz,0.0,0.0,0.0
2020-06-13 23:00:00,4136001,81aHJ1q11NBPMrL,0.0,0.0,0.0
2020-06-13 23:00:00,4136001,Mx2yZCDsyf6DPfv,0.0,0.0,0.0
2020-06-13 23:00:00,4136001,PeE6FRyGXUgsRhN,0.0,0.0,0.0
2020-06-13 23:00:00,4136001,NgDl19wMapZy17u,0.0,0.0,0.0
2020-06-13 23:00:00,4136001,LlT2YUhhzqhg5Sw,0.0,0.0,0.0
2020-06-13 23:00:00,4136001,mqwcsP2rE7J0TFp,0.0,0.0,0.0
2020-06-13 23:00:00,4136001,9kRcWv60rDACzjR,0.0,0.0,0.0
2020-06-13 23:00:00,4136001,Qf4GUc1pJu5T6c6,0.0,0.0,0.0
2020-06-13 23:00:00,4136001,xMbIugepa2P7lBB,0.0,0.0,0.0
2020-06-13 23:00:00,4136001,oZ35aAeoifZaQzV,0.0,0.0,0.0
2020-06-13 23:00:00,4136001,IQ2d7wF4YD8zU1Q,0.0,0.0,0.0
2020-06-13 23:00:00,4136001,vOuJvMaM2sgwLmb,0.0,0.0,0.0
2020-06-13 23:00:00,4136001,LYwnQax7tkwH5Cb,0.0,0.0,0.0
2020-06-13 23:00:00,4136001,Et9kgGMDl729KT4,0.0,0.0,0.0
2020-06-13 23:00:00,4136001,xoJJ8DcxJEcupym,0.0,0.0,0.0
2020-06-13 23:00:00,4136001,q49J1IKaHRwDQnt,0.0,0.0,0.0
2020-06-13 23:00:00,4136001,V94E5Ben1TlhnDV,0.0,0.0,0.0
2020-06-13 23:15:00,4136001,oZ35aAeoifZaQzV,0.0,0.0,0.0
2020-06-13 23:15:00,4136001,WcxssY2VbP4hApt,0.0,0.0,0.0
2020-06-13 23:15:00,4136001,xoJJ8DcxJEcupym,0.0,0.0,0.0
2020-06-13 23:15:00,4136001,xMbIugepa2P7lBB,0.0,0.0,0.0
2020-06-13 23:15:00,4136001,Qf4GUc1pJu5T6c6,0.0,0.0,0.0
2020-06-13 23:15:00,4136001,oZZkBaNadn6DNKz,0.0,0.0,0.0
2020-06-13 23:15:00,4136001,vOuJvMaM2sgwLmb,0.0,0.0,0.0
2020-06-13 23:15:00,4136001,4UPUqMRk7TRMgml,0.0,0.0,0.0
2020-06-13 23:15:00,4136001,LYwnQax7tkwH5Cb,0.0,0.0,0.0
2020-06-13 23:15:00,4136001,Et9kgGMDl729KT4,0.0,0.0,0.0
2020-06-13 23:15:00,4136001,rrq4fwE8jgrTyWY,0.0,0.0,0.0
2020-06-13 23:15:00,4136001,PeE6FRyGXUgsRhN,0.0,0.0,0.0
2020-06-13 23:15:00,4136001,81aHJ1q11NBPMrL,0.0,0.0,0.0
2020-06-13 23:15:00,4136001,LlT2YUhhzqhg5Sw,0.0,0.0,0.0
2020-06-13 23:15:00,4136001,Mx2yZCDsyf6DPfv,0.0,0.0,0.0
2020-06-13 23:15:00,4136001,IQ2d7wF4YD8zU1Q,0.0,0.0,0.0
2020-06-13 23:15:00,4136001,V94E5Ben1TlhnDV,0.0,0.0,0.0
2020-06-13 23:15:00,4136001,NgDl19wMapZy17u,0.0,0.0,0.0
2020-06-13 23:15:00,4136001,mqwcsP2rE7J0TFp,0.0,0.0,0.0
2020-06-13 23:15:00,4136001,Quc1TzYxW2pYoWX,0.0,0.0,0.0
2020-06-13 23:15:00,4136001,q49J1IKaHRwDQnt,0.0,0.0,0.0
2020-06-13 23:15:00,4136001,9kRcWv60rDACzjR,0.0,0.0,0.0
2020-06-13 23:30:00,4136001,Et9kgGMDl729KT4,0.0,0.0,0.0
2020-06-13 23:30:00,4136001,PeE6FRyGXUgsRhN,0.0,0.0,0.0
2020-06-13 23:30:00,4136001,NgDl19wMapZy17u,0.0,0.0,0.0
2020-06-13 23:30:00,4136001,rrq4fwE8jgrTyWY,0.0,0.0,0.0
2020-06-13 23:30:00,4136001,LYwnQax7tkwH5Cb,0.0,0.0,0.0
2020-06-13 23:30:00,4136001,q49J1IKaHRwDQnt,0.0,0.0,0.0
2020-06-13 23:30:00,4136001,IQ2d7wF4YD8zU1Q,0.0,0.0,0.0
2020-06-13 23:30:00,4136001,vOuJvMaM2sgwLmb,0.0,0.0,0.0
2020-06-13 23:30:00,4136001,9kRcWv60rDACzjR,0.0,0.0,0.0
2020-06-13 23:30:00,4136001,Mx2yZCDsyf6DPfv,0.0,0.0,0.0
2020-06-13 23:30:00,4136001,Quc1TzYxW2pYoWX,0.0,0.0,0.0
2020-06-13 23:30:00,4136001,mqwcsP2rE7J0TFp,0.0,0.0,0.0
2020-06-13 23:30:00,4136001,xoJJ8DcxJEcupym,0.0,0.0,0.0
2020-06-13 23:30:00,4136001,4UPUqMRk7TRMgml,0.0,0.0,0.0
2020-06-13 23:30:00,4136001,LlT2YUhhzqhg5Sw,0.0,0.0,0.0
2020-06-13 23:30:00,4136001,V94E5Ben1TlhnDV,0.0,0.0,0.0
2020-06-13 23:30:00,4136001,xMbIugepa2P7lBB,0.0,0.0,0.0
2020-06-13 23:30:00,4136001,oZ35aAeoifZaQzV,0.0,0.0,0.0
2020-06-13 23:30:00,4136001,Qf4GUc1pJu5T6c6,0.0,0.0,0.0
2020-06-13 23:30:00,4136001,oZZkBaNadn6DNKz,0.0,0.0,0.0
2020-06-13 23:30:00,4136001,WcxssY2VbP4hApt,0.0,0.0,0.0
2020-06-13 23:30:00,4136001,81aHJ1q11NBPMrL,0.0,0.0,0.0
2020-06-13 23:45:00,4136001,oZZkBaNadn6DNKz,0.0,0.0,0.0
2020-06-13 23:45:00,4136001,NgDl19wMapZy17u,0.0,0.0,0.0
2020-06-13 23:45:00,4136001,rrq4fwE8jgrTyWY,0.0,0.0,0.0
2020-06-13 23:45:00,4136001,LYwnQax7tkwH5Cb,0.0,0.0,0.0
2020-06-13 23:45:00,4136001,q49J1IKaHRwDQnt,0.0,0.0,0.0
2020-06-13 23:45:00,4136001,IQ2d7wF4YD8zU1Q,0.0,0.0,0.0
2020-06-13 23:45:00,4136001,WcxssY2VbP4hApt,0.0,0.0,0.0
2020-06-13 23:45:00,4136001,vOuJvMaM2sgwLmb,0.0,0.0,0.0
2020-06-13 23:45:00,4136001,9kRcWv60rDACzjR,0.0,0.0,0.0
2020-06-13 23:45:00,4136001,81aHJ1q11NBPMrL,0.0,0.0,0.0
2020-06-13 23:45:00,4136001,oZ35aAeoifZaQzV,0.0,0.0,0.0
2020-06-13 23:45:00,4136001,Quc1TzYxW2pYoWX,0.0,0.0,0.0
2020-06-13 23:45:00,4136001,mqwcsP2rE7J0TFp,0.0,0.0,0.0
2020-06-13 23:45:00,4136001,xoJJ8DcxJEcupym,0.0,0.0,0.0
2020-06-13 23:45:00,4136001,LlT2YUhhzqhg5Sw,0.0,0.0,0.0
2020-06-13 23:45:00,4136001,V94E5Ben1TlhnDV,0.0,0.0,0.0
2020-06-13 23:45:00,4136001,xMbIugepa2P7lBB,0.0,0.0,0.0
2020-06-13 23:45:00,4136001,PeE6FRyGXUgsRhN,0.0,0.0,0.0
2020-06-13 23:45:00,4136001,Et9kgGMDl729KT4,0.0,0.0,0.0
2020-06-13 23:45:00,4136001,Mx2yZCDsyf6DPfv,0.0,0.0,0.0
2020-06-13 23:45:00,4136001,4UPUqMRk7TRMgml,0.0,0.0,0.0
2020-06-13 23:45:00,4136001,Qf4GUc1pJu5T6c6,0.0,0.0,0.0
2020-06-14 00:00:00,4136001,LYwnQax7tkwH5Cb,0.0,0.0,0.0
2020-06-14 00:00:00,4136001,q49J1IKaHRwDQnt,0.0,0.0,0.0
2020-06-14 00:00:00,4136001,oZ35aAeoifZaQzV,0.0,0.0,0.0
2020-06-14 00:00:00,4136001,IQ2d7wF4YD8zU1Q,0.0,0.0,0.0
2020-06-14 00:00:00,4136001,Et9kgGMDl729KT4,0.0,0.0,0.0
2020-06-14 00:00:00,4136001,Mx2yZCDsyf6DPfv,0.0,0.0,0.0
2020-06-14 00:00:00,4136001,WcxssY2VbP4hApt,0.0,0.0,0.0
2020-06-14 00:00:00,4136001,9kRcWv60rDACzjR,0.0,0.0,0.0
2020-06-14 00:00:00,4136001,Quc1TzYxW2pYoWX,0.0,0.0,0.0
2020-06-14 00:00:00,4136001,81aHJ1q11NBPMrL,0.0,0.0,0.0
2020-06-14 00:00:00,4136001,xoJJ8DcxJEcupym,0.0,0.0,0.0
2020-06-14 00:00:00,4136001,LlT2YUhhzqhg5Sw,0.0,0.0,0.0
2020-06-14 00:00:00,4136001,V94E5Ben1TlhnDV,0.0,0.0,0.0
2020-06-14 00:00:00,4136001,xMbIugepa2P7lBB,0.0,0.0,0.0
2020-06-14 00:00:00,4136001,vOuJvMaM2sgwLmb,0.0,0.0,0.0
2020-06-14 00:00:00,4136001,oZZkBaNadn6DNKz,0.0,0.0,0.0
2020-06-14 00:00:00,4136001,4UPUqMRk7TRMgml,0.0,0.0,0.0
2020-06-14 00:00:00,4136001,mqwcsP2rE7J0TFp,0.0,0.0,0.0
2020-06-14 00:00:00,4136001,NgDl19wMapZy17u,0.0,0.0,0.0
2020-06-14 00:00:00,4136001,rrq4fwE8jgrTyWY,0.0,0.0,0.0
2020-06-14 00:00:00,4136001,Qf4GUc1pJu5T6c6,0.0,0.0,0.0
2020-06-14 00:00:00,4136001,PeE6FRyGXUgsRhN,0.0,0.0,0.0
2020-06-14 00:15:00,4136001,xMbIugepa2P7lBB,0.0,0.0,0.0
2020-06-14 00:15:00,4136001,q49J1IKaHRwDQnt,0.0,0.0,0.0
2020-06-14 00:15:00,4136001,oZ35aAeoifZaQzV,0.0,0.0,0.0
2020-06-14 00:15:00,4136001,Mx2yZCDsyf6DPfv,0.0,0.0,0.0
2020-06-14 00:15:00,4136001,4UPUqMRk7TRMgml,0.0,0.0,0.0
2020-06-14 00:15:00,4136001,Et9kgGMDl729KT4,0.0,0.0,0.0
2020-06-14 00:15:00,4136001,PeE6FRyGXUgsRhN,0.0,0.0,0.0
2020-06-14 00:15:00,4136001,LYwnQax7tkwH5Cb,0.0,0.0,0.0
2020-06-14 00:15:00,4136001,vOuJvMaM2sgwLmb,0.0,0.0,0.0
2020-06-14 00:15:00,4136001,9kRcWv60rDACzjR,0.0,0.0,0.0
2020-06-14 00:15:00,4136001,IQ2d7wF4YD8zU1Q,0.0,0.0,0.0
2020-06-14 00:15:00,4136001,NgDl19wMapZy17u,0.0,0.0,0.0
2020-06-14 00:15:00,4136001,V94E5Ben1TlhnDV,0.0,0.0,0.0
2020-06-14 00:15:00,4136001,oZZkBaNadn6DNKz,0.0,0.0,0.0
2020-06-14 00:15:00,4136001,Qf4GUc1pJu5T6c6,0.0,0.0,0.0
2020-06-14 00:15:00,4136001,Quc1TzYxW2pYoWX,0.0,0.0,0.0
2020-06-14 00:15:00,4136001,rrq4fwE8jgrTyWY,0.0,0.0,0.0
2020-06-14 00:15:00,4136001,LlT2YUhhzqhg5Sw,0.0,0.0,0.0
2020-06-14 00:15:00,4136001,WcxssY2VbP4hApt,0.0,0.0,0.0
2020-06-14 00:15:00,4136001,xoJJ8DcxJEcupym,0.0,0.0,0.0
2020-06-14 00:15:00,4136001,mqwcsP2rE7J0TFp,0.0,0.0,0.0
2020-06-14 00:15:00,4136001,81aHJ1q11NBPMrL,0.0,0.0,0.0
2020-06-14 00:30:00,4136001,LlT2YUhhzqhg5Sw,0.0,0.0,0.0
2020-06-14 00:30:00,4136001,xoJJ8DcxJEcupym,0.0,0.0,0.0
2020-06-14 00:30:00,4136001,81aHJ1q11NBPMrL,0.0,0.0,0.0
2020-06-14 00:30:00,4136001,vOuJvMaM2sgwLmb,0.0,0.0,0.0
2020-06-14 00:30:00,4136001,oZZkBaNadn6DNKz,0.0,0.0,0.0
2020-06-14 00:30:00,4136001,xMbIugepa2P7lBB,0.0,0.0,0.0
2020-06-14 00:30:00,4136001,Et9kgGMDl729KT4,0.0,0.0,0.0
2020-06-14 00:30:00,4136001,V94E5Ben1TlhnDV,0.0,0.0,0.0
2020-06-14 00:30:00,4136001,9kRcWv60rDACzjR,0.0,0.0,0.0
2020-06-14 00:30:00,4136001,4UPUqMRk7TRMgml,0.0,0.0,0.0
2020-06-14 00:30:00,4136001,Quc1TzYxW2pYoWX,0.0,0.0,0.0
2020-06-14 00:30:00,4136001,IQ2d7wF4YD8zU1Q,0.0,0.0,0.0
2020-06-14 00:30:00,4136001,PeE6FRyGXUgsRhN,0.0,0.0,0.0
2020-06-14 00:30:00,4136001,rrq4fwE8jgrTyWY,0.0,0.0,0.0
2020-06-14 00:30:00,4136001,NgDl19wMapZy17u,0.0,0.0,0.0
2020-06-14 00:30:00,4136001,oZ35aAeoifZaQzV,0.0,0.0,0.0
2020-06-14 00:30:00,4136001,mqwcsP2rE7J0TFp,0.0,0.0,0.0
2020-06-14 00:30:00,4136001,q49J1IKaHRwDQnt,0.0,0.0,0.0
2020-06-14 00:30:00,4136001,WcxssY2VbP4hApt,0.0,0.0,0.0
2020-06-14 00:30:00,4136001,LYwnQax7tkwH5Cb,0.0,0.0,0.0
2020-06-14 00:30:00,4136001,Qf4GUc1pJu5T6c6,0.0,0.0,0.0
2020-06-14 00:30:00,4136001,Mx2yZCDsyf6DPfv,0.0,0.0,0.0
2020-06-14 00:45:00,4136001,oZZkBaNadn6DNKz,0.0,0.0,0.0
2020-06-14 00:45:00,4136001,Quc1TzYxW2pYoWX,0.0,0.0,0.0
2020-06-14 00:45:00,4136001,vOuJvMaM2sgwLmb,0.0,0.0,0.0
2020-06-14 00:45:00,4136001,V94E5Ben1TlhnDV,0.0,0.0,0.0
2020-06-14 00:45:00,4136001,mqwcsP2rE7J0TFp,0.0,0.0,0.0
2020-06-14 00:45:00,4136001,xoJJ8DcxJEcupym,0.0,0.0,0.0
2020-06-14 00:45:00,4136001,rrq4fwE8jgrTyWY,0.0,0.0,0.0
2020-06-14 00:45:00,4136001,Mx2yZCDsyf6DPfv,0.0,0.0,0.0
2020-06-14 00:45:00,4136001,NgDl19wMapZy17u,0.0,0.0,0.0
2020-06-14 00:45:00,4136001,Et9kgGMDl729KT4,0.0,0.0,0.0
2020-06-14 00:45:00,4136001,81aHJ1q11NBPMrL,0.0,0.0,0.0
2020-06-14 00:45:00,4136001,LYwnQax7tkwH5Cb,0.0,0.0,0.0
2020-06-14 00:45:00,4136001,LlT2YUhhzqhg5Sw,0.0,0.0,0.0
2020-06-14 00:45:00,4136001,9kRcWv60rDACzjR,0.0,0.0,0.0
2020-06-14 00:45:00,4136001,Qf4GUc1pJu5T6c6,0.0,0.0,0.0
2020-06-14 00:45:00,4136001,xMbIugepa2P7lBB,0.0,0.0,0.0
2020-06-14 00:45:00,4136001,PeE6FRyGXUgsRhN,0.0,0.0,0.0
2020-06-14 00:45:00,4136001,4UPUqMRk7TRMgml,0.0,0.0,0.0
2020-06-14 00:45:00,4136001,oZ35aAeoifZaQzV,0.0,0.0,0.0
2020-06-14 00:45:00,4136001,IQ2d7wF4YD8zU1Q,0.0,0.0,0.0
2020-06-14 00:45:00,4136001,WcxssY2VbP4hApt,0.0,0.0,0.0
2020-06-14 00:45:00,4136001,q49J1IKaHRwDQnt,0.0,0.0,0.0
2020-06-14 01:00:00,4136001,WcxssY2VbP4hApt,0.0,0.0,0.0
2020-06-14 01:00:00,4136001,xMbIugepa2P7lBB,0.0,0.0,0.0
2020-06-14 01:00:00,4136001,81aHJ1q11NBPMrL,0.0,0.0,0.0
2020-06-14 01:00:00,4136001,LlT2YUhhzqhg5Sw,0.0,0.0,0.0
2020-06-14 01:00:00,4136001,Mx2yZCDsyf6DPfv,0.0,0.0,0.0
2020-06-14 01:00:00,4136001,mqwcsP2rE7J0TFp,0.0,0.0,0.0
2020-06-14 01:00:00,4136001,4UPUqMRk7TRMgml,0.0,0.0,0.0
2020-06-14 01:00:00,4136001,oZ35aAeoifZaQzV,0.0,0.0,0.0
2020-06-14 01:00:00,4136001,q49J1IKaHRwDQnt,0.0,0.0,0.0
2020-06-14 01:00:00,4136001,rrq4fwE8jgrTyWY,0.0,0.0,0.0
2020-06-14 01:00:00,4136001,vOuJvMaM2sgwLmb,0.0,0.0,0.0
2020-06-14 01:00:00,4136001,NgDl19wMapZy17u,0.0,0.0,0.0
2020-06-14 01:00:00,4136001,LYwnQax7tkwH5Cb,0.0,0.0,0.0
2020-06-14 01:00:00,4136001,Qf4GUc1pJu5T6c6,0.0,0.0,0.0
2020-06-14 01:00:00,4136001,oZZkBaNadn6DNKz,0.0,0.0,0.0
2020-06-14 01:00:00,4136001,9kRcWv60rDACzjR,0.0,0.0,0.0
2020-06-14 01:00:00,4136001,Et9kgGMDl729KT4,0.0,0.0,0.0
2020-06-14 01:00:00,4136001,Quc1TzYxW2pYoWX,0.0,0.0,0.0
2020-06-14 01:00:00,4136001,IQ2d7wF4YD8zU1Q,0.0,0.0,0.0
2020-06-14 01:00:00,4136001,V94E5Ben1TlhnDV,0.0,0.0,0.0
2020-06-14 01:00:00,4136001,PeE6FRyGXUgsRhN,0.0,0.0,0.0
2020-06-14 01:00:00,4136001,xoJJ8DcxJEcupym,0.0,0.0,0.0
2020-06-14 01:15:00,4136001,Qf4GUc1pJu5T6c6,0.0,0.0,0.0
2020-06-14 01:15:00,4136001,LlT2YUhhzqhg5Sw,0.0,0.0,0.0
2020-06-14 01:15:00,4136001,4UPUqMRk7TRMgml,0.0,0.0,0.0
2020-06-14 01:15:00,4136001,vOuJvMaM2sgwLmb,0.0,0.0,0.0
2020-06-14 01:15:00,4136001,V94E5Ben1TlhnDV,0.0,0.0,0.0
2020-06-14 01:15:00,4136001,oZ35aAeoifZaQzV,0.0,0.0,0.0
2020-06-14 01:15:00,4136001,PeE6FRyGXUgsRhN,0.0,0.0,0.0
2020-06-14 01:15:00,4136001,9kRcWv60rDACzjR,0.0,0.0,0.0
2020-06-14 01:15:00,4136001,xMbIugepa2P7lBB,0.0,0.0,0.0
2020-06-14 01:15:00,4136001,Mx2yZCDsyf6DPfv,0.0,0.0,0.0
2020-06-14 01:15:00,4136001,Quc1TzYxW2pYoWX,0.0,0.0,0.0
2020-06-14 01:15:00,4136001,xoJJ8DcxJEcupym,0.0,0.0,0.0
2020-06-14 01:15:00,4136001,LYwnQax7tkwH5Cb,0.0,0.0,0.0
2020-06-14 01:15:00,4136001,Et9kgGMDl729KT4,0.0,0.0,0.0
2020-06-14 01:15:00,4136001,oZZkBaNadn6DNKz,0.0,0.0,0.0
2020-06-14 01:15:00,4136001,mqwcsP2rE7J0TFp,0.0,0.0,0.0
2020-06-14 01:15:00,4136001,NgDl19wMapZy17u,0.0,0.0,0.0
2020-06-14 01:15:00,4136001,q49J1IKaHRwDQnt,0.0,0.0,0.0
2020-06-14 01:15:00,4136001,WcxssY2VbP4hApt,0.0,0.0,0.0
2020-06-14 01:15:00,4136001,81aHJ1q11NBPMrL,0.0,0.0,0.0
2020-06-14 01:15:00,4136001,rrq4fwE8jgrTyWY,0.0,0.0,0.0
2020-06-14 01:15:00,4136001,IQ2d7wF4YD8zU1Q,0.0,0.0,0.0
2020-06-14 01:30:00,4136001,LYwnQax7tkwH5Cb,0.0,0.0,0.0
2020-06-14 01:30:00,4136001,q49J1IKaHRwDQnt,0.0,0.0,0.0
2020-06-14 01:30:00,4136001,IQ2d7wF4YD8zU1Q,0.0,0.0,0.0
2020-06-14 01:30:00,4136001,vOuJvMaM2sgwLmb,0.0,0.0,0.0
2020-06-14 01:30:00,4136001,rrq4fwE8jgrTyWY,0.0,0.0,0.0
2020-06-14 01:30:00,4136001,WcxssY2VbP4hApt,0.0,0.0,0.0
2020-06-14 01:30:00,4136001,xMbIugepa2P7lBB,0.0,0.0,0.0
2020-06-14 01:30:00,4136001,Et9kgGMDl729KT4,0.0,0.0,0.0
2020-06-14 01:30:00,4136001,Quc1TzYxW2pYoWX,0.0,0.0,0.0
2020-06-14 01:30:00,4136001,oZZkBaNadn6DNKz,0.0,0.0,0.0
2020-06-14 01:30:00,4136001,Qf4GUc1pJu5T6c6,0.0,0.0,0.0
2020-06-14 01:30:00,4136001,Mx2yZCDsyf6DPfv,0.0,0.0,0.0
2020-06-14 01:30:00,4136001,xoJJ8DcxJEcupym,0.0,0.0,0.0
2020-06-14 01:30:00,4136001,oZ35aAeoifZaQzV,0.0,0.0,0.0
2020-06-14 01:30:00,4136001,81aHJ1q11NBPMrL,0.0,0.0,0.0
2020-06-14 01:30:00,4136001,4UPUqMRk7TRMgml,0.0,0.0,0.0
2020-06-14 01:30:00,4136001,V94E5Ben1TlhnDV,0.0,0.0,0.0
2020-06-14 01:30:00,4136001,NgDl19wMapZy17u,0.0,0.0,0.0
2020-06-14 01:30:00,4136001,LlT2YUhhzqhg5Sw,0.0,0.0,0.0
2020-06-14 01:30:00,4136001,mqwcsP2rE7J0TFp,0.0,0.0,0.0
2020-06-14 01:30:00,4136001,PeE6FRyGXUgsRhN,0.0,0.0,0.0
2020-06-14 01:30:00,4136001,9kRcWv60rDACzjR,0.0,0.0,0.0
2020-06-14 01:45:00,4136001,4UPUqMRk7TRMgml,0.0,0.0,0.0
2020-06-14 01:45:00,4136001,mqwcsP2rE7J0TFp,0.0,0.0,0.0
2020-06-14 01:45:00,4136001,9kRcWv60rDACzjR,0.0,0.0,0.0
2020-06-14 01:45:00,4136001,vOuJvMaM2sgwLmb,0.0,0.0,0.0
2020-06-14 01:45:00,4136001,PeE6FRyGXUgsRhN,0.0,0.0,0.0
2020-06-14 01:45:00,4136001,q49J1IKaHRwDQnt,0.0,0.0,0.0
2020-06-14 01:45:00,4136001,Qf4GUc1pJu5T6c6,0.0,0.0,0.0
2020-06-14 01:45:00,4136001,WcxssY2VbP4hApt,0.0,0.0,0.0
2020-06-14 01:45:00,4136001,rrq4fwE8jgrTyWY,0.0,0.0,0.0
2020-06-14 01:45:00,4136001,oZZkBaNadn6DNKz,0.0,0.0,0.0
2020-06-14 01:45:00,4136001,LYwnQax7tkwH5Cb,0.0,0.0,0.0
2020-06-14 01:45:00,4136001,Quc1TzYxW2pYoWX,0.0,0.0,0.0
2020-06-14 01:45:00,4136001,Et9kgGMDl729KT4,0.0,0.0,0.0
2020-06-14 01:45:00,4136001,IQ2d7wF4YD8zU1Q,0.0,0.0,0.0
2020-06-14 01:45:00,4136001,oZ35aAeoifZaQzV,0.0,0.0,0.0
2020-06-14 01:45:00,4136001,V94E5Ben1TlhnDV,0.0,0.0,0.0
2020-06-14 01:45:00,4136001,xMbIugepa2P7lBB,0.0,0.0,0.0
2020-06-14 01:45:00,4136001,NgDl19wMapZy17u,0.0,0.0,0.0
2020-06-14 01:45:00,4136001,LlT2YUhhzqhg5Sw,0.0,0.0,0.0
2020-06-14 01:45:00,4136001,81aHJ1q11NBPMrL,0.0,0.0,0.0
2020-06-14 01:45:00,4136001,xoJJ8DcxJEcupym,0.0,0.0,0.0
2020-06-14 01:45:00,4136001,Mx2yZCDsyf6DPfv,0.0,0.0,0.0
2020-06-14 02:00:00,4136001,Et9kgGMDl729KT4,0.0,0.0,0.0
2020-06-14 02:00:00,4136001,WcxssY2VbP4hApt,0.0,0.0,0.0
2020-06-14 02:00:00,4136001,NgDl19wMapZy17u,0.0,0.0,0.0
2020-06-14 02:00:00,4136001,xoJJ8DcxJEcupym,0.0,0.0,0.0
2020-06-14 02:00:00,4136001,LYwnQax7tkwH5Cb,0.0,0.0,0.0
2020-06-14 02:00:00,4136001,Quc1TzYxW2pYoWX,0.0,0.0,0.0
2020-06-14 02:00:00,4136001,9kRcWv60rDACzjR,0.0,0.0,0.0
2020-06-14 02:00:00,4136001,81aHJ1q11NBPMrL,0.0,0.0,0.0
2020-06-14 02:00:00,4136001,oZZkBaNadn6DNKz,0.0,0.0,0.0
2020-06-14 02:00:00,4136001,Mx2yZCDsyf6DPfv,0.0,0.0,0.0
2020-06-14 02:00:00,4136001,rrq4fwE8jgrTyWY,0.0,0.0,0.0
2020-06-14 02:00:00,4136001,oZ35aAeoifZaQzV,0.0,0.0,0.0
2020-06-14 02:00:00,4136001,V94E5Ben1TlhnDV,0.0,0.0,0.0
2020-06-14 02:00:00,4136001,xMbIugepa2P7lBB,0.0,0.0,0.0
2020-06-14 02:00:00,4136001,Qf4GUc1pJu5T6c6,0.0,0.0,0.0
2020-06-14 02:00:00,4136001,LlT2YUhhzqhg5Sw,0.0,0.0,0.0
2020-06-14 02:00:00,4136001,vOuJvMaM2sgwLmb,0.0,0.0,0.0
2020-06-14 02:00:00,4136001,PeE6FRyGXUgsRhN,0.0,0.0,0.0
2020-06-14 02:00:00,4136001,mqwcsP2rE7J0TFp,0.0,0.0,0.0
2020-06-14 02:00:00,4136001,4UPUqMRk7TRMgml,0.0,0.0,0.0
2020-06-14 02:00:00,4136001,IQ2d7wF4YD8zU1Q,0.0,0.0,0.0
2020-06-14 02:00:00,4136001,q49J1IKaHRwDQnt,0.0,0.0,0.0
2020-06-14 02:15:00,4136001,WcxssY2VbP4hApt,0.0,0.0,0.0
2020-06-14 02:15:00,4136001,Qf4GUc1pJu5T6c6,0.0,0.0,0.0
2020-06-14 02:15:00,4136001,Et9kgGMDl729KT4,0.0,0.0,0.0
2020-06-14 02:15:00,4136001,q49J1IKaHRwDQnt,0.0,0.0,0.0
2020-06-14 02:15:00,4136001,rrq4fwE8jgrTyWY,0.0,0.0,0.0
2020-06-14 02:15:00,4136001,oZZkBaNadn6DNKz,0.0,0.0,0.0
2020-06-14 02:15:00,4136001,PeE6FRyGXUgsRhN,0.0,0.0,0.0
2020-06-14 02:15:00,4136001,Quc1TzYxW2pYoWX,0.0,0.0,0.0
2020-06-14 02:15:00,4136001,9kRcWv60rDACzjR,0.0,0.0,0.0
2020-06-14 02:15:00,4136001,mqwcsP2rE7J0TFp,0.0,0.0,0.0
2020-06-14 02:15:00,4136001,Mx2yZCDsyf6DPfv,0.0,0.0,0.0
2020-06-14 02:15:00,4136001,xoJJ8DcxJEcupym,0.0,0.0,0.0
2020-06-14 02:15:00,4136001,oZ35aAeoifZaQzV,0.0,0.0,0.0
2020-06-14 02:15:00,4136001,xMbIugepa2P7lBB,0.0,0.0,0.0
2020-06-14 02:15:00,4136001,V94E5Ben1TlhnDV,0.0,0.0,0.0
2020-06-14 02:15:00,4136001,LlT2YUhhzqhg5Sw,0.0,0.0,0.0
2020-06-14 02:15:00,4136001,NgDl19wMapZy17u,0.0,0.0,0.0
2020-06-14 02:15:00,4136001,vOuJvMaM2sgwLmb,0.0,0.0,0.0
2020-06-14 02:15:00,4136001,4UPUqMRk7TRMgml,0.0,0.0,0.0
2020-06-14 02:15:00,4136001,IQ2d7wF4YD8zU1Q,0.0,0.0,0.0
2020-06-14 02:15:00,4136001,LYwnQax7tkwH5Cb,0.0,0.0,0.0
2020-06-14 02:15:00,4136001,81aHJ1q11NBPMrL,0.0,0.0,0.0
2020-06-14 02:30:00,4136001,WcxssY2VbP4hApt,0.0,0.0,0.0
2020-06-14 02:30:00,4136001,xoJJ8DcxJEcupym,0.0,0.0,0.0
2020-06-14 02:30:00,4136001,81aHJ1q11NBPMrL,0.0,0.0,0.0
2020-06-14 02:30:00,4136001,mqwcsP2rE7J0TFp,0.0,0.0,0.0
2020-06-14 02:30:00,4136001,rrq4fwE8jgrTyWY,0.0,0.0,0.0
2020-06-14 02:30:00,4136001,Quc1TzYxW2pYoWX,0.0,0.0,0.0
2020-06-14 02:30:00,4136001,Mx2yZCDsyf6DPfv,0.0,0.0,0.0
2020-06-14 02:30:00,4136001,xMbIugepa2P7lBB,0.0,0.0,0.0
2020-06-14 02:30:00,4136001,PeE6FRyGXUgsRhN,0.0,0.0,0.0
2020-06-14 02:30:00,4136001,IQ2d7wF4YD8zU1Q,0.0,0.0,0.0
2020-06-14 02:30:00,4136001,4UPUqMRk7TRMgml,0.0,0.0,0.0
2020-06-14 02:30:00,4136001,oZ35aAeoifZaQzV,0.0,0.0,0.0
2020-06-14 02:30:00,4136001,LYwnQax7tkwH5Cb,0.0,0.0,0.0
2020-06-14 02:30:00,4136001,oZZkBaNadn6DNKz,0.0,0.0,0.0
2020-06-14 02:30:00,4136001,vOuJvMaM2sgwLmb,0.0,0.0,0.0
2020-06-14 02:30:00,4136001,NgDl19wMapZy17u,0.0,0.0,0.0
2020-06-14 02:30:00,4136001,LlT2YUhhzqhg5Sw,0.0,0.0,0.0
2020-06-14 02:30:00,4136001,9kRcWv60rDACzjR,0.0,0.0,0.0
2020-06-14 02:30:00,4136001,V94E5Ben1TlhnDV,0.0,0.0,0.0
2020-06-14 02:30:00,4136001,Et9kgGMDl729KT4,0.0,0.0,0.0
2020-06-14 02:30:00,4136001,Qf4GUc1pJu5T6c6,0.0,0.0,0.0
2020-06-14 02:30:00,4136001,q49J1IKaHRwDQnt,0.0,0.0,0.0
2020-06-14 02:45:00,4136001,V94E5Ben1TlhnDV,0.0,0.0,0.0
2020-06-14 02:45:00,4136001,LYwnQax7tkwH5Cb,0.0,0.0,0.0
2020-06-14 02:45:00,4136001,Qf4GUc1pJu5T6c6,0.0,0.0,0.0
2020-06-14 02:45:00,4136001,4UPUqMRk7TRMgml,0.0,0.0,0.0
2020-06-14 02:45:00,4136001,mqwcsP2rE7J0TFp,0.0,0.0,0.0
2020-06-14 02:45:00,4136001,oZ35aAeoifZaQzV,0.0,0.0,0.0
2020-06-14 02:45:00,4136001,vOuJvMaM2sgwLmb,0.0,0.0,0.0
2020-06-14 02:45:00,4136001,oZZkBaNadn6DNKz,0.0,0.0,0.0
2020-06-14 02:45:00,4136001,IQ2d7wF4YD8zU1Q,0.0,0.0,0.0
2020-06-14 02:45:00,4136001,81aHJ1q11NBPMrL,0.0,0.0,0.0
2020-06-14 02:45:00,4136001,xMbIugepa2P7lBB,0.0,0.0,0.0
2020-06-14 02:45:00,4136001,9kRcWv60rDACzjR,0.0,0.0,0.0
2020-06-14 02:45:00,4136001,LlT2YUhhzqhg5Sw,0.0,0.0,0.0
2020-06-14 02:45:00,4136001,rrq4fwE8jgrTyWY,0.0,0.0,0.0
2020-06-14 02:45:00,4136001,Quc1TzYxW2pYoWX,0.0,0.0,0.0
2020-06-14 02:45:00,4136001,Et9kgGMDl729KT4,0.0,0.0,0.0
2020-06-14 02:45:00,4136001,WcxssY2VbP4hApt,0.0,0.0,0.0
2020-06-14 02:45:00,4136001,Mx2yZCDsyf6DPfv,0.0,0.0,0.0
2020-06-14 02:45:00,4136001,q49J1IKaHRwDQnt,0.0,0.0,0.0
2020-06-14 02:45:00,4136001,PeE6FRyGXUgsRhN,0.0,0.0,0.0
2020-06-14 02:45:00,4136001,xoJJ8DcxJEcupym,0.0,0.0,0.0
2020-06-14 02:45:00,4136001,NgDl19wMapZy17u,0.0,0.0,0.0
2020-06-14 03:00:00,4136001,oZ35aAeoifZaQzV,0.0,0.0,0.0
2020-06-14 03:00:00,4136001,LlT2YUhhzqhg5Sw,0.0,0.0,0.0
2020-06-14 03:00:00,4136001,Mx2yZCDsyf6DPfv,0.0,0.0,0.0
2020-06-14 03:00:00,4136001,xMbIugepa2P7lBB,0.0,0.0,0.0
2020-06-14 03:00:00,4136001,vOuJvMaM2sgwLmb,0.0,0.0,0.0
2020-06-14 03:00:00,4136001,V94E5Ben1TlhnDV,0.0,0.0,0.0
2020-06-14 03:00:00,4136001,Qf4GUc1pJu5T6c6,0.0,0.0,0.0
2020-06-14 03:00:00,4136001,9kRcWv60rDACzjR,0.0,0.0,0.0
2020-06-14 03:00:00,4136001,Et9kgGMDl729KT4,0.0,0.0,0.0
2020-06-14 03:00:00,4136001,xoJJ8DcxJEcupym,0.0,0.0,0.0
2020-06-14 03:00:00,4136001,q49J1IKaHRwDQnt,0.0,0.0,0.0
2020-06-14 03:00:00,4136001,PeE6FRyGXUgsRhN,0.0,0.0,0.0
2020-06-14 03:00:00,4136001,Quc1TzYxW2pYoWX,0.0,0.0,0.0
2020-06-14 03:00:00,4136001,NgDl19wMapZy17u,0.0,0.0,0.0
2020-06-14 03:00:00,4136001,rrq4fwE8jgrTyWY,0.0,0.0,0.0
2020-06-14 03:00:00,4136001,WcxssY2VbP4hApt,0.0,0.0,0.0
2020-06-14 03:00:00,4136001,mqwcsP2rE7J0TFp,0.0,0.0,0.0
2020-06-14 03:00:00,4136001,oZZkBaNadn6DNKz,0.0,0.0,0.0
2020-06-14 03:00:00,4136001,81aHJ1q11NBPMrL,0.0,0.0,0.0
2020-06-14 03:00:00,4136001,IQ2d7wF4YD8zU1Q,0.0,0.0,0.0
2020-06-14 03:00:00,4136001,4UPUqMRk7TRMgml,0.0,0.0,0.0
2020-06-14 03:00:00,4136001,LYwnQax7tkwH5Cb,0.0,0.0,0.0
2020-06-14 03:15:00,4136001,V94E5Ben1TlhnDV,0.0,0.0,0.0
2020-06-14 03:15:00,4136001,Quc1TzYxW2pYoWX,0.0,0.0,0.0
2020-06-14 03:15:00,4136001,PeE6FRyGXUgsRhN,0.0,0.0,0.0
2020-06-14 03:15:00,4136001,q49J1IKaHRwDQnt,0.0,0.0,0.0
2020-06-14 03:15:00,4136001,LYwnQax7tkwH5Cb,0.0,0.0,0.0
2020-06-14 03:15:00,4136001,oZ35aAeoifZaQzV,0.0,0.0,0.0
2020-06-14 03:15:00,4136001,oZZkBaNadn6DNKz,0.0,0.0,0.0
2020-06-14 03:15:00,4136001,rrq4fwE8jgrTyWY,0.0,0.0,0.0
2020-06-14 03:15:00,4136001,Mx2yZCDsyf6DPfv,0.0,0.0,0.0
2020-06-14 03:15:00,4136001,9kRcWv60rDACzjR,0.0,0.0,0.0
2020-06-14 03:15:00,4136001,81aHJ1q11NBPMrL,0.0,0.0,0.0
2020-06-14 03:15:00,4136001,WcxssY2VbP4hApt,0.0,0.0,0.0
2020-06-14 03:15:00,4136001,mqwcsP2rE7J0TFp,0.0,0.0,0.0
2020-06-14 03:15:00,4136001,IQ2d7wF4YD8zU1Q,0.0,0.0,0.0
2020-06-14 03:15:00,4136001,4UPUqMRk7TRMgml,0.0,0.0,0.0
2020-06-14 03:15:00,4136001,Qf4GUc1pJu5T6c6,0.0,0.0,0.0
2020-06-14 03:15:00,4136001,xoJJ8DcxJEcupym,0.0,0.0,0.0
2020-06-14 03:15:00,4136001,vOuJvMaM2sgwLmb,0.0,0.0,0.0
2020-06-14 03:15:00,4136001,LlT2YUhhzqhg5Sw,0.0,0.0,0.0
2020-06-14 03:15:00,4136001,NgDl19wMapZy17u,0.0,0.0,0.0
2020-06-14 03:15:00,4136001,Et9kgGMDl729KT4,0.0,0.0,0.0
2020-06-14 03:15:00,4136001,xMbIugepa2P7lBB,0.0,0.0,0.0
2020-06-14 03:30:00,4136001,Mx2yZCDsyf6DPfv,0.0,0.0,0.0
2020-06-14 03:30:00,4136001,oZZkBaNadn6DNKz,0.0,0.0,0.0
2020-06-14 03:30:00,4136001,PeE6FRyGXUgsRhN,0.0,0.0,0.0
2020-06-14 03:30:00,4136001,xMbIugepa2P7lBB,0.0,0.0,0.0
2020-06-14 03:30:00,4136001,LYwnQax7tkwH5Cb,0.0,0.0,0.0
2020-06-14 03:30:00,4136001,9kRcWv60rDACzjR,0.0,0.0,0.0
2020-06-14 03:30:00,4136001,IQ2d7wF4YD8zU1Q,0.0,0.0,0.0
2020-06-14 03:30:00,4136001,WcxssY2VbP4hApt,0.0,0.0,0.0
2020-06-14 03:30:00,4136001,Et9kgGMDl729KT4,0.0,0.0,0.0
2020-06-14 03:30:00,4136001,4UPUqMRk7TRMgml,0.0,0.0,0.0
2020-06-14 03:30:00,4136001,rrq4fwE8jgrTyWY,0.0,0.0,0.0
2020-06-14 03:30:00,4136001,oZ35aAeoifZaQzV,0.0,0.0,0.0
2020-06-14 03:30:00,4136001,vOuJvMaM2sgwLmb,0.0,0.0,0.0
2020-06-14 03:30:00,4136001,Quc1TzYxW2pYoWX,0.0,0.0,0.0
2020-06-14 03:30:00,4136001,q49J1IKaHRwDQnt,0.0,0.0,0.0
2020-06-14 03:30:00,4136001,LlT2YUhhzqhg5Sw,0.0,0.0,0.0
2020-06-14 03:30:00,4136001,81aHJ1q11NBPMrL,0.0,0.0,0.0
2020-06-14 03:30:00,4136001,V94E5Ben1TlhnDV,0.0,0.0,0.0
2020-06-14 03:30:00,4136001,Qf4GUc1pJu5T6c6,0.0,0.0,0.0
2020-06-14 03:30:00,4136001,NgDl19wMapZy17u,0.0,0.0,0.0
2020-06-14 03:30:00,4136001,xoJJ8DcxJEcupym,0.0,0.0,0.0
2020-06-14 03:30:00,4136001,mqwcsP2rE7J0TFp,0.0,0.0,0.0
2020-06-14 03:45:00,4136001,xMbIugepa2P7lBB,0.0,0.0,0.0
2020-06-14 03:45:00,4136001,Quc1TzYxW2pYoWX,0.0,0.0,0.0
2020-06-14 03:45:00,4136001,81aHJ1q11NBPMrL,0.0,0.0,0.0
2020-06-14 03:45:00,4136001,xoJJ8DcxJEcupym,0.0,0.0,0.0
2020-06-14 03:45:00,4136001,oZZkBaNadn6DNKz,0.0,0.0,0.0
2020-06-14 03:45:00,4136001,WcxssY2VbP4hApt,0.0,0.0,0.0
2020-06-14 03:45:00,4136001,LYwnQax7tkwH5Cb,0.0,0.0,0.0
2020-06-14 03:45:00,4136001,9kRcWv60rDACzjR,0.0,0.0,0.0
2020-06-14 03:45:00,4136001,oZ35aAeoifZaQzV,0.0,0.0,0.0
2020-06-14 03:45:00,4136001,PeE6FRyGXUgsRhN,0.0,0.0,0.0
2020-06-14 03:45:00,4136001,Mx2yZCDsyf6DPfv,0.0,0.0,0.0
2020-06-14 03:45:00,4136001,rrq4fwE8jgrTyWY,0.0,0.0,0.0
2020-06-14 03:45:00,4136001,vOuJvMaM2sgwLmb,0.0,0.0,0.0
2020-06-14 03:45:00,4136001,4UPUqMRk7TRMgml,0.0,0.0,0.0
2020-06-14 03:45:00,4136001,Et9kgGMDl729KT4,0.0,0.0,0.0
2020-06-14 03:45:00,4136001,IQ2d7wF4YD8zU1Q,0.0,0.0,0.0
2020-06-14 03:45:00,4136001,q49J1IKaHRwDQnt,0.0,0.0,0.0
2020-06-14 03:45:00,4136001,V94E5Ben1TlhnDV,0.0,0.0,0.0
2020-06-14 03:45:00,4136001,LlT2YUhhzqhg5Sw,0.0,0.0,0.0
2020-06-14 03:45:00,4136001,Qf4GUc1pJu5T6c6,0.0,0.0,0.0
2020-06-14 03:45:00,4136001,mqwcsP2rE7J0TFp,0.0,0.0,0.0
2020-06-14 03:45:00,4136001,NgDl19wMapZy17u,0.0,0.0,0.0
2020-06-14 04:00:00,4136001,81aHJ1q11NBPMrL,0.0,0.0,0.0
2020-06-14 04:00:00,4136001,PeE6FRyGXUgsRhN,0.0,0.0,0.0
2020-06-14 04:00:00,4136001,q49J1IKaHRwDQnt,0.0,0.0,0.0
2020-06-14 04:00:00,4136001,IQ2d7wF4YD8zU1Q,0.0,0.0,0.0
2020-06-14 04:00:00,4136001,Mx2yZCDsyf6DPfv,0.0,0.0,0.0
2020-06-14 04:00:00,4136001,rrq4fwE8jgrTyWY,0.0,0.0,0.0
2020-06-14 04:00:00,4136001,NgDl19wMapZy17u,0.0,0.0,0.0
2020-06-14 04:00:00,4136001,Et9kgGMDl729KT4,0.0,0.0,0.0
2020-06-14 04:00:00,4136001,vOuJvMaM2sgwLmb,0.0,0.0,0.0
2020-06-14 04:00:00,4136001,xoJJ8DcxJEcupym,0.0,0.0,0.0
2020-06-14 04:00:00,4136001,LlT2YUhhzqhg5Sw,0.0,0.0,0.0
2020-06-14 04:00:00,4136001,Qf4GUc1pJu5T6c6,0.0,0.0,0.0
2020-06-14 04:00:00,4136001,LYwnQax7tkwH5Cb,0.0,0.0,0.0
2020-06-14 04:00:00,4136001,9kRcWv60rDACzjR,0.0,0.0,0.0
2020-06-14 04:00:00,4136001,Quc1TzYxW2pYoWX,0.0,0.0,0.0
2020-06-14 04:00:00,4136001,V94E5Ben1TlhnDV,0.0,0.0,0.0
2020-06-14 04:00:00,4136001,oZZkBaNadn6DNKz,0.0,0.0,0.0
2020-06-14 04:00:00,4136001,mqwcsP2rE7J0TFp,0.0,0.0,0.0
2020-06-14 04:00:00,4136001,WcxssY2VbP4hApt,0.0,0.0,0.0
2020-06-14 04:00:00,4136001,4UPUqMRk7TRMgml,0.0,0.0,0.0
2020-06-14 04:00:00,4136001,oZ35aAeoifZaQzV,0.0,0.0,0.0
2020-06-14 04:00:00,4136001,xMbIugepa2P7lBB,0.0,0.0,0.0
2020-06-14 04:15:00,4136001,xMbIugepa2P7lBB,0.0,0.0,0.0
2020-06-14 04:15:00,4136001,NgDl19wMapZy17u,0.0,0.0,0.0
2020-06-14 04:15:00,4136001,Mx2yZCDsyf6DPfv,0.0,0.0,0.0
2020-06-14 04:15:00,4136001,Qf4GUc1pJu5T6c6,0.0,0.0,0.0
2020-06-14 04:15:00,4136001,vOuJvMaM2sgwLmb,0.0,0.0,0.0
2020-06-14 04:15:00,4136001,9kRcWv60rDACzjR,0.0,0.0,0.0
2020-06-14 04:15:00,4136001,mqwcsP2rE7J0TFp,0.0,0.0,0.0
2020-06-14 04:15:00,4136001,WcxssY2VbP4hApt,0.0,0.0,0.0
2020-06-14 04:15:00,4136001,Et9kgGMDl729KT4,0.0,0.0,0.0
2020-06-14 04:15:00,4136001,LlT2YUhhzqhg5Sw,0.0,0.0,0.0
2020-06-14 04:15:00,4136001,4UPUqMRk7TRMgml,0.0,0.0,0.0
2020-06-14 04:15:00,4136001,oZ35aAeoifZaQzV,0.0,0.0,0.0
2020-06-14 04:15:00,4136001,IQ2d7wF4YD8zU1Q,0.0,0.0,0.0
2020-06-14 04:15:00,4136001,V94E5Ben1TlhnDV,0.0,0.0,0.0
2020-06-14 04:15:00,4136001,81aHJ1q11NBPMrL,0.0,0.0,0.0
2020-06-14 04:15:00,4136001,rrq4fwE8jgrTyWY,0.0,0.0,0.0
2020-06-14 04:15:00,4136001,xoJJ8DcxJEcupym,0.0,0.0,0.0
2020-06-14 04:15:00,4136001,PeE6FRyGXUgsRhN,0.0,0.0,0.0
2020-06-14 04:15:00,4136001,oZZkBaNadn6DNKz,0.0,0.0,0.0
2020-06-14 04:15:00,4136001,LYwnQax7tkwH5Cb,0.0,0.0,0.0
2020-06-14 04:15:00,4136001,q49J1IKaHRwDQnt,0.0,0.0,0.0
2020-06-14 04:15:00,4136001,Quc1TzYxW2pYoWX,0.0,0.0,0.0
2020-06-14 04:30:00,4136001,oZ35aAeoifZaQzV,0.0,0.0,0.0
2020-06-14 04:30:00,4136001,Qf4GUc1pJu5T6c6,0.0,0.0,0.0
2020-06-14 04:30:00,4136001,WcxssY2VbP4hApt,0.0,0.0,0.0
2020-06-14 04:30:00,4136001,oZZkBaNadn6DNKz,0.0,0.0,0.0
2020-06-14 04:30:00,4136001,xoJJ8DcxJEcupym,0.0,0.0,0.0
2020-06-14 04:30:00,4136001,LYwnQax7tkwH5Cb,0.0,0.0,0.0
2020-06-14 04:30:00,4136001,4UPUqMRk7TRMgml,0.0,0.0,0.0
2020-06-14 04:30:00,4136001,rrq4fwE8jgrTyWY,0.0,0.0,0.0
2020-06-14 04:30:00,4136001,NgDl19wMapZy17u,0.0,0.0,0.0
2020-06-14 04:30:00,4136001,IQ2d7wF4YD8zU1Q,0.0,0.0,0.0
2020-06-14 04:30:00,4136001,9kRcWv60rDACzjR,0.0,0.0,0.0
2020-06-14 04:30:00,4136001,81aHJ1q11NBPMrL,0.0,0.0,0.0
2020-06-14 04:30:00,4136001,Mx2yZCDsyf6DPfv,0.0,0.0,0.0
2020-06-14 04:30:00,4136001,LlT2YUhhzqhg5Sw,0.0,0.0,0.0
2020-06-14 04:30:00,4136001,Et9kgGMDl729KT4,0.0,0.0,0.0
2020-06-14 04:30:00,4136001,vOuJvMaM2sgwLmb,0.0,0.0,0.0
2020-06-14 04:30:00,4136001,V94E5Ben1TlhnDV,0.0,0.0,0.0
2020-06-14 04:30:00,4136001,q49J1IKaHRwDQnt,0.0,0.0,0.0
2020-06-14 04:30:00,4136001,xMbIugepa2P7lBB,0.0,0.0,0.0
2020-06-14 04:30:00,4136001,PeE6FRyGXUgsRhN,0.0,0.0,0.0
2020-06-14 04:30:00,4136001,Quc1TzYxW2pYoWX,0.0,0.0,0.0
2020-06-14 04:30:00,4136001,mqwcsP2rE7J0TFp,0.0,0.0,0.0
2020-06-14 04:45:00,4136001,Mx2yZCDsyf6DPfv,0.0,0.0,0.0
2020-06-14 04:45:00,4136001,4UPUqMRk7TRMgml,0.0,0.0,0.0
2020-06-14 04:45:00,4136001,9kRcWv60rDACzjR,0.0,0.0,0.0
2020-06-14 04:45:00,4136001,q49J1IKaHRwDQnt,0.0,0.0,0.0
2020-06-14 04:45:00,4136001,xMbIugepa2P7lBB,0.0,0.0,0.0
2020-06-14 04:45:00,4136001,Qf4GUc1pJu5T6c6,0.0,0.0,0.0
2020-06-14 04:45:00,4136001,Et9kgGMDl729KT4,0.0,0.0,0.0
2020-06-14 04:45:00,4136001,mqwcsP2rE7J0TFp,0.0,0.0,0.0
2020-06-14 04:45:00,4136001,IQ2d7wF4YD8zU1Q,0.0,0.0,0.0
2020-06-14 04:45:00,4136001,xoJJ8DcxJEcupym,0.0,0.0,0.0
2020-06-14 04:45:00,4136001,WcxssY2VbP4hApt,0.0,0.0,0.0
2020-06-14 04:45:00,4136001,PeE6FRyGXUgsRhN,0.0,0.0,0.0
2020-06-14 04:45:00,4136001,oZZkBaNadn6DNKz,0.0,0.0,0.0
2020-06-14 04:45:00,4136001,rrq4fwE8jgrTyWY,0.0,0.0,0.0
2020-06-14 04:45:00,4136001,LYwnQax7tkwH5Cb,0.0,0.0,0.0
2020-06-14 04:45:00,4136001,Quc1TzYxW2pYoWX,0.0,0.0,0.0
2020-06-14 04:45:00,4136001,vOuJvMaM2sgwLmb,0.0,0.0,0.0
2020-06-14 04:45:00,4136001,V94E5Ben1TlhnDV,0.0,0.0,0.0
2020-06-14 04:45:00,4136001,LlT2YUhhzqhg5Sw,0.0,0.0,0.0
2020-06-14 04:45:00,4136001,NgDl19wMapZy17u,0.0,0.0,0.0
2020-06-14 04:45:00,4136001,81aHJ1q11NBPMrL,0.0,0.0,0.0
2020-06-14 04:45:00,4136001,oZ35aAeoifZaQzV,0.0,0.0,0.0
2020-06-14 05:00:00,4136001,4UPUqMRk7TRMgml,0.0,0.0,0.0
2020-06-14 05:00:00,4136001,rrq4fwE8jgrTyWY,0.0,0.0,0.0
2020-06-14 05:00:00,4136001,81aHJ1q11NBPMrL,0.0,0.0,0.0
2020-06-14 05:00:00,4136001,xMbIugepa2P7lBB,0.0,0.0,0.0
2020-06-14 05:00:00,4136001,oZ35aAeoifZaQzV,0.0,0.0,0.0
2020-06-14 05:00:00,4136001,PeE6FRyGXUgsRhN,0.0,0.0,0.0
2020-06-14 05:00:00,4136001,IQ2d7wF4YD8zU1Q,0.0,0.0,0.0
2020-06-14 05:00:00,4136001,9kRcWv60rDACzjR,0.0,0.0,0.0
2020-06-14 05:00:00,4136001,WcxssY2VbP4hApt,0.0,0.0,0.0
2020-06-14 05:00:00,4136001,LlT2YUhhzqhg5Sw,0.0,0.0,0.0
2020-06-14 05:00:00,4136001,mqwcsP2rE7J0TFp,0.0,0.0,0.0
2020-06-14 05:00:00,4136001,LYwnQax7tkwH5Cb,0.0,0.0,0.0
2020-06-14 05:00:00,4136001,Quc1TzYxW2pYoWX,0.0,0.0,0.0
2020-06-14 05:00:00,4136001,xoJJ8DcxJEcupym,0.0,0.0,0.0
2020-06-14 05:00:00,4136001,Mx2yZCDsyf6DPfv,0.0,0.0,0.0
2020-06-14 05:00:00,4136001,vOuJvMaM2sgwLmb,0.0,0.0,0.0
2020-06-14 05:00:00,4136001,q49J1IKaHRwDQnt,0.0,0.0,0.0
2020-06-14 05:00:00,4136001,Et9kgGMDl729KT4,0.0,0.0,0.0
2020-06-14 05:00:00,4136001,V94E5Ben1TlhnDV,0.0,0.0,0.0
2020-06-14 05:00:00,4136001,NgDl19wMapZy17u,0.0,0.0,0.0
2020-06-14 05:00:00,4136001,Qf4GUc1pJu5T6c6,0.0,0.0,0.0
2020-06-14 05:00:00,4136001,oZZkBaNadn6DNKz,0.0,0.0,0.0
2020-06-14 05:15:00,4136001,4UPUqMRk7TRMgml,0.0,0.0,0.0
2020-06-14 05:15:00,4136001,LlT2YUhhzqhg5Sw,0.0,0.0,0.0
2020-06-14 05:15:00,4136001,PeE6FRyGXUgsRhN,0.0,0.0,0.0
2020-06-14 05:15:00,4136001,vOuJvMaM2sgwLmb,0.0,0.0,0.0
2020-06-14 05:15:00,4136001,Quc1TzYxW2pYoWX,0.0,0.0,0.0
2020-06-14 05:15:00,4136001,V94E5Ben1TlhnDV,0.0,0.0,0.0
2020-06-14 05:15:00,4136001,Et9kgGMDl729KT4,0.0,0.0,0.0
2020-06-14 05:15:00,4136001,9kRcWv60rDACzjR,0.0,0.0,0.0
2020-06-14 05:15:00,4136001,xMbIugepa2P7lBB,0.0,0.0,0.0
2020-06-14 05:15:00,4136001,q49J1IKaHRwDQnt,0.0,0.0,0.0
2020-06-14 05:15:00,4136001,Qf4GUc1pJu5T6c6,0.0,0.0,0.0
2020-06-14 05:15:00,4136001,WcxssY2VbP4hApt,0.0,0.0,0.0
2020-06-14 05:15:00,4136001,IQ2d7wF4YD8zU1Q,0.0,0.0,0.0
2020-06-14 05:15:00,4136001,rrq4fwE8jgrTyWY,0.0,0.0,0.0
2020-06-14 05:15:00,4136001,LYwnQax7tkwH5Cb,0.0,0.0,0.0
2020-06-14 05:15:00,4136001,oZ35aAeoifZaQzV,0.0,0.0,0.0
2020-06-14 05:15:00,4136001,NgDl19wMapZy17u,0.0,0.0,0.0
2020-06-14 05:15:00,4136001,81aHJ1q11NBPMrL,0.0,0.0,0.0
2020-06-14 05:15:00,4136001,Mx2yZCDsyf6DPfv,0.0,0.0,0.0
2020-06-14 05:15:00,4136001,xoJJ8DcxJEcupym,0.0,0.0,0.0
2020-06-14 05:15:00,4136001,mqwcsP2rE7J0TFp,0.0,0.0,0.0
2020-06-14 05:15:00,4136001,oZZkBaNadn6DNKz,0.0,0.0,0.0
2020-06-14 05:30:00,4136001,Quc1TzYxW2pYoWX,0.0,0.0,0.0
2020-06-14 05:30:00,4136001,81aHJ1q11NBPMrL,0.0,0.0,0.0
2020-06-14 05:30:00,4136001,PeE6FRyGXUgsRhN,0.0,0.0,0.0
2020-06-14 05:30:00,4136001,WcxssY2VbP4hApt,0.0,0.0,0.0
2020-06-14 05:30:00,4136001,rrq4fwE8jgrTyWY,0.0,0.0,0.0
2020-06-14 05:30:00,4136001,Qf4GUc1pJu5T6c6,0.0,0.0,0.0
2020-06-14 05:30:00,4136001,xoJJ8DcxJEcupym,0.0,0.0,0.0
2020-06-14 05:30:00,4136001,9kRcWv60rDACzjR,0.0,0.0,0.0
2020-06-14 05:30:00,4136001,q49J1IKaHRwDQnt,0.0,0.0,0.0
2020-06-14 05:30:00,4136001,xMbIugepa2P7lBB,0.0,0.0,0.0
2020-06-14 05:30:00,4136001,IQ2d7wF4YD8zU1Q,0.0,0.0,0.0
2020-06-14 05:30:00,4136001,Et9kgGMDl729KT4,0.0,0.0,0.0
2020-06-14 05:30:00,4136001,vOuJvMaM2sgwLmb,0.0,0.0,0.0
2020-06-14 05:30:00,4136001,oZZkBaNadn6DNKz,0.0,0.0,0.0
2020-06-14 05:30:00,4136001,V94E5Ben1TlhnDV,0.0,0.0,0.0
2020-06-14 05:30:00,4136001,mqwcsP2rE7J0TFp,0.0,0.0,0.0
2020-06-14 05:30:00,4136001,Mx2yZCDsyf6DPfv,0.0,0.0,0.0
2020-06-14 05:30:00,4136001,LYwnQax7tkwH5Cb,0.0,0.0,0.0
2020-06-14 05:30:00,4136001,LlT2YUhhzqhg5Sw,0.0,0.0,0.0
2020-06-14 05:30:00,4136001,4UPUqMRk7TRMgml,0.0,0.0,0.0
2020-06-14 05:30:00,4136001,oZ35aAeoifZaQzV,0.0,0.0,0.0
2020-06-14 05:30:00,4136001,NgDl19wMapZy17u,0.0,0.0,0.0
2020-06-14 05:45:00,4136001,V94E5Ben1TlhnDV,0.0,12.539999999999996,0.0
2020-06-14 05:45:00,4136001,9kRcWv60rDACzjR,0.0,14.106666666666667,0.0
2020-06-14 05:45:00,4136001,LYwnQax7tkwH5Cb,0.0,14.028571428571428,0.0
2020-06-14 05:45:00,4136001,xMbIugepa2P7lBB,0.0,14.606666666666666,0.0
2020-06-14 05:45:00,4136001,Qf4GUc1pJu5T6c6,0.0,12.453333333333337,0.0
2020-06-14 05:45:00,4136001,WcxssY2VbP4hApt,0.0,13.406666666666668,0.0
2020-06-14 05:45:00,4136001,4UPUqMRk7TRMgml,0.0,13.026666666666667,0.0
2020-06-14 05:45:00,4136001,xoJJ8DcxJEcupym,0.0,14.073333333333332,0.0
2020-06-14 05:45:00,4136001,q49J1IKaHRwDQnt,0.0,13.957142857142856,0.0
2020-06-14 05:45:00,4136001,Et9kgGMDl729KT4,0.0,10.78,0.0
2020-06-14 05:45:00,4136001,vOuJvMaM2sgwLmb,0.0,14.02,0.0
2020-06-14 05:45:00,4136001,Mx2yZCDsyf6DPfv,0.0,13.473333333333334,0.0
2020-06-14 05:45:00,4136001,LlT2YUhhzqhg5Sw,0.0,14.192857142857145,0.0
2020-06-14 05:45:00,4136001,oZ35aAeoifZaQzV,0.0,13.419999999999998,0.0
2020-06-14 05:45:00,4136001,IQ2d7wF4YD8zU1Q,0.0,14.826666666666664,0.0
2020-06-14 05:45:00,4136001,Quc1TzYxW2pYoWX,0.0,9.593333333333332,0.0
2020-06-14 05:45:00,4136001,NgDl19wMapZy17u,0.0,14.82,0.0
2020-06-14 05:45:00,4136001,rrq4fwE8jgrTyWY,0.0,13.507142857142858,0.0
2020-06-14 05:45:00,4136001,PeE6FRyGXUgsRhN,0.0,12.853333333333332,0.0
2020-06-14 05:45:00,4136001,oZZkBaNadn6DNKz,0.0,12.713333333333331,0.0
2020-06-14 05:45:00,4136001,mqwcsP2rE7J0TFp,0.0,15.66666666666667,0.0
2020-06-14 05:45:00,4136001,81aHJ1q11NBPMrL,0.0,13.753333333333334,0.0
2020-06-14 06:00:00,4136001,xMbIugepa2P7lBB,14.606666666666666,46.29333333333334,14.606666666666666
2020-06-14 06:00:00,4136001,PeE6FRyGXUgsRhN,12.853333333333332,45.98,12.853333333333332
2020-06-14 06:00:00,4136001,WcxssY2VbP4hApt,13.406666666666668,46.88000000000001,13.406666666666668
2020-06-14 06:00:00,4136001,LYwnQax7tkwH5Cb,14.028571428571428,43.73333333333334,14.028571428571428
2020-06-14 06:00:00,4136001,81aHJ1q11NBPMrL,13.753333333333334,46.23333333333333,13.753333333333334
2020-06-14 06:00:00,4136001,Qf4GUc1pJu5T6c6,12.453333333333337,45.52,12.453333333333337
2020-06-14 06:00:00,4136001,xoJJ8DcxJEcupym,14.073333333333332,46.706666666666656,14.073333333333332
2020-06-14 06:00:00,4136001,V94E5Ben1TlhnDV,12.539999999999996,45.8,12.539999999999996
2020-06-14 06:00:00,4136001,mqwcsP2rE7J0TFp,15.66666666666667,43.93333333333334,15.66666666666667
2020-06-14 06:00:00,4136001,NgDl19wMapZy17u,14.82,46.493333333333325,14.82
2020-06-14 06:00:00,4136001,q49J1IKaHRwDQnt,13.957142857142856,45.51333333333333,13.957142857142856
2020-06-14 06:00:00,4136001,9kRcWv60rDACzjR,14.106666666666667,46.606666666666655,14.106666666666667
2020-06-14 06:00:00,4136001,Et9kgGMDl729KT4,10.78,41.70000000000001,10.78
2020-06-14 06:00:00,4136001,Quc1TzYxW2pYoWX,9.593333333333332,37.42,9.593333333333332
2020-06-14 06:00:00,4136001,Mx2yZCDsyf6DPfv,13.473333333333334,46.993333333333325,13.473333333333334
2020-06-14 06:00:00,4136001,rrq4fwE8jgrTyWY,13.507142857142858,43.8,13.507142857142858
2020-06-14 06:00:00,4136001,vOuJvMaM2sgwLmb,14.02,46.78,14.02
2020-06-14 06:00:00,4136001,IQ2d7wF4YD8zU1Q,14.826666666666664,47.06,14.826666666666664
2020-06-14 06:00:00,4136001,oZZkBaNadn6DNKz,12.713333333333331,45.84,12.713333333333331
2020-06-14 06:00:00,4136001,oZ35aAeoifZaQzV,13.419999999999998,47.32666666666666,13.419999999999998
2020-06-14 06:00:00,4136001,4UPUqMRk7TRMgml,13.026666666666667,46.18000000000001,13.026666666666667
2020-06-14 06:00:00,4136001,LlT2YUhhzqhg5Sw,14.192857142857145,45.74000000000001,14.192857142857145
2020-06-14 06:15:00,4136001,81aHJ1q11NBPMrL,46.23333333333333,94.32,46.23333333333333
2020-06-14 06:15:00,4136001,9kRcWv60rDACzjR,46.606666666666655,94.98666666666664,46.606666666666655
2020-06-14 06:15:00,4136001,IQ2d7wF4YD8zU1Q,47.06,96.8857142857143,47.06
2020-06-14 06:15:00,4136001,NgDl19wMapZy17u,46.493333333333325,96.22142857142856,46.493333333333325
2020-06-14 06:15:00,4136001,Qf4GUc1pJu5T6c6,45.52,95.04285714285712,45.52
2020-06-14 06:15:00,4136001,WcxssY2VbP4hApt,46.88000000000001,96.91333333333336,46.88000000000001
2020-06-14 06:15:00,4136001,V94E5Ben1TlhnDV,45.8,93.43999999999998,45.8
2020-06-14 06:15:00,4136001,Mx2yZCDsyf6DPfv,46.993333333333325,95.38571428571429,46.993333333333325
2020-06-14 06:15:00,4136001,q49J1IKaHRwDQnt,45.51333333333333,94.35333333333332,45.51333333333333
2020-06-14 06:15:00,4136001,Et9kgGMDl729KT4,41.70000000000001,86.69333333333331,41.70000000000001
2020-06-14 06:15:00,4136001,vOuJvMaM2sgwLmb,46.78,95.60000000000002,46.78
2020-06-14 06:15:00,4136001,oZZkBaNadn6DNKz,45.84,94.56,45.84
2020-06-14 06:15:00,4136001,Quc1TzYxW2pYoWX,37.42,78.57999999999998,37.42
2020-06-14 06:15:00,4136001,LlT2YUhhzqhg5Sw,45.74000000000001,93.62,45.74000000000001
2020-06-14 06:15:00,4136001,oZ35aAeoifZaQzV,47.32666666666666,96.99285714285712,47.32666666666666
2020-06-14 06:15:00,4136001,PeE6FRyGXUgsRhN,45.98,93.16,45.98
2020-06-14 06:15:00,4136001,xoJJ8DcxJEcupym,46.706666666666656,94.31333333333332,46.706666666666656
2020-06-14 06:15:00,4136001,mqwcsP2rE7J0TFp,43.93333333333334,97.41428571428573,43.93333333333334
2020-06-14 06:15:00,4136001,4UPUqMRk7TRMgml,46.18000000000001,95.43571428571428,46.18000000000001
2020-06-14 06:15:00,4136001,rrq4fwE8jgrTyWY,43.8,89.78666666666668,43.8
2020-06-14 06:15:00,4136001,LYwnQax7tkwH5Cb,43.73333333333334,90.4,43.73333333333334
2020-06-14 06:15:00,4136001,xMbIugepa2P7lBB,46.29333333333334,94.22857142857144,46.29333333333334
2020-06-14 06:30:00,4136001,4UPUqMRk7TRMgml,95.43571428571428,161.33333333333337,95.43571428571428
2020-06-14 06:30:00,4136001,PeE6FRyGXUgsRhN,93.16,160.55714285714288,93.16
2020-06-14 06:30:00,4136001,q49J1IKaHRwDQnt,94.35333333333332,155.18000000000004,94.35333333333332
2020-06-14 06:30:00,4136001,rrq4fwE8jgrTyWY,89.78666666666668,150.42,89.78666666666668
2020-06-14 06:30:00,4136001,Et9kgGMDl729KT4,86.69333333333331,149.14,86.69333333333331
2020-06-14 06:30:00,4136001,V94E5Ben1TlhnDV,93.43999999999998,163.69285714285718,93.43999999999998
2020-06-14 06:30:00,4136001,Mx2yZCDsyf6DPfv,95.38571428571429,163.22,95.38571428571429
2020-06-14 06:30:00,4136001,vOuJvMaM2sgwLmb,95.60000000000002,163.58,95.60000000000002
2020-06-14 06:30:00,4136001,Qf4GUc1pJu5T6c6,95.04285714285712,162.07999999999996,95.04285714285712
2020-06-14 06:30:00,4136001,xoJJ8DcxJEcupym,94.31333333333332,157.04285714285714,94.31333333333332
2020-06-14 06:30:00,4136001,xMbIugepa2P7lBB,94.22857142857144,153.09333333333333,94.22857142857144
2020-06-14 06:30:00,4136001,Quc1TzYxW2pYoWX,78.57999999999998,135.46666666666664,78.57999999999998
2020-06-14 06:30:00,4136001,IQ2d7wF4YD8zU1Q,96.8857142857143,158.92,96.8857142857143
2020-06-14 06:30:00,4136001,LYwnQax7tkwH5Cb,90.4,151.98000000000002,90.4
2020-06-14 06:30:00,4136001,LlT2YUhhzqhg5Sw,93.62,155.99999999999997,93.62
2020-06-14 06:30:00,4136001,81aHJ1q11NBPMrL,94.32,161.64,94.32
2020-06-14 06:30:00,4136001,NgDl19wMapZy17u,96.22142857142856,156.68,96.22142857142856
2020-06-14 06:30:00,4136001,9kRcWv60rDACzjR,94.98666666666664,160.99999999999997,94.98666666666664
2020-06-14 06:30:00,4136001,oZ35aAeoifZaQzV,96.99285714285712,161.4333333333333,96.99285714285712
2020-06-14 06:30:00,4136001,mqwcsP2rE7J0TFp,97.41428571428573,161.17999999999998,97.41428571428573
2020-06-14 06:30:00,4136001,oZZkBaNadn6DNKz,94.56,165.4928571428572,94.56
2020-06-14 06:30:00,4136001,WcxssY2VbP4hApt,96.91333333333336,162.50666666666666,96.91333333333336
2020-06-14 06:45:00,4136001,xoJJ8DcxJEcupym,157.04285714285714,222.48,157.04285714285714
2020-06-14 06:45:00,4136001,9kRcWv60rDACzjR,160.99999999999997,224.55,160.99999999999997
2020-06-14 06:45:00,4136001,Mx2yZCDsyf6DPfv,163.22,239.34666666666664,163.22
2020-06-14 06:45:00,4136001,Et9kgGMDl729KT4,149.14,212.32,149.14
2020-06-14 06:45:00,4136001,oZZkBaNadn6DNKz,165.4928571428572,221.72000000000003,165.4928571428572
2020-06-14 06:45:00,4136001,vOuJvMaM2sgwLmb,163.58,228.1714285714285,163.58
2020-06-14 06:45:00,4136001,Quc1TzYxW2pYoWX,135.46666666666664,190.46666666666664,135.46666666666664
2020-06-14 06:45:00,4136001,mqwcsP2rE7J0TFp,161.17999999999998,226.96000000000004,161.17999999999998
2020-06-14 06:45:00,4136001,LlT2YUhhzqhg5Sw,155.99999999999997,227.5642857142857,155.99999999999997
2020-06-14 06:45:00,4136001,oZ35aAeoifZaQzV,161.4333333333333,237.3,161.4333333333333
2020-06-14 06:45:00,4136001,q49J1IKaHRwDQnt,155.18000000000004,230.97857142857143,155.18000000000004
2020-06-14 06:45:00,4136001,PeE6FRyGXUgsRhN,160.55714285714288,218.32666666666665,160.55714285714288
2020-06-14 06:45:00,4136001,81aHJ1q11NBPMrL,161.64,221.86428571428573,161.64
2020-06-14 06:45:00,4136001,4UPUqMRk7TRMgml,161.33333333333337,242.8,161.33333333333337
2020-06-14 06:45:00,4136001,rrq4fwE8jgrTyWY,150.42,230.6428571428571,150.42
2020-06-14 06:45:00,4136001,xMbIugepa2P7lBB,153.09333333333333,234.70666666666665,153.09333333333333
2020-06-14 06:45:00,4136001,LYwnQax7tkwH5Cb,151.98000000000002,237.65,151.98000000000002
2020-06-14 06:45:00,4136001,NgDl19wMapZy17u,156.68,227.85333333333327,156.68
2020-06-14 06:45:00,4136001,IQ2d7wF4YD8zU1Q,158.92,228.02,158.92
2020-06-14 06:45:00,4136001,WcxssY2VbP4hApt,162.50666666666666,233.15,162.50666666666666
2020-06-14 06:45:00,4136001,Qf4GUc1pJu5T6c6,162.07999999999996,234.66,162.07999999999996
2020-06-14 06:45:00,4136001,V94E5Ben1TlhnDV,163.69285714285718,228.72666666666663,163.69285714285718
2020-06-14 07:00:00,4136001,q49J1IKaHRwDQnt,230.97857142857143,282.06,230.97857142857143
2020-06-14 07:00:00,4136001,Et9kgGMDl729KT4,212.32,270.4,212.32
2020-06-14 07:00:00,4136001,V94E5Ben1TlhnDV,228.72666666666663,315.3666666666667,228.72666666666663
2020-06-14 07:00:00,4136001,oZZkBaNadn6DNKz,221.72000000000003,304.21333333333337,221.72000000000003
2020-06-14 07:00:00,4136001,xMbIugepa2P7lBB,234.70666666666665,289.18666666666667,234.70666666666665
2020-06-14 07:00:00,4136001,Quc1TzYxW2pYoWX,190.46666666666664,238.96666666666667,190.46666666666664
2020-06-14 07:00:00,4136001,Mx2yZCDsyf6DPfv,239.34666666666664,299.2933333333333,239.34666666666664
2020-06-14 07:00:00,4136001,4UPUqMRk7TRMgml,242.8,306.22666666666663,242.8
2020-06-14 07:00:00,4136001,mqwcsP2rE7J0TFp,226.96000000000004,285.6533333333333,226.96000000000004
2020-06-14 07:00:00,4136001,rrq4fwE8jgrTyWY,230.6428571428571,267.12666666666667,230.6428571428571
2020-06-14 07:00:00,4136001,81aHJ1q11NBPMrL,221.86428571428573,304.6933333333333,221.86428571428573
2020-06-14 07:00:00,4136001,oZ35aAeoifZaQzV,237.3,297.34666666666664,237.3
2020-06-14 07:00:00,4136001,LYwnQax7tkwH5Cb,237.65,268.0,237.65
2020-06-14 07:00:00,4136001,LlT2YUhhzqhg5Sw,227.5642857142857,275.2266666666667,227.5642857142857
2020-06-14 07:00:00,4136001,IQ2d7wF4YD8zU1Q,228.02,294.9466666666668,228.02
2020-06-14 07:00:00,4136001,NgDl19wMapZy17u,227.85333333333327,289.42,227.85333333333327
2020-06-14 07:00:00,4136001,vOuJvMaM2sgwLmb,228.1714285714285,302.43999999999994,228.1714285714285
2020-06-14 07:00:00,4136001,WcxssY2VbP4hApt,233.15,295.7266666666667,233.15
2020-06-14 07:00:00,4136001,PeE6FRyGXUgsRhN,218.32666666666665,295.3466666666667,218.32666666666665
2020-06-14 07:00:00,4136001,Qf4GUc1pJu5T6c6,234.66,296.45333333333326,234.66
2020-06-14 07:00:00,4136001,9kRcWv60rDACzjR,224.55,287.36,224.55
2020-06-14 07:00:00,4136001,xoJJ8DcxJEcupym,222.48,310.03333333333325,222.48
2020-06-14 07:15:00,4136001,xoJJ8DcxJEcupym,310.03333333333325,362.6333333333334,310.03333333333325
2020-06-14 07:15:00,4136001,IQ2d7wF4YD8zU1Q,294.9466666666668,364.45,294.9466666666668
2020-06-14 07:15:00,4136001,oZZkBaNadn6DNKz,304.21333333333337,379.5733333333334,304.21333333333337
2020-06-14 07:15:00,4136001,mqwcsP2rE7J0TFp,285.6533333333333,374.3785714285714,285.6533333333333
2020-06-14 07:15:00,4136001,Mx2yZCDsyf6DPfv,299.2933333333333,380.5533333333333,299.2933333333333
2020-06-14 07:15:00,4136001,NgDl19wMapZy17u,289.42,363.99285714285713,289.42
2020-06-14 07:15:00,4136001,oZ35aAeoifZaQzV,297.34666666666664,382.2466666666666,297.34666666666664
2020-06-14 07:15:00,4136001,9kRcWv60rDACzjR,287.36,354.01333333333326,287.36
2020-06-14 07:15:00,4136001,rrq4fwE8jgrTyWY,267.12666666666667,333.75333333333333,267.12666666666667
2020-06-14 07:15:00,4136001,Quc1TzYxW2pYoWX,238.96666666666667,327.35,238.96666666666667
2020-06-14 07:15:00,4136001,Et9kgGMDl729KT4,270.4,357.8571428571429,270.4
2020-06-14 07:15:00,4136001,Qf4GUc1pJu5T6c6,296.45333333333326,373.62,296.45333333333326
2020-06-14 07:15:00,4136001,81aHJ1q11NBPMrL,304.6933333333333,359.93333333333334,304.6933333333333
2020-06-14 07:15:00,4136001,vOuJvMaM2sgwLmb,302.43999999999994,364.17333333333335,302.43999999999994
2020-06-14 07:15:00,4136001,LlT2YUhhzqhg5Sw,275.2266666666667,355.71333333333325,275.2266666666667
2020-06-14 07:15:00,4136001,4UPUqMRk7TRMgml,306.22666666666663,379.0266666666667,306.22666666666663
2020-06-14 07:15:00,4136001,xMbIugepa2P7lBB,289.18666666666667,348.2928571428571,289.18666666666667
2020-06-14 07:15:00,4136001,PeE6FRyGXUgsRhN,295.3466666666667,361.0333333333333,295.3466666666667
2020-06-14 07:15:00,4136001,q49J1IKaHRwDQnt,282.06,352.9,282.06
2020-06-14 07:15:00,4136001,LYwnQax7tkwH5Cb,268.0,342.8066666666666,268.0
2020-06-14 07:15:00,4136001,WcxssY2VbP4hApt,295.7266666666667,363.1533333333333,295.7266666666667
2020-06-14 07:15:00,4136001,V94E5Ben1TlhnDV,315.3666666666667,373.08,315.3666666666667
2020-06-14 07:30:00,4136001,LlT2YUhhzqhg5Sw,355.71333333333325,459.4733333333333,355.71333333333325
2020-06-14 07:30:00,4136001,WcxssY2VbP4hApt,363.1533333333333,470.6599999999999,363.1533333333333
2020-06-14 07:30:00,4136001,NgDl19wMapZy17u,363.99285714285713,453.36,363.99285714285713
2020-06-14 07:30:00,4136001,PeE6FRyGXUgsRhN,361.0333333333333,450.89333333333326,361.0333333333333
2020-06-14 07:30:00,4136001,rrq4fwE8jgrTyWY,333.75333333333333,422.84,333.75333333333333
2020-06-14 07:30:00,4136001,oZZkBaNadn6DNKz,379.5733333333334,465.2533333333334,379.5733333333334
2020-06-14 07:30:00,4136001,81aHJ1q11NBPMrL,359.93333333333334,463.9333333333333,359.93333333333334
2020-06-14 07:30:00,4136001,xoJJ8DcxJEcupym,362.6333333333334,465.7200000000001,362.6333333333334
2020-06-14 07:30:00,4136001,q49J1IKaHRwDQnt,352.9,448.9933333333333,352.9
2020-06-14 07:30:00,4136001,V94E5Ben1TlhnDV,373.08,459.68,373.08
2020-06-14 07:30:00,4136001,xMbIugepa2P7lBB,348.2928571428571,437.27333333333337,348.2928571428571
2020-06-14 07:30:00,4136001,9kRcWv60rDACzjR,354.01333333333326,465.3666666666666,354.01333333333326
2020-06-14 07:30:00,4136001,Quc1TzYxW2pYoWX,327.35,366.0533333333333,327.35
2020-06-14 07:30:00,4136001,LYwnQax7tkwH5Cb,342.8066666666666,440.32666666666665,342.8066666666666
2020-06-14 07:30:00,4136001,vOuJvMaM2sgwLmb,364.17333333333335,460.94,364.17333333333335
2020-06-14 07:30:00,4136001,mqwcsP2rE7J0TFp,374.3785714285714,450.64,374.3785714285714
2020-06-14 07:30:00,4136001,IQ2d7wF4YD8zU1Q,364.45,454.9066666666666,364.45
2020-06-14 07:30:00,4136001,Qf4GUc1pJu5T6c6,373.62,459.2571428571428,373.62
2020-06-14 07:30:00,4136001,Et9kgGMDl729KT4,357.8571428571429,404.24,357.8571428571429
2020-06-14 07:30:00,4136001,4UPUqMRk7TRMgml,379.0266666666667,460.53571428571433,379.0266666666667
2020-06-14 07:30:00,4136001,oZ35aAeoifZaQzV,382.2466666666666,460.86428571428576,382.2466666666666
2020-06-14 07:30:00,4136001,Mx2yZCDsyf6DPfv,380.5533333333333,458.7642857142857,380.5533333333333
2020-06-14 07:45:00,4136001,LYwnQax7tkwH5Cb,440.32666666666665,411.1533333333333,440.32666666666665
2020-06-14 07:45:00,4136001,oZ35aAeoifZaQzV,460.86428571428576,469.82,460.86428571428576
2020-06-14 07:45:00,4136001,4UPUqMRk7TRMgml,460.53571428571433,491.23333333333335,460.53571428571433
2020-06-14 07:45:00,4136001,Qf4GUc1pJu5T6c6,459.2571428571428,524.2399999999999,459.2571428571428
2020-06-14 07:45:00,4136001,Et9kgGMDl729KT4,404.24,416.92,404.24
2020-06-14 07:45:00,4136001,oZZkBaNadn6DNKz,465.2533333333334,448.20714285714286,465.2533333333334
2020-06-14 07:45:00,4136001,mqwcsP2rE7J0TFp,450.64,497.4066666666666,450.64
2020-06-14 07:45:00,4136001,9kRcWv60rDACzjR,465.3666666666666,412.0142857142857,465.3666666666666
2020-06-14 07:45:00,4136001,WcxssY2VbP4hApt,470.6599999999999,435.82142857142856,470.6599999999999
2020-06-14 07:45:00,4136001,q49J1IKaHRwDQnt,448.9933333333333,435.85333333333335,448.9933333333333
2020-06-14 07:45:00,4136001,xoJJ8DcxJEcupym,465.7200000000001,451.02857142857135,465.7200000000001
2020-06-14 07:45:00,4136001,xMbIugepa2P7lBB,437.27333333333337,470.04666666666657,437.27333333333337
2020-06-14 07:45:00,4136001,vOuJvMaM2sgwLmb,460.94,449.0071428571428,460.94
2020-06-14 07:45:00,4136001,IQ2d7wF4YD8zU1Q,454.9066666666666,496.58,454.9066666666666
2020-06-14 07:45:00,4136001,NgDl19wMapZy17u,453.36,490.2666666666667,453.36
2020-06-14 07:45:00,4136001,Quc1TzYxW2pYoWX,366.0533333333333,397.23333333333335,366.0533333333333
2020-06-14 07:45:00,4136001,81aHJ1q11NBPMrL,463.9333333333333,442.55,463.9333333333333
2020-06-14 07:45:00,4136001,Mx2yZCDsyf6DPfv,458.7642857142857,477.44,458.7642857142857
2020-06-14 07:45:00,4136001,PeE6FRyGXUgsRhN,450.89333333333326,434.4357142857143,450.89333333333326
2020-06-14 07:45:00,4136001,V94E5Ben1TlhnDV,459.68,475.9500000000001,459.68
2020-06-14 07:45:00,4136001,LlT2YUhhzqhg5Sw,459.4733333333333,393.7266666666666,459.4733333333333
2020-06-14 07:45:00,4136001,rrq4fwE8jgrTyWY,422.84,422.5866666666667,422.84
2020-06-14 08:00:00,4136001,81aHJ1q11NBPMrL,442.55,344.1933333333334,442.55
2020-06-14 08:00:00,4136001,V94E5Ben1TlhnDV,475.9500000000001,328.48,475.9500000000001
2020-06-14 08:00:00,4136001,xMbIugepa2P7lBB,470.04666666666657,378.0333333333333,470.04666666666657
2020-06-14 08:00:00,4136001,NgDl19wMapZy17u,490.2666666666667,353.64666666666665,490.2666666666667
2020-06-14 08:00:00,4136001,oZZkBaNadn6DNKz,448.20714285714286,367.35333333333335,448.20714285714286
2020-06-14 08:00:00,4136001,Qf4GUc1pJu5T6c6,524.2399999999999,351.51333333333326,524.2399999999999
2020-06-14 08:00:00,4136001,xoJJ8DcxJEcupym,451.02857142857135,336.84,451.02857142857135
2020-06-14 08:00:00,4136001,LYwnQax7tkwH5Cb,411.1533333333333,344.70714285714286,411.1533333333333
2020-06-14 08:00:00,4136001,PeE6FRyGXUgsRhN,434.4357142857143,362.91333333333336,434.4357142857143
2020-06-14 08:00:00,4136001,Quc1TzYxW2pYoWX,397.23333333333335,289.12666666666667,397.23333333333335
2020-06-14 08:00:00,4136001,WcxssY2VbP4hApt,435.82142857142856,353.5333333333334,435.82142857142856
2020-06-14 08:00:00,4136001,rrq4fwE8jgrTyWY,422.5866666666667,357.33571428571423,422.5866666666667
2020-06-14 08:00:00,4136001,IQ2d7wF4YD8zU1Q,496.58,370.56666666666666,496.58
2020-06-14 08:00:00,4136001,4UPUqMRk7TRMgml,491.23333333333335,385.7066666666667,491.23333333333335
2020-06-14 08:00:00,4136001,Mx2yZCDsyf6DPfv,477.44,373.9666666666666,477.44
2020-06-14 08:00:00,4136001,vOuJvMaM2sgwLmb,449.0071428571428,371.26666666666665,449.0071428571428
2020-06-14 08:00:00,4136001,mqwcsP2rE7J0TFp,497.4066666666666,306.27333333333337,497.4066666666666
2020-06-14 08:00:00,4136001,LlT2YUhhzqhg5Sw,393.7266666666666,345.05000000000007,393.7266666666666
2020-06-14 08:00:00,4136001,9kRcWv60rDACzjR,412.0142857142857,354.44,412.0142857142857
2020-06-14 08:00:00,4136001,oZ35aAeoifZaQzV,469.82,363.63333333333327,469.82
2020-06-14 08:00:00,4136001,q49J1IKaHRwDQnt,435.85333333333335,356.4428571428571,435.85333333333335
2020-06-14 08:00:00,4136001,Et9kgGMDl729KT4,416.92,315.5,416.92
2020-06-14 08:15:00,4136001,LYwnQax7tkwH5Cb,344.70714285714286,546.9428571428572,344.70714285714286
2020-06-14 08:15:00,4136001,Mx2yZCDsyf6DPfv,373.9666666666666,566.9714285714288,373.9666666666666
2020-06-14 08:15:00,4136001,WcxssY2VbP4hApt,353.5333333333334,547.75,353.5333333333334
2020-06-14 08:15:00,4136001,oZZkBaNadn6DNKz,367.35333333333335,544.5214285714286,367.35333333333335
2020-06-14 08:15:00,4136001,oZ35aAeoifZaQzV,363.63333333333327,536.3214285714284,363.63333333333327
2020-06-14 08:15:00,4136001,NgDl19wMapZy17u,353.64666666666665,515.4714285714285,353.64666666666665
2020-06-14 08:15:00,4136001,vOuJvMaM2sgwLmb,371.26666666666665,544.0714285714287,371.26666666666665
2020-06-14 08:15:00,4136001,9kRcWv60rDACzjR,354.44,568.7642857142857,354.44
2020-06-14 08:15:00,4136001,Et9kgGMDl729KT4,315.5,442.6000000000001,315.5
2020-06-14 08:15:00,4136001,Quc1TzYxW2pYoWX,289.12666666666667,378.15,289.12666666666667
2020-06-14 08:15:00,4136001,xoJJ8DcxJEcupym,336.84,507.11428571428576,336.84
2020-06-14 08:15:00,4136001,V94E5Ben1TlhnDV,328.48,533.4214285714286,328.48
2020-06-14 08:15:00,4136001,Qf4GUc1pJu5T6c6,351.51333333333326,482.4285714285714,351.51333333333326
2020-06-14 08:15:00,4136001,81aHJ1q11NBPMrL,344.1933333333334,536.9071428571428,344.1933333333334
2020-06-14 08:15:00,4136001,4UPUqMRk7TRMgml,385.7066666666667,519.1857142857142,385.7066666666667
2020-06-14 08:15:00,4136001,rrq4fwE8jgrTyWY,357.33571428571423,532.1642857142857,357.33571428571423
2020-06-14 08:15:00,4136001,q49J1IKaHRwDQnt,356.4428571428571,544.1357142857144,356.4428571428571
2020-06-14 08:15:00,4136001,LlT2YUhhzqhg5Sw,345.05000000000007,566.5857142857143,345.05000000000007
2020-06-14 08:15:00,4136001,xMbIugepa2P7lBB,378.0333333333333,552.0571428571429,378.0333333333333
2020-06-14 08:15:00,4136001,PeE6FRyGXUgsRhN,362.91333333333336,532.7285714285715,362.91333333333336
2020-06-14 08:15:00,4136001,IQ2d7wF4YD8zU1Q,370.56666666666666,525.2357142857143,370.56666666666666
2020-06-14 08:15:00,4136001,mqwcsP2rE7J0TFp,306.27333333333337,464.5142857142857,306.27333333333337
2020-06-14 08:30:00,4136001,xMbIugepa2P7lBB,552.0571428571429,392.03571428571433,552.0571428571429
2020-06-14 08:30:00,4136001,Et9kgGMDl729KT4,442.6000000000001,399.18,442.6000000000001
2020-06-14 08:30:00,4136001,oZ35aAeoifZaQzV,536.3214285714284,433.5533333333333,536.3214285714284
2020-06-14 08:30:00,4136001,oZZkBaNadn6DNKz,544.5214285714286,460.6,544.5214285714286
2020-06-14 08:30:00,4136001,V94E5Ben1TlhnDV,533.4214285714286,453.71333333333337,533.4214285714286
2020-06-14 08:30:00,4136001,4UPUqMRk7TRMgml,519.1857142857142,398.3,519.1857142857142
2020-06-14 08:30:00,4136001,rrq4fwE8jgrTyWY,532.1642857142857,432.6866666666667,532.1642857142857
2020-06-14 08:30:00,4136001,LlT2YUhhzqhg5Sw,566.5857142857143,482.33333333333337,566.5857142857143
2020-06-14 08:30:00,4136001,PeE6FRyGXUgsRhN,532.7285714285715,455.38000000000005,532.7285714285715
2020-06-14 08:30:00,4136001,Quc1TzYxW2pYoWX,378.15,351.2466666666666,378.15
2020-06-14 08:30:00,4136001,NgDl19wMapZy17u,515.4714285714285,388.9428571428572,515.4714285714285
2020-06-14 08:30:00,4136001,81aHJ1q11NBPMrL,536.9071428571428,429.9666666666666,536.9071428571428
2020-06-14 08:30:00,4136001,Mx2yZCDsyf6DPfv,566.9714285714288,402.62666666666667,566.9714285714288
2020-06-14 08:30:00,4136001,LYwnQax7tkwH5Cb,546.9428571428572,447.8266666666667,546.9428571428572
2020-06-14 08:30:00,4136001,WcxssY2VbP4hApt,547.75,493.2066666666667,547.75
2020-06-14 08:30:00,4136001,9kRcWv60rDACzjR,568.7642857142857,475.48666666666657,568.7642857142857
2020-06-14 08:30:00,4136001,xoJJ8DcxJEcupym,507.11428571428576,431.1133333333333,507.11428571428576
2020-06-14 08:30:00,4136001,mqwcsP2rE7J0TFp,464.5142857142857,372.0642857142856,464.5142857142857
2020-06-14 08:30:00,4136001,IQ2d7wF4YD8zU1Q,525.2357142857143,400.25714285714287,525.2357142857143
2020-06-14 08:30:00,4136001,Qf4GUc1pJu5T6c6,482.4285714285714,396.18,482.4285714285714
2020-06-14 08:30:00,4136001,q49J1IKaHRwDQnt,544.1357142857144,469.0066666666666,544.1357142857144
2020-06-14 08:30:00,4136001,vOuJvMaM2sgwLmb,544.0714285714287,464.3266666666667,544.0714285714287
2020-06-14 08:45:00,4136001,xoJJ8DcxJEcupym,431.1133333333333,814.7857142857142,431.1133333333333
2020-06-14 08:45:00,4136001,q49J1IKaHRwDQnt,469.0066666666666,817.1999999999998,469.0066666666666
2020-06-14 08:45:00,4136001,4UPUqMRk7TRMgml,398.3,284.3928571428571,398.3
2020-06-14 08:45:00,4136001,NgDl19wMapZy17u,388.9428571428572,697.6666666666665,388.9428571428572
2020-06-14 08:45:00,4136001,V94E5Ben1TlhnDV,453.71333333333337,788.9357142857142,453.71333333333337
2020-06-14 08:45:00,4136001,Et9kgGMDl729KT4,399.18,227.8642857142857,399.18
2020-06-14 08:45:00,4136001,9kRcWv60rDACzjR,475.48666666666657,858.4533333333336,475.48666666666657
2020-06-14 08:45:00,4136001,Quc1TzYxW2pYoWX,351.2466666666666,169.47142857142856,351.2466666666666
2020-06-14 08:45:00,4136001,81aHJ1q11NBPMrL,429.9666666666666,773.74,429.9666666666666
2020-06-14 08:45:00,4136001,IQ2d7wF4YD8zU1Q,400.25714285714287,711.0600000000001,400.25714285714287
2020-06-14 08:45:00,4136001,mqwcsP2rE7J0TFp,372.0642857142856,601.1199999999999,372.0642857142856
2020-06-14 08:45:00,4136001,Qf4GUc1pJu5T6c6,396.18,256.1785714285714,396.18
2020-06-14 08:45:00,4136001,xMbIugepa2P7lBB,392.03571428571433,742.7466666666666,392.03571428571433
2020-06-14 08:45:00,4136001,vOuJvMaM2sgwLmb,464.3266666666667,787.6399999999999,464.3266666666667
2020-06-14 08:45:00,4136001,rrq4fwE8jgrTyWY,432.6866666666667,785.96,432.6866666666667
2020-06-14 08:45:00,4136001,oZ35aAeoifZaQzV,433.5533333333333,790.2857142857142,433.5533333333333
2020-06-14 08:45:00,4136001,Mx2yZCDsyf6DPfv,402.62666666666667,751.9285714285713,402.62666666666667
2020-06-14 08:45:00,4136001,LlT2YUhhzqhg5Sw,482.33333333333337,865.8599999999999,482.33333333333337
2020-06-14 08:45:00,4136001,PeE6FRyGXUgsRhN,455.38000000000005,783.7000000000002,455.38000000000005
2020-06-14 08:45:00,4136001,WcxssY2VbP4hApt,493.2066666666667,829.22,493.2066666666667
2020-06-14 08:45:00,4136001,LYwnQax7tkwH5Cb,447.8266666666667,809.7266666666666,447.8266666666667
2020-06-14 08:45:00,4136001,oZZkBaNadn6DNKz,460.6,837.2571428571428,460.6
2020-06-14 09:00:00,4136001,4UPUqMRk7TRMgml,284.3928571428571,75.62666666666665,284.3928571428571
2020-06-14 09:00:00,4136001,NgDl19wMapZy17u,697.6666666666665,524.12,697.6666666666665
2020-06-14 09:00:00,4136001,xoJJ8DcxJEcupym,814.7857142857142,646.8533333333334,814.7857142857142
2020-06-14 09:00:00,4136001,Quc1TzYxW2pYoWX,169.47142857142856,43.61333333333333,169.47142857142856
2020-06-14 09:00:00,4136001,mqwcsP2rE7J0TFp,601.1199999999999,510.4666666666666,601.1199999999999
2020-06-14 09:00:00,4136001,81aHJ1q11NBPMrL,773.74,624.35,773.74
2020-06-14 09:00:00,4136001,LYwnQax7tkwH5Cb,809.7266666666666,602.5133333333333,809.7266666666666
2020-06-14 09:00:00,4136001,xMbIugepa2P7lBB,742.7466666666666,563.4733333333334,742.7466666666666
2020-06-14 09:00:00,4136001,rrq4fwE8jgrTyWY,785.96,598.4866666666667,785.96
2020-06-14 09:00:00,4136001,PeE6FRyGXUgsRhN,783.7000000000002,588.6066666666667,783.7000000000002
2020-06-14 09:00:00,4136001,Qf4GUc1pJu5T6c6,256.1785714285714,71.68666666666667,256.1785714285714
2020-06-14 09:00:00,4136001,LlT2YUhhzqhg5Sw,865.8599999999999,622.4466666666665,865.8599999999999
2020-06-14 09:00:00,4136001,9kRcWv60rDACzjR,858.4533333333336,647.1428571428571,858.4533333333336
2020-06-14 09:00:00,4136001,WcxssY2VbP4hApt,829.22,594.25,829.22
2020-06-14 09:00:00,4136001,oZZkBaNadn6DNKz,837.2571428571428,578.4466666666666,837.2571428571428
2020-06-14 09:00:00,4136001,q49J1IKaHRwDQnt,817.1999999999998,602.4133333333333,817.1999999999998
2020-06-14 09:00:00,4136001,Mx2yZCDsyf6DPfv,751.9285714285713,580.9200000000001,751.9285714285713
2020-06-14 09:00:00,4136001,V94E5Ben1TlhnDV,788.9357142857142,596.72,788.9357142857142
2020-06-14 09:00:00,4136001,Et9kgGMDl729KT4,227.8642857142857,47.35333333333334,227.8642857142857
2020-06-14 09:00:00,4136001,vOuJvMaM2sgwLmb,787.6399999999999,599.1642857142857,787.6399999999999
2020-06-14 09:00:00,4136001,oZ35aAeoifZaQzV,790.2857142857142,576.42,790.2857142857142
2020-06-14 09:00:00,4136001,IQ2d7wF4YD8zU1Q,711.0600000000001,519.2533333333332,711.0600000000001
2020-06-14 09:15:00,4136001,Et9kgGMDl729KT4,47.35333333333334,0.0,47.35333333333334
2020-06-14 09:15:00,4136001,mqwcsP2rE7J0TFp,510.4666666666666,662.5133333333334,510.4666666666666
2020-06-14 09:15:00,4136001,q49J1IKaHRwDQnt,602.4133333333333,609.5928571428572,602.4133333333333
2020-06-14 09:15:00,4136001,vOuJvMaM2sgwLmb,599.1642857142857,610.04,599.1642857142857
2020-06-14 09:15:00,4136001,9kRcWv60rDACzjR,647.1428571428571,588.22,647.1428571428571
2020-06-14 09:15:00,4136001,LYwnQax7tkwH5Cb,602.5133333333333,597.5571428571428,602.5133333333333
2020-06-14 09:15:00,4136001,oZ35aAeoifZaQzV,576.42,676.34,576.42
2020-06-14 09:15:00,4136001,WcxssY2VbP4hApt,594.25,646.9,594.25
2020-06-14 09:15:00,4136001,xoJJ8DcxJEcupym,646.8533333333334,608.5933333333334,646.8533333333334
2020-06-14 09:15:00,4136001,NgDl19wMapZy17u,524.12,670.5666666666666,524.12
2020-06-14 09:15:00,4136001,LlT2YUhhzqhg5Sw,622.4466666666665,586.6785714285713,622.4466666666665
2020-06-14 09:15:00,4136001,Mx2yZCDsyf6DPfv,580.9200000000001,670.2066666666667,580.9200000000001
2020-06-14 09:15:00,4136001,4UPUqMRk7TRMgml,75.62666666666665,0.0,75.62666666666665
2020-06-14 09:15:00,4136001,PeE6FRyGXUgsRhN,588.6066666666667,616.1399999999999,588.6066666666667
2020-06-14 09:15:00,4136001,V94E5Ben1TlhnDV,596.72,627.0866666666667,596.72
2020-06-14 09:15:00,4136001,IQ2d7wF4YD8zU1Q,519.2533333333332,703.0333333333334,519.2533333333332
2020-06-14 09:15:00,4136001,rrq4fwE8jgrTyWY,598.4866666666667,621.4142857142856,598.4866666666667
2020-06-14 09:15:00,4136001,Quc1TzYxW2pYoWX,43.61333333333333,0.0,43.61333333333333
2020-06-14 09:15:00,4136001,xMbIugepa2P7lBB,563.4733333333334,656.8733333333333,563.4733333333334
2020-06-14 09:15:00,4136001,Qf4GUc1pJu5T6c6,71.68666666666667,0.0,71.68666666666667
2020-06-14 09:15:00,4136001,81aHJ1q11NBPMrL,624.35,609.0066666666669,624.35
2020-06-14 09:15:00,4136001,oZZkBaNadn6DNKz,578.4466666666666,642.68,578.4466666666666
2020-06-14 09:30:00,4136001,oZZkBaNadn6DNKz,642.68,582.8266666666667,642.68
2020-06-14 09:30:00,4136001,q49J1IKaHRwDQnt,609.5928571428572,590.0533333333333,609.5928571428572
2020-06-14 09:30:00,4136001,Qf4GUc1pJu5T6c6,0.0,0.0,0.0
2020-06-14 09:30:00,4136001,V94E5Ben1TlhnDV,627.0866666666667,574.2266666666668,627.0866666666667
2020-06-14 09:30:00,4136001,NgDl19wMapZy17u,670.5666666666666,595.7333333333333,670.5666666666666
2020-06-14 09:30:00,4136001,mqwcsP2rE7J0TFp,662.5133333333334,623.2333333333333,662.5133333333334
2020-06-14 09:30:00,4136001,Et9kgGMDl729KT4,0.0,0.0,0.0
2020-06-14 09:30:00,4136001,IQ2d7wF4YD8zU1Q,703.0333333333334,597.5400000000001,703.0333333333334
2020-06-14 09:30:00,4136001,xoJJ8DcxJEcupym,608.5933333333334,582.8066666666666,608.5933333333334
2020-06-14 09:30:00,4136001,vOuJvMaM2sgwLmb,610.04,597.8866666666668,610.04
2020-06-14 09:30:00,4136001,4UPUqMRk7TRMgml,0.0,0.0,0.0
2020-06-14 09:30:00,4136001,rrq4fwE8jgrTyWY,621.4142857142856,600.8733333333333,621.4142857142856
2020-06-14 09:30:00,4136001,LYwnQax7tkwH5Cb,597.5571428571428,591.7,597.5571428571428
2020-06-14 09:30:00,4136001,WcxssY2VbP4hApt,646.9,607.0866666666666,646.9
2020-06-14 09:30:00,4136001,oZ35aAeoifZaQzV,676.34,586.6733333333332,676.34
2020-06-14 09:30:00,4136001,xMbIugepa2P7lBB,656.8733333333333,565.24,656.8733333333333
2020-06-14 09:30:00,4136001,9kRcWv60rDACzjR,588.22,581.04,588.22
2020-06-14 09:30:00,4136001,PeE6FRyGXUgsRhN,616.1399999999999,581.5466666666665,616.1399999999999
2020-06-14 09:30:00,4136001,Quc1TzYxW2pYoWX,0.0,0.0,0.0
2020-06-14 09:30:00,4136001,LlT2YUhhzqhg5Sw,586.6785714285713,584.1666666666667,586.6785714285713
2020-06-14 09:30:00,4136001,Mx2yZCDsyf6DPfv,670.2066666666667,586.7866666666665,670.2066666666667
2020-06-14 09:30:00,4136001,81aHJ1q11NBPMrL,609.0066666666669,593.88,609.0066666666669
2020-06-14 09:45:00,4136001,WcxssY2VbP4hApt,607.0866666666666,673.0466666666665,607.0866666666666
2020-06-14 09:45:00,4136001,oZZkBaNadn6DNKz,582.8266666666667,670.4266666666665,582.8266666666667
2020-06-14 09:45:00,4136001,vOuJvMaM2sgwLmb,597.8866666666668,662.1733333333334,597.8866666666668
2020-06-14 09:45:00,4136001,oZ35aAeoifZaQzV,586.6733333333332,746.56,586.6733333333332
2020-06-14 09:45:00,4136001,Et9kgGMDl729KT4,0.0,0.0,0.0
2020-06-14 09:45:00,4136001,mqwcsP2rE7J0TFp,623.2333333333333,671.9999999999999,623.2333333333333
2020-06-14 09:45:00,4136001,xoJJ8DcxJEcupym,582.8066666666666,642.44,582.8066666666666
2020-06-14 09:45:00,4136001,q49J1IKaHRwDQnt,590.0533333333333,659.2733333333333,590.0533333333333
2020-06-14 09:45:00,4136001,PeE6FRyGXUgsRhN,581.5466666666665,646.4666666666667,581.5466666666665
2020-06-14 09:45:00,4136001,V94E5Ben1TlhnDV,574.2266666666668,690.52,574.2266666666668
2020-06-14 09:45:00,4136001,LlT2YUhhzqhg5Sw,584.1666666666667,649.16,584.1666666666667
2020-06-14 09:45:00,4136001,Qf4GUc1pJu5T6c6,0.0,0.0,0.0
2020-06-14 09:45:00,4136001,LYwnQax7tkwH5Cb,591.7,651.1733333333334,591.7
2020-06-14 09:45:00,4136001,9kRcWv60rDACzjR,581.04,677.62,581.04
2020-06-14 09:45:00,4136001,NgDl19wMapZy17u,595.7333333333333,660.2571428571429,595.7333333333333
2020-06-14 09:45:00,4136001,Mx2yZCDsyf6DPfv,586.7866666666665,743.9066666666665,586.7866666666665
2020-06-14 09:45:00,4136001,rrq4fwE8jgrTyWY,600.8733333333333,656.56,600.8733333333333
2020-06-14 09:45:00,4136001,Quc1TzYxW2pYoWX,0.0,0.0,0.0
2020-06-14 09:45:00,4136001,4UPUqMRk7TRMgml,0.0,0.0,0.0
2020-06-14 09:45:00,4136001,81aHJ1q11NBPMrL,593.88,667.42,593.88
2020-06-14 09:45:00,4136001,IQ2d7wF4YD8zU1Q,597.5400000000001,701.1428571428572,597.5400000000001
2020-06-14 09:45:00,4136001,xMbIugepa2P7lBB,565.24,756.1285714285715,565.24
2020-06-14 10:00:00,4136001,NgDl19wMapZy17u,660.2571428571429,890.5066666666668,660.2571428571429
2020-06-14 10:00:00,4136001,oZ35aAeoifZaQzV,746.56,166.62142857142857,746.56
2020-06-14 10:00:00,4136001,Mx2yZCDsyf6DPfv,743.9066666666665,0.0,743.9066666666665
2020-06-14 10:00:00,4136001,xMbIugepa2P7lBB,756.1285714285715,815.2466666666669,756.1285714285715
2020-06-14 10:00:00,4136001,LlT2YUhhzqhg5Sw,649.16,973.0066666666664,649.16
2020-06-14 10:00:00,4136001,Et9kgGMDl729KT4,0.0,0.0,0.0
2020-06-14 10:00:00,4136001,rrq4fwE8jgrTyWY,656.56,889.6866666666668,656.56
2020-06-14 10:00:00,4136001,vOuJvMaM2sgwLmb,662.1733333333334,973.0666666666666,662.1733333333334
2020-06-14 10:00:00,4136001,81aHJ1q11NBPMrL,667.42,1033.86,667.42
2020-06-14 10:00:00,4136001,9kRcWv60rDACzjR,677.62,1023.2666666666668,677.62
2020-06-14 10:00:00,4136001,WcxssY2VbP4hApt,673.0466666666665,966.2199999999998,673.0466666666665
2020-06-14 10:00:00,4136001,q49J1IKaHRwDQnt,659.2733333333333,928.1533333333334,659.2733333333333
2020-06-14 10:00:00,4136001,V94E5Ben1TlhnDV,690.52,272.96428571428567,690.52
2020-06-14 10:00:00,4136001,PeE6FRyGXUgsRhN,646.4666666666667,965.7999999999998,646.4666666666667
2020-06-14 10:00:00,4136001,oZZkBaNadn6DNKz,670.4266666666665,369.1571428571429,670.4266666666665
2020-06-14 10:00:00,4136001,IQ2d7wF4YD8zU1Q,701.1428571428572,934.14,701.1428571428572
2020-06-14 10:00:00,4136001,Qf4GUc1pJu5T6c6,0.0,0.0,0.0
2020-06-14 10:00:00,4136001,xoJJ8DcxJEcupym,642.44,1030.4714285714283,642.44
2020-06-14 10:00:00,4136001,mqwcsP2rE7J0TFp,671.9999999999999,934.34,671.9999999999999
2020-06-14 10:00:00,4136001,Quc1TzYxW2pYoWX,0.0,0.0,0.0
2020-06-14 10:00:00,4136001,4UPUqMRk7TRMgml,0.0,0.0,0.0
2020-06-14 10:00:00,4136001,LYwnQax7tkwH5Cb,651.1733333333334,940.0266666666668,651.1733333333334
2020-06-14 10:15:00,4136001,V94E5Ben1TlhnDV,272.96428571428567,0.0,272.96428571428567
2020-06-14 10:15:00,4136001,Quc1TzYxW2pYoWX,0.0,0.0,0.0
2020-06-14 10:15:00,4136001,IQ2d7wF4YD8zU1Q,934.14,1095.8533333333337,934.14
2020-06-14 10:15:00,4136001,q49J1IKaHRwDQnt,928.1533333333334,1066.46,928.1533333333334
2020-06-14 10:15:00,4136001,mqwcsP2rE7J0TFp,934.34,989.5133333333332,934.34
2020-06-14 10:15:00,4136001,WcxssY2VbP4hApt,966.2199999999998,1174.535714285714,966.2199999999998
2020-06-14 10:15:00,4136001,Et9kgGMDl729KT4,0.0,0.0,0.0
2020-06-14 10:15:00,4136001,4UPUqMRk7TRMgml,0.0,0.0,0.0
2020-06-14 10:15:00,4136001,vOuJvMaM2sgwLmb,973.0666666666666,1072.3428571428567,973.0666666666666
2020-06-14 10:15:00,4136001,9kRcWv60rDACzjR,1023.2666666666668,1137.8000000000002,1023.2666666666668
2020-06-14 10:15:00,4136001,oZZkBaNadn6DNKz,369.1571428571429,0.0,369.1571428571429
2020-06-14 10:15:00,4136001,Qf4GUc1pJu5T6c6,0.0,0.0,0.0
2020-06-14 10:15:00,4136001,xoJJ8DcxJEcupym,1030.4714285714283,1172.4799999999998,1030.4714285714283
2020-06-14 10:15:00,4136001,PeE6FRyGXUgsRhN,965.7999999999998,498.0,965.7999999999998
2020-06-14 10:15:00,4136001,NgDl19wMapZy17u,890.5066666666668,1048.5200000000002,890.5066666666668
2020-06-14 10:15:00,4136001,Mx2yZCDsyf6DPfv,0.0,0.0,0.0
2020-06-14 10:15:00,4136001,81aHJ1q11NBPMrL,1033.86,1125.4428571428573,1033.86
2020-06-14 10:15:00,4136001,LYwnQax7tkwH5Cb,940.0266666666668,1020.54,940.0266666666668
2020-06-14 10:15:00,4136001,xMbIugepa2P7lBB,815.2466666666669,1060.5266666666666,815.2466666666669
2020-06-14 10:15:00,4136001,oZ35aAeoifZaQzV,166.62142857142857,0.0,166.62142857142857
2020-06-14 10:15:00,4136001,rrq4fwE8jgrTyWY,889.6866666666668,1004.12,889.6866666666668
2020-06-14 10:15:00,4136001,LlT2YUhhzqhg5Sw,973.0066666666664,1053.08,973.0066666666664
2020-06-14 10:30:00,4136001,IQ2d7wF4YD8zU1Q,1095.8533333333337,838.6533333333333,1095.8533333333337
2020-06-14 10:30:00,4136001,81aHJ1q11NBPMrL,1125.4428571428573,687.7733333333333,1125.4428571428573
2020-06-14 10:30:00,4136001,LYwnQax7tkwH5Cb,1020.54,695.8857142857142,1020.54
2020-06-14 10:30:00,4136001,xMbIugepa2P7lBB,1060.5266666666666,786.6933333333334,1060.5266666666666
2020-06-14 10:30:00,4136001,PeE6FRyGXUgsRhN,498.0,420.10666666666657,498.0
2020-06-14 10:30:00,4136001,WcxssY2VbP4hApt,1174.535714285714,753.9133333333333,1174.535714285714
2020-06-14 10:30:00,4136001,NgDl19wMapZy17u,1048.5200000000002,786.5266666666668,1048.5200000000002
2020-06-14 10:30:00,4136001,vOuJvMaM2sgwLmb,1072.3428571428567,663.3333333333334,1072.3428571428567
2020-06-14 10:30:00,4136001,rrq4fwE8jgrTyWY,1004.12,686.6500000000001,1004.12
2020-06-14 10:30:00,4136001,xoJJ8DcxJEcupym,1172.4799999999998,678.8999999999997,1172.4799999999998
2020-06-14 10:30:00,4136001,9kRcWv60rDACzjR,1137.8000000000002,711.9666666666666,1137.8000000000002
2020-06-14 10:30:00,4136001,4UPUqMRk7TRMgml,0.0,0.0,0.0
2020-06-14 10:30:00,4136001,Mx2yZCDsyf6DPfv,0.0,0.0,0.0
2020-06-14 10:30:00,4136001,LlT2YUhhzqhg5Sw,1053.08,691.2642857142857,1053.08
2020-06-14 10:30:00,4136001,mqwcsP2rE7J0TFp,989.5133333333332,882.0666666666667,989.5133333333332
2020-06-14 10:30:00,4136001,oZ35aAeoifZaQzV,0.0,0.0,0.0
2020-06-14 10:30:00,4136001,oZZkBaNadn6DNKz,0.0,0.0,0.0
2020-06-14 10:30:00,4136001,q49J1IKaHRwDQnt,1066.46,735.0571428571427,1066.46
2020-06-14 10:30:00,4136001,Et9kgGMDl729KT4,0.0,0.0,0.0
2020-06-14 10:30:00,4136001,Quc1TzYxW2pYoWX,0.0,0.0,0.0
2020-06-14 10:30:00,4136001,Qf4GUc1pJu5T6c6,0.0,0.0,0.0
2020-06-14 10:30:00,4136001,V94E5Ben1TlhnDV,0.0,0.0,0.0
2020-06-14 10:45:00,4136001,LYwnQax7tkwH5Cb,695.8857142857142,1052.5666666666666,695.8857142857142
2020-06-14 10:45:00,4136001,xMbIugepa2P7lBB,786.6933333333334,1127.52,786.6933333333334
2020-06-14 10:45:00,4136001,rrq4fwE8jgrTyWY,686.6500000000001,1051.2600000000002,686.6500000000001
2020-06-14 10:45:00,4136001,PeE6FRyGXUgsRhN,420.10666666666657,1014.7733333333332,420.10666666666657
2020-06-14 10:45:00,4136001,Quc1TzYxW2pYoWX,0.0,0.0,0.0
2020-06-14 10:45:00,4136001,mqwcsP2rE7J0TFp,882.0666666666667,1105.0800000000002,882.0666666666667
2020-06-14 10:45:00,4136001,V94E5Ben1TlhnDV,0.0,0.0,0.0
2020-06-14 10:45:00,4136001,NgDl19wMapZy17u,786.5266666666668,1075.7599999999998,786.5266666666668
2020-06-14 10:45:00,4136001,Qf4GUc1pJu5T6c6,0.0,0.0,0.0
2020-06-14 10:45:00,4136001,4UPUqMRk7TRMgml,0.0,0.0,0.0
2020-06-14 10:45:00,4136001,xoJJ8DcxJEcupym,678.8999999999997,1042.34,678.8999999999997
2020-06-14 10:45:00,4136001,oZ35aAeoifZaQzV,0.0,0.0,0.0
2020-06-14 10:45:00,4136001,81aHJ1q11NBPMrL,687.7733333333333,1071.9399999999996,687.7733333333333
2020-06-14 10:45:00,4136001,vOuJvMaM2sgwLmb,663.3333333333334,972.84,663.3333333333334
2020-06-14 10:45:00,4136001,oZZkBaNadn6DNKz,0.0,0.0,0.0
2020-06-14 10:45:00,4136001,Mx2yZCDsyf6DPfv,0.0,0.0,0.0
2020-06-14 10:45:00,4136001,LlT2YUhhzqhg5Sw,691.2642857142857,1077.02,691.2642857142857
2020-06-14 10:45:00,4136001,Et9kgGMDl729KT4,0.0,0.0,0.0
2020-06-14 10:45:00,4136001,WcxssY2VbP4hApt,753.9133333333333,1058.8133333333335,753.9133333333333
2020-06-14 10:45:00,4136001,9kRcWv60rDACzjR,711.9666666666666,1036.9,711.9666666666666
2020-06-14 10:45:00,4136001,q49J1IKaHRwDQnt,735.0571428571427,1113.0466666666666,735.0571428571427
2020-06-14 10:45:00,4136001,IQ2d7wF4YD8zU1Q,838.6533333333333,1097.0,838.6533333333333
2020-06-14 11:00:00,4136001,xoJJ8DcxJEcupym,1042.34,898.4066666666665,1042.34
2020-06-14 11:00:00,4136001,9kRcWv60rDACzjR,1036.9,972.5,1036.9
2020-06-14 11:00:00,4136001,PeE6FRyGXUgsRhN,1014.7733333333332,951.32,1014.7733333333332
2020-06-14 11:00:00,4136001,V94E5Ben1TlhnDV,0.0,0.0,0.0
2020-06-14 11:00:00,4136001,IQ2d7wF4YD8zU1Q,1097.0,950.6785714285712,1097.0
2020-06-14 11:00:00,4136001,Qf4GUc1pJu5T6c6,0.0,0.0,0.0
2020-06-14 11:00:00,4136001,4UPUqMRk7TRMgml,0.0,0.0,0.0
2020-06-14 11:00:00,4136001,vOuJvMaM2sgwLmb,972.84,1018.8133333333332,972.84
2020-06-14 11:00:00,4136001,81aHJ1q11NBPMrL,1071.9399999999996,935.14,1071.9399999999996
2020-06-14 11:00:00,4136001,NgDl19wMapZy17u,1075.7599999999998,968.6785714285712,1075.7599999999998
2020-06-14 11:00:00,4136001,WcxssY2VbP4hApt,1058.8133333333335,964.02,1058.8133333333335
2020-06-14 11:00:00,4136001,xMbIugepa2P7lBB,1127.52,937.0571428571428,1127.52
2020-06-14 11:00:00,4136001,Mx2yZCDsyf6DPfv,0.0,0.0,0.0
2020-06-14 11:00:00,4136001,oZZkBaNadn6DNKz,0.0,0.0,0.0
2020-06-14 11:00:00,4136001,mqwcsP2rE7J0TFp,1105.0800000000002,1063.4714285714283,1105.0800000000002
2020-06-14 11:00:00,4136001,oZ35aAeoifZaQzV,0.0,0.0,0.0
2020-06-14 11:00:00,4136001,q49J1IKaHRwDQnt,1113.0466666666666,932.3,1113.0466666666666
2020-06-14 11:00:00,4136001,LlT2YUhhzqhg5Sw,1077.02,977.6333333333334,1077.02
2020-06-14 11:00:00,4136001,Et9kgGMDl729KT4,0.0,0.0,0.0
2020-06-14 11:00:00,4136001,rrq4fwE8jgrTyWY,1051.2600000000002,894.1,1051.2600000000002
2020-06-14 11:00:00,4136001,Quc1TzYxW2pYoWX,0.0,0.0,0.0
2020-06-14 11:00:00,4136001,LYwnQax7tkwH5Cb,1052.5666666666666,914.0733333333332,1052.5666666666666
2020-06-14 11:15:00,4136001,PeE6FRyGXUgsRhN,951.32,989.0428571428572,951.32
2020-06-14 11:15:00,4136001,81aHJ1q11NBPMrL,935.14,962.5142857142856,935.14
2020-06-14 11:15:00,4136001,xoJJ8DcxJEcupym,898.4066666666665,1012.1857142857144,898.4066666666665
2020-06-14 11:15:00,4136001,V94E5Ben1TlhnDV,0.0,0.0,0.0
2020-06-14 11:15:00,4136001,mqwcsP2rE7J0TFp,1063.4714285714283,876.56,1063.4714285714283
2020-06-14 11:15:00,4136001,vOuJvMaM2sgwLmb,1018.8133333333332,951.2357142857144,1018.8133333333332
2020-06-14 11:15:00,4136001,NgDl19wMapZy17u,968.6785714285712,854.0600000000002,968.6785714285712
2020-06-14 11:15:00,4136001,oZ35aAeoifZaQzV,0.0,0.0,0.0
2020-06-14 11:15:00,4136001,Qf4GUc1pJu5T6c6,0.0,0.0,0.0
2020-06-14 11:15:00,4136001,Et9kgGMDl729KT4,0.0,0.0,0.0
2020-06-14 11:15:00,4136001,q49J1IKaHRwDQnt,932.3,895.2,932.3
2020-06-14 11:15:00,4136001,IQ2d7wF4YD8zU1Q,950.6785714285712,870.6999999999998,950.6785714285712
2020-06-14 11:15:00,4136001,oZZkBaNadn6DNKz,0.0,0.0,0.0
2020-06-14 11:15:00,4136001,Quc1TzYxW2pYoWX,0.0,0.0,0.0
2020-06-14 11:15:00,4136001,WcxssY2VbP4hApt,964.02,921.5,964.02
2020-06-14 11:15:00,4136001,LlT2YUhhzqhg5Sw,977.6333333333334,927.76,977.6333333333334
2020-06-14 11:15:00,4136001,LYwnQax7tkwH5Cb,914.0733333333332,856.56,914.0733333333332
2020-06-14 11:15:00,4136001,rrq4fwE8jgrTyWY,894.1,836.5466666666665,894.1
2020-06-14 11:15:00,4136001,xMbIugepa2P7lBB,937.0571428571428,921.1866666666668,937.0571428571428
2020-06-14 11:15:00,4136001,9kRcWv60rDACzjR,972.5,984.8785714285711,972.5
2020-06-14 11:15:00,4136001,4UPUqMRk7TRMgml,0.0,0.0,0.0
2020-06-14 11:15:00,4136001,Mx2yZCDsyf6DPfv,0.0,0.0,0.0
2020-06-14 11:30:00,4136001,Mx2yZCDsyf6DPfv,0.0,0.0,0.0
2020-06-14 11:30:00,4136001,oZZkBaNadn6DNKz,0.0,0.0,0.0
2020-06-14 11:30:00,4136001,LYwnQax7tkwH5Cb,856.56,769.1214285714286,856.56
2020-06-14 11:30:00,4136001,4UPUqMRk7TRMgml,0.0,0.0,0.0
2020-06-14 11:30:00,4136001,IQ2d7wF4YD8zU1Q,870.6999999999998,889.2133333333331,870.6999999999998
2020-06-14 11:30:00,4136001,Qf4GUc1pJu5T6c6,0.0,0.0,0.0
2020-06-14 11:30:00,4136001,xoJJ8DcxJEcupym,1012.1857142857144,704.5799999999999,1012.1857142857144
2020-06-14 11:30:00,4136001,LlT2YUhhzqhg5Sw,927.76,772.5285714285714,927.76
2020-06-14 11:30:00,4136001,mqwcsP2rE7J0TFp,876.56,900.5066666666668,876.56
2020-06-14 11:30:00,4136001,Et9kgGMDl729KT4,0.0,0.0,0.0
2020-06-14 11:30:00,4136001,q49J1IKaHRwDQnt,895.2,768.2642857142856,895.2
2020-06-14 11:30:00,4136001,V94E5Ben1TlhnDV,0.0,0.0,0.0
2020-06-14 11:30:00,4136001,vOuJvMaM2sgwLmb,951.2357142857144,695.48,951.2357142857144
2020-06-14 11:30:00,4136001,81aHJ1q11NBPMrL,962.5142857142856,709.0333333333334,962.5142857142856
2020-06-14 11:30:00,4136001,WcxssY2VbP4hApt,921.5,711.2266666666667,921.5
2020-06-14 11:30:00,4136001,Quc1TzYxW2pYoWX,0.0,652.1400000000001,0.0
2020-06-14 11:30:00,4136001,rrq4fwE8jgrTyWY,836.5466666666665,789.5928571428572,836.5466666666665
2020-06-14 11:30:00,4136001,xMbIugepa2P7lBB,921.1866666666668,771.4066666666665,921.1866666666668
2020-06-14 11:30:00,4136001,PeE6FRyGXUgsRhN,989.0428571428572,688.5600000000001,989.0428571428572
2020-06-14 11:30:00,4136001,9kRcWv60rDACzjR,984.8785714285711,755.4466666666666,984.8785714285711
2020-06-14 11:30:00,4136001,NgDl19wMapZy17u,854.0600000000002,897.5866666666667,854.0600000000002
2020-06-14 11:30:00,4136001,oZ35aAeoifZaQzV,0.0,0.0,0.0
2020-06-14 11:45:00,4136001,9kRcWv60rDACzjR,755.4466666666666,808.7666666666665,755.4466666666666
2020-06-14 11:45:00,4136001,V94E5Ben1TlhnDV,0.0,0.0,0.0
2020-06-14 11:45:00,4136001,LlT2YUhhzqhg5Sw,772.5285714285714,804.6599999999999,772.5285714285714
2020-06-14 11:45:00,4136001,IQ2d7wF4YD8zU1Q,889.2133333333331,811.7785714285717,889.2133333333331
2020-06-14 11:45:00,4136001,4UPUqMRk7TRMgml,0.0,0.0,0.0
2020-06-14 11:45:00,4136001,oZ35aAeoifZaQzV,0.0,0.0,0.0
2020-06-14 11:45:00,4136001,Et9kgGMDl729KT4,0.0,0.0,0.0
2020-06-14 11:45:00,4136001,vOuJvMaM2sgwLmb,695.48,812.4000000000002,695.48
2020-06-14 11:45:00,4136001,Qf4GUc1pJu5T6c6,0.0,0.0,0.0
2020-06-14 11:45:00,4136001,q49J1IKaHRwDQnt,768.2642857142856,778.9666666666667,768.2642857142856
2020-06-14 11:45:00,4136001,WcxssY2VbP4hApt,711.2266666666667,815.54,711.2266666666667
2020-06-14 11:45:00,4136001,Mx2yZCDsyf6DPfv,0.0,0.0,0.0
2020-06-14 11:45:00,4136001,Quc1TzYxW2pYoWX,652.1400000000001,711.22,652.1400000000001
2020-06-14 11:45:00,4136001,rrq4fwE8jgrTyWY,789.5928571428572,760.3266666666667,789.5928571428572
2020-06-14 11:45:00,4136001,oZZkBaNadn6DNKz,0.0,0.0,0.0
2020-06-14 11:45:00,4136001,LYwnQax7tkwH5Cb,769.1214285714286,765.2,769.1214285714286
2020-06-14 11:45:00,4136001,xoJJ8DcxJEcupym,704.5799999999999,810.9933333333332,704.5799999999999
2020-06-14 11:45:00,4136001,NgDl19wMapZy17u,897.5866666666667,775.4499999999998,897.5866666666667
2020-06-14 11:45:00,4136001,PeE6FRyGXUgsRhN,688.5600000000001,813.5,688.5600000000001
2020-06-14 11:45:00,4136001,xMbIugepa2P7lBB,771.4066666666665,815.3285714285715,771.4066666666665
2020-06-14 11:45:00,4136001,81aHJ1q11NBPMrL,709.0333333333334,821.6266666666666,709.0333333333334
2020-06-14 11:45:00,4136001,mqwcsP2rE7J0TFp,900.5066666666668,802.8,900.5066666666668
2020-06-14 12:00:00,4136001,xoJJ8DcxJEcupym,810.9933333333332,1173.2533333333336,810.9933333333332
2020-06-14 12:00:00,4136001,IQ2d7wF4YD8zU1Q,811.7785714285717,1161.4933333333336,811.7785714285717
2020-06-14 12:00:00,4136001,V94E5Ben1TlhnDV,0.0,0.0,0.0
2020-06-14 12:00:00,4136001,Et9kgGMDl729KT4,0.0,0.0,0.0
2020-06-14 12:00:00,4136001,81aHJ1q11NBPMrL,821.6266666666666,1176.84,821.6266666666666
2020-06-14 12:00:00,4136001,xMbIugepa2P7lBB,815.3285714285715,1079.3533333333337,815.3285714285715
2020-06-14 12:00:00,4136001,WcxssY2VbP4hApt,815.54,1156.9999999999998,815.54
2020-06-14 12:00:00,4136001,9kRcWv60rDACzjR,808.7666666666665,1182.993333333333,808.7666666666665
2020-06-14 12:00:00,4136001,LlT2YUhhzqhg5Sw,804.6599999999999,1172.4266666666667,804.6599999999999
2020-06-14 12:00:00,4136001,Quc1TzYxW2pYoWX,711.22,414.8214285714286,711.22
2020-06-14 12:00:00,4136001,rrq4fwE8jgrTyWY,760.3266666666667,1155.1,760.3266666666667
2020-06-14 12:00:00,4136001,PeE6FRyGXUgsRhN,813.5,1094.8466666666666,813.5
2020-06-14 12:00:00,4136001,vOuJvMaM2sgwLmb,812.4000000000002,1046.6133333333337,812.4000000000002
2020-06-14 12:00:00,4136001,oZ35aAeoifZaQzV,0.0,0.0,0.0
2020-06-14 12:00:00,4136001,oZZkBaNadn6DNKz,0.0,0.0,0.0
2020-06-14 12:00:00,4136001,q49J1IKaHRwDQnt,778.9666666666667,1189.4599999999998,778.9666666666667
2020-06-14 12:00:00,4136001,Qf4GUc1pJu5T6c6,0.0,0.0,0.0
2020-06-14 12:00:00,4136001,4UPUqMRk7TRMgml,0.0,0.0,0.0
2020-06-14 12:00:00,4136001,mqwcsP2rE7J0TFp,802.8,1075.9333333333332,802.8
2020-06-14 12:00:00,4136001,LYwnQax7tkwH5Cb,765.2,1124.9133333333332,765.2
2020-06-14 12:00:00,4136001,Mx2yZCDsyf6DPfv,0.0,0.0,0.0
2020-06-14 12:00:00,4136001,NgDl19wMapZy17u,775.4499999999998,1125.486666666667,775.4499999999998
2020-06-14 12:15:00,4136001,LYwnQax7tkwH5Cb,1124.9133333333332,1176.2266666666665,1124.9133333333332
2020-06-14 12:15:00,4136001,oZZkBaNadn6DNKz,0.0,0.0,0.0
2020-06-14 12:15:00,4136001,NgDl19wMapZy17u,1125.486666666667,1211.5533333333333,1125.486666666667
2020-06-14 12:15:00,4136001,9kRcWv60rDACzjR,1182.993333333333,1191.4933333333336,1182.993333333333
2020-06-14 12:15:00,4136001,Quc1TzYxW2pYoWX,414.8214285714286,0.0,414.8214285714286
2020-06-14 12:15:00,4136001,mqwcsP2rE7J0TFp,1075.9333333333332,962.6066666666666,1075.9333333333332
2020-06-14 12:15:00,4136001,PeE6FRyGXUgsRhN,1094.8466666666666,1297.435714285714,1094.8466666666666
2020-06-14 12:15:00,4136001,Mx2yZCDsyf6DPfv,0.0,0.0,0.0
2020-06-14 12:15:00,4136001,81aHJ1q11NBPMrL,1176.84,1238.7200000000005,1176.84
2020-06-14 12:15:00,4136001,xoJJ8DcxJEcupym,1173.2533333333336,1186.9214285714286,1173.2533333333336
2020-06-14 12:15:00,4136001,xMbIugepa2P7lBB,1079.3533333333337,1239.18,1079.3533333333337
2020-06-14 12:15:00,4136001,4UPUqMRk7TRMgml,0.0,0.0,0.0
2020-06-14 12:15:00,4136001,rrq4fwE8jgrTyWY,1155.1,1148.753333333333,1155.1
2020-06-14 12:15:00,4136001,oZ35aAeoifZaQzV,0.0,0.0,0.0
2020-06-14 12:15:00,4136001,LlT2YUhhzqhg5Sw,1172.4266666666667,1183.493333333333,1172.4266666666667
2020-06-14 12:15:00,4136001,IQ2d7wF4YD8zU1Q,1161.4933333333336,1246.6,1161.4933333333336
2020-06-14 12:15:00,4136001,WcxssY2VbP4hApt,1156.9999999999998,1286.5933333333332,1156.9999999999998
2020-06-14 12:15:00,4136001,q49J1IKaHRwDQnt,1189.4599999999998,1249.8866666666668,1189.4599999999998
2020-06-14 12:15:00,4136001,Et9kgGMDl729KT4,0.0,0.0,0.0
2020-06-14 12:15:00,4136001,V94E5Ben1TlhnDV,0.0,0.0,0.0
2020-06-14 12:15:00,4136001,Qf4GUc1pJu5T6c6,0.0,0.0,0.0
2020-06-14 12:15:00,4136001,vOuJvMaM2sgwLmb,1046.6133333333337,1240.5200000000002,1046.6133333333337
2020-06-14 12:30:00,4136001,oZZkBaNadn6DNKz,0.0,0.0,0.0
2020-06-14 12:30:00,4136001,xoJJ8DcxJEcupym,1186.9214285714286,1161.8533333333337,1186.9214285714286
2020-06-14 12:30:00,4136001,LlT2YUhhzqhg5Sw,1183.493333333333,1162.9466666666665,1183.493333333333
2020-06-14 12:30:00,4136001,V94E5Ben1TlhnDV,0.0,0.0,0.0
2020-06-14 12:30:00,4136001,Mx2yZCDsyf6DPfv,0.0,0.0,0.0
2020-06-14 12:30:00,4136001,81aHJ1q11NBPMrL,1238.7200000000005,1087.6857142857143,1238.7200000000005
2020-06-14 12:30:00,4136001,4UPUqMRk7TRMgml,0.0,0.0,0.0
2020-06-14 12:30:00,4136001,LYwnQax7tkwH5Cb,1176.2266666666665,1139.2,1176.2266666666665
2020-06-14 12:30:00,4136001,vOuJvMaM2sgwLmb,1240.5200000000002,1102.6357142857144,1240.5200000000002
2020-06-14 12:30:00,4136001,Quc1TzYxW2pYoWX,0.0,0.0,0.0
2020-06-14 12:30:00,4136001,PeE6FRyGXUgsRhN,1297.435714285714,1158.9133333333332,1297.435714285714
2020-06-14 12:30:00,4136001,IQ2d7wF4YD8zU1Q,1246.6,1145.2333333333331,1246.6
2020-06-14 12:30:00,4136001,oZ35aAeoifZaQzV,0.0,0.0,0.0
2020-06-14 12:30:00,4136001,mqwcsP2rE7J0TFp,962.6066666666666,587.5866666666666,962.6066666666666
2020-06-14 12:30:00,4136001,9kRcWv60rDACzjR,1191.4933333333336,1102.0500000000002,1191.4933333333336
2020-06-14 12:30:00,4136001,q49J1IKaHRwDQnt,1249.8866666666668,1135.0133333333335,1249.8866666666668
2020-06-14 12:30:00,4136001,rrq4fwE8jgrTyWY,1148.753333333333,1154.8533333333332,1148.753333333333
2020-06-14 12:30:00,4136001,xMbIugepa2P7lBB,1239.18,1149.5800000000002,1239.18
2020-06-14 12:30:00,4136001,Et9kgGMDl729KT4,0.0,0.0,0.0
2020-06-14 12:30:00,4136001,NgDl19wMapZy17u,1211.5533333333333,1034.1466666666668,1211.5533333333333
2020-06-14 12:30:00,4136001,Qf4GUc1pJu5T6c6,0.0,0.0,0.0
2020-06-14 12:30:00,4136001,WcxssY2VbP4hApt,1286.5933333333332,1123.0928571428574,1286.5933333333332
2020-06-14 12:45:00,4136001,Quc1TzYxW2pYoWX,0.0,0.0,0.0
2020-06-14 12:45:00,4136001,xoJJ8DcxJEcupym,1161.8533333333337,1328.2133333333334,1161.8533333333337
2020-06-14 12:45:00,4136001,V94E5Ben1TlhnDV,0.0,0.0,0.0
2020-06-14 12:45:00,4136001,PeE6FRyGXUgsRhN,1158.9133333333332,1287.7266666666667,1158.9133333333332
2020-06-14 12:45:00,4136001,xMbIugepa2P7lBB,1149.5800000000002,1288.3933333333334,1149.5800000000002
2020-06-14 12:45:00,4136001,rrq4fwE8jgrTyWY,1154.8533333333332,1130.214285714286,1154.8533333333332
2020-06-14 12:45:00,4136001,vOuJvMaM2sgwLmb,1102.6357142857144,1267.4666666666667,1102.6357142857144
2020-06-14 12:45:00,4136001,WcxssY2VbP4hApt,1123.0928571428574,1221.0800000000002,1123.0928571428574
2020-06-14 12:45:00,4136001,Et9kgGMDl729KT4,0.0,0.0,0.0
2020-06-14 12:45:00,4136001,oZ35aAeoifZaQzV,0.0,0.0,0.0
2020-06-14 12:45:00,4136001,IQ2d7wF4YD8zU1Q,1145.2333333333331,422.56,1145.2333333333331
2020-06-14 12:45:00,4136001,LlT2YUhhzqhg5Sw,1162.9466666666665,1142.5214285714285,1162.9466666666665
2020-06-14 12:45:00,4136001,9kRcWv60rDACzjR,1102.0500000000002,1136.7266666666667,1102.0500000000002
2020-06-14 12:45:00,4136001,LYwnQax7tkwH5Cb,1139.2,1104.821428571429,1139.2
2020-06-14 12:45:00,4136001,oZZkBaNadn6DNKz,0.0,0.0,0.0
2020-06-14 12:45:00,4136001,Mx2yZCDsyf6DPfv,0.0,0.0,0.0
2020-06-14 12:45:00,4136001,mqwcsP2rE7J0TFp,587.5866666666666,0.0,587.5866666666666
2020-06-14 12:45:00,4136001,NgDl19wMapZy17u,1034.1466666666668,0.0,1034.1466666666668
2020-06-14 12:45:00,4136001,q49J1IKaHRwDQnt,1135.0133333333335,1168.9714285714288,1135.0133333333335
2020-06-14 12:45:00,4136001,81aHJ1q11NBPMrL,1087.6857142857143,1292.7866666666666,1087.6857142857143
2020-06-14 12:45:00,4136001,4UPUqMRk7TRMgml,0.0,0.0,0.0
2020-06-14 12:45:00,4136001,Qf4GUc1pJu5T6c6,0.0,0.0,0.0
2020-06-14 13:00:00,4136001,oZ35aAeoifZaQzV,0.0,0.0,0.0
2020-06-14 13:00:00,4136001,mqwcsP2rE7J0TFp,0.0,0.0,0.0
2020-06-14 13:00:00,4136001,xoJJ8DcxJEcupym,1328.2133333333334,1207.7266666666667,1328.2133333333334
2020-06-14 13:00:00,4136001,oZZkBaNadn6DNKz,0.0,0.0,0.0
2020-06-14 13:00:00,4136001,NgDl19wMapZy17u,0.0,0.0,0.0
2020-06-14 13:00:00,4136001,vOuJvMaM2sgwLmb,1267.4666666666667,1185.8933333333332,1267.4666666666667
2020-06-14 13:00:00,4136001,LYwnQax7tkwH5Cb,1104.821428571429,1190.9333333333327,1104.821428571429
2020-06-14 13:00:00,4136001,PeE6FRyGXUgsRhN,1287.7266666666667,1194.74,1287.7266666666667
2020-06-14 13:00:00,4136001,4UPUqMRk7TRMgml,0.0,0.0,0.0
2020-06-14 13:00:00,4136001,q49J1IKaHRwDQnt,1168.9714285714288,1199.3933333333334,1168.9714285714288
2020-06-14 13:00:00,4136001,Mx2yZCDsyf6DPfv,0.0,0.0,0.0
2020-06-14 13:00:00,4136001,IQ2d7wF4YD8zU1Q,422.56,1319.25,422.56
2020-06-14 13:00:00,4136001,9kRcWv60rDACzjR,1136.7266666666667,1180.0600000000002,1136.7266666666667
2020-06-14 13:00:00,4136001,WcxssY2VbP4hApt,1221.0800000000002,1215.1666666666663,1221.0800000000002
2020-06-14 13:00:00,4136001,rrq4fwE8jgrTyWY,1130.214285714286,1188.5466666666669,1130.214285714286
2020-06-14 13:00:00,4136001,Qf4GUc1pJu5T6c6,0.0,0.0,0.0
2020-06-14 13:00:00,4136001,Et9kgGMDl729KT4,0.0,0.0,0.0
2020-06-14 13:00:00,4136001,V94E5Ben1TlhnDV,0.0,0.0,0.0
2020-06-14 13:00:00,4136001,Quc1TzYxW2pYoWX,0.0,0.0,0.0
2020-06-14 13:00:00,4136001,81aHJ1q11NBPMrL,1292.7866666666666,1227.86,1292.7866666666666
2020-06-14 13:00:00,4136001,xMbIugepa2P7lBB,1288.3933333333334,1291.142857142857,1288.3933333333334
2020-06-14 13:00:00,4136001,LlT2YUhhzqhg5Sw,1142.5214285714285,1201.6133333333337,1142.5214285714285
2020-06-14 13:15:00,4136001,NgDl19wMapZy17u,0.0,0.0,0.0
2020-06-14 13:15:00,4136001,WcxssY2VbP4hApt,1215.1666666666663,1070.6,1215.1666666666663
2020-06-14 13:15:00,4136001,rrq4fwE8jgrTyWY,1188.5466666666669,1147.6333333333334,1188.5466666666669
2020-06-14 13:15:00,4136001,PeE6FRyGXUgsRhN,1194.74,1045.7466666666664,1194.74
2020-06-14 13:15:00,4136001,mqwcsP2rE7J0TFp,0.0,0.0,0.0
2020-06-14 13:15:00,4136001,oZZkBaNadn6DNKz,0.0,0.0,0.0
2020-06-14 13:15:00,4136001,Quc1TzYxW2pYoWX,0.0,0.0,0.0
2020-06-14 13:15:00,4136001,vOuJvMaM2sgwLmb,1185.8933333333332,1053.7133333333331,1185.8933333333332
2020-06-14 13:15:00,4136001,V94E5Ben1TlhnDV,0.0,0.0,0.0
2020-06-14 13:15:00,4136001,Et9kgGMDl729KT4,0.0,0.0,0.0
2020-06-14 13:15:00,4136001,Qf4GUc1pJu5T6c6,0.0,0.0,0.0
2020-06-14 13:15:00,4136001,oZ35aAeoifZaQzV,0.0,0.0,0.0
2020-06-14 13:15:00,4136001,LYwnQax7tkwH5Cb,1190.9333333333327,1088.5466666666669,1190.9333333333327
2020-06-14 13:15:00,4136001,q49J1IKaHRwDQnt,1199.3933333333334,1091.74,1199.3933333333334
2020-06-14 13:15:00,4136001,LlT2YUhhzqhg5Sw,1201.6133333333337,1048.56,1201.6133333333337
2020-06-14 13:15:00,4136001,81aHJ1q11NBPMrL,1227.86,1054.8466666666666,1227.86
2020-06-14 13:15:00,4136001,xMbIugepa2P7lBB,1291.142857142857,1186.6133333333332,1291.142857142857
2020-06-14 13:15:00,4136001,4UPUqMRk7TRMgml,0.0,0.0,0.0
2020-06-14 13:15:00,4136001,9kRcWv60rDACzjR,1180.0600000000002,1051.3533333333332,1180.0600000000002
2020-06-14 13:15:00,4136001,Mx2yZCDsyf6DPfv,0.0,0.0,0.0
2020-06-14 13:15:00,4136001,xoJJ8DcxJEcupym,1207.7266666666667,1069.2133333333336,1207.7266666666667
2020-06-14 13:15:00,4136001,IQ2d7wF4YD8zU1Q,1319.25,1159.6800000000003,1319.25
2020-06-14 13:30:00,4136001,NgDl19wMapZy17u,0.0,0.0,0.0
2020-06-14 13:30:00,4136001,PeE6FRyGXUgsRhN,1045.7466666666664,1066.05,1045.7466666666664
2020-06-14 13:30:00,4136001,Qf4GUc1pJu5T6c6,0.0,0.0,0.0
2020-06-14 13:30:00,4136001,xMbIugepa2P7lBB,1186.6133333333332,1121.0,1186.6133333333332
2020-06-14 13:30:00,4136001,Et9kgGMDl729KT4,0.0,0.0,0.0
2020-06-14 13:30:00,4136001,rrq4fwE8jgrTyWY,1147.6333333333334,1031.5666666666668,1147.6333333333334
2020-06-14 13:30:00,4136001,Quc1TzYxW2pYoWX,0.0,0.0,0.0
2020-06-14 13:30:00,4136001,V94E5Ben1TlhnDV,0.0,0.0,0.0
2020-06-14 13:30:00,4136001,oZZkBaNadn6DNKz,0.0,0.0,0.0
2020-06-14 13:30:00,4136001,4UPUqMRk7TRMgml,0.0,0.0,0.0
2020-06-14 13:30:00,4136001,vOuJvMaM2sgwLmb,1053.7133333333331,1097.2357142857145,1053.7133333333331
2020-06-14 13:30:00,4136001,LlT2YUhhzqhg5Sw,1048.56,1049.12,1048.56
2020-06-14 13:30:00,4136001,xoJJ8DcxJEcupym,1069.2133333333336,1111.1785714285716,1069.2133333333336
2020-06-14 13:30:00,4136001,oZ35aAeoifZaQzV,0.0,0.0,0.0
2020-06-14 13:30:00,4136001,IQ2d7wF4YD8zU1Q,1159.6800000000003,1144.3466666666666,1159.6800000000003
2020-06-14 13:30:00,4136001,WcxssY2VbP4hApt,1070.6,1073.385714285714,1070.6
2020-06-14 13:30:00,4136001,q49J1IKaHRwDQnt,1091.74,1031.8466666666666,1091.74
2020-06-14 13:30:00,4136001,LYwnQax7tkwH5Cb,1088.5466666666669,1020.4666666666666,1088.5466666666669
2020-06-14 13:30:00,4136001,81aHJ1q11NBPMrL,1054.8466666666666,1114.5785714285716,1054.8466666666666
2020-06-14 13:30:00,4136001,9kRcWv60rDACzjR,1051.3533333333332,1033.392857142857,1051.3533333333332
2020-06-14 13:30:00,4136001,Mx2yZCDsyf6DPfv,0.0,0.0,0.0
2020-06-14 13:30:00,4136001,mqwcsP2rE7J0TFp,0.0,0.0,0.0
2020-06-14 13:45:00,4136001,81aHJ1q11NBPMrL,1114.5785714285716,1098.253333333333,1114.5785714285716
2020-06-14 13:45:00,4136001,oZZkBaNadn6DNKz,0.0,0.0,0.0
2020-06-14 13:45:00,4136001,V94E5Ben1TlhnDV,0.0,0.0,0.0
2020-06-14 13:45:00,4136001,vOuJvMaM2sgwLmb,1097.2357142857145,1056.84,1097.2357142857145
2020-06-14 13:45:00,4136001,NgDl19wMapZy17u,0.0,899.74,0.0
2020-06-14 13:45:00,4136001,q49J1IKaHRwDQnt,1031.8466666666666,1036.285714285715,1031.8466666666666
2020-06-14 13:45:00,4136001,LlT2YUhhzqhg5Sw,1049.12,991.7071428571428,1049.12
2020-06-14 13:45:00,4136001,WcxssY2VbP4hApt,1073.385714285714,1103.52,1073.385714285714
2020-06-14 13:45:00,4136001,Et9kgGMDl729KT4,0.0,0.0,0.0
2020-06-14 13:45:00,4136001,9kRcWv60rDACzjR,1033.392857142857,1035.14,1033.392857142857
2020-06-14 13:45:00,4136001,rrq4fwE8jgrTyWY,1031.5666666666668,1010.2071428571428,1031.5666666666668
2020-06-14 13:45:00,4136001,oZ35aAeoifZaQzV,0.0,0.0,0.0
2020-06-14 13:45:00,4136001,xMbIugepa2P7lBB,1121.0,1186.9866666666671,1121.0
2020-06-14 13:45:00,4136001,LYwnQax7tkwH5Cb,1020.4666666666666,970.6428571428572,1020.4666666666666
2020-06-14 13:45:00,4136001,Qf4GUc1pJu5T6c6,0.0,0.0,0.0
2020-06-14 13:45:00,4136001,Quc1TzYxW2pYoWX,0.0,0.0,0.0
2020-06-14 13:45:00,4136001,mqwcsP2rE7J0TFp,0.0,182.85333333333327,0.0
2020-06-14 13:45:00,4136001,IQ2d7wF4YD8zU1Q,1144.3466666666666,1253.3266666666668,1144.3466666666666
2020-06-14 13:45:00,4136001,xoJJ8DcxJEcupym,1111.1785714285716,1070.8,1111.1785714285716
2020-06-14 13:45:00,4136001,4UPUqMRk7TRMgml,0.0,0.0,0.0
2020-06-14 13:45:00,4136001,Mx2yZCDsyf6DPfv,0.0,0.0,0.0
2020-06-14 13:45:00,4136001,PeE6FRyGXUgsRhN,1066.05,1020.8933333333334,1066.05
2020-06-14 14:00:00,4136001,rrq4fwE8jgrTyWY,1010.2071428571428,627.48,1010.2071428571428
2020-06-14 14:00:00,4136001,4UPUqMRk7TRMgml,0.0,0.0,0.0
2020-06-14 14:00:00,4136001,IQ2d7wF4YD8zU1Q,1253.3266666666668,596.8866666666668,1253.3266666666668
2020-06-14 14:00:00,4136001,oZ35aAeoifZaQzV,0.0,0.0,0.0
2020-06-14 14:00:00,4136001,Et9kgGMDl729KT4,0.0,152.70666666666665,0.0
2020-06-14 14:00:00,4136001,V94E5Ben1TlhnDV,0.0,115.54666666666664,0.0
2020-06-14 14:00:00,4136001,Qf4GUc1pJu5T6c6,0.0,0.0,0.0
2020-06-14 14:00:00,4136001,Mx2yZCDsyf6DPfv,0.0,0.0,0.0
2020-06-14 14:00:00,4136001,LYwnQax7tkwH5Cb,970.6428571428572,591.2533333333333,970.6428571428572
2020-06-14 14:00:00,4136001,q49J1IKaHRwDQnt,1036.285714285715,600.0266666666665,1036.285714285715
2020-06-14 14:00:00,4136001,xoJJ8DcxJEcupym,1070.8,617.3,1070.8
2020-06-14 14:00:00,4136001,PeE6FRyGXUgsRhN,1020.8933333333334,648.46,1020.8933333333334
2020-06-14 14:00:00,4136001,Quc1TzYxW2pYoWX,0.0,159.60666666666663,0.0
2020-06-14 14:00:00,4136001,xMbIugepa2P7lBB,1186.9866666666671,603.3333333333333,1186.9866666666671
2020-06-14 14:00:00,4136001,mqwcsP2rE7J0TFp,182.85333333333327,592.2,182.85333333333327
2020-06-14 14:00:00,4136001,LlT2YUhhzqhg5Sw,991.7071428571428,612.4399999999998,991.7071428571428
2020-06-14 14:00:00,4136001,vOuJvMaM2sgwLmb,1056.84,650.3066666666666,1056.84
2020-06-14 14:00:00,4136001,NgDl19wMapZy17u,899.74,581.16,899.74
2020-06-14 14:00:00,4136001,oZZkBaNadn6DNKz,0.0,119.7,0.0
2020-06-14 14:00:00,4136001,WcxssY2VbP4hApt,1103.52,600.7266666666668,1103.52
2020-06-14 14:00:00,4136001,81aHJ1q11NBPMrL,1098.253333333333,615.1133333333332,1098.253333333333
2020-06-14 14:00:00,4136001,9kRcWv60rDACzjR,1035.14,582.14,1035.14
2020-06-14 14:15:00,4136001,9kRcWv60rDACzjR,582.14,518.66,582.14
2020-06-14 14:15:00,4136001,Mx2yZCDsyf6DPfv,0.0,421.52857142857135,0.0
2020-06-14 14:15:00,4136001,oZ35aAeoifZaQzV,0.0,444.4071428571428,0.0
2020-06-14 14:15:00,4136001,WcxssY2VbP4hApt,600.7266666666668,526.74,600.7266666666668
2020-06-14 14:15:00,4136001,PeE6FRyGXUgsRhN,648.46,515.5999999999999,648.46
2020-06-14 14:15:00,4136001,LYwnQax7tkwH5Cb,591.2533333333333,479.8733333333333,591.2533333333333
2020-06-14 14:15:00,4136001,V94E5Ben1TlhnDV,115.54666666666664,493.3466666666666,115.54666666666664
2020-06-14 14:15:00,4136001,Qf4GUc1pJu5T6c6,0.0,437.1928571428572,0.0
2020-06-14 14:15:00,4136001,mqwcsP2rE7J0TFp,592.2,508.8857142857143,592.2
2020-06-14 14:15:00,4136001,rrq4fwE8jgrTyWY,627.48,472.10666666666657,627.48
2020-06-14 14:15:00,4136001,81aHJ1q11NBPMrL,615.1133333333332,528.12,615.1133333333332
2020-06-14 14:15:00,4136001,vOuJvMaM2sgwLmb,650.3066666666666,519.5133333333333,650.3066666666666
2020-06-14 14:15:00,4136001,Quc1TzYxW2pYoWX,159.60666666666663,401.3133333333333,159.60666666666663
2020-06-14 14:15:00,4136001,xMbIugepa2P7lBB,603.3333333333333,535.9142857142857,603.3333333333333
2020-06-14 14:15:00,4136001,4UPUqMRk7TRMgml,0.0,404.742857142857,0.0
2020-06-14 14:15:00,4136001,q49J1IKaHRwDQnt,600.0266666666665,501.06,600.0266666666665
2020-06-14 14:15:00,4136001,IQ2d7wF4YD8zU1Q,596.8866666666668,552.6785714285713,596.8866666666668
2020-06-14 14:15:00,4136001,Et9kgGMDl729KT4,152.70666666666665,437.1466666666667,152.70666666666665
2020-06-14 14:15:00,4136001,xoJJ8DcxJEcupym,617.3,521.7333333333332,617.3
2020-06-14 14:15:00,4136001,oZZkBaNadn6DNKz,119.7,495.04,119.7
2020-06-14 14:15:00,4136001,NgDl19wMapZy17u,581.16,554.3642857142858,581.16
2020-06-14 14:15:00,4136001,LlT2YUhhzqhg5Sw,612.4399999999998,500.6,612.4399999999998
2020-06-14 14:30:00,4136001,mqwcsP2rE7J0TFp,508.8857142857143,903.32,508.8857142857143
2020-06-14 14:30:00,4136001,Quc1TzYxW2pYoWX,401.3133333333333,174.02666666666667,401.3133333333333
2020-06-14 14:30:00,4136001,9kRcWv60rDACzjR,518.66,946.5533333333334,518.66
2020-06-14 14:30:00,4136001,LYwnQax7tkwH5Cb,479.8733333333333,957.86,479.8733333333333
2020-06-14 14:30:00,4136001,V94E5Ben1TlhnDV,493.3466666666666,1027.5933333333332,493.3466666666666
2020-06-14 14:30:00,4136001,Qf4GUc1pJu5T6c6,437.1928571428572,56.54,437.1928571428572
2020-06-14 14:30:00,4136001,4UPUqMRk7TRMgml,404.742857142857,73.15333333333331,404.742857142857
2020-06-14 14:30:00,4136001,NgDl19wMapZy17u,554.3642857142858,977.0533333333332,554.3642857142858
2020-06-14 14:30:00,4136001,oZZkBaNadn6DNKz,495.04,1037.1066666666666,495.04
2020-06-14 14:30:00,4136001,xMbIugepa2P7lBB,535.9142857142857,1002.54,535.9142857142857
2020-06-14 14:30:00,4136001,rrq4fwE8jgrTyWY,472.10666666666657,946.46,472.10666666666657
2020-06-14 14:30:00,4136001,vOuJvMaM2sgwLmb,519.5133333333333,930.0866666666668,519.5133333333333
2020-06-14 14:30:00,4136001,oZ35aAeoifZaQzV,444.4071428571428,1059.04,444.4071428571428
2020-06-14 14:30:00,4136001,LlT2YUhhzqhg5Sw,500.6,958.14,500.6
2020-06-14 14:30:00,4136001,q49J1IKaHRwDQnt,501.06,935.0866666666664,501.06
2020-06-14 14:30:00,4136001,PeE6FRyGXUgsRhN,515.5999999999999,995.6266666666666,515.5999999999999
2020-06-14 14:30:00,4136001,WcxssY2VbP4hApt,526.74,943.8333333333331,526.74
2020-06-14 14:30:00,4136001,81aHJ1q11NBPMrL,528.12,921.12,528.12
2020-06-14 14:30:00,4136001,Et9kgGMDl729KT4,437.1466666666667,244.71333333333328,437.1466666666667
2020-06-14 14:30:00,4136001,IQ2d7wF4YD8zU1Q,552.6785714285713,992.9133333333332,552.6785714285713
2020-06-14 14:30:00,4136001,xoJJ8DcxJEcupym,521.7333333333332,944.18,521.7333333333332
2020-06-14 14:30:00,4136001,Mx2yZCDsyf6DPfv,421.52857142857135,1083.006666666667,421.52857142857135
2020-06-14 14:45:00,4136001,mqwcsP2rE7J0TFp,903.32,807.6,903.32
2020-06-14 14:45:00,4136001,4UPUqMRk7TRMgml,73.15333333333331,33.486666666666665,73.15333333333331
2020-06-14 14:45:00,4136001,IQ2d7wF4YD8zU1Q,992.9133333333332,752.5333333333334,992.9133333333332
2020-06-14 14:45:00,4136001,vOuJvMaM2sgwLmb,930.0866666666668,551.6357142857142,930.0866666666668
2020-06-14 14:45:00,4136001,oZZkBaNadn6DNKz,1037.1066666666666,555.2714285714285,1037.1066666666666
2020-06-14 14:45:00,4136001,LlT2YUhhzqhg5Sw,958.14,586.1133333333332,958.14
2020-06-14 14:45:00,4136001,xoJJ8DcxJEcupym,944.18,583.6857142857142,944.18
2020-06-14 14:45:00,4136001,xMbIugepa2P7lBB,1002.54,700.0133333333333,1002.54
2020-06-14 14:45:00,4136001,Quc1TzYxW2pYoWX,174.02666666666667,114.58,174.02666666666667
2020-06-14 14:45:00,4136001,PeE6FRyGXUgsRhN,995.6266666666666,540.2642857142856,995.6266666666666
2020-06-14 14:45:00,4136001,rrq4fwE8jgrTyWY,946.46,540.2866666666665,946.46
2020-06-14 14:45:00,4136001,WcxssY2VbP4hApt,943.8333333333331,562.5714285714286,943.8333333333331
2020-06-14 14:45:00,4136001,NgDl19wMapZy17u,977.0533333333332,755.7133333333335,977.0533333333332
2020-06-14 14:45:00,4136001,81aHJ1q11NBPMrL,921.12,547.9785714285714,921.12
2020-06-14 14:45:00,4136001,9kRcWv60rDACzjR,946.5533333333334,561.2785714285715,946.5533333333334
2020-06-14 14:45:00,4136001,q49J1IKaHRwDQnt,935.0866666666664,587.1733333333332,935.0866666666664
2020-06-14 14:45:00,4136001,V94E5Ben1TlhnDV,1027.5933333333332,581.7,1027.5933333333332
2020-06-14 14:45:00,4136001,Et9kgGMDl729KT4,244.71333333333328,142.69333333333336,244.71333333333328
2020-06-14 14:45:00,4136001,LYwnQax7tkwH5Cb,957.86,542.2333333333333,957.86
2020-06-14 14:45:00,4136001,oZ35aAeoifZaQzV,1059.04,606.4333333333333,1059.04
2020-06-14 14:45:00,4136001,Qf4GUc1pJu5T6c6,56.54,0.0,56.54
2020-06-14 14:45:00,4136001,Mx2yZCDsyf6DPfv,1083.006666666667,581.4466666666666,1083.006666666667
2020-06-14 15:00:00,4136001,xoJJ8DcxJEcupym,583.6857142857142,277.34000000000003,583.6857142857142
2020-06-14 15:00:00,4136001,q49J1IKaHRwDQnt,587.1733333333332,263.48571428571427,587.1733333333332
2020-06-14 15:00:00,4136001,Quc1TzYxW2pYoWX,114.58,241.9533333333333,114.58
2020-06-14 15:00:00,4136001,NgDl19wMapZy17u,755.7133333333335,286.78,755.7133333333335
2020-06-14 15:00:00,4136001,oZ35aAeoifZaQzV,606.4333333333333,300.23999999999995,606.4333333333333
2020-06-14 15:00:00,4136001,V94E5Ben1TlhnDV,581.7,291.6066666666666,581.7
2020-06-14 15:00:00,4136001,mqwcsP2rE7J0TFp,807.6,295.34666666666664,807.6
2020-06-14 15:00:00,4136001,9kRcWv60rDACzjR,561.2785714285715,298.34666666666664,561.2785714285715
2020-06-14 15:00:00,4136001,WcxssY2VbP4hApt,562.5714285714286,295.06666666666666,562.5714285714286
2020-06-14 15:00:00,4136001,xMbIugepa2P7lBB,700.0133333333333,278.9866666666666,700.0133333333333
2020-06-14 15:00:00,4136001,81aHJ1q11NBPMrL,547.9785714285714,282.6066666666667,547.9785714285714
2020-06-14 15:00:00,4136001,LYwnQax7tkwH5Cb,542.2333333333333,251.82142857142856,542.2333333333333
2020-06-14 15:00:00,4136001,vOuJvMaM2sgwLmb,551.6357142857142,286.6533333333333,551.6357142857142
2020-06-14 15:00:00,4136001,Qf4GUc1pJu5T6c6,0.0,298.6,0.0
2020-06-14 15:00:00,4136001,IQ2d7wF4YD8zU1Q,752.5333333333334,289.66,752.5333333333334
2020-06-14 15:00:00,4136001,oZZkBaNadn6DNKz,555.2714285714285,291.38666666666666,555.2714285714285
2020-06-14 15:00:00,4136001,LlT2YUhhzqhg5Sw,586.1133333333332,256.9,586.1133333333332
2020-06-14 15:00:00,4136001,rrq4fwE8jgrTyWY,540.2866666666665,252.66428571428568,540.2866666666665
2020-06-14 15:00:00,4136001,Mx2yZCDsyf6DPfv,581.4466666666666,302.8666666666667,581.4466666666666
2020-06-14 15:00:00,4136001,PeE6FRyGXUgsRhN,540.2642857142856,279.70666666666665,540.2642857142856
2020-06-14 15:00:00,4136001,Et9kgGMDl729KT4,142.69333333333336,268.7266666666667,142.69333333333336
2020-06-14 15:00:00,4136001,4UPUqMRk7TRMgml,33.486666666666665,307.2266666666667,33.486666666666665
2020-06-14 15:15:00,4136001,81aHJ1q11NBPMrL,282.6066666666667,622.3733333333336,282.6066666666667
2020-06-14 15:15:00,4136001,Mx2yZCDsyf6DPfv,302.8666666666667,638.8333333333333,302.8666666666667
2020-06-14 15:15:00,4136001,PeE6FRyGXUgsRhN,279.70666666666665,615.0466666666665,279.70666666666665
2020-06-14 15:15:00,4136001,mqwcsP2rE7J0TFp,295.34666666666664,647.3133333333333,295.34666666666664
2020-06-14 15:15:00,4136001,NgDl19wMapZy17u,286.78,744.5733333333332,286.78
2020-06-14 15:15:00,4136001,q49J1IKaHRwDQnt,263.48571428571427,670.56,263.48571428571427
2020-06-14 15:15:00,4136001,IQ2d7wF4YD8zU1Q,289.66,777.14,289.66
2020-06-14 15:15:00,4136001,4UPUqMRk7TRMgml,307.2266666666667,681.0,307.2266666666667
2020-06-14 15:15:00,4136001,xoJJ8DcxJEcupym,277.34000000000003,588.1200000000001,277.34000000000003
2020-06-14 15:15:00,4136001,V94E5Ben1TlhnDV,291.6066666666666,517.0066666666667,291.6066666666666
2020-06-14 15:15:00,4136001,xMbIugepa2P7lBB,278.9866666666666,736.68,278.9866666666666
2020-06-14 15:15:00,4136001,rrq4fwE8jgrTyWY,252.66428571428568,692.4133333333334,252.66428571428568
2020-06-14 15:15:00,4136001,Et9kgGMDl729KT4,268.7266666666667,575.3733333333333,268.7266666666667
2020-06-14 15:15:00,4136001,9kRcWv60rDACzjR,298.34666666666664,663.4666666666666,298.34666666666664
2020-06-14 15:15:00,4136001,WcxssY2VbP4hApt,295.06666666666666,654.48,295.06666666666666
2020-06-14 15:15:00,4136001,vOuJvMaM2sgwLmb,286.6533333333333,646.9599999999999,286.6533333333333
2020-06-14 15:15:00,4136001,LlT2YUhhzqhg5Sw,256.9,703.9066666666665,256.9
2020-06-14 15:15:00,4136001,oZZkBaNadn6DNKz,291.38666666666666,532.8866666666665,291.38666666666666
2020-06-14 15:15:00,4136001,Qf4GUc1pJu5T6c6,298.6,672.9866666666669,298.6
2020-06-14 15:15:00,4136001,Quc1TzYxW2pYoWX,241.9533333333333,511.13333333333327,241.9533333333333
2020-06-14 15:15:00,4136001,LYwnQax7tkwH5Cb,251.82142857142856,720.4133333333334,251.82142857142856
2020-06-14 15:15:00,4136001,oZ35aAeoifZaQzV,300.23999999999995,638.14,300.23999999999995
2020-06-14 15:30:00,4136001,Et9kgGMDl729KT4,575.3733333333333,769.0071428571428,575.3733333333333
2020-06-14 15:30:00,4136001,oZZkBaNadn6DNKz,532.8866666666665,762.9466666666667,532.8866666666665
2020-06-14 15:30:00,4136001,Qf4GUc1pJu5T6c6,672.9866666666669,800.8,672.9866666666669
2020-06-14 15:30:00,4136001,LYwnQax7tkwH5Cb,720.4133333333334,741.2866666666667,720.4133333333334
2020-06-14 15:30:00,4136001,oZ35aAeoifZaQzV,638.14,855.9142857142857,638.14
2020-06-14 15:30:00,4136001,q49J1IKaHRwDQnt,670.56,749.5066666666665,670.56
2020-06-14 15:30:00,4136001,Quc1TzYxW2pYoWX,511.13333333333327,673.642857142857,511.13333333333327
2020-06-14 15:30:00,4136001,xMbIugepa2P7lBB,736.68,802.4142857142856,736.68
2020-06-14 15:30:00,4136001,NgDl19wMapZy17u,744.5733333333332,760.0571428571429,744.5733333333332
2020-06-14 15:30:00,4136001,mqwcsP2rE7J0TFp,647.3133333333333,778.4285714285713,647.3133333333333
2020-06-14 15:30:00,4136001,WcxssY2VbP4hApt,654.48,805.6866666666666,654.48
2020-06-14 15:30:00,4136001,81aHJ1q11NBPMrL,622.3733333333336,714.2666666666667,622.3733333333336
2020-06-14 15:30:00,4136001,V94E5Ben1TlhnDV,517.0066666666667,745.1999999999998,517.0066666666667
2020-06-14 15:30:00,4136001,xoJJ8DcxJEcupym,588.1200000000001,674.4133333333333,588.1200000000001
2020-06-14 15:30:00,4136001,LlT2YUhhzqhg5Sw,703.9066666666665,755.8866666666668,703.9066666666665
2020-06-14 15:30:00,4136001,PeE6FRyGXUgsRhN,615.0466666666665,752.8733333333334,615.0466666666665
2020-06-14 15:30:00,4136001,9kRcWv60rDACzjR,663.4666666666666,777.8399999999998,663.4666666666666
2020-06-14 15:30:00,4136001,rrq4fwE8jgrTyWY,692.4133333333334,729.9399999999998,692.4133333333334
2020-06-14 15:30:00,4136001,vOuJvMaM2sgwLmb,646.9599999999999,771.92,646.9599999999999
2020-06-14 15:30:00,4136001,IQ2d7wF4YD8zU1Q,777.14,781.7071428571429,777.14
2020-06-14 15:30:00,4136001,Mx2yZCDsyf6DPfv,638.8333333333333,864.1928571428573,638.8333333333333
2020-06-14 15:30:00,4136001,4UPUqMRk7TRMgml,681.0,846.1642857142857,681.0
2020-06-14 15:45:00,4136001,xoJJ8DcxJEcupym,674.4133333333333,501.76666666666654,674.4133333333333
2020-06-14 15:45:00,4136001,PeE6FRyGXUgsRhN,752.8733333333334,452.85333333333335,752.8733333333334
2020-06-14 15:45:00,4136001,IQ2d7wF4YD8zU1Q,781.7071428571429,429.36666666666656,781.7071428571429
2020-06-14 15:45:00,4136001,mqwcsP2rE7J0TFp,778.4285714285713,453.42666666666656,778.4285714285713
2020-06-14 15:45:00,4136001,NgDl19wMapZy17u,760.0571428571429,434.79333333333335,760.0571428571429
2020-06-14 15:45:00,4136001,oZ35aAeoifZaQzV,855.9142857142857,447.2933333333333,855.9142857142857
2020-06-14 15:45:00,4136001,Qf4GUc1pJu5T6c6,800.8,413.1333333333334,800.8
2020-06-14 15:45:00,4136001,Quc1TzYxW2pYoWX,673.642857142857,359.91333333333336,673.642857142857
2020-06-14 15:45:00,4136001,81aHJ1q11NBPMrL,714.2666666666667,489.68000000000006,714.2666666666667
2020-06-14 15:45:00,4136001,V94E5Ben1TlhnDV,745.1999999999998,491.45333333333326,745.1999999999998
2020-06-14 15:45:00,4136001,LYwnQax7tkwH5Cb,741.2866666666667,431.7066666666667,741.2866666666667
2020-06-14 15:45:00,4136001,4UPUqMRk7TRMgml,846.1642857142857,434.0333333333333,846.1642857142857
2020-06-14 15:45:00,4136001,Et9kgGMDl729KT4,769.0071428571428,396.9666666666666,769.0071428571428
2020-06-14 15:45:00,4136001,rrq4fwE8jgrTyWY,729.9399999999998,411.92,729.9399999999998
2020-06-14 15:45:00,4136001,oZZkBaNadn6DNKz,762.9466666666667,477.7200000000001,762.9466666666667
2020-06-14 15:45:00,4136001,q49J1IKaHRwDQnt,749.5066666666665,491.12,749.5066666666665
2020-06-14 15:45:00,4136001,Mx2yZCDsyf6DPfv,864.1928571428573,449.6066666666666,864.1928571428573
2020-06-14 15:45:00,4136001,vOuJvMaM2sgwLmb,771.92,462.8133333333333,771.92
2020-06-14 15:45:00,4136001,LlT2YUhhzqhg5Sw,755.8866666666668,471.8866666666667,755.8866666666668
2020-06-14 15:45:00,4136001,9kRcWv60rDACzjR,777.8399999999998,482.13333333333327,777.8399999999998
2020-06-14 15:45:00,4136001,xMbIugepa2P7lBB,802.4142857142856,415.44666666666666,802.4142857142856
2020-06-14 15:45:00,4136001,WcxssY2VbP4hApt,805.6866666666666,489.66,805.6866666666666
2020-06-14 16:00:00,4136001,xMbIugepa2P7lBB,415.44666666666666,297.50666666666666,415.44666666666666
2020-06-14 16:00:00,4136001,xoJJ8DcxJEcupym,501.76666666666654,304.4285714285714,501.76666666666654
2020-06-14 16:00:00,4136001,IQ2d7wF4YD8zU1Q,429.36666666666656,314.55333333333334,429.36666666666656
2020-06-14 16:00:00,4136001,9kRcWv60rDACzjR,482.13333333333327,289.92,482.13333333333327
2020-06-14 16:00:00,4136001,81aHJ1q11NBPMrL,489.68000000000006,311.5466666666667,489.68000000000006
2020-06-14 16:00:00,4136001,oZZkBaNadn6DNKz,477.7200000000001,307.3071428571428,477.7200000000001
2020-06-14 16:00:00,4136001,rrq4fwE8jgrTyWY,411.92,277.02000000000004,411.92
2020-06-14 16:00:00,4136001,mqwcsP2rE7J0TFp,453.42666666666656,337.02,453.42666666666656
2020-06-14 16:00:00,4136001,NgDl19wMapZy17u,434.79333333333335,316.99999999999994,434.79333333333335
2020-06-14 16:00:00,4136001,LYwnQax7tkwH5Cb,431.7066666666667,272.24666666666667,431.7066666666667
2020-06-14 16:00:00,4136001,vOuJvMaM2sgwLmb,462.8133333333333,307.06,462.8133333333333
2020-06-14 16:00:00,4136001,Mx2yZCDsyf6DPfv,449.6066666666666,303.99999999999994,449.6066666666666
2020-06-14 16:00:00,4136001,q49J1IKaHRwDQnt,491.12,282.27333333333326,491.12
2020-06-14 16:00:00,4136001,WcxssY2VbP4hApt,489.66,304.06,489.66
2020-06-14 16:00:00,4136001,LlT2YUhhzqhg5Sw,471.8866666666667,280.5866666666667,471.8866666666667
2020-06-14 16:00:00,4136001,4UPUqMRk7TRMgml,434.0333333333333,308.1266666666667,434.0333333333333
2020-06-14 16:00:00,4136001,Et9kgGMDl729KT4,396.9666666666666,278.87333333333333,396.9666666666666
2020-06-14 16:00:00,4136001,V94E5Ben1TlhnDV,491.45333333333326,304.88571428571424,491.45333333333326
2020-06-14 16:00:00,4136001,Qf4GUc1pJu5T6c6,413.1333333333334,318.5533333333333,413.1333333333334
2020-06-14 16:00:00,4136001,Quc1TzYxW2pYoWX,359.91333333333336,263.5066666666667,359.91333333333336
2020-06-14 16:00:00,4136001,PeE6FRyGXUgsRhN,452.85333333333335,304.86428571428576,452.85333333333335
2020-06-14 16:00:00,4136001,oZ35aAeoifZaQzV,447.2933333333333,308.62,447.2933333333333
2020-06-14 16:15:00,4136001,Qf4GUc1pJu5T6c6,318.5533333333333,442.3,318.5533333333333
2020-06-14 16:15:00,4136001,9kRcWv60rDACzjR,289.92,477.20666666666665,289.92
2020-06-14 16:15:00,4136001,rrq4fwE8jgrTyWY,277.02000000000004,476.94285714285706,277.02000000000004
2020-06-14 16:15:00,4136001,Et9kgGMDl729KT4,278.87333333333333,416.96,278.87333333333333
2020-06-14 16:15:00,4136001,WcxssY2VbP4hApt,304.06,488.12,304.06
2020-06-14 16:15:00,4136001,mqwcsP2rE7J0TFp,337.02,472.1,337.02
2020-06-14 16:15:00,4136001,81aHJ1q11NBPMrL,311.5466666666667,479.64,311.5466666666667
2020-06-14 16:15:00,4136001,Quc1TzYxW2pYoWX,263.5066666666667,381.69333333333327,263.5066666666667
2020-06-14 16:15:00,4136001,vOuJvMaM2sgwLmb,307.06,511.3200000000001,307.06
2020-06-14 16:15:00,4136001,Mx2yZCDsyf6DPfv,303.99999999999994,482.03333333333336,303.99999999999994
2020-06-14 16:15:00,4136001,4UPUqMRk7TRMgml,308.1266666666667,468.3466666666666,308.1266666666667
2020-06-14 16:15:00,4136001,xMbIugepa2P7lBB,297.50666666666666,500.80666666666673,297.50666666666666
2020-06-14 16:15:00,4136001,IQ2d7wF4YD8zU1Q,314.55333333333334,502.44666666666666,314.55333333333334
2020-06-14 16:15:00,4136001,xoJJ8DcxJEcupym,304.4285714285714,452.7533333333333,304.4285714285714
2020-06-14 16:15:00,4136001,oZZkBaNadn6DNKz,307.3071428571428,488.50666666666666,307.3071428571428
2020-06-14 16:15:00,4136001,q49J1IKaHRwDQnt,282.27333333333326,501.7642857142857,282.27333333333326
2020-06-14 16:15:00,4136001,LYwnQax7tkwH5Cb,272.24666666666667,514.7071428571429,272.24666666666667
2020-06-14 16:15:00,4136001,oZ35aAeoifZaQzV,308.62,479.38666666666666,308.62
2020-06-14 16:15:00,4136001,PeE6FRyGXUgsRhN,304.86428571428576,446.7266666666666,304.86428571428576
2020-06-14 16:15:00,4136001,LlT2YUhhzqhg5Sw,280.5866666666667,520.2142857142857,280.5866666666667
2020-06-14 16:15:00,4136001,NgDl19wMapZy17u,316.99999999999994,484.63333333333327,316.99999999999994
2020-06-14 16:15:00,4136001,V94E5Ben1TlhnDV,304.88571428571424,452.3266666666667,304.88571428571424
2020-06-14 16:30:00,4136001,xMbIugepa2P7lBB,500.80666666666673,248.20666666666668,500.80666666666673
2020-06-14 16:30:00,4136001,Quc1TzYxW2pYoWX,381.69333333333327,232.38,381.69333333333327
2020-06-14 16:30:00,4136001,9kRcWv60rDACzjR,477.20666666666665,245.86428571428573,477.20666666666665
2020-06-14 16:30:00,4136001,rrq4fwE8jgrTyWY,476.94285714285706,247.72000000000003,476.94285714285706
2020-06-14 16:30:00,4136001,LlT2YUhhzqhg5Sw,520.2142857142857,264.72666666666674,520.2142857142857
2020-06-14 16:30:00,4136001,oZZkBaNadn6DNKz,488.50666666666666,283.24666666666667,488.50666666666666
2020-06-14 16:30:00,4136001,4UPUqMRk7TRMgml,468.3466666666666,271.3533333333333,468.3466666666666
2020-06-14 16:30:00,4136001,IQ2d7wF4YD8zU1Q,502.44666666666666,254.9333333333333,502.44666666666666
2020-06-14 16:30:00,4136001,WcxssY2VbP4hApt,488.12,255.78571428571425,488.12
2020-06-14 16:30:00,4136001,LYwnQax7tkwH5Cb,514.7071428571429,252.6533333333333,514.7071428571429
2020-06-14 16:30:00,4136001,q49J1IKaHRwDQnt,501.7642857142857,256.62000000000006,501.7642857142857
2020-06-14 16:30:00,4136001,NgDl19wMapZy17u,484.63333333333327,251.9533333333333,484.63333333333327
2020-06-14 16:30:00,4136001,oZ35aAeoifZaQzV,479.38666666666666,270.0466666666667,479.38666666666666
2020-06-14 16:30:00,4136001,xoJJ8DcxJEcupym,452.7533333333333,292.4866666666667,452.7533333333333
2020-06-14 16:30:00,4136001,V94E5Ben1TlhnDV,452.3266666666667,285.25333333333333,452.3266666666667
2020-06-14 16:30:00,4136001,PeE6FRyGXUgsRhN,446.7266666666666,263.3066666666666,446.7266666666666
2020-06-14 16:30:00,4136001,81aHJ1q11NBPMrL,479.64,267.5142857142857,479.64
2020-06-14 16:30:00,4136001,vOuJvMaM2sgwLmb,511.3200000000001,266.2928571428571,511.3200000000001
2020-06-14 16:30:00,4136001,Mx2yZCDsyf6DPfv,482.03333333333336,269.16,482.03333333333336
2020-06-14 16:30:00,4136001,Et9kgGMDl729KT4,416.96,262.81333333333333,416.96
2020-06-14 16:30:00,4136001,mqwcsP2rE7J0TFp,472.1,259.72666666666674,472.1
2020-06-14 16:30:00,4136001,Qf4GUc1pJu5T6c6,442.3,268.49333333333334,442.3
2020-06-14 16:45:00,4136001,Mx2yZCDsyf6DPfv,269.16,277.1,269.16
2020-06-14 16:45:00,4136001,V94E5Ben1TlhnDV,285.25333333333333,259.44666666666666,285.25333333333333
2020-06-14 16:45:00,4136001,PeE6FRyGXUgsRhN,263.3066666666666,258.64,263.3066666666666
2020-06-14 16:45:00,4136001,NgDl19wMapZy17u,251.9533333333333,272.90714285714284,251.9533333333333
2020-06-14 16:45:00,4136001,9kRcWv60rDACzjR,245.86428571428573,261.8533333333333,245.86428571428573
2020-06-14 16:45:00,4136001,q49J1IKaHRwDQnt,256.62000000000006,257.62666666666667,256.62000000000006
2020-06-14 16:45:00,4136001,4UPUqMRk7TRMgml,271.3533333333333,277.6928571428571,271.3533333333333
2020-06-14 16:45:00,4136001,Quc1TzYxW2pYoWX,232.38,224.8333333333333,232.38
2020-06-14 16:45:00,4136001,oZZkBaNadn6DNKz,283.24666666666667,264.20000000000005,283.24666666666667
2020-06-14 16:45:00,4136001,LYwnQax7tkwH5Cb,252.6533333333333,248.54,252.6533333333333
2020-06-14 16:45:00,4136001,WcxssY2VbP4hApt,255.78571428571425,268.22,255.78571428571425
2020-06-14 16:45:00,4136001,IQ2d7wF4YD8zU1Q,254.9333333333333,276.57142857142856,254.9333333333333
2020-06-14 16:45:00,4136001,mqwcsP2rE7J0TFp,259.72666666666674,263.4,259.72666666666674
2020-06-14 16:45:00,4136001,Et9kgGMDl729KT4,262.81333333333333,230.59333333333328,262.81333333333333
2020-06-14 16:45:00,4136001,81aHJ1q11NBPMrL,267.5142857142857,263.48,267.5142857142857
2020-06-14 16:45:00,4136001,rrq4fwE8jgrTyWY,247.72000000000003,248.88666666666668,247.72000000000003
2020-06-14 16:45:00,4136001,Qf4GUc1pJu5T6c6,268.49333333333334,275.15000000000003,268.49333333333334
2020-06-14 16:45:00,4136001,xoJJ8DcxJEcupym,292.4866666666667,260.84,292.4866666666667
2020-06-14 16:45:00,4136001,oZ35aAeoifZaQzV,270.0466666666667,279.1357142857143,270.0466666666667
2020-06-14 16:45:00,4136001,xMbIugepa2P7lBB,248.20666666666668,271.8928571428571,248.20666666666668
2020-06-14 16:45:00,4136001,LlT2YUhhzqhg5Sw,264.72666666666674,255.88666666666663,264.72666666666674
2020-06-14 16:45:00,4136001,vOuJvMaM2sgwLmb,266.2928571428571,265.8666666666667,266.2928571428571
2020-06-14 17:00:00,4136001,LlT2YUhhzqhg5Sw,255.88666666666663,213.64,255.88666666666663
2020-06-14 17:00:00,4136001,oZ35aAeoifZaQzV,279.1357142857143,222.82666666666665,279.1357142857143
2020-06-14 17:00:00,4136001,Qf4GUc1pJu5T6c6,275.15000000000003,220.40666666666667,275.15000000000003
2020-06-14 17:00:00,4136001,q49J1IKaHRwDQnt,257.62666666666667,214.62000000000003,257.62666666666667
2020-06-14 17:00:00,4136001,rrq4fwE8jgrTyWY,248.88666666666668,206.82,248.88666666666668
2020-06-14 17:00:00,4136001,Et9kgGMDl729KT4,230.59333333333328,199.62,230.59333333333328
2020-06-14 17:00:00,4136001,V94E5Ben1TlhnDV,259.44666666666666,216.35714285714283,259.44666666666666
2020-06-14 17:00:00,4136001,LYwnQax7tkwH5Cb,248.54,206.72666666666672,248.54
2020-06-14 17:00:00,4136001,oZZkBaNadn6DNKz,264.20000000000005,218.76428571428568,264.20000000000005
2020-06-14 17:00:00,4136001,Mx2yZCDsyf6DPfv,277.1,222.2933333333333,277.1
2020-06-14 17:00:00,4136001,Quc1TzYxW2pYoWX,224.8333333333333,180.7733333333333,224.8333333333333
2020-06-14 17:00:00,4136001,xoJJ8DcxJEcupym,260.84,218.3642857142857,260.84
2020-06-14 17:00:00,4136001,4UPUqMRk7TRMgml,277.6928571428571,222.2933333333333,277.6928571428571
2020-06-14 17:00:00,4136001,IQ2d7wF4YD8zU1Q,276.57142857142856,224.9466666666667,276.57142857142856
2020-06-14 17:00:00,4136001,WcxssY2VbP4hApt,268.22,220.1733333333333,268.22
2020-06-14 17:00:00,4136001,mqwcsP2rE7J0TFp,263.4,223.16666666666663,263.4
2020-06-14 17:00:00,4136001,9kRcWv60rDACzjR,261.8533333333333,215.46666666666667,261.8533333333333
2020-06-14 17:00:00,4136001,NgDl19wMapZy17u,272.90714285714284,222.68666666666667,272.90714285714284
2020-06-14 17:00:00,4136001,PeE6FRyGXUgsRhN,258.64,214.57142857142856,258.64
2020-06-14 17:00:00,4136001,xMbIugepa2P7lBB,271.8928571428571,220.10666666666663,271.8928571428571
2020-06-14 17:00:00,4136001,81aHJ1q11NBPMrL,263.48,216.20666666666668,263.48
2020-06-14 17:00:00,4136001,vOuJvMaM2sgwLmb,265.8666666666667,217.9533333333333,265.8666666666667
2020-06-14 17:15:00,4136001,WcxssY2VbP4hApt,220.1733333333333,166.70666666666665,220.1733333333333
2020-06-14 17:15:00,4136001,LYwnQax7tkwH5Cb,206.72666666666672,155.00714285714287,206.72666666666672
2020-06-14 17:15:00,4136001,PeE6FRyGXUgsRhN,214.57142857142856,162.66000000000005,214.57142857142856
2020-06-14 17:15:00,4136001,81aHJ1q11NBPMrL,216.20666666666668,162.27333333333337,216.20666666666668
2020-06-14 17:15:00,4136001,vOuJvMaM2sgwLmb,217.9533333333333,164.77333333333334,217.9533333333333
2020-06-14 17:15:00,4136001,V94E5Ben1TlhnDV,216.35714285714283,161.34000000000003,216.35714285714283
2020-06-14 17:15:00,4136001,Mx2yZCDsyf6DPfv,222.2933333333333,171.11333333333334,222.2933333333333
2020-06-14 17:15:00,4136001,oZ35aAeoifZaQzV,222.82666666666665,172.50666666666666,222.82666666666665
2020-06-14 17:15:00,4136001,Et9kgGMDl729KT4,199.62,152.29285714285714,199.62
2020-06-14 17:15:00,4136001,NgDl19wMapZy17u,222.68666666666667,170.9533333333333,222.68666666666667
2020-06-14 17:15:00,4136001,q49J1IKaHRwDQnt,214.62000000000003,161.29285714285714,214.62000000000003
2020-06-14 17:15:00,4136001,IQ2d7wF4YD8zU1Q,224.9466666666667,172.84666666666666,224.9466666666667
2020-06-14 17:15:00,4136001,xoJJ8DcxJEcupym,218.3642857142857,162.89333333333337,218.3642857142857
2020-06-14 17:15:00,4136001,Qf4GUc1pJu5T6c6,220.40666666666667,172.41999999999996,220.40666666666667
2020-06-14 17:15:00,4136001,rrq4fwE8jgrTyWY,206.82,155.8714285714286,206.82
2020-06-14 17:15:00,4136001,mqwcsP2rE7J0TFp,223.16666666666663,172.64666666666665,223.16666666666663
2020-06-14 17:15:00,4136001,oZZkBaNadn6DNKz,218.76428571428568,165.48666666666668,218.76428571428568
2020-06-14 17:15:00,4136001,Quc1TzYxW2pYoWX,180.7733333333333,139.22142857142856,180.7733333333333
2020-06-14 17:15:00,4136001,4UPUqMRk7TRMgml,222.2933333333333,172.62,222.2933333333333
2020-06-14 17:15:00,4136001,xMbIugepa2P7lBB,220.10666666666663,168.50000000000003,220.10666666666663
2020-06-14 17:15:00,4136001,LlT2YUhhzqhg5Sw,213.64,159.59285714285713,213.64
2020-06-14 17:15:00,4136001,9kRcWv60rDACzjR,215.46666666666667,162.67333333333332,215.46666666666667
2020-06-14 17:30:00,4136001,xMbIugepa2P7lBB,168.50000000000003,145.35333333333332,168.50000000000003
2020-06-14 17:30:00,4136001,Mx2yZCDsyf6DPfv,171.11333333333334,157.92000000000002,171.11333333333334
2020-06-14 17:30:00,4136001,IQ2d7wF4YD8zU1Q,172.84666666666666,146.46,172.84666666666666
2020-06-14 17:30:00,4136001,Qf4GUc1pJu5T6c6,172.41999999999996,147.64,172.41999999999996
2020-06-14 17:30:00,4136001,Quc1TzYxW2pYoWX,139.22142857142856,133.06,139.22142857142856
2020-06-14 17:30:00,4136001,81aHJ1q11NBPMrL,162.27333333333337,156.38666666666668,162.27333333333337
2020-06-14 17:30:00,4136001,4UPUqMRk7TRMgml,172.62,153.07333333333335,172.62
2020-06-14 17:30:00,4136001,Et9kgGMDl729KT4,152.29285714285714,145.3733333333333,152.29285714285714
2020-06-14 17:30:00,4136001,mqwcsP2rE7J0TFp,172.64666666666665,142.36,172.64666666666665
2020-06-14 17:30:00,4136001,oZ35aAeoifZaQzV,172.50666666666666,160.7866666666667,172.50666666666666
2020-06-14 17:30:00,4136001,oZZkBaNadn6DNKz,165.48666666666668,157.48666666666668,165.48666666666668
2020-06-14 17:30:00,4136001,PeE6FRyGXUgsRhN,162.66000000000005,154.55333333333334,162.66000000000005
2020-06-14 17:30:00,4136001,NgDl19wMapZy17u,170.9533333333333,143.82000000000002,170.9533333333333
2020-06-14 17:30:00,4136001,q49J1IKaHRwDQnt,161.29285714285714,142.63333333333333,161.29285714285714
2020-06-14 17:30:00,4136001,LlT2YUhhzqhg5Sw,159.59285714285713,142.4733333333333,159.59285714285713
2020-06-14 17:30:00,4136001,9kRcWv60rDACzjR,162.67333333333332,148.2,162.67333333333332
2020-06-14 17:30:00,4136001,xoJJ8DcxJEcupym,162.89333333333337,157.01999999999998,162.89333333333337
2020-06-14 17:30:00,4136001,WcxssY2VbP4hApt,166.70666666666665,152.82000000000002,166.70666666666665
2020-06-14 17:30:00,4136001,V94E5Ben1TlhnDV,161.34000000000003,156.15333333333334,161.34000000000003
2020-06-14 17:30:00,4136001,LYwnQax7tkwH5Cb,155.00714285714287,134.88000000000002,155.00714285714287
2020-06-14 17:30:00,4136001,rrq4fwE8jgrTyWY,155.8714285714286,133.55333333333334,155.8714285714286
2020-06-14 17:30:00,4136001,vOuJvMaM2sgwLmb,164.77333333333334,156.2066666666667,164.77333333333334
2020-06-14 17:45:00,4136001,oZ35aAeoifZaQzV,160.7866666666667,103.97142857142858,160.7866666666667
2020-06-14 17:45:00,4136001,vOuJvMaM2sgwLmb,156.2066666666667,101.08571428571427,156.2066666666667
2020-06-14 17:45:00,4136001,oZZkBaNadn6DNKz,157.48666666666668,100.70666666666668,157.48666666666668
2020-06-14 17:45:00,4136001,9kRcWv60rDACzjR,148.2,99.74285714285712,148.2
2020-06-14 17:45:00,4136001,Et9kgGMDl729KT4,145.3733333333333,92.36,145.3733333333333
2020-06-14 17:45:00,4136001,Mx2yZCDsyf6DPfv,157.92000000000002,102.03571428571432,157.92000000000002
2020-06-14 17:45:00,4136001,Qf4GUc1pJu5T6c6,147.64,101.25714285714284,147.64
2020-06-14 17:45:00,4136001,q49J1IKaHRwDQnt,142.63333333333333,98.82666666666664,142.63333333333333
2020-06-14 17:45:00,4136001,xoJJ8DcxJEcupym,157.01999999999998,100.03333333333332,157.01999999999998
2020-06-14 17:45:00,4136001,V94E5Ben1TlhnDV,156.15333333333334,98.91999999999996,156.15333333333334
2020-06-14 17:45:00,4136001,WcxssY2VbP4hApt,152.82000000000002,101.63571428571429,152.82000000000002
2020-06-14 17:45:00,4136001,rrq4fwE8jgrTyWY,133.55333333333334,94.67333333333336,133.55333333333334
2020-06-14 17:45:00,4136001,xMbIugepa2P7lBB,145.35333333333332,100.62142857142857,145.35333333333332
2020-06-14 17:45:00,4136001,LlT2YUhhzqhg5Sw,142.4733333333333,98.3733333333333,142.4733333333333
2020-06-14 17:45:00,4136001,IQ2d7wF4YD8zU1Q,146.46,102.51428571428572,146.46
2020-06-14 17:45:00,4136001,NgDl19wMapZy17u,143.82000000000002,101.35,143.82000000000002
2020-06-14 17:45:00,4136001,mqwcsP2rE7J0TFp,142.36,101.79285714285712,142.36
2020-06-14 17:45:00,4136001,4UPUqMRk7TRMgml,153.07333333333335,102.46428571428572,153.07333333333335
2020-06-14 17:45:00,4136001,Quc1TzYxW2pYoWX,133.06,84.4,133.06
2020-06-14 17:45:00,4136001,PeE6FRyGXUgsRhN,154.55333333333334,98.48,154.55333333333334
2020-06-14 17:45:00,4136001,81aHJ1q11NBPMrL,156.38666666666668,99.97857142857144,156.38666666666668
2020-06-14 17:45:00,4136001,LYwnQax7tkwH5Cb,134.88000000000002,94.83333333333331,134.88000000000002
2020-06-14 18:00:00,4136001,4UPUqMRk7TRMgml,102.46428571428572,61.32,102.46428571428572
2020-06-14 18:00:00,4136001,PeE6FRyGXUgsRhN,98.48,55.9,98.48
2020-06-14 18:00:00,4136001,xoJJ8DcxJEcupym,100.03333333333332,56.18,100.03333333333332
2020-06-14 18:00:00,4136001,V94E5Ben1TlhnDV,98.91999999999996,56.22666666666667,98.91999999999996
2020-06-14 18:00:00,4136001,Qf4GUc1pJu5T6c6,101.25714285714284,61.3,101.25714285714284
2020-06-14 18:00:00,4136001,NgDl19wMapZy17u,101.35,59.886666666666656,101.35
2020-06-14 18:00:00,4136001,vOuJvMaM2sgwLmb,101.08571428571427,59.68,101.08571428571427
2020-06-14 18:00:00,4136001,9kRcWv60rDACzjR,99.74285714285712,58.25333333333334,99.74285714285712
2020-06-14 18:00:00,4136001,oZZkBaNadn6DNKz,100.70666666666668,57.12,100.70666666666668
2020-06-14 18:00:00,4136001,Quc1TzYxW2pYoWX,84.4,50.24,84.4
2020-06-14 18:00:00,4136001,LlT2YUhhzqhg5Sw,98.3733333333333,55.453333333333326,98.3733333333333
2020-06-14 18:00:00,4136001,xMbIugepa2P7lBB,100.62142857142857,59.04,100.62142857142857
2020-06-14 18:00:00,4136001,WcxssY2VbP4hApt,101.63571428571429,59.546666666666674,101.63571428571429
2020-06-14 18:00:00,4136001,rrq4fwE8jgrTyWY,94.67333333333336,53.813333333333325,94.67333333333336
2020-06-14 18:00:00,4136001,q49J1IKaHRwDQnt,98.82666666666664,56.15333333333334,98.82666666666664
2020-06-14 18:00:00,4136001,LYwnQax7tkwH5Cb,94.83333333333331,53.50666666666666,94.83333333333331
2020-06-14 18:00:00,4136001,Mx2yZCDsyf6DPfv,102.03571428571432,62.64666666666668,102.03571428571432
2020-06-14 18:00:00,4136001,81aHJ1q11NBPMrL,99.97857142857144,58.24,99.97857142857144
2020-06-14 18:00:00,4136001,IQ2d7wF4YD8zU1Q,102.51428571428572,60.706666666666656,102.51428571428572
2020-06-14 18:00:00,4136001,oZ35aAeoifZaQzV,103.97142857142858,60.65333333333333,103.97142857142858
2020-06-14 18:00:00,4136001,Et9kgGMDl729KT4,92.36,54.54666666666667,92.36
2020-06-14 18:00:00,4136001,mqwcsP2rE7J0TFp,101.79285714285712,60.71333333333333,101.79285714285712
2020-06-14 18:15:00,4136001,xoJJ8DcxJEcupym,56.18,21.335714285714285,56.18
2020-06-14 18:15:00,4136001,rrq4fwE8jgrTyWY,53.813333333333325,19.046666666666667,53.813333333333325
2020-06-14 18:15:00,4136001,81aHJ1q11NBPMrL,58.24,22.386666666666667,58.24
2020-06-14 18:15:00,4136001,IQ2d7wF4YD8zU1Q,60.706666666666656,22.193333333333328,60.706666666666656
2020-06-14 18:15:00,4136001,WcxssY2VbP4hApt,59.546666666666674,22.793333333333333,59.546666666666674
2020-06-14 18:15:00,4136001,xMbIugepa2P7lBB,59.04,21.48,59.04
2020-06-14 18:15:00,4136001,PeE6FRyGXUgsRhN,55.9,21.835714285714285,55.9
2020-06-14 18:15:00,4136001,oZ35aAeoifZaQzV,60.65333333333333,24.086666666666662,60.65333333333333
2020-06-14 18:15:00,4136001,Et9kgGMDl729KT4,54.54666666666667,20.99333333333333,54.54666666666667
2020-06-14 18:15:00,4136001,LlT2YUhhzqhg5Sw,55.453333333333326,19.933333333333334,55.453333333333326
2020-06-14 18:15:00,4136001,vOuJvMaM2sgwLmb,59.68,23.23333333333333,59.68
2020-06-14 18:15:00,4136001,q49J1IKaHRwDQnt,56.15333333333334,20.126666666666665,56.15333333333334
2020-06-14 18:15:00,4136001,Qf4GUc1pJu5T6c6,61.3,22.906666666666663,61.3
2020-06-14 18:15:00,4136001,9kRcWv60rDACzjR,58.25333333333334,22.219999999999995,58.25333333333334
2020-06-14 18:15:00,4136001,LYwnQax7tkwH5Cb,53.50666666666666,18.88,53.50666666666666
2020-06-14 18:15:00,4136001,oZZkBaNadn6DNKz,57.12,22.392857142857142,57.12
2020-06-14 18:15:00,4136001,4UPUqMRk7TRMgml,61.32,23.08,61.32
2020-06-14 18:15:00,4136001,V94E5Ben1TlhnDV,56.22666666666667,22.585714285714285,56.22666666666667
2020-06-14 18:15:00,4136001,NgDl19wMapZy17u,59.886666666666656,21.88,59.886666666666656
2020-06-14 18:15:00,4136001,Quc1TzYxW2pYoWX,50.24,19.28666666666667,50.24
2020-06-14 18:15:00,4136001,Mx2yZCDsyf6DPfv,62.64666666666668,22.7,62.64666666666668
2020-06-14 18:15:00,4136001,mqwcsP2rE7J0TFp,60.71333333333333,22.16,60.71333333333333
2020-06-14 18:30:00,4136001,9kRcWv60rDACzjR,22.219999999999995,0.0,22.219999999999995
2020-06-14 18:30:00,4136001,oZZkBaNadn6DNKz,22.392857142857142,0.0,22.392857142857142
2020-06-14 18:30:00,4136001,Mx2yZCDsyf6DPfv,22.7,0.0,22.7
2020-06-14 18:30:00,4136001,q49J1IKaHRwDQnt,20.126666666666665,0.0,20.126666666666665
2020-06-14 18:30:00,4136001,Qf4GUc1pJu5T6c6,22.906666666666663,0.0,22.906666666666663
2020-06-14 18:30:00,4136001,PeE6FRyGXUgsRhN,21.835714285714285,0.0,21.835714285714285
2020-06-14 18:30:00,4136001,4UPUqMRk7TRMgml,23.08,0.0,23.08
2020-06-14 18:30:00,4136001,oZ35aAeoifZaQzV,24.086666666666662,0.0,24.086666666666662
2020-06-14 18:30:00,4136001,LYwnQax7tkwH5Cb,18.88,0.0,18.88
2020-06-14 18:30:00,4136001,Et9kgGMDl729KT4,20.99333333333333,0.0,20.99333333333333
2020-06-14 18:30:00,4136001,rrq4fwE8jgrTyWY,19.046666666666667,0.0,19.046666666666667
2020-06-14 18:30:00,4136001,vOuJvMaM2sgwLmb,23.23333333333333,0.0,23.23333333333333
2020-06-14 18:30:00,4136001,LlT2YUhhzqhg5Sw,19.933333333333334,0.0,19.933333333333334
2020-06-14 18:30:00,4136001,Quc1TzYxW2pYoWX,19.28666666666667,0.0,19.28666666666667
2020-06-14 18:30:00,4136001,81aHJ1q11NBPMrL,22.386666666666667,0.0,22.386666666666667
2020-06-14 18:30:00,4136001,IQ2d7wF4YD8zU1Q,22.193333333333328,0.0,22.193333333333328
2020-06-14 18:30:00,4136001,WcxssY2VbP4hApt,22.793333333333333,0.0,22.793333333333333
2020-06-14 18:30:00,4136001,mqwcsP2rE7J0TFp,22.16,0.0,22.16
2020-06-14 18:30:00,4136001,xoJJ8DcxJEcupym,21.335714285714285,0.0,21.335714285714285
2020-06-14 18:30:00,4136001,V94E5Ben1TlhnDV,22.585714285714285,0.0,22.585714285714285
2020-06-14 18:30:00,4136001,NgDl19wMapZy17u,21.88,0.0,21.88
2020-06-14 18:30:00,4136001,xMbIugepa2P7lBB,21.48,0.0,21.48
2020-06-14 18:45:00,4136001,xoJJ8DcxJEcupym,0.0,0.0,0.0
2020-06-14 18:45:00,4136001,Et9kgGMDl729KT4,0.0,0.0,0.0
2020-06-14 18:45:00,4136001,81aHJ1q11NBPMrL,0.0,0.0,0.0
2020-06-14 18:45:00,4136001,LYwnQax7tkwH5Cb,0.0,0.0,0.0
2020-06-14 18:45:00,4136001,4UPUqMRk7TRMgml,0.0,0.0,0.0
2020-06-14 18:45:00,4136001,oZ35aAeoifZaQzV,0.0,0.0,0.0
2020-06-14 18:45:00,4136001,IQ2d7wF4YD8zU1Q,0.0,0.0,0.0
2020-06-14 18:45:00,4136001,9kRcWv60rDACzjR,0.0,0.0,0.0
2020-06-14 18:45:00,4136001,WcxssY2VbP4hApt,0.0,0.0,0.0
2020-06-14 18:45:00,4136001,NgDl19wMapZy17u,0.0,0.0,0.0
2020-06-14 18:45:00,4136001,Qf4GUc1pJu5T6c6,0.0,0.0,0.0
2020-06-14 18:45:00,4136001,vOuJvMaM2sgwLmb,0.0,0.0,0.0
2020-06-14 18:45:00,4136001,mqwcsP2rE7J0TFp,0.0,0.0,0.0
2020-06-14 18:45:00,4136001,rrq4fwE8jgrTyWY,0.0,0.0,0.0
2020-06-14 18:45:00,4136001,xMbIugepa2P7lBB,0.0,0.0,0.0
2020-06-14 18:45:00,4136001,Mx2yZCDsyf6DPfv,0.0,0.0,0.0
2020-06-14 18:45:00,4136001,Quc1TzYxW2pYoWX,0.0,0.0,0.0
2020-06-14 18:45:00,4136001,oZZkBaNadn6DNKz,0.0,0.0,0.0
2020-06-14 18:45:00,4136001,PeE6FRyGXUgsRhN,0.0,0.0,0.0
2020-06-14 18:45:00,4136001,q49J1IKaHRwDQnt,0.0,0.0,0.0
2020-06-14 18:45:00,4136001,LlT2YUhhzqhg5Sw,0.0,0.0,0.0
2020-06-14 18:45:00,4136001,V94E5Ben1TlhnDV,0.0,0.0,0.0
2020-06-14 19:00:00,4136001,PeE6FRyGXUgsRhN,0.0,0.0,0.0
2020-06-14 19:00:00,4136001,mqwcsP2rE7J0TFp,0.0,0.0,0.0
2020-06-14 19:00:00,4136001,Qf4GUc1pJu5T6c6,0.0,0.0,0.0
2020-06-14 19:00:00,4136001,rrq4fwE8jgrTyWY,0.0,0.0,0.0
2020-06-14 19:00:00,4136001,IQ2d7wF4YD8zU1Q,0.0,0.0,0.0
2020-06-14 19:00:00,4136001,xMbIugepa2P7lBB,0.0,0.0,0.0
2020-06-14 19:00:00,4136001,vOuJvMaM2sgwLmb,0.0,0.0,0.0
2020-06-14 19:00:00,4136001,Mx2yZCDsyf6DPfv,0.0,0.0,0.0
2020-06-14 19:00:00,4136001,q49J1IKaHRwDQnt,0.0,0.0,0.0
2020-06-14 19:00:00,4136001,9kRcWv60rDACzjR,0.0,0.0,0.0
2020-06-14 19:00:00,4136001,xoJJ8DcxJEcupym,0.0,0.0,0.0
2020-06-14 19:00:00,4136001,LYwnQax7tkwH5Cb,0.0,0.0,0.0
2020-06-14 19:00:00,4136001,LlT2YUhhzqhg5Sw,0.0,0.0,0.0
2020-06-14 19:00:00,4136001,4UPUqMRk7TRMgml,0.0,0.0,0.0
2020-06-14 19:00:00,4136001,NgDl19wMapZy17u,0.0,0.0,0.0
2020-06-14 19:00:00,4136001,V94E5Ben1TlhnDV,0.0,0.0,0.0
2020-06-14 19:00:00,4136001,WcxssY2VbP4hApt,0.0,0.0,0.0
2020-06-14 19:00:00,4136001,oZZkBaNadn6DNKz,0.0,0.0,0.0
2020-06-14 19:00:00,4136001,Quc1TzYxW2pYoWX,0.0,0.0,0.0
2020-06-14 19:00:00,4136001,81aHJ1q11NBPMrL,0.0,0.0,0.0
2020-06-14 19:00:00,4136001,Et9kgGMDl729KT4,0.0,0.0,0.0
2020-06-14 19:00:00,4136001,oZ35aAeoifZaQzV,0.0,0.0,0.0
2020-06-14 19:15:00,4136001,q49J1IKaHRwDQnt,0.0,0.0,0.0
2020-06-14 19:15:00,4136001,vOuJvMaM2sgwLmb,0.0,0.0,0.0
2020-06-14 19:15:00,4136001,NgDl19wMapZy17u,0.0,0.0,0.0
2020-06-14 19:15:00,4136001,Mx2yZCDsyf6DPfv,0.0,0.0,0.0
2020-06-14 19:15:00,4136001,mqwcsP2rE7J0TFp,0.0,0.0,0.0
2020-06-14 19:15:00,4136001,rrq4fwE8jgrTyWY,0.0,0.0,0.0
2020-06-14 19:15:00,4136001,oZZkBaNadn6DNKz,0.0,0.0,0.0
2020-06-14 19:15:00,4136001,81aHJ1q11NBPMrL,0.0,0.0,0.0
2020-06-14 19:15:00,4136001,LYwnQax7tkwH5Cb,0.0,0.0,0.0
2020-06-14 19:15:00,4136001,xoJJ8DcxJEcupym,0.0,0.0,0.0
2020-06-14 19:15:00,4136001,LlT2YUhhzqhg5Sw,0.0,0.0,0.0
2020-06-14 19:15:00,4136001,4UPUqMRk7TRMgml,0.0,0.0,0.0
2020-06-14 19:15:00,4136001,Quc1TzYxW2pYoWX,0.0,0.0,0.0
2020-06-14 19:15:00,4136001,oZ35aAeoifZaQzV,0.0,0.0,0.0
2020-06-14 19:15:00,4136001,WcxssY2VbP4hApt,0.0,0.0,0.0
2020-06-14 19:15:00,4136001,xMbIugepa2P7lBB,0.0,0.0,0.0
2020-06-14 19:15:00,4136001,Et9kgGMDl729KT4,0.0,0.0,0.0
2020-06-14 19:15:00,4136001,IQ2d7wF4YD8zU1Q,0.0,0.0,0.0
2020-06-14 19:15:00,4136001,Qf4GUc1pJu5T6c6,0.0,0.0,0.0
2020-06-14 19:15:00,4136001,9kRcWv60rDACzjR,0.0,0.0,0.0
2020-06-14 19:15:00,4136001,PeE6FRyGXUgsRhN,0.0,0.0,0.0
2020-06-14 19:15:00,4136001,V94E5Ben1TlhnDV,0.0,0.0,0.0
2020-06-14 19:30:00,4136001,oZZkBaNadn6DNKz,0.0,0.0,0.0
2020-06-14 19:30:00,4136001,oZ35aAeoifZaQzV,0.0,0.0,0.0
2020-06-14 19:30:00,4136001,q49J1IKaHRwDQnt,0.0,0.0,0.0
2020-06-14 19:30:00,4136001,WcxssY2VbP4hApt,0.0,0.0,0.0
2020-06-14 19:30:00,4136001,Quc1TzYxW2pYoWX,0.0,0.0,0.0
2020-06-14 19:30:00,4136001,xoJJ8DcxJEcupym,0.0,0.0,0.0
2020-06-14 19:30:00,4136001,IQ2d7wF4YD8zU1Q,0.0,0.0,0.0
2020-06-14 19:30:00,4136001,xMbIugepa2P7lBB,0.0,0.0,0.0
2020-06-14 19:30:00,4136001,LYwnQax7tkwH5Cb,0.0,0.0,0.0
2020-06-14 19:30:00,4136001,PeE6FRyGXUgsRhN,0.0,0.0,0.0
2020-06-14 19:30:00,4136001,vOuJvMaM2sgwLmb,0.0,0.0,0.0
2020-06-14 19:30:00,4136001,mqwcsP2rE7J0TFp,0.0,0.0,0.0
2020-06-14 19:30:00,4136001,9kRcWv60rDACzjR,0.0,0.0,0.0
2020-06-14 19:30:00,4136001,V94E5Ben1TlhnDV,0.0,0.0,0.0
2020-06-14 19:30:00,4136001,4UPUqMRk7TRMgml,0.0,0.0,0.0
2020-06-14 19:30:00,4136001,Qf4GUc1pJu5T6c6,0.0,0.0,0.0
2020-06-14 19:30:00,4136001,Mx2yZCDsyf6DPfv,0.0,0.0,0.0
2020-06-14 19:30:00,4136001,81aHJ1q11NBPMrL,0.0,0.0,0.0
2020-06-14 19:30:00,4136001,NgDl19wMapZy17u,0.0,0.0,0.0
2020-06-14 19:30:00,4136001,LlT2YUhhzqhg5Sw,0.0,0.0,0.0
2020-06-14 19:30:00,4136001,rrq4fwE8jgrTyWY,0.0,0.0,0.0
2020-06-14 19:30:00,4136001,Et9kgGMDl729KT4,0.0,0.0,0.0
2020-06-14 19:45:00,4136001,Et9kgGMDl729KT4,0.0,0.0,0.0
2020-06-14 19:45:00,4136001,vOuJvMaM2sgwLmb,0.0,0.0,0.0
2020-06-14 19:45:00,4136001,rrq4fwE8jgrTyWY,0.0,0.0,0.0
2020-06-14 19:45:00,4136001,81aHJ1q11NBPMrL,0.0,0.0,0.0
2020-06-14 19:45:00,4136001,Quc1TzYxW2pYoWX,0.0,0.0,0.0
2020-06-14 19:45:00,4136001,IQ2d7wF4YD8zU1Q,0.0,0.0,0.0
2020-06-14 19:45:00,4136001,WcxssY2VbP4hApt,0.0,0.0,0.0
2020-06-14 19:45:00,4136001,9kRcWv60rDACzjR,0.0,0.0,0.0
2020-06-14 19:45:00,4136001,NgDl19wMapZy17u,0.0,0.0,0.0
2020-06-14 19:45:00,4136001,xoJJ8DcxJEcupym,0.0,0.0,0.0
2020-06-14 19:45:00,4136001,oZ35aAeoifZaQzV,0.0,0.0,0.0
2020-06-14 19:45:00,4136001,PeE6FRyGXUgsRhN,0.0,0.0,0.0
2020-06-14 19:45:00,4136001,V94E5Ben1TlhnDV,0.0,0.0,0.0
2020-06-14 19:45:00,4136001,LlT2YUhhzqhg5Sw,0.0,0.0,0.0
2020-06-14 19:45:00,4136001,xMbIugepa2P7lBB,0.0,0.0,0.0
2020-06-14 19:45:00,4136001,Qf4GUc1pJu5T6c6,0.0,0.0,0.0
2020-06-14 19:45:00,4136001,oZZkBaNadn6DNKz,0.0,0.0,0.0
2020-06-14 19:45:00,4136001,Mx2yZCDsyf6DPfv,0.0,0.0,0.0
2020-06-14 19:45:00,4136001,q49J1IKaHRwDQnt,0.0,0.0,0.0
2020-06-14 19:45:00,4136001,mqwcsP2rE7J0TFp,0.0,0.0,0.0
2020-06-14 19:45:00,4136001,4UPUqMRk7TRMgml,0.0,0.0,0.0
2020-06-14 19:45:00,4136001,LYwnQax7tkwH5Cb,0.0,0.0,0.0
2020-06-14 20:00:00,4136001,vOuJvMaM2sgwLmb,0.0,0.0,0.0
2020-06-14 20:00:00,4136001,V94E5Ben1TlhnDV,0.0,0.0,0.0
2020-06-14 20:00:00,4136001,xoJJ8DcxJEcupym,0.0,0.0,0.0
2020-06-14 20:00:00,4136001,mqwcsP2rE7J0TFp,0.0,0.0,0.0
2020-06-14 20:00:00,4136001,LlT2YUhhzqhg5Sw,0.0,0.0,0.0
2020-06-14 20:00:00,4136001,oZZkBaNadn6DNKz,0.0,0.0,0.0
2020-06-14 20:00:00,4136001,WcxssY2VbP4hApt,0.0,0.0,0.0
2020-06-14 20:00:00,4136001,4UPUqMRk7TRMgml,0.0,0.0,0.0
2020-06-14 20:00:00,4136001,oZ35aAeoifZaQzV,0.0,0.0,0.0
2020-06-14 20:00:00,4136001,PeE6FRyGXUgsRhN,0.0,0.0,0.0
2020-06-14 20:00:00,4136001,Et9kgGMDl729KT4,0.0,0.0,0.0
2020-06-14 20:00:00,4136001,IQ2d7wF4YD8zU1Q,0.0,0.0,0.0
2020-06-14 20:00:00,4136001,xMbIugepa2P7lBB,0.0,0.0,0.0
2020-06-14 20:00:00,4136001,Mx2yZCDsyf6DPfv,0.0,0.0,0.0
2020-06-14 20:00:00,4136001,NgDl19wMapZy17u,0.0,0.0,0.0
2020-06-14 20:00:00,4136001,9kRcWv60rDACzjR,0.0,0.0,0.0
2020-06-14 20:00:00,4136001,81aHJ1q11NBPMrL,0.0,0.0,0.0
2020-06-14 20:00:00,4136001,Qf4GUc1pJu5T6c6,0.0,0.0,0.0
2020-06-14 20:00:00,4136001,q49J1IKaHRwDQnt,0.0,0.0,0.0
2020-06-14 20:00:00,4136001,Quc1TzYxW2pYoWX,0.0,0.0,0.0
2020-06-14 20:00:00,4136001,LYwnQax7tkwH5Cb,0.0,0.0,0.0
2020-06-14 20:00:00,4136001,rrq4fwE8jgrTyWY,0.0,0.0,0.0
2020-06-14 20:15:00,4136001,LYwnQax7tkwH5Cb,0.0,0.0,0.0
2020-06-14 20:15:00,4136001,PeE6FRyGXUgsRhN,0.0,0.0,0.0
2020-06-14 20:15:00,4136001,Et9kgGMDl729KT4,0.0,0.0,0.0
2020-06-14 20:15:00,4136001,IQ2d7wF4YD8zU1Q,0.0,0.0,0.0
2020-06-14 20:15:00,4136001,vOuJvMaM2sgwLmb,0.0,0.0,0.0
2020-06-14 20:15:00,4136001,NgDl19wMapZy17u,0.0,0.0,0.0
2020-06-14 20:15:00,4136001,xMbIugepa2P7lBB,0.0,0.0,0.0
2020-06-14 20:15:00,4136001,WcxssY2VbP4hApt,0.0,0.0,0.0
2020-06-14 20:15:00,4136001,9kRcWv60rDACzjR,0.0,0.0,0.0
2020-06-14 20:15:00,4136001,4UPUqMRk7TRMgml,0.0,0.0,0.0
2020-06-14 20:15:00,4136001,81aHJ1q11NBPMrL,0.0,0.0,0.0
2020-06-14 20:15:00,4136001,rrq4fwE8jgrTyWY,0.0,0.0,0.0
2020-06-14 20:15:00,4136001,oZ35aAeoifZaQzV,0.0,0.0,0.0
2020-06-14 20:15:00,4136001,oZZkBaNadn6DNKz,0.0,0.0,0.0
2020-06-14 20:15:00,4136001,LlT2YUhhzqhg5Sw,0.0,0.0,0.0
2020-06-14 20:15:00,4136001,Quc1TzYxW2pYoWX,0.0,0.0,0.0
2020-06-14 20:15:00,4136001,q49J1IKaHRwDQnt,0.0,0.0,0.0
2020-06-14 20:15:00,4136001,V94E5Ben1TlhnDV,0.0,0.0,0.0
2020-06-14 20:15:00,4136001,Qf4GUc1pJu5T6c6,0.0,0.0,0.0
2020-06-14 20:15:00,4136001,xoJJ8DcxJEcupym,0.0,0.0,0.0
2020-06-14 20:15:00,4136001,Mx2yZCDsyf6DPfv,0.0,0.0,0.0
2020-06-14 20:15:00,4136001,mqwcsP2rE7J0TFp,0.0,0.0,0.0
2020-06-14 20:30:00,4136001,V94E5Ben1TlhnDV,0.0,0.0,0.0
2020-06-14 20:30:00,4136001,mqwcsP2rE7J0TFp,0.0,0.0,0.0
2020-06-14 20:30:00,4136001,NgDl19wMapZy17u,0.0,0.0,0.0
2020-06-14 20:30:00,4136001,xMbIugepa2P7lBB,0.0,0.0,0.0
2020-06-14 20:30:00,4136001,81aHJ1q11NBPMrL,0.0,0.0,0.0
2020-06-14 20:30:00,4136001,LYwnQax7tkwH5Cb,0.0,0.0,0.0
2020-06-14 20:30:00,4136001,WcxssY2VbP4hApt,0.0,0.0,0.0
2020-06-14 20:30:00,4136001,9kRcWv60rDACzjR,0.0,0.0,0.0
2020-06-14 20:30:00,4136001,q49J1IKaHRwDQnt,0.0,0.0,0.0
2020-06-14 20:30:00,4136001,4UPUqMRk7TRMgml,0.0,0.0,0.0
2020-06-14 20:30:00,4136001,oZZkBaNadn6DNKz,0.0,0.0,0.0
2020-06-14 20:30:00,4136001,rrq4fwE8jgrTyWY,0.0,0.0,0.0
2020-06-14 20:30:00,4136001,Qf4GUc1pJu5T6c6,0.0,0.0,0.0
2020-06-14 20:30:00,4136001,vOuJvMaM2sgwLmb,0.0,0.0,0.0
2020-06-14 20:30:00,4136001,Mx2yZCDsyf6DPfv,0.0,0.0,0.0
2020-06-14 20:30:00,4136001,Quc1TzYxW2pYoWX,0.0,0.0,0.0
2020-06-14 20:30:00,4136001,xoJJ8DcxJEcupym,0.0,0.0,0.0
2020-06-14 20:30:00,4136001,LlT2YUhhzqhg5Sw,0.0,0.0,0.0
2020-06-14 20:30:00,4136001,Et9kgGMDl729KT4,0.0,0.0,0.0
2020-06-14 20:30:00,4136001,oZ35aAeoifZaQzV,0.0,0.0,0.0
2020-06-14 20:30:00,4136001,PeE6FRyGXUgsRhN,0.0,0.0,0.0
2020-06-14 20:30:00,4136001,IQ2d7wF4YD8zU1Q,0.0,0.0,0.0
2020-06-14 20:45:00,4136001,81aHJ1q11NBPMrL,0.0,0.0,0.0
2020-06-14 20:45:00,4136001,Qf4GUc1pJu5T6c6,0.0,0.0,0.0
2020-06-14 20:45:00,4136001,rrq4fwE8jgrTyWY,0.0,0.0,0.0
2020-06-14 20:45:00,4136001,Et9kgGMDl729KT4,0.0,0.0,0.0
2020-06-14 20:45:00,4136001,q49J1IKaHRwDQnt,0.0,0.0,0.0
2020-06-14 20:45:00,4136001,4UPUqMRk7TRMgml,0.0,0.0,0.0
2020-06-14 20:45:00,4136001,LlT2YUhhzqhg5Sw,0.0,0.0,0.0
2020-06-14 20:45:00,4136001,PeE6FRyGXUgsRhN,0.0,0.0,0.0
2020-06-14 20:45:00,4136001,mqwcsP2rE7J0TFp,0.0,0.0,0.0
2020-06-14 20:45:00,4136001,9kRcWv60rDACzjR,0.0,0.0,0.0
2020-06-14 20:45:00,4136001,xMbIugepa2P7lBB,0.0,0.0,0.0
2020-06-14 20:45:00,4136001,oZZkBaNadn6DNKz,0.0,0.0,0.0
2020-06-14 20:45:00,4136001,xoJJ8DcxJEcupym,0.0,0.0,0.0
2020-06-14 20:45:00,4136001,V94E5Ben1TlhnDV,0.0,0.0,0.0
2020-06-14 20:45:00,4136001,Quc1TzYxW2pYoWX,0.0,0.0,0.0
2020-06-14 20:45:00,4136001,LYwnQax7tkwH5Cb,0.0,0.0,0.0
2020-06-14 20:45:00,4136001,vOuJvMaM2sgwLmb,0.0,0.0,0.0
2020-06-14 20:45:00,4136001,oZ35aAeoifZaQzV,0.0,0.0,0.0
2020-06-14 20:45:00,4136001,IQ2d7wF4YD8zU1Q,0.0,0.0,0.0
2020-06-14 20:45:00,4136001,WcxssY2VbP4hApt,0.0,0.0,0.0
2020-06-14 20:45:00,4136001,Mx2yZCDsyf6DPfv,0.0,0.0,0.0
2020-06-14 20:45:00,4136001,NgDl19wMapZy17u,0.0,0.0,0.0
2020-06-14 21:00:00,4136001,PeE6FRyGXUgsRhN,0.0,0.0,0.0
2020-06-14 21:00:00,4136001,oZ35aAeoifZaQzV,0.0,0.0,0.0
2020-06-14 21:00:00,4136001,xoJJ8DcxJEcupym,0.0,0.0,0.0
2020-06-14 21:00:00,4136001,V94E5Ben1TlhnDV,0.0,0.0,0.0
2020-06-14 21:00:00,4136001,Quc1TzYxW2pYoWX,0.0,0.0,0.0
2020-06-14 21:00:00,4136001,LlT2YUhhzqhg5Sw,0.0,0.0,0.0
2020-06-14 21:00:00,4136001,IQ2d7wF4YD8zU1Q,0.0,0.0,0.0
2020-06-14 21:00:00,4136001,Qf4GUc1pJu5T6c6,0.0,0.0,0.0
2020-06-14 21:00:00,4136001,9kRcWv60rDACzjR,0.0,0.0,0.0
2020-06-14 21:00:00,4136001,Mx2yZCDsyf6DPfv,0.0,0.0,0.0
2020-06-14 21:00:00,4136001,q49J1IKaHRwDQnt,0.0,0.0,0.0
2020-06-14 21:00:00,4136001,LYwnQax7tkwH5Cb,0.0,0.0,0.0
2020-06-14 21:00:00,4136001,vOuJvMaM2sgwLmb,0.0,0.0,0.0
2020-06-14 21:00:00,4136001,WcxssY2VbP4hApt,0.0,0.0,0.0
2020-06-14 21:00:00,4136001,mqwcsP2rE7J0TFp,0.0,0.0,0.0
2020-06-14 21:00:00,4136001,rrq4fwE8jgrTyWY,0.0,0.0,0.0
2020-06-14 21:00:00,4136001,81aHJ1q11NBPMrL,0.0,0.0,0.0
2020-06-14 21:00:00,4136001,oZZkBaNadn6DNKz,0.0,0.0,0.0
2020-06-14 21:00:00,4136001,NgDl19wMapZy17u,0.0,0.0,0.0
2020-06-14 21:00:00,4136001,4UPUqMRk7TRMgml,0.0,0.0,0.0
2020-06-14 21:00:00,4136001,xMbIugepa2P7lBB,0.0,0.0,0.0
2020-06-14 21:00:00,4136001,Et9kgGMDl729KT4,0.0,0.0,0.0
2020-06-14 21:15:00,4136001,9kRcWv60rDACzjR,0.0,0.0,0.0
2020-06-14 21:15:00,4136001,NgDl19wMapZy17u,0.0,0.0,0.0
2020-06-14 21:15:00,4136001,Et9kgGMDl729KT4,0.0,0.0,0.0
2020-06-14 21:15:00,4136001,LlT2YUhhzqhg5Sw,0.0,0.0,0.0
2020-06-14 21:15:00,4136001,q49J1IKaHRwDQnt,0.0,0.0,0.0
2020-06-14 21:15:00,4136001,LYwnQax7tkwH5Cb,0.0,0.0,0.0
2020-06-14 21:15:00,4136001,rrq4fwE8jgrTyWY,0.0,0.0,0.0
2020-06-14 21:15:00,4136001,V94E5Ben1TlhnDV,0.0,0.0,0.0
2020-06-14 21:15:00,4136001,Qf4GUc1pJu5T6c6,0.0,0.0,0.0
2020-06-14 21:15:00,4136001,Mx2yZCDsyf6DPfv,0.0,0.0,0.0
2020-06-14 21:15:00,4136001,xoJJ8DcxJEcupym,0.0,0.0,0.0
2020-06-14 21:15:00,4136001,PeE6FRyGXUgsRhN,0.0,0.0,0.0
2020-06-14 21:15:00,4136001,oZZkBaNadn6DNKz,0.0,0.0,0.0
2020-06-14 21:15:00,4136001,4UPUqMRk7TRMgml,0.0,0.0,0.0
2020-06-14 21:15:00,4136001,81aHJ1q11NBPMrL,0.0,0.0,0.0
2020-06-14 21:15:00,4136001,vOuJvMaM2sgwLmb,0.0,0.0,0.0
2020-06-14 21:15:00,4136001,IQ2d7wF4YD8zU1Q,0.0,0.0,0.0
2020-06-14 21:15:00,4136001,xMbIugepa2P7lBB,0.0,0.0,0.0
2020-06-14 21:15:00,4136001,oZ35aAeoifZaQzV,0.0,0.0,0.0
2020-06-14 21:15:00,4136001,Quc1TzYxW2pYoWX,0.0,0.0,0.0
2020-06-14 21:15:00,4136001,WcxssY2VbP4hApt,0.0,0.0,0.0
2020-06-14 21:15:00,4136001,mqwcsP2rE7J0TFp,0.0,0.0,0.0
2020-06-14 21:30:00,4136001,Mx2yZCDsyf6DPfv,0.0,0.0,0.0
2020-06-14 21:30:00,4136001,V94E5Ben1TlhnDV,0.0,0.0,0.0
2020-06-14 21:30:00,4136001,rrq4fwE8jgrTyWY,0.0,0.0,0.0
2020-06-14 21:30:00,4136001,4UPUqMRk7TRMgml,0.0,0.0,0.0
2020-06-14 21:30:00,4136001,mqwcsP2rE7J0TFp,0.0,0.0,0.0
2020-06-14 21:30:00,4136001,q49J1IKaHRwDQnt,0.0,0.0,0.0
2020-06-14 21:30:00,4136001,LlT2YUhhzqhg5Sw,0.0,0.0,0.0
2020-06-14 21:30:00,4136001,IQ2d7wF4YD8zU1Q,0.0,0.0,0.0
2020-06-14 21:30:00,4136001,vOuJvMaM2sgwLmb,0.0,0.0,0.0
2020-06-14 21:30:00,4136001,81aHJ1q11NBPMrL,0.0,0.0,0.0
2020-06-14 21:30:00,4136001,Quc1TzYxW2pYoWX,0.0,0.0,0.0
2020-06-14 21:30:00,4136001,PeE6FRyGXUgsRhN,0.0,0.0,0.0
2020-06-14 21:30:00,4136001,oZ35aAeoifZaQzV,0.0,0.0,0.0
2020-06-14 21:30:00,4136001,Qf4GUc1pJu5T6c6,0.0,0.0,0.0
2020-06-14 21:30:00,4136001,xoJJ8DcxJEcupym,0.0,0.0,0.0
2020-06-14 21:30:00,4136001,9kRcWv60rDACzjR,0.0,0.0,0.0
2020-06-14 21:30:00,4136001,NgDl19wMapZy17u,0.0,0.0,0.0
2020-06-14 21:30:00,4136001,Et9kgGMDl729KT4,0.0,0.0,0.0
2020-06-14 21:30:00,4136001,LYwnQax7tkwH5Cb,0.0,0.0,0.0
2020-06-14 21:30:00,4136001,xMbIugepa2P7lBB,0.0,0.0,0.0
2020-06-14 21:30:00,4136001,WcxssY2VbP4hApt,0.0,0.0,0.0
2020-06-14 21:30:00,4136001,oZZkBaNadn6DNKz,0.0,0.0,0.0
2020-06-14 21:45:00,4136001,Et9kgGMDl729KT4,0.0,0.0,0.0
2020-06-14 21:45:00,4136001,PeE6FRyGXUgsRhN,0.0,0.0,0.0
2020-06-14 21:45:00,4136001,vOuJvMaM2sgwLmb,0.0,0.0,0.0
2020-06-14 21:45:00,4136001,LYwnQax7tkwH5Cb,0.0,0.0,0.0
2020-06-14 21:45:00,4136001,oZZkBaNadn6DNKz,0.0,0.0,0.0
2020-06-14 21:45:00,4136001,rrq4fwE8jgrTyWY,0.0,0.0,0.0
2020-06-14 21:45:00,4136001,Qf4GUc1pJu5T6c6,0.0,0.0,0.0
2020-06-14 21:45:00,4136001,V94E5Ben1TlhnDV,0.0,0.0,0.0
2020-06-14 21:45:00,4136001,81aHJ1q11NBPMrL,0.0,0.0,0.0
2020-06-14 21:45:00,4136001,9kRcWv60rDACzjR,0.0,0.0,0.0
2020-06-14 21:45:00,4136001,oZ35aAeoifZaQzV,0.0,0.0,0.0
2020-06-14 21:45:00,4136001,Mx2yZCDsyf6DPfv,0.0,0.0,0.0
2020-06-14 21:45:00,4136001,q49J1IKaHRwDQnt,0.0,0.0,0.0
2020-06-14 21:45:00,4136001,xMbIugepa2P7lBB,0.0,0.0,0.0
2020-06-14 21:45:00,4136001,mqwcsP2rE7J0TFp,0.0,0.0,0.0
2020-06-14 21:45:00,4136001,IQ2d7wF4YD8zU1Q,0.0,0.0,0.0
2020-06-14 21:45:00,4136001,LlT2YUhhzqhg5Sw,0.0,0.0,0.0
2020-06-14 21:45:00,4136001,NgDl19wMapZy17u,0.0,0.0,0.0
2020-06-14 21:45:00,4136001,xoJJ8DcxJEcupym,0.0,0.0,0.0
2020-06-14 21:45:00,4136001,4UPUqMRk7TRMgml,0.0,0.0,0.0
2020-06-14 21:45:00,4136001,Quc1TzYxW2pYoWX,0.0,0.0,0.0
2020-06-14 21:45:00,4136001,WcxssY2VbP4hApt,0.0,0.0,0.0
2020-06-14 22:00:00,4136001,LlT2YUhhzqhg5Sw,0.0,0.0,0.0
2020-06-14 22:00:00,4136001,q49J1IKaHRwDQnt,0.0,0.0,0.0
2020-06-14 22:00:00,4136001,PeE6FRyGXUgsRhN,0.0,0.0,0.0
2020-06-14 22:00:00,4136001,81aHJ1q11NBPMrL,0.0,0.0,0.0
2020-06-14 22:00:00,4136001,Et9kgGMDl729KT4,0.0,0.0,0.0
2020-06-14 22:00:00,4136001,WcxssY2VbP4hApt,0.0,0.0,0.0
2020-06-14 22:00:00,4136001,4UPUqMRk7TRMgml,0.0,0.0,0.0
2020-06-14 22:00:00,4136001,Qf4GUc1pJu5T6c6,0.0,0.0,0.0
2020-06-14 22:00:00,4136001,V94E5Ben1TlhnDV,0.0,0.0,0.0
2020-06-14 22:00:00,4136001,vOuJvMaM2sgwLmb,0.0,0.0,0.0
2020-06-14 22:00:00,4136001,IQ2d7wF4YD8zU1Q,0.0,0.0,0.0
2020-06-14 22:00:00,4136001,NgDl19wMapZy17u,0.0,0.0,0.0
2020-06-14 22:00:00,4136001,oZZkBaNadn6DNKz,0.0,0.0,0.0
2020-06-14 22:00:00,4136001,rrq4fwE8jgrTyWY,0.0,0.0,0.0
2020-06-14 22:00:00,4136001,9kRcWv60rDACzjR,0.0,0.0,0.0
2020-06-14 22:00:00,4136001,xoJJ8DcxJEcupym,0.0,0.0,0.0
2020-06-14 22:00:00,4136001,mqwcsP2rE7J0TFp,0.0,0.0,0.0
2020-06-14 22:00:00,4136001,xMbIugepa2P7lBB,0.0,0.0,0.0
2020-06-14 22:00:00,4136001,Quc1TzYxW2pYoWX,0.0,0.0,0.0
2020-06-14 22:00:00,4136001,Mx2yZCDsyf6DPfv,0.0,0.0,0.0
2020-06-14 22:00:00,4136001,LYwnQax7tkwH5Cb,0.0,0.0,0.0
2020-06-14 22:00:00,4136001,oZ35aAeoifZaQzV,0.0,0.0,0.0
2020-06-14 22:15:00,4136001,xoJJ8DcxJEcupym,0.0,0.0,0.0
2020-06-14 22:15:00,4136001,oZZkBaNadn6DNKz,0.0,0.0,0.0
2020-06-14 22:15:00,4136001,Et9kgGMDl729KT4,0.0,0.0,0.0
2020-06-14 22:15:00,4136001,LYwnQax7tkwH5Cb,0.0,0.0,0.0
2020-06-14 22:15:00,4136001,q49J1IKaHRwDQnt,0.0,0.0,0.0
2020-06-14 22:15:00,4136001,9kRcWv60rDACzjR,0.0,0.0,0.0
2020-06-14 22:15:00,4136001,Mx2yZCDsyf6DPfv,0.0,0.0,0.0
2020-06-14 22:15:00,4136001,oZ35aAeoifZaQzV,0.0,0.0,0.0
2020-06-14 22:15:00,4136001,mqwcsP2rE7J0TFp,0.0,0.0,0.0
2020-06-14 22:15:00,4136001,NgDl19wMapZy17u,0.0,0.0,0.0
2020-06-14 22:15:00,4136001,4UPUqMRk7TRMgml,0.0,0.0,0.0
2020-06-14 22:15:00,4136001,Qf4GUc1pJu5T6c6,0.0,0.0,0.0
2020-06-14 22:15:00,4136001,xMbIugepa2P7lBB,0.0,0.0,0.0
2020-06-14 22:15:00,4136001,LlT2YUhhzqhg5Sw,0.0,0.0,0.0
2020-06-14 22:15:00,4136001,Quc1TzYxW2pYoWX,0.0,0.0,0.0
2020-06-14 22:15:00,4136001,81aHJ1q11NBPMrL,0.0,0.0,0.0
2020-06-14 22:15:00,4136001,vOuJvMaM2sgwLmb,0.0,0.0,0.0
2020-06-14 22:15:00,4136001,PeE6FRyGXUgsRhN,0.0,0.0,0.0
2020-06-14 22:15:00,4136001,rrq4fwE8jgrTyWY,0.0,0.0,0.0
2020-06-14 22:15:00,4136001,IQ2d7wF4YD8zU1Q,0.0,0.0,0.0
2020-06-14 22:15:00,4136001,V94E5Ben1TlhnDV,0.0,0.0,0.0
2020-06-14 22:15:00,4136001,WcxssY2VbP4hApt,0.0,0.0,0.0
2020-06-14 22:30:00,4136001,4UPUqMRk7TRMgml,0.0,0.0,0.0
2020-06-14 22:30:00,4136001,LYwnQax7tkwH5Cb,0.0,0.0,0.0
2020-06-14 22:30:00,4136001,Et9kgGMDl729KT4,0.0,0.0,0.0
2020-06-14 22:30:00,4136001,vOuJvMaM2sgwLmb,0.0,0.0,0.0
2020-06-14 22:30:00,4136001,LlT2YUhhzqhg5Sw,0.0,0.0,0.0
2020-06-14 22:30:00,4136001,9kRcWv60rDACzjR,0.0,0.0,0.0
2020-06-14 22:30:00,4136001,q49J1IKaHRwDQnt,0.0,0.0,0.0
2020-06-14 22:30:00,4136001,81aHJ1q11NBPMrL,0.0,0.0,0.0
2020-06-14 22:30:00,4136001,Mx2yZCDsyf6DPfv,0.0,0.0,0.0
2020-06-14 22:30:00,4136001,V94E5Ben1TlhnDV,0.0,0.0,0.0
2020-06-14 22:30:00,4136001,Quc1TzYxW2pYoWX,0.0,0.0,0.0
2020-06-14 22:30:00,4136001,oZ35aAeoifZaQzV,0.0,0.0,0.0
2020-06-14 22:30:00,4136001,PeE6FRyGXUgsRhN,0.0,0.0,0.0
2020-06-14 22:30:00,4136001,NgDl19wMapZy17u,0.0,0.0,0.0
2020-06-14 22:30:00,4136001,oZZkBaNadn6DNKz,0.0,0.0,0.0
2020-06-14 22:30:00,4136001,xoJJ8DcxJEcupym,0.0,0.0,0.0
2020-06-14 22:30:00,4136001,IQ2d7wF4YD8zU1Q,0.0,0.0,0.0
2020-06-14 22:30:00,4136001,mqwcsP2rE7J0TFp,0.0,0.0,0.0
2020-06-14 22:30:00,4136001,rrq4fwE8jgrTyWY,0.0,0.0,0.0
2020-06-14 22:30:00,4136001,xMbIugepa2P7lBB,0.0,0.0,0.0
2020-06-14 22:30:00,4136001,WcxssY2VbP4hApt,0.0,0.0,0.0
2020-06-14 22:30:00,4136001,Qf4GUc1pJu5T6c6,0.0,0.0,0.0
2020-06-14 22:45:00,4136001,q49J1IKaHRwDQnt,0.0,0.0,0.0
2020-06-14 22:45:00,4136001,Mx2yZCDsyf6DPfv,0.0,0.0,0.0
2020-06-14 22:45:00,4136001,mqwcsP2rE7J0TFp,0.0,0.0,0.0
2020-06-14 22:45:00,4136001,Quc1TzYxW2pYoWX,0.0,0.0,0.0
2020-06-14 22:45:00,4136001,9kRcWv60rDACzjR,0.0,0.0,0.0
2020-06-14 22:45:00,4136001,4UPUqMRk7TRMgml,0.0,0.0,0.0
2020-06-14 22:45:00,4136001,vOuJvMaM2sgwLmb,0.0,0.0,0.0
2020-06-14 22:45:00,4136001,oZ35aAeoifZaQzV,0.0,0.0,0.0
2020-06-14 22:45:00,4136001,NgDl19wMapZy17u,0.0,0.0,0.0
2020-06-14 22:45:00,4136001,WcxssY2VbP4hApt,0.0,0.0,0.0
2020-06-14 22:45:00,4136001,LYwnQax7tkwH5Cb,0.0,0.0,0.0
2020-06-14 22:45:00,4136001,V94E5Ben1TlhnDV,0.0,0.0,0.0
2020-06-14 22:45:00,4136001,IQ2d7wF4YD8zU1Q,0.0,0.0,0.0
2020-06-14 22:45:00,4136001,LlT2YUhhzqhg5Sw,0.0,0.0,0.0
2020-06-14 22:45:00,4136001,xoJJ8DcxJEcupym,0.0,0.0,0.0
2020-06-14 22:45:00,4136001,Qf4GUc1pJu5T6c6,0.0,0.0,0.0
2020-06-14 22:45:00,4136001,rrq4fwE8jgrTyWY,0.0,0.0,0.0
2020-06-14 22:45:00,4136001,oZZkBaNadn6DNKz,0.0,0.0,0.0
2020-06-14 22:45:00,4136001,81aHJ1q11NBPMrL,0.0,0.0,0.0
2020-06-14 22:45:00,4136001,PeE6FRyGXUgsRhN,0.0,0.0,0.0
2020-06-14 22:45:00,4136001,xMbIugepa2P7lBB,0.0,0.0,0.0
2020-06-14 22:45:00,4136001,Et9kgGMDl729KT4,0.0,0.0,0.0
2020-06-14 23:00:00,4136001,oZZkBaNadn6DNKz,0.0,0.0,0.0
2020-06-14 23:00:00,4136001,IQ2d7wF4YD8zU1Q,0.0,0.0,0.0
2020-06-14 23:00:00,4136001,PeE6FRyGXUgsRhN,0.0,0.0,0.0
2020-06-14 23:00:00,4136001,9kRcWv60rDACzjR,0.0,0.0,0.0
2020-06-14 23:00:00,4136001,xMbIugepa2P7lBB,0.0,0.0,0.0
2020-06-14 23:00:00,4136001,Quc1TzYxW2pYoWX,0.0,0.0,0.0
2020-06-14 23:00:00,4136001,LlT2YUhhzqhg5Sw,0.0,0.0,0.0
2020-06-14 23:00:00,4136001,q49J1IKaHRwDQnt,0.0,0.0,0.0
2020-06-14 23:00:00,4136001,Mx2yZCDsyf6DPfv,0.0,0.0,0.0
2020-06-14 23:00:00,4136001,81aHJ1q11NBPMrL,0.0,0.0,0.0
2020-06-14 23:00:00,4136001,oZ35aAeoifZaQzV,0.0,0.0,0.0
2020-06-14 23:00:00,4136001,rrq4fwE8jgrTyWY,0.0,0.0,0.0
2020-06-14 23:00:00,4136001,xoJJ8DcxJEcupym,0.0,0.0,0.0
2020-06-14 23:00:00,4136001,Qf4GUc1pJu5T6c6,0.0,0.0,0.0
2020-06-14 23:00:00,4136001,WcxssY2VbP4hApt,0.0,0.0,0.0
2020-06-14 23:00:00,4136001,vOuJvMaM2sgwLmb,0.0,0.0,0.0
2020-06-14 23:00:00,4136001,4UPUqMRk7TRMgml,0.0,0.0,0.0
2020-06-14 23:00:00,4136001,Et9kgGMDl729KT4,0.0,0.0,0.0
2020-06-14 23:00:00,4136001,LYwnQax7tkwH5Cb,0.0,0.0,0.0
2020-06-14 23:00:00,4136001,NgDl19wMapZy17u,0.0,0.0,0.0
2020-06-14 23:00:00,4136001,V94E5Ben1TlhnDV,0.0,0.0,0.0
2020-06-14 23:00:00,4136001,mqwcsP2rE7J0TFp,0.0,0.0,0.0
2020-06-14 23:15:00,4136001,rrq4fwE8jgrTyWY,0.0,0.0,0.0
2020-06-14 23:15:00,4136001,q49J1IKaHRwDQnt,0.0,0.0,0.0
2020-06-14 23:15:00,4136001,mqwcsP2rE7J0TFp,0.0,0.0,0.0
2020-06-14 23:15:00,4136001,4UPUqMRk7TRMgml,0.0,0.0,0.0
2020-06-14 23:15:00,4136001,oZ35aAeoifZaQzV,0.0,0.0,0.0
2020-06-14 23:15:00,4136001,IQ2d7wF4YD8zU1Q,0.0,0.0,0.0
2020-06-14 23:15:00,4136001,xoJJ8DcxJEcupym,0.0,0.0,0.0
2020-06-14 23:15:00,4136001,WcxssY2VbP4hApt,0.0,0.0,0.0
2020-06-14 23:15:00,4136001,xMbIugepa2P7lBB,0.0,0.0,0.0
2020-06-14 23:15:00,4136001,NgDl19wMapZy17u,0.0,0.0,0.0
2020-06-14 23:15:00,4136001,LlT2YUhhzqhg5Sw,0.0,0.0,0.0
2020-06-14 23:15:00,4136001,81aHJ1q11NBPMrL,0.0,0.0,0.0
2020-06-14 23:15:00,4136001,Mx2yZCDsyf6DPfv,0.0,0.0,0.0
2020-06-14 23:15:00,4136001,PeE6FRyGXUgsRhN,0.0,0.0,0.0
2020-06-14 23:15:00,4136001,9kRcWv60rDACzjR,0.0,0.0,0.0
2020-06-14 23:15:00,4136001,LYwnQax7tkwH5Cb,0.0,0.0,0.0
2020-06-14 23:15:00,4136001,V94E5Ben1TlhnDV,0.0,0.0,0.0
2020-06-14 23:15:00,4136001,Quc1TzYxW2pYoWX,0.0,0.0,0.0
2020-06-14 23:15:00,4136001,Qf4GUc1pJu5T6c6,0.0,0.0,0.0
2020-06-14 23:15:00,4136001,oZZkBaNadn6DNKz,0.0,0.0,0.0
2020-06-14 23:15:00,4136001,Et9kgGMDl729KT4,0.0,0.0,0.0
2020-06-14 23:15:00,4136001,vOuJvMaM2sgwLmb,0.0,0.0,0.0
2020-06-14 23:30:00,4136001,9kRcWv60rDACzjR,0.0,0.0,0.0
2020-06-14 23:30:00,4136001,vOuJvMaM2sgwLmb,0.0,0.0,0.0
2020-06-14 23:30:00,4136001,Qf4GUc1pJu5T6c6,0.0,0.0,0.0
2020-06-14 23:30:00,4136001,4UPUqMRk7TRMgml,0.0,0.0,0.0
2020-06-14 23:30:00,4136001,mqwcsP2rE7J0TFp,0.0,0.0,0.0
2020-06-14 23:30:00,4136001,LYwnQax7tkwH5Cb,0.0,0.0,0.0
2020-06-14 23:30:00,4136001,rrq4fwE8jgrTyWY,0.0,0.0,0.0
2020-06-14 23:30:00,4136001,xoJJ8DcxJEcupym,0.0,0.0,0.0
2020-06-14 23:30:00,4136001,81aHJ1q11NBPMrL,0.0,0.0,0.0
2020-06-14 23:30:00,4136001,LlT2YUhhzqhg5Sw,0.0,0.0,0.0
2020-06-14 23:30:00,4136001,oZZkBaNadn6DNKz,0.0,0.0,0.0
2020-06-14 23:30:00,4136001,PeE6FRyGXUgsRhN,0.0,0.0,0.0
2020-06-14 23:30:00,4136001,q49J1IKaHRwDQnt,0.0,0.0,0.0
2020-06-14 23:30:00,4136001,xMbIugepa2P7lBB,0.0,0.0,0.0
2020-06-14 23:30:00,4136001,WcxssY2VbP4hApt,0.0,0.0,0.0
2020-06-14 23:30:00,4136001,Quc1TzYxW2pYoWX,0.0,0.0,0.0
2020-06-14 23:30:00,4136001,NgDl19wMapZy17u,0.0,0.0,0.0
2020-06-14 23:30:00,4136001,oZ35aAeoifZaQzV,0.0,0.0,0.0
2020-06-14 23:30:00,4136001,IQ2d7wF4YD8zU1Q,0.0,0.0,0.0
2020-06-14 23:30:00,4136001,V94E5Ben1TlhnDV,0.0,0.0,0.0
2020-06-14 23:30:00,4136001,Et9kgGMDl729KT4,0.0,0.0,0.0
2020-06-14 23:30:00,4136001,Mx2yZCDsyf6DPfv,0.0,0.0,0.0
2020-06-14 23:45:00,4136001,Quc1TzYxW2pYoWX,0.0,0.0,0.0
2020-06-14 23:45:00,4136001,Et9kgGMDl729KT4,0.0,0.0,0.0
2020-06-14 23:45:00,4136001,oZZkBaNadn6DNKz,0.0,0.0,0.0
2020-06-14 23:45:00,4136001,NgDl19wMapZy17u,0.0,0.0,0.0
2020-06-14 23:45:00,4136001,mqwcsP2rE7J0TFp,0.0,0.0,0.0
2020-06-14 23:45:00,4136001,LlT2YUhhzqhg5Sw,0.0,0.0,0.0
2020-06-14 23:45:00,4136001,9kRcWv60rDACzjR,0.0,0.0,0.0
2020-06-14 23:45:00,4136001,xoJJ8DcxJEcupym,0.0,0.0,0.0
2020-06-14 23:45:00,4136001,81aHJ1q11NBPMrL,0.0,0.0,0.0
2020-06-14 23:45:00,4136001,LYwnQax7tkwH5Cb,0.0,0.0,0.0
2020-06-14 23:45:00,4136001,xMbIugepa2P7lBB,0.0,0.0,0.0
2020-06-14 23:45:00,4136001,rrq4fwE8jgrTyWY,0.0,0.0,0.0
2020-06-14 23:45:00,4136001,PeE6FRyGXUgsRhN,0.0,0.0,0.0
2020-06-14 23:45:00,4136001,Qf4GUc1pJu5T6c6,0.0,0.0,0.0
2020-06-14 23:45:00,4136001,vOuJvMaM2sgwLmb,0.0,0.0,0.0
2020-06-14 23:45:00,4136001,oZ35aAeoifZaQzV,0.0,0.0,0.0
2020-06-14 23:45:00,4136001,Mx2yZCDsyf6DPfv,0.0,0.0,0.0
2020-06-14 23:45:00,4136001,IQ2d7wF4YD8zU1Q,0.0,0.0,0.0
2020-06-14 23:45:00,4136001,q49J1IKaHRwDQnt,0.0,0.0,0.0
2020-06-14 23:45:00,4136001,WcxssY2VbP4hApt,0.0,0.0,0.0
2020-06-14 23:45:00,4136001,4UPUqMRk7TRMgml,0.0,0.0,0.0
2020-06-14 23:45:00,4136001,V94E5Ben1TlhnDV,0.0,0.0,0.0
2020-06-15 00:00:00,4136001,Quc1TzYxW2pYoWX,0.0,0.0,0.0
2020-06-15 00:00:00,4136001,Qf4GUc1pJu5T6c6,0.0,0.0,0.0
2020-06-15 00:00:00,4136001,IQ2d7wF4YD8zU1Q,0.0,0.0,0.0
2020-06-15 00:00:00,4136001,Et9kgGMDl729KT4,0.0,0.0,0.0
2020-06-15 00:00:00,4136001,xoJJ8DcxJEcupym,0.0,0.0,0.0
2020-06-15 00:00:00,4136001,V94E5Ben1TlhnDV,0.0,0.0,0.0
2020-06-15 00:00:00,4136001,PeE6FRyGXUgsRhN,0.0,0.0,0.0
2020-06-15 00:00:00,4136001,LlT2YUhhzqhg5Sw,0.0,0.0,0.0
2020-06-15 00:00:00,4136001,WcxssY2VbP4hApt,0.0,0.0,0.0
2020-06-15 00:00:00,4136001,vOuJvMaM2sgwLmb,0.0,0.0,0.0
2020-06-15 00:00:00,4136001,rrq4fwE8jgrTyWY,0.0,0.0,0.0
2020-06-15 00:00:00,4136001,81aHJ1q11NBPMrL,0.0,0.0,0.0
2020-06-15 00:00:00,4136001,mqwcsP2rE7J0TFp,0.0,0.0,0.0
2020-06-15 00:00:00,4136001,q49J1IKaHRwDQnt,0.0,0.0,0.0
2020-06-15 00:00:00,4136001,oZ35aAeoifZaQzV,0.0,0.0,0.0
2020-06-15 00:00:00,4136001,NgDl19wMapZy17u,0.0,0.0,0.0
2020-06-15 00:00:00,4136001,xMbIugepa2P7lBB,0.0,0.0,0.0
2020-06-15 00:00:00,4136001,oZZkBaNadn6DNKz,0.0,0.0,0.0
2020-06-15 00:00:00,4136001,4UPUqMRk7TRMgml,0.0,0.0,0.0
2020-06-15 00:00:00,4136001,Mx2yZCDsyf6DPfv,0.0,0.0,0.0
2020-06-15 00:00:00,4136001,LYwnQax7tkwH5Cb,0.0,0.0,0.0
2020-06-15 00:00:00,4136001,9kRcWv60rDACzjR,0.0,0.0,0.0
2020-06-15 00:15:00,4136001,q49J1IKaHRwDQnt,0.0,0.0,0.0
2020-06-15 00:15:00,4136001,Mx2yZCDsyf6DPfv,0.0,0.0,0.0
2020-06-15 00:15:00,4136001,oZ35aAeoifZaQzV,0.0,0.0,0.0
2020-06-15 00:15:00,4136001,V94E5Ben1TlhnDV,0.0,0.0,0.0
2020-06-15 00:15:00,4136001,IQ2d7wF4YD8zU1Q,0.0,0.0,0.0
2020-06-15 00:15:00,4136001,Quc1TzYxW2pYoWX,0.0,0.0,0.0
2020-06-15 00:15:00,4136001,4UPUqMRk7TRMgml,0.0,0.0,0.0
2020-06-15 00:15:00,4136001,vOuJvMaM2sgwLmb,0.0,0.0,0.0
2020-06-15 00:15:00,4136001,LYwnQax7tkwH5Cb,0.0,0.0,0.0
2020-06-15 00:15:00,4136001,xMbIugepa2P7lBB,0.0,0.0,0.0
2020-06-15 00:15:00,4136001,81aHJ1q11NBPMrL,0.0,0.0,0.0
2020-06-15 00:15:00,4136001,WcxssY2VbP4hApt,0.0,0.0,0.0
2020-06-15 00:15:00,4136001,PeE6FRyGXUgsRhN,0.0,0.0,0.0
2020-06-15 00:15:00,4136001,NgDl19wMapZy17u,0.0,0.0,0.0
2020-06-15 00:15:00,4136001,rrq4fwE8jgrTyWY,0.0,0.0,0.0
2020-06-15 00:15:00,4136001,Qf4GUc1pJu5T6c6,0.0,0.0,0.0
2020-06-15 00:15:00,4136001,xoJJ8DcxJEcupym,0.0,0.0,0.0
2020-06-15 00:15:00,4136001,Et9kgGMDl729KT4,0.0,0.0,0.0
2020-06-15 00:15:00,4136001,9kRcWv60rDACzjR,0.0,0.0,0.0
2020-06-15 00:15:00,4136001,mqwcsP2rE7J0TFp,0.0,0.0,0.0
2020-06-15 00:15:00,4136001,LlT2YUhhzqhg5Sw,0.0,0.0,0.0
2020-06-15 00:15:00,4136001,oZZkBaNadn6DNKz,0.0,0.0,0.0
2020-06-15 00:30:00,4136001,Qf4GUc1pJu5T6c6,0.0,0.0,0.0
2020-06-15 00:30:00,4136001,V94E5Ben1TlhnDV,0.0,0.0,0.0
2020-06-15 00:30:00,4136001,q49J1IKaHRwDQnt,0.0,0.0,0.0
2020-06-15 00:30:00,4136001,Mx2yZCDsyf6DPfv,0.0,0.0,0.0
2020-06-15 00:30:00,4136001,xMbIugepa2P7lBB,0.0,0.0,0.0
2020-06-15 00:30:00,4136001,LYwnQax7tkwH5Cb,0.0,0.0,0.0
2020-06-15 00:30:00,4136001,oZ35aAeoifZaQzV,0.0,0.0,0.0
2020-06-15 00:30:00,4136001,81aHJ1q11NBPMrL,0.0,0.0,0.0
2020-06-15 00:30:00,4136001,4UPUqMRk7TRMgml,0.0,0.0,0.0
2020-06-15 00:30:00,4136001,xoJJ8DcxJEcupym,0.0,0.0,0.0
2020-06-15 00:30:00,4136001,rrq4fwE8jgrTyWY,0.0,0.0,0.0
2020-06-15 00:30:00,4136001,oZZkBaNadn6DNKz,0.0,0.0,0.0
2020-06-15 00:30:00,4136001,mqwcsP2rE7J0TFp,0.0,0.0,0.0
2020-06-15 00:30:00,4136001,NgDl19wMapZy17u,0.0,0.0,0.0
2020-06-15 00:30:00,4136001,PeE6FRyGXUgsRhN,0.0,0.0,0.0
2020-06-15 00:30:00,4136001,9kRcWv60rDACzjR,0.0,0.0,0.0
2020-06-15 00:30:00,4136001,WcxssY2VbP4hApt,0.0,0.0,0.0
2020-06-15 00:30:00,4136001,Et9kgGMDl729KT4,0.0,0.0,0.0
2020-06-15 00:30:00,4136001,vOuJvMaM2sgwLmb,0.0,0.0,0.0
2020-06-15 00:30:00,4136001,IQ2d7wF4YD8zU1Q,0.0,0.0,0.0
2020-06-15 00:30:00,4136001,LlT2YUhhzqhg5Sw,0.0,0.0,0.0
2020-06-15 00:30:00,4136001,Quc1TzYxW2pYoWX,0.0,0.0,0.0
2020-06-15 00:45:00,4136001,LYwnQax7tkwH5Cb,0.0,0.0,0.0
2020-06-15 00:45:00,4136001,rrq4fwE8jgrTyWY,0.0,0.0,0.0
2020-06-15 00:45:00,4136001,81aHJ1q11NBPMrL,0.0,0.0,0.0
2020-06-15 00:45:00,4136001,WcxssY2VbP4hApt,0.0,0.0,0.0
2020-06-15 00:45:00,4136001,PeE6FRyGXUgsRhN,0.0,0.0,0.0
2020-06-15 00:45:00,4136001,vOuJvMaM2sgwLmb,0.0,0.0,0.0
2020-06-15 00:45:00,4136001,xoJJ8DcxJEcupym,0.0,0.0,0.0
2020-06-15 00:45:00,4136001,Qf4GUc1pJu5T6c6,0.0,0.0,0.0
2020-06-15 00:45:00,4136001,IQ2d7wF4YD8zU1Q,0.0,0.0,0.0
2020-06-15 00:45:00,4136001,9kRcWv60rDACzjR,0.0,0.0,0.0
2020-06-15 00:45:00,4136001,oZZkBaNadn6DNKz,0.0,0.0,0.0
2020-06-15 00:45:00,4136001,V94E5Ben1TlhnDV,0.0,0.0,0.0
2020-06-15 00:45:00,4136001,Quc1TzYxW2pYoWX,0.0,0.0,0.0
2020-06-15 00:45:00,4136001,LlT2YUhhzqhg5Sw,0.0,0.0,0.0
2020-06-15 00:45:00,4136001,Et9kgGMDl729KT4,0.0,0.0,0.0
2020-06-15 00:45:00,4136001,NgDl19wMapZy17u,0.0,0.0,0.0
2020-06-15 00:45:00,4136001,xMbIugepa2P7lBB,0.0,0.0,0.0
2020-06-15 00:45:00,4136001,4UPUqMRk7TRMgml,0.0,0.0,0.0
2020-06-15 00:45:00,4136001,mqwcsP2rE7J0TFp,0.0,0.0,0.0
2020-06-15 00:45:00,4136001,oZ35aAeoifZaQzV,0.0,0.0,0.0
2020-06-15 00:45:00,4136001,Mx2yZCDsyf6DPfv,0.0,0.0,0.0
2020-06-15 00:45:00,4136001,q49J1IKaHRwDQnt,0.0,0.0,0.0
2020-06-15 01:00:00,4136001,oZ35aAeoifZaQzV,0.0,0.0,0.0
2020-06-15 01:00:00,4136001,oZZkBaNadn6DNKz,0.0,0.0,0.0
2020-06-15 01:00:00,4136001,LYwnQax7tkwH5Cb,0.0,0.0,0.0
2020-06-15 01:00:00,4136001,IQ2d7wF4YD8zU1Q,0.0,0.0,0.0
2020-06-15 01:00:00,4136001,vOuJvMaM2sgwLmb,0.0,0.0,0.0
2020-06-15 01:00:00,4136001,rrq4fwE8jgrTyWY,0.0,0.0,0.0
2020-06-15 01:00:00,4136001,Quc1TzYxW2pYoWX,0.0,0.0,0.0
2020-06-15 01:00:00,4136001,WcxssY2VbP4hApt,0.0,0.0,0.0
2020-06-15 01:00:00,4136001,Mx2yZCDsyf6DPfv,0.0,0.0,0.0
2020-06-15 01:00:00,4136001,mqwcsP2rE7J0TFp,0.0,0.0,0.0
2020-06-15 01:00:00,4136001,Qf4GUc1pJu5T6c6,0.0,0.0,0.0
2020-06-15 01:00:00,4136001,4UPUqMRk7TRMgml,0.0,0.0,0.0
2020-06-15 01:00:00,4136001,NgDl19wMapZy17u,0.0,0.0,0.0
2020-06-15 01:00:00,4136001,V94E5Ben1TlhnDV,0.0,0.0,0.0
2020-06-15 01:00:00,4136001,9kRcWv60rDACzjR,0.0,0.0,0.0
2020-06-15 01:00:00,4136001,xMbIugepa2P7lBB,0.0,0.0,0.0
2020-06-15 01:00:00,4136001,xoJJ8DcxJEcupym,0.0,0.0,0.0
2020-06-15 01:00:00,4136001,q49J1IKaHRwDQnt,0.0,0.0,0.0
2020-06-15 01:00:00,4136001,Et9kgGMDl729KT4,0.0,0.0,0.0
2020-06-15 01:00:00,4136001,LlT2YUhhzqhg5Sw,0.0,0.0,0.0
2020-06-15 01:00:00,4136001,81aHJ1q11NBPMrL,0.0,0.0,0.0
2020-06-15 01:00:00,4136001,PeE6FRyGXUgsRhN,0.0,0.0,0.0
2020-06-15 01:15:00,4136001,4UPUqMRk7TRMgml,0.0,0.0,0.0
2020-06-15 01:15:00,4136001,vOuJvMaM2sgwLmb,0.0,0.0,0.0
2020-06-15 01:15:00,4136001,LYwnQax7tkwH5Cb,0.0,0.0,0.0
2020-06-15 01:15:00,4136001,V94E5Ben1TlhnDV,0.0,0.0,0.0
2020-06-15 01:15:00,4136001,PeE6FRyGXUgsRhN,0.0,0.0,0.0
2020-06-15 01:15:00,4136001,WcxssY2VbP4hApt,0.0,0.0,0.0
2020-06-15 01:15:00,4136001,rrq4fwE8jgrTyWY,0.0,0.0,0.0
2020-06-15 01:15:00,4136001,Qf4GUc1pJu5T6c6,0.0,0.0,0.0
2020-06-15 01:15:00,4136001,Quc1TzYxW2pYoWX,0.0,0.0,0.0
2020-06-15 01:15:00,4136001,oZ35aAeoifZaQzV,0.0,0.0,0.0
2020-06-15 01:15:00,4136001,LlT2YUhhzqhg5Sw,0.0,0.0,0.0
2020-06-15 01:15:00,4136001,Et9kgGMDl729KT4,0.0,0.0,0.0
2020-06-15 01:15:00,4136001,q49J1IKaHRwDQnt,0.0,0.0,0.0
2020-06-15 01:15:00,4136001,xoJJ8DcxJEcupym,0.0,0.0,0.0
2020-06-15 01:15:00,4136001,mqwcsP2rE7J0TFp,0.0,0.0,0.0
2020-06-15 01:15:00,4136001,81aHJ1q11NBPMrL,0.0,0.0,0.0
2020-06-15 01:15:00,4136001,NgDl19wMapZy17u,0.0,0.0,0.0
2020-06-15 01:15:00,4136001,oZZkBaNadn6DNKz,0.0,0.0,0.0
2020-06-15 01:15:00,4136001,IQ2d7wF4YD8zU1Q,0.0,0.0,0.0
2020-06-15 01:15:00,4136001,xMbIugepa2P7lBB,0.0,0.0,0.0
2020-06-15 01:15:00,4136001,9kRcWv60rDACzjR,0.0,0.0,0.0
2020-06-15 01:15:00,4136001,Mx2yZCDsyf6DPfv,0.0,0.0,0.0
2020-06-15 01:30:00,4136001,mqwcsP2rE7J0TFp,0.0,0.0,0.0
2020-06-15 01:30:00,4136001,Et9kgGMDl729KT4,0.0,0.0,0.0
2020-06-15 01:30:00,4136001,oZZkBaNadn6DNKz,0.0,0.0,0.0
2020-06-15 01:30:00,4136001,Quc1TzYxW2pYoWX,0.0,0.0,0.0
2020-06-15 01:30:00,4136001,q49J1IKaHRwDQnt,0.0,0.0,0.0
2020-06-15 01:30:00,4136001,PeE6FRyGXUgsRhN,0.0,0.0,0.0
2020-06-15 01:30:00,4136001,LYwnQax7tkwH5Cb,0.0,0.0,0.0
2020-06-15 01:30:00,4136001,Mx2yZCDsyf6DPfv,0.0,0.0,0.0
2020-06-15 01:30:00,4136001,81aHJ1q11NBPMrL,0.0,0.0,0.0
2020-06-15 01:30:00,4136001,xMbIugepa2P7lBB,0.0,0.0,0.0
2020-06-15 01:30:00,4136001,WcxssY2VbP4hApt,0.0,0.0,0.0
2020-06-15 01:30:00,4136001,9kRcWv60rDACzjR,0.0,0.0,0.0
2020-06-15 01:30:00,4136001,V94E5Ben1TlhnDV,0.0,0.0,0.0
2020-06-15 01:30:00,4136001,vOuJvMaM2sgwLmb,0.0,0.0,0.0
2020-06-15 01:30:00,4136001,4UPUqMRk7TRMgml,0.0,0.0,0.0
2020-06-15 01:30:00,4136001,Qf4GUc1pJu5T6c6,0.0,0.0,0.0
2020-06-15 01:30:00,4136001,NgDl19wMapZy17u,0.0,0.0,0.0
2020-06-15 01:30:00,4136001,oZ35aAeoifZaQzV,0.0,0.0,0.0
2020-06-15 01:30:00,4136001,IQ2d7wF4YD8zU1Q,0.0,0.0,0.0
2020-06-15 01:30:00,4136001,xoJJ8DcxJEcupym,0.0,0.0,0.0
2020-06-15 01:30:00,4136001,LlT2YUhhzqhg5Sw,0.0,0.0,0.0
2020-06-15 01:30:00,4136001,rrq4fwE8jgrTyWY,0.0,0.0,0.0
2020-06-15 01:45:00,4136001,NgDl19wMapZy17u,0.0,0.0,0.0
2020-06-15 01:45:00,4136001,WcxssY2VbP4hApt,0.0,0.0,0.0
2020-06-15 01:45:00,4136001,PeE6FRyGXUgsRhN,0.0,0.0,0.0
2020-06-15 01:45:00,4136001,xMbIugepa2P7lBB,0.0,0.0,0.0
2020-06-15 01:45:00,4136001,Qf4GUc1pJu5T6c6,0.0,0.0,0.0
2020-06-15 01:45:00,4136001,mqwcsP2rE7J0TFp,0.0,0.0,0.0
2020-06-15 01:45:00,4136001,rrq4fwE8jgrTyWY,0.0,0.0,0.0
2020-06-15 01:45:00,4136001,IQ2d7wF4YD8zU1Q,0.0,0.0,0.0
2020-06-15 01:45:00,4136001,Quc1TzYxW2pYoWX,0.0,0.0,0.0
2020-06-15 01:45:00,4136001,Et9kgGMDl729KT4,0.0,0.0,0.0
2020-06-15 01:45:00,4136001,oZZkBaNadn6DNKz,0.0,0.0,0.0
2020-06-15 01:45:00,4136001,4UPUqMRk7TRMgml,0.0,0.0,0.0
2020-06-15 01:45:00,4136001,xoJJ8DcxJEcupym,0.0,0.0,0.0
2020-06-15 01:45:00,4136001,oZ35aAeoifZaQzV,0.0,0.0,0.0
2020-06-15 01:45:00,4136001,V94E5Ben1TlhnDV,0.0,0.0,0.0
2020-06-15 01:45:00,4136001,Mx2yZCDsyf6DPfv,0.0,0.0,0.0
2020-06-15 01:45:00,4136001,9kRcWv60rDACzjR,0.0,0.0,0.0
2020-06-15 01:45:00,4136001,vOuJvMaM2sgwLmb,0.0,0.0,0.0
2020-06-15 01:45:00,4136001,81aHJ1q11NBPMrL,0.0,0.0,0.0
2020-06-15 01:45:00,4136001,LYwnQax7tkwH5Cb,0.0,0.0,0.0
2020-06-15 01:45:00,4136001,q49J1IKaHRwDQnt,0.0,0.0,0.0
2020-06-15 01:45:00,4136001,LlT2YUhhzqhg5Sw,0.0,0.0,0.0
2020-06-15 02:00:00,4136001,q49J1IKaHRwDQnt,0.0,0.0,0.0
2020-06-15 02:00:00,4136001,LlT2YUhhzqhg5Sw,0.0,0.0,0.0
2020-06-15 02:00:00,4136001,xoJJ8DcxJEcupym,0.0,0.0,0.0
2020-06-15 02:00:00,4136001,LYwnQax7tkwH5Cb,0.0,0.0,0.0
2020-06-15 02:00:00,4136001,NgDl19wMapZy17u,0.0,0.0,0.0
2020-06-15 02:00:00,4136001,oZZkBaNadn6DNKz,0.0,0.0,0.0
2020-06-15 02:00:00,4136001,Et9kgGMDl729KT4,0.0,0.0,0.0
2020-06-15 02:00:00,4136001,Qf4GUc1pJu5T6c6,0.0,0.0,0.0
2020-06-15 02:00:00,4136001,9kRcWv60rDACzjR,0.0,0.0,0.0
2020-06-15 02:00:00,4136001,PeE6FRyGXUgsRhN,0.0,0.0,0.0
2020-06-15 02:00:00,4136001,81aHJ1q11NBPMrL,0.0,0.0,0.0
2020-06-15 02:00:00,4136001,oZ35aAeoifZaQzV,0.0,0.0,0.0
2020-06-15 02:00:00,4136001,vOuJvMaM2sgwLmb,0.0,0.0,0.0
2020-06-15 02:00:00,4136001,rrq4fwE8jgrTyWY,0.0,0.0,0.0
2020-06-15 02:00:00,4136001,Mx2yZCDsyf6DPfv,0.0,0.0,0.0
2020-06-15 02:00:00,4136001,V94E5Ben1TlhnDV,0.0,0.0,0.0
2020-06-15 02:00:00,4136001,WcxssY2VbP4hApt,0.0,0.0,0.0
2020-06-15 02:00:00,4136001,4UPUqMRk7TRMgml,0.0,0.0,0.0
2020-06-15 02:00:00,4136001,Quc1TzYxW2pYoWX,0.0,0.0,0.0
2020-06-15 02:00:00,4136001,mqwcsP2rE7J0TFp,0.0,0.0,0.0
2020-06-15 02:00:00,4136001,IQ2d7wF4YD8zU1Q,0.0,0.0,0.0
2020-06-15 02:00:00,4136001,xMbIugepa2P7lBB,0.0,0.0,0.0
2020-06-15 02:15:00,4136001,LYwnQax7tkwH5Cb,0.0,0.0,0.0
2020-06-15 02:15:00,4136001,81aHJ1q11NBPMrL,0.0,0.0,0.0
2020-06-15 02:15:00,4136001,Mx2yZCDsyf6DPfv,0.0,0.0,0.0
2020-06-15 02:15:00,4136001,4UPUqMRk7TRMgml,0.0,0.0,0.0
2020-06-15 02:15:00,4136001,oZZkBaNadn6DNKz,0.0,0.0,0.0
2020-06-15 02:15:00,4136001,q49J1IKaHRwDQnt,0.0,0.0,0.0
2020-06-15 02:15:00,4136001,vOuJvMaM2sgwLmb,0.0,0.0,0.0
2020-06-15 02:15:00,4136001,IQ2d7wF4YD8zU1Q,0.0,0.0,0.0
2020-06-15 02:15:00,4136001,xoJJ8DcxJEcupym,0.0,0.0,0.0
2020-06-15 02:15:00,4136001,xMbIugepa2P7lBB,0.0,0.0,0.0
2020-06-15 02:15:00,4136001,mqwcsP2rE7J0TFp,0.0,0.0,0.0
2020-06-15 02:15:00,4136001,Qf4GUc1pJu5T6c6,0.0,0.0,0.0
2020-06-15 02:15:00,4136001,Quc1TzYxW2pYoWX,0.0,0.0,0.0
2020-06-15 02:15:00,4136001,rrq4fwE8jgrTyWY,0.0,0.0,0.0
2020-06-15 02:15:00,4136001,9kRcWv60rDACzjR,0.0,0.0,0.0
2020-06-15 02:15:00,4136001,NgDl19wMapZy17u,0.0,0.0,0.0
2020-06-15 02:15:00,4136001,V94E5Ben1TlhnDV,0.0,0.0,0.0
2020-06-15 02:15:00,4136001,PeE6FRyGXUgsRhN,0.0,0.0,0.0
2020-06-15 02:15:00,4136001,Et9kgGMDl729KT4,0.0,0.0,0.0
2020-06-15 02:15:00,4136001,oZ35aAeoifZaQzV,0.0,0.0,0.0
2020-06-15 02:15:00,4136001,LlT2YUhhzqhg5Sw,0.0,0.0,0.0
2020-06-15 02:15:00,4136001,WcxssY2VbP4hApt,0.0,0.0,0.0
2020-06-15 02:30:00,4136001,Quc1TzYxW2pYoWX,0.0,0.0,0.0
2020-06-15 02:30:00,4136001,Mx2yZCDsyf6DPfv,0.0,0.0,0.0
2020-06-15 02:30:00,4136001,oZ35aAeoifZaQzV,0.0,0.0,0.0
2020-06-15 02:30:00,4136001,LYwnQax7tkwH5Cb,0.0,0.0,0.0
2020-06-15 02:30:00,4136001,xoJJ8DcxJEcupym,0.0,0.0,0.0
2020-06-15 02:30:00,4136001,rrq4fwE8jgrTyWY,0.0,0.0,0.0
2020-06-15 02:30:00,4136001,81aHJ1q11NBPMrL,0.0,0.0,0.0
2020-06-15 02:30:00,4136001,oZZkBaNadn6DNKz,0.0,0.0,0.0
2020-06-15 02:30:00,4136001,xMbIugepa2P7lBB,0.0,0.0,0.0
2020-06-15 02:30:00,4136001,NgDl19wMapZy17u,0.0,0.0,0.0
2020-06-15 02:30:00,4136001,q49J1IKaHRwDQnt,0.0,0.0,0.0
2020-06-15 02:30:00,4136001,WcxssY2VbP4hApt,0.0,0.0,0.0
2020-06-15 02:30:00,4136001,V94E5Ben1TlhnDV,0.0,0.0,0.0
2020-06-15 02:30:00,4136001,Qf4GUc1pJu5T6c6,0.0,0.0,0.0
2020-06-15 02:30:00,4136001,Et9kgGMDl729KT4,0.0,0.0,0.0
2020-06-15 02:30:00,4136001,vOuJvMaM2sgwLmb,0.0,0.0,0.0
2020-06-15 02:30:00,4136001,PeE6FRyGXUgsRhN,0.0,0.0,0.0
2020-06-15 02:30:00,4136001,4UPUqMRk7TRMgml,0.0,0.0,0.0
2020-06-15 02:30:00,4136001,mqwcsP2rE7J0TFp,0.0,0.0,0.0
2020-06-15 02:30:00,4136001,9kRcWv60rDACzjR,0.0,0.0,0.0
2020-06-15 02:30:00,4136001,LlT2YUhhzqhg5Sw,0.0,0.0,0.0
2020-06-15 02:30:00,4136001,IQ2d7wF4YD8zU1Q,0.0,0.0,0.0
2020-06-15 02:45:00,4136001,xMbIugepa2P7lBB,0.0,0.0,0.0
2020-06-15 02:45:00,4136001,V94E5Ben1TlhnDV,0.0,0.0,0.0
2020-06-15 02:45:00,4136001,rrq4fwE8jgrTyWY,0.0,0.0,0.0
2020-06-15 02:45:00,4136001,LYwnQax7tkwH5Cb,0.0,0.0,0.0
2020-06-15 02:45:00,4136001,Quc1TzYxW2pYoWX,0.0,0.0,0.0
2020-06-15 02:45:00,4136001,WcxssY2VbP4hApt,0.0,0.0,0.0
2020-06-15 02:45:00,4136001,oZ35aAeoifZaQzV,0.0,0.0,0.0
2020-06-15 02:45:00,4136001,mqwcsP2rE7J0TFp,0.0,0.0,0.0
2020-06-15 02:45:00,4136001,Qf4GUc1pJu5T6c6,0.0,0.0,0.0
2020-06-15 02:45:00,4136001,PeE6FRyGXUgsRhN,0.0,0.0,0.0
2020-06-15 02:45:00,4136001,Et9kgGMDl729KT4,0.0,0.0,0.0
2020-06-15 02:45:00,4136001,81aHJ1q11NBPMrL,0.0,0.0,0.0
2020-06-15 02:45:00,4136001,oZZkBaNadn6DNKz,0.0,0.0,0.0
2020-06-15 02:45:00,4136001,xoJJ8DcxJEcupym,0.0,0.0,0.0
2020-06-15 02:45:00,4136001,vOuJvMaM2sgwLmb,0.0,0.0,0.0
2020-06-15 02:45:00,4136001,IQ2d7wF4YD8zU1Q,0.0,0.0,0.0
2020-06-15 02:45:00,4136001,LlT2YUhhzqhg5Sw,0.0,0.0,0.0
2020-06-15 02:45:00,4136001,q49J1IKaHRwDQnt,0.0,0.0,0.0
2020-06-15 02:45:00,4136001,NgDl19wMapZy17u,0.0,0.0,0.0
2020-06-15 02:45:00,4136001,Mx2yZCDsyf6DPfv,0.0,0.0,0.0
2020-06-15 02:45:00,4136001,9kRcWv60rDACzjR,0.0,0.0,0.0
2020-06-15 02:45:00,4136001,4UPUqMRk7TRMgml,0.0,0.0,0.0
2020-06-15 03:00:00,4136001,NgDl19wMapZy17u,0.0,0.0,0.0
2020-06-15 03:00:00,4136001,V94E5Ben1TlhnDV,0.0,0.0,0.0
2020-06-15 03:00:00,4136001,LlT2YUhhzqhg5Sw,0.0,0.0,0.0
2020-06-15 03:00:00,4136001,81aHJ1q11NBPMrL,0.0,0.0,0.0
2020-06-15 03:00:00,4136001,mqwcsP2rE7J0TFp,0.0,0.0,0.0
2020-06-15 03:00:00,4136001,Mx2yZCDsyf6DPfv,0.0,0.0,0.0
2020-06-15 03:00:00,4136001,vOuJvMaM2sgwLmb,0.0,0.0,0.0
2020-06-15 03:00:00,4136001,PeE6FRyGXUgsRhN,0.0,0.0,0.0
2020-06-15 03:00:00,4136001,9kRcWv60rDACzjR,0.0,0.0,0.0
2020-06-15 03:00:00,4136001,xMbIugepa2P7lBB,0.0,0.0,0.0
2020-06-15 03:00:00,4136001,4UPUqMRk7TRMgml,0.0,0.0,0.0
2020-06-15 03:00:00,4136001,LYwnQax7tkwH5Cb,0.0,0.0,0.0
2020-06-15 03:00:00,4136001,rrq4fwE8jgrTyWY,0.0,0.0,0.0
2020-06-15 03:00:00,4136001,oZ35aAeoifZaQzV,0.0,0.0,0.0
2020-06-15 03:00:00,4136001,xoJJ8DcxJEcupym,0.0,0.0,0.0
2020-06-15 03:00:00,4136001,IQ2d7wF4YD8zU1Q,0.0,0.0,0.0
2020-06-15 03:00:00,4136001,q49J1IKaHRwDQnt,0.0,0.0,0.0
2020-06-15 03:00:00,4136001,oZZkBaNadn6DNKz,0.0,0.0,0.0
2020-06-15 03:00:00,4136001,Et9kgGMDl729KT4,0.0,0.0,0.0
2020-06-15 03:00:00,4136001,Qf4GUc1pJu5T6c6,0.0,0.0,0.0
2020-06-15 03:00:00,4136001,WcxssY2VbP4hApt,0.0,0.0,0.0
2020-06-15 03:00:00,4136001,Quc1TzYxW2pYoWX,0.0,0.0,0.0
2020-06-15 03:15:00,4136001,V94E5Ben1TlhnDV,0.0,0.0,0.0
2020-06-15 03:15:00,4136001,4UPUqMRk7TRMgml,0.0,0.0,0.0
2020-06-15 03:15:00,4136001,xoJJ8DcxJEcupym,0.0,0.0,0.0
2020-06-15 03:15:00,4136001,oZ35aAeoifZaQzV,0.0,0.0,0.0
2020-06-15 03:15:00,4136001,q49J1IKaHRwDQnt,0.0,0.0,0.0
2020-06-15 03:15:00,4136001,LlT2YUhhzqhg5Sw,0.0,0.0,0.0
2020-06-15 03:15:00,4136001,Mx2yZCDsyf6DPfv,0.0,0.0,0.0
2020-06-15 03:15:00,4136001,LYwnQax7tkwH5Cb,0.0,0.0,0.0
2020-06-15 03:15:00,4136001,vOuJvMaM2sgwLmb,0.0,0.0,0.0
2020-06-15 03:15:00,4136001,Quc1TzYxW2pYoWX,0.0,0.0,0.0
2020-06-15 03:15:00,4136001,IQ2d7wF4YD8zU1Q,0.0,0.0,0.0
2020-06-15 03:15:00,4136001,xMbIugepa2P7lBB,0.0,0.0,0.0
2020-06-15 03:15:00,4136001,9kRcWv60rDACzjR,0.0,0.0,0.0
2020-06-15 03:15:00,4136001,81aHJ1q11NBPMrL,0.0,0.0,0.0
2020-06-15 03:15:00,4136001,WcxssY2VbP4hApt,0.0,0.0,0.0
2020-06-15 03:15:00,4136001,oZZkBaNadn6DNKz,0.0,0.0,0.0
2020-06-15 03:15:00,4136001,mqwcsP2rE7J0TFp,0.0,0.0,0.0
2020-06-15 03:15:00,4136001,PeE6FRyGXUgsRhN,0.0,0.0,0.0
2020-06-15 03:15:00,4136001,rrq4fwE8jgrTyWY,0.0,0.0,0.0
2020-06-15 03:15:00,4136001,Et9kgGMDl729KT4,0.0,0.0,0.0
2020-06-15 03:15:00,4136001,NgDl19wMapZy17u,0.0,0.0,0.0
2020-06-15 03:15:00,4136001,Qf4GUc1pJu5T6c6,0.0,0.0,0.0
2020-06-15 03:30:00,4136001,NgDl19wMapZy17u,0.0,0.0,0.0
2020-06-15 03:30:00,4136001,4UPUqMRk7TRMgml,0.0,0.0,0.0
2020-06-15 03:30:00,4136001,IQ2d7wF4YD8zU1Q,0.0,0.0,0.0
2020-06-15 03:30:00,4136001,LlT2YUhhzqhg5Sw,0.0,0.0,0.0
2020-06-15 03:30:00,4136001,LYwnQax7tkwH5Cb,0.0,0.0,0.0
2020-06-15 03:30:00,4136001,oZZkBaNadn6DNKz,0.0,0.0,0.0
2020-06-15 03:30:00,4136001,xMbIugepa2P7lBB,0.0,0.0,0.0
2020-06-15 03:30:00,4136001,Mx2yZCDsyf6DPfv,0.0,0.0,0.0
2020-06-15 03:30:00,4136001,q49J1IKaHRwDQnt,0.0,0.0,0.0
2020-06-15 03:30:00,4136001,xoJJ8DcxJEcupym,0.0,0.0,0.0
2020-06-15 03:30:00,4136001,oZ35aAeoifZaQzV,0.0,0.0,0.0
2020-06-15 03:30:00,4136001,Quc1TzYxW2pYoWX,0.0,0.0,0.0
2020-06-15 03:30:00,4136001,Et9kgGMDl729KT4,0.0,0.0,0.0
2020-06-15 03:30:00,4136001,rrq4fwE8jgrTyWY,0.0,0.0,0.0
2020-06-15 03:30:00,4136001,vOuJvMaM2sgwLmb,0.0,0.0,0.0
2020-06-15 03:30:00,4136001,WcxssY2VbP4hApt,0.0,0.0,0.0
2020-06-15 03:30:00,4136001,9kRcWv60rDACzjR,0.0,0.0,0.0
2020-06-15 03:30:00,4136001,81aHJ1q11NBPMrL,0.0,0.0,0.0
2020-06-15 03:30:00,4136001,mqwcsP2rE7J0TFp,0.0,0.0,0.0
2020-06-15 03:30:00,4136001,PeE6FRyGXUgsRhN,0.0,0.0,0.0
2020-06-15 03:30:00,4136001,V94E5Ben1TlhnDV,0.0,0.0,0.0
2020-06-15 03:30:00,4136001,Qf4GUc1pJu5T6c6,0.0,0.0,0.0
2020-06-15 03:45:00,4136001,4UPUqMRk7TRMgml,0.0,0.0,0.0
2020-06-15 03:45:00,4136001,oZ35aAeoifZaQzV,0.0,0.0,0.0
2020-06-15 03:45:00,4136001,IQ2d7wF4YD8zU1Q,0.0,0.0,0.0
2020-06-15 03:45:00,4136001,mqwcsP2rE7J0TFp,0.0,0.0,0.0
2020-06-15 03:45:00,4136001,xoJJ8DcxJEcupym,0.0,0.0,0.0
2020-06-15 03:45:00,4136001,vOuJvMaM2sgwLmb,0.0,0.0,0.0
2020-06-15 03:45:00,4136001,oZZkBaNadn6DNKz,0.0,0.0,0.0
2020-06-15 03:45:00,4136001,q49J1IKaHRwDQnt,0.0,0.0,0.0
2020-06-15 03:45:00,4136001,WcxssY2VbP4hApt,0.0,0.0,0.0
2020-06-15 03:45:00,4136001,Qf4GUc1pJu5T6c6,0.0,0.0,0.0
2020-06-15 03:45:00,4136001,Et9kgGMDl729KT4,0.0,0.0,0.0
2020-06-15 03:45:00,4136001,Quc1TzYxW2pYoWX,0.0,0.0,0.0
2020-06-15 03:45:00,4136001,LYwnQax7tkwH5Cb,0.0,0.0,0.0
2020-06-15 03:45:00,4136001,V94E5Ben1TlhnDV,0.0,0.0,0.0
2020-06-15 03:45:00,4136001,rrq4fwE8jgrTyWY,0.0,0.0,0.0
2020-06-15 03:45:00,4136001,81aHJ1q11NBPMrL,0.0,0.0,0.0
2020-06-15 03:45:00,4136001,PeE6FRyGXUgsRhN,0.0,0.0,0.0
2020-06-15 03:45:00,4136001,LlT2YUhhzqhg5Sw,0.0,0.0,0.0
2020-06-15 03:45:00,4136001,Mx2yZCDsyf6DPfv,0.0,0.0,0.0
2020-06-15 03:45:00,4136001,xMbIugepa2P7lBB,0.0,0.0,0.0
2020-06-15 03:45:00,4136001,9kRcWv60rDACzjR,0.0,0.0,0.0
2020-06-15 03:45:00,4136001,NgDl19wMapZy17u,0.0,0.0,0.0
2020-06-15 04:00:00,4136001,V94E5Ben1TlhnDV,0.0,0.0,0.0
2020-06-15 04:00:00,4136001,Et9kgGMDl729KT4,0.0,0.0,0.0
2020-06-15 04:00:00,4136001,PeE6FRyGXUgsRhN,0.0,0.0,0.0
2020-06-15 04:00:00,4136001,Qf4GUc1pJu5T6c6,0.0,0.0,0.0
2020-06-15 04:00:00,4136001,WcxssY2VbP4hApt,0.0,0.0,0.0
2020-06-15 04:00:00,4136001,q49J1IKaHRwDQnt,0.0,0.0,0.0
2020-06-15 04:00:00,4136001,vOuJvMaM2sgwLmb,0.0,0.0,0.0
2020-06-15 04:00:00,4136001,NgDl19wMapZy17u,0.0,0.0,0.0
2020-06-15 04:00:00,4136001,mqwcsP2rE7J0TFp,0.0,0.0,0.0
2020-06-15 04:00:00,4136001,IQ2d7wF4YD8zU1Q,0.0,0.0,0.0
2020-06-15 04:00:00,4136001,9kRcWv60rDACzjR,0.0,0.0,0.0
2020-06-15 04:00:00,4136001,oZ35aAeoifZaQzV,0.0,0.0,0.0
2020-06-15 04:00:00,4136001,4UPUqMRk7TRMgml,0.0,0.0,0.0
2020-06-15 04:00:00,4136001,xoJJ8DcxJEcupym,0.0,0.0,0.0
2020-06-15 04:00:00,4136001,Quc1TzYxW2pYoWX,0.0,0.0,0.0
2020-06-15 04:00:00,4136001,rrq4fwE8jgrTyWY,0.0,0.0,0.0
2020-06-15 04:00:00,4136001,81aHJ1q11NBPMrL,0.0,0.0,0.0
2020-06-15 04:00:00,4136001,LlT2YUhhzqhg5Sw,0.0,0.0,0.0
2020-06-15 04:00:00,4136001,Mx2yZCDsyf6DPfv,0.0,0.0,0.0
2020-06-15 04:00:00,4136001,xMbIugepa2P7lBB,0.0,0.0,0.0
2020-06-15 04:00:00,4136001,LYwnQax7tkwH5Cb,0.0,0.0,0.0
2020-06-15 04:00:00,4136001,oZZkBaNadn6DNKz,0.0,0.0,0.0
2020-06-15 04:15:00,4136001,vOuJvMaM2sgwLmb,0.0,0.0,0.0
2020-06-15 04:15:00,4136001,9kRcWv60rDACzjR,0.0,0.0,0.0
2020-06-15 04:15:00,4136001,LYwnQax7tkwH5Cb,0.0,0.0,0.0
2020-06-15 04:15:00,4136001,WcxssY2VbP4hApt,0.0,0.0,0.0
2020-06-15 04:15:00,4136001,IQ2d7wF4YD8zU1Q,0.0,0.0,0.0
2020-06-15 04:15:00,4136001,oZ35aAeoifZaQzV,0.0,0.0,0.0
2020-06-15 04:15:00,4136001,rrq4fwE8jgrTyWY,0.0,0.0,0.0
2020-06-15 04:15:00,4136001,81aHJ1q11NBPMrL,0.0,0.0,0.0
2020-06-15 04:15:00,4136001,xMbIugepa2P7lBB,0.0,0.0,0.0
2020-06-15 04:15:00,4136001,PeE6FRyGXUgsRhN,0.0,0.0,0.0
2020-06-15 04:15:00,4136001,4UPUqMRk7TRMgml,0.0,0.0,0.0
2020-06-15 04:15:00,4136001,xoJJ8DcxJEcupym,0.0,0.0,0.0
2020-06-15 04:15:00,4136001,oZZkBaNadn6DNKz,0.0,0.0,0.0
2020-06-15 04:15:00,4136001,LlT2YUhhzqhg5Sw,0.0,0.0,0.0
2020-06-15 04:15:00,4136001,Et9kgGMDl729KT4,0.0,0.0,0.0
2020-06-15 04:15:00,4136001,mqwcsP2rE7J0TFp,0.0,0.0,0.0
2020-06-15 04:15:00,4136001,V94E5Ben1TlhnDV,0.0,0.0,0.0
2020-06-15 04:15:00,4136001,NgDl19wMapZy17u,0.0,0.0,0.0
2020-06-15 04:15:00,4136001,Quc1TzYxW2pYoWX,0.0,0.0,0.0
2020-06-15 04:15:00,4136001,Qf4GUc1pJu5T6c6,0.0,0.0,0.0
2020-06-15 04:15:00,4136001,Mx2yZCDsyf6DPfv,0.0,0.0,0.0
2020-06-15 04:15:00,4136001,q49J1IKaHRwDQnt,0.0,0.0,0.0
2020-06-15 04:30:00,4136001,Mx2yZCDsyf6DPfv,0.0,0.0,0.0
2020-06-15 04:30:00,4136001,Quc1TzYxW2pYoWX,0.0,0.0,0.0
2020-06-15 04:30:00,4136001,WcxssY2VbP4hApt,0.0,0.0,0.0
2020-06-15 04:30:00,4136001,81aHJ1q11NBPMrL,0.0,0.0,0.0
2020-06-15 04:30:00,4136001,vOuJvMaM2sgwLmb,0.0,0.0,0.0
2020-06-15 04:30:00,4136001,NgDl19wMapZy17u,0.0,0.0,0.0
2020-06-15 04:30:00,4136001,V94E5Ben1TlhnDV,0.0,0.0,0.0
2020-06-15 04:30:00,4136001,Et9kgGMDl729KT4,0.0,0.0,0.0
2020-06-15 04:30:00,4136001,rrq4fwE8jgrTyWY,0.0,0.0,0.0
2020-06-15 04:30:00,4136001,xoJJ8DcxJEcupym,0.0,0.0,0.0
2020-06-15 04:30:00,4136001,9kRcWv60rDACzjR,0.0,0.0,0.0
2020-06-15 04:30:00,4136001,PeE6FRyGXUgsRhN,0.0,0.0,0.0
2020-06-15 04:30:00,4136001,xMbIugepa2P7lBB,0.0,0.0,0.0
2020-06-15 04:30:00,4136001,Qf4GUc1pJu5T6c6,0.0,0.0,0.0
2020-06-15 04:30:00,4136001,oZ35aAeoifZaQzV,0.0,0.0,0.0
2020-06-15 04:30:00,4136001,mqwcsP2rE7J0TFp,0.0,0.0,0.0
2020-06-15 04:30:00,4136001,IQ2d7wF4YD8zU1Q,0.0,0.0,0.0
2020-06-15 04:30:00,4136001,LYwnQax7tkwH5Cb,0.0,0.0,0.0
2020-06-15 04:30:00,4136001,4UPUqMRk7TRMgml,0.0,0.0,0.0
2020-06-15 04:30:00,4136001,LlT2YUhhzqhg5Sw,0.0,0.0,0.0
2020-06-15 04:30:00,4136001,oZZkBaNadn6DNKz,0.0,0.0,0.0
2020-06-15 04:30:00,4136001,q49J1IKaHRwDQnt,0.0,0.0,0.0
2020-06-15 04:45:00,4136001,mqwcsP2rE7J0TFp,0.0,0.0,0.0
2020-06-15 04:45:00,4136001,vOuJvMaM2sgwLmb,0.0,0.0,0.0
2020-06-15 04:45:00,4136001,IQ2d7wF4YD8zU1Q,0.0,0.0,0.0
2020-06-15 04:45:00,4136001,WcxssY2VbP4hApt,0.0,0.0,0.0
2020-06-15 04:45:00,4136001,Mx2yZCDsyf6DPfv,0.0,0.0,0.0
2020-06-15 04:45:00,4136001,xMbIugepa2P7lBB,0.0,0.0,0.0
2020-06-15 04:45:00,4136001,NgDl19wMapZy17u,0.0,0.0,0.0
2020-06-15 04:45:00,4136001,PeE6FRyGXUgsRhN,0.0,0.0,0.0
2020-06-15 04:45:00,4136001,81aHJ1q11NBPMrL,0.0,0.0,0.0
2020-06-15 04:45:00,4136001,Et9kgGMDl729KT4,0.0,0.0,0.0
2020-06-15 04:45:00,4136001,4UPUqMRk7TRMgml,0.0,0.0,0.0
2020-06-15 04:45:00,4136001,LYwnQax7tkwH5Cb,0.0,0.0,0.0
2020-06-15 04:45:00,4136001,xoJJ8DcxJEcupym,0.0,0.0,0.0
2020-06-15 04:45:00,4136001,q49J1IKaHRwDQnt,0.0,0.0,0.0
2020-06-15 04:45:00,4136001,V94E5Ben1TlhnDV,0.0,0.0,0.0
2020-06-15 04:45:00,4136001,Qf4GUc1pJu5T6c6,0.0,0.0,0.0
2020-06-15 04:45:00,4136001,9kRcWv60rDACzjR,0.0,0.0,0.0
2020-06-15 04:45:00,4136001,LlT2YUhhzqhg5Sw,0.0,0.0,0.0
2020-06-15 04:45:00,4136001,Quc1TzYxW2pYoWX,0.0,0.0,0.0
2020-06-15 04:45:00,4136001,rrq4fwE8jgrTyWY,0.0,0.0,0.0
2020-06-15 04:45:00,4136001,oZZkBaNadn6DNKz,0.0,0.0,0.0
2020-06-15 04:45:00,4136001,oZ35aAeoifZaQzV,0.0,0.0,0.0
2020-06-15 05:00:00,4136001,vOuJvMaM2sgwLmb,0.0,0.0,0.0
2020-06-15 05:00:00,4136001,NgDl19wMapZy17u,0.0,0.0,0.0
2020-06-15 05:00:00,4136001,81aHJ1q11NBPMrL,0.0,0.0,0.0
2020-06-15 05:00:00,4136001,Quc1TzYxW2pYoWX,0.0,0.0,0.0
2020-06-15 05:00:00,4136001,Et9kgGMDl729KT4,0.0,0.0,0.0
2020-06-15 05:00:00,4136001,PeE6FRyGXUgsRhN,0.0,0.0,0.0
2020-06-15 05:00:00,4136001,LlT2YUhhzqhg5Sw,0.0,0.0,0.0
2020-06-15 05:00:00,4136001,oZZkBaNadn6DNKz,0.0,0.0,0.0
2020-06-15 05:00:00,4136001,xoJJ8DcxJEcupym,0.0,0.0,0.0
2020-06-15 05:00:00,4136001,LYwnQax7tkwH5Cb,0.0,0.0,0.0
2020-06-15 05:00:00,4136001,V94E5Ben1TlhnDV,0.0,0.0,0.0
2020-06-15 05:00:00,4136001,9kRcWv60rDACzjR,0.0,0.0,0.0
2020-06-15 05:00:00,4136001,Qf4GUc1pJu5T6c6,0.0,0.0,0.0
2020-06-15 05:00:00,4136001,rrq4fwE8jgrTyWY,0.0,0.0,0.0
2020-06-15 05:00:00,4136001,WcxssY2VbP4hApt,0.0,0.0,0.0
2020-06-15 05:00:00,4136001,4UPUqMRk7TRMgml,0.0,0.0,0.0
2020-06-15 05:00:00,4136001,mqwcsP2rE7J0TFp,0.0,0.0,0.0
2020-06-15 05:00:00,4136001,Mx2yZCDsyf6DPfv,0.0,0.0,0.0
2020-06-15 05:00:00,4136001,IQ2d7wF4YD8zU1Q,0.0,0.0,0.0
2020-06-15 05:00:00,4136001,q49J1IKaHRwDQnt,0.0,0.0,0.0
2020-06-15 05:00:00,4136001,xMbIugepa2P7lBB,0.0,0.0,0.0
2020-06-15 05:00:00,4136001,oZ35aAeoifZaQzV,0.0,0.0,0.0
2020-06-15 05:15:00,4136001,xoJJ8DcxJEcupym,0.0,0.0,0.0
2020-06-15 05:15:00,4136001,vOuJvMaM2sgwLmb,0.0,0.0,0.0
2020-06-15 05:15:00,4136001,Quc1TzYxW2pYoWX,0.0,0.0,0.0
2020-06-15 05:15:00,4136001,WcxssY2VbP4hApt,0.0,0.0,0.0
2020-06-15 05:15:00,4136001,oZZkBaNadn6DNKz,0.0,0.0,0.0
2020-06-15 05:15:00,4136001,rrq4fwE8jgrTyWY,0.0,0.0,0.0
2020-06-15 05:15:00,4136001,81aHJ1q11NBPMrL,0.0,0.0,0.0
2020-06-15 05:15:00,4136001,Mx2yZCDsyf6DPfv,0.0,0.0,0.0
2020-06-15 05:15:00,4136001,q49J1IKaHRwDQnt,0.0,0.0,0.0
2020-06-15 05:15:00,4136001,9kRcWv60rDACzjR,0.0,0.0,0.0
2020-06-15 05:15:00,4136001,PeE6FRyGXUgsRhN,0.0,0.0,0.0
2020-06-15 05:15:00,4136001,mqwcsP2rE7J0TFp,0.0,0.0,0.0
2020-06-15 05:15:00,4136001,Qf4GUc1pJu5T6c6,0.0,0.0,0.0
2020-06-15 05:15:00,4136001,IQ2d7wF4YD8zU1Q,0.0,0.0,0.0
2020-06-15 05:15:00,4136001,LlT2YUhhzqhg5Sw,0.0,0.0,0.0
2020-06-15 05:15:00,4136001,V94E5Ben1TlhnDV,0.0,0.0,0.0
2020-06-15 05:15:00,4136001,oZ35aAeoifZaQzV,0.0,0.0,0.0
2020-06-15 05:15:00,4136001,Et9kgGMDl729KT4,0.0,0.0,0.0
2020-06-15 05:15:00,4136001,4UPUqMRk7TRMgml,0.0,0.0,0.0
2020-06-15 05:15:00,4136001,xMbIugepa2P7lBB,0.0,0.0,0.0
2020-06-15 05:15:00,4136001,NgDl19wMapZy17u,0.0,0.0,0.0
2020-06-15 05:15:00,4136001,LYwnQax7tkwH5Cb,0.0,0.0,0.0
2020-06-15 05:30:00,4136001,Et9kgGMDl729KT4,0.0,0.0,0.0
2020-06-15 05:30:00,4136001,Quc1TzYxW2pYoWX,0.0,0.0,0.0
2020-06-15 05:30:00,4136001,9kRcWv60rDACzjR,0.0,0.0,0.0
2020-06-15 05:30:00,4136001,V94E5Ben1TlhnDV,0.0,0.0,0.0
2020-06-15 05:30:00,4136001,rrq4fwE8jgrTyWY,0.0,0.0,0.0
2020-06-15 05:30:00,4136001,PeE6FRyGXUgsRhN,0.0,0.0,0.0
2020-06-15 05:30:00,4136001,LlT2YUhhzqhg5Sw,0.0,0.0,0.0
2020-06-15 05:30:00,4136001,oZZkBaNadn6DNKz,0.0,0.0,0.0
2020-06-15 05:30:00,4136001,IQ2d7wF4YD8zU1Q,0.0,0.0,0.0
2020-06-15 05:30:00,4136001,NgDl19wMapZy17u,0.0,0.0,0.0
2020-06-15 05:30:00,4136001,WcxssY2VbP4hApt,0.0,0.0,0.0
2020-06-15 05:30:00,4136001,4UPUqMRk7TRMgml,0.0,0.0,0.0
2020-06-15 05:30:00,4136001,Qf4GUc1pJu5T6c6,0.0,0.0,0.0
2020-06-15 05:30:00,4136001,vOuJvMaM2sgwLmb,0.0,0.0,0.0
2020-06-15 05:30:00,4136001,oZ35aAeoifZaQzV,0.0,0.0,0.0
2020-06-15 05:30:00,4136001,xoJJ8DcxJEcupym,0.0,0.0,0.0
2020-06-15 05:30:00,4136001,q49J1IKaHRwDQnt,0.0,0.0,0.0
2020-06-15 05:30:00,4136001,LYwnQax7tkwH5Cb,0.0,0.0,0.0
2020-06-15 05:30:00,4136001,mqwcsP2rE7J0TFp,0.0,0.0,0.0
2020-06-15 05:30:00,4136001,xMbIugepa2P7lBB,0.0,0.0,0.0
2020-06-15 05:30:00,4136001,Mx2yZCDsyf6DPfv,0.0,0.0,0.0
2020-06-15 05:30:00,4136001,81aHJ1q11NBPMrL,0.0,0.0,0.0
2020-06-15 05:45:00,4136001,Quc1TzYxW2pYoWX,0.0,8.893333333333334,0.0
2020-06-15 05:45:00,4136001,Qf4GUc1pJu5T6c6,0.0,10.726666666666668,0.0
2020-06-15 05:45:00,4136001,mqwcsP2rE7J0TFp,0.0,11.266666666666666,0.0
2020-06-15 05:45:00,4136001,xoJJ8DcxJEcupym,0.0,11.333333333333336,0.0
2020-06-15 05:45:00,4136001,IQ2d7wF4YD8zU1Q,0.0,11.18,0.0
2020-06-15 05:45:00,4136001,oZZkBaNadn6DNKz,0.0,11.446666666666667,0.0
2020-06-15 05:45:00,4136001,LYwnQax7tkwH5Cb,0.0,9.971428571428572,0.0
2020-06-15 05:45:00,4136001,q49J1IKaHRwDQnt,0.0,10.814285714285717,0.0
2020-06-15 05:45:00,4136001,V94E5Ben1TlhnDV,0.0,11.2,0.0
2020-06-15 05:45:00,4136001,PeE6FRyGXUgsRhN,0.0,11.313333333333334,0.0
2020-06-15 05:45:00,4136001,Et9kgGMDl729KT4,0.0,9.86,0.0
2020-06-15 05:45:00,4136001,4UPUqMRk7TRMgml,0.0,10.900000000000002,0.0
2020-06-15 05:45:00,4136001,NgDl19wMapZy17u,0.0,10.42,0.0
2020-06-15 05:45:00,4136001,xMbIugepa2P7lBB,0.0,10.973333333333334,0.0
2020-06-15 05:45:00,4136001,Mx2yZCDsyf6DPfv,0.0,11.253333333333334,0.0
2020-06-15 05:45:00,4136001,oZ35aAeoifZaQzV,0.0,10.8,0.0
2020-06-15 05:45:00,4136001,WcxssY2VbP4hApt,0.0,10.0,0.0
2020-06-15 05:45:00,4136001,rrq4fwE8jgrTyWY,0.0,9.335714285714284,0.0
2020-06-15 05:45:00,4136001,vOuJvMaM2sgwLmb,0.0,10.8,0.0
2020-06-15 05:45:00,4136001,LlT2YUhhzqhg5Sw,0.0,10.44285714285714,0.0
2020-06-15 05:45:00,4136001,81aHJ1q11NBPMrL,0.0,10.96,0.0
2020-06-15 05:45:00,4136001,9kRcWv60rDACzjR,0.0,10.426666666666668,0.0
2020-06-15 06:00:00,4136001,WcxssY2VbP4hApt,10.0,32.72666666666667,10.0
2020-06-15 06:00:00,4136001,LlT2YUhhzqhg5Sw,10.44285714285714,30.766666666666666,10.44285714285714
2020-06-15 06:00:00,4136001,Qf4GUc1pJu5T6c6,10.726666666666668,31.666666666666668,10.726666666666668
2020-06-15 06:00:00,4136001,mqwcsP2rE7J0TFp,11.266666666666666,30.646666666666665,11.266666666666666
2020-06-15 06:00:00,4136001,xMbIugepa2P7lBB,10.973333333333334,31.44,10.973333333333334
2020-06-15 06:00:00,4136001,Quc1TzYxW2pYoWX,8.893333333333334,26.68666666666666,8.893333333333334
2020-06-15 06:00:00,4136001,Mx2yZCDsyf6DPfv,11.253333333333334,32.586666666666666,11.253333333333334
2020-06-15 06:00:00,4136001,81aHJ1q11NBPMrL,10.96,32.559999999999995,10.96
2020-06-15 06:00:00,4136001,Et9kgGMDl729KT4,9.86,29.633333333333333,9.86
2020-06-15 06:00:00,4136001,xoJJ8DcxJEcupym,11.333333333333336,33.95333333333333,11.333333333333336
2020-06-15 06:00:00,4136001,NgDl19wMapZy17u,10.42,30.82,10.42
2020-06-15 06:00:00,4136001,oZ35aAeoifZaQzV,10.8,33.493333333333325,10.8
2020-06-15 06:00:00,4136001,q49J1IKaHRwDQnt,10.814285714285717,30.54666666666666,10.814285714285717
2020-06-15 06:00:00,4136001,V94E5Ben1TlhnDV,11.2,33.78666666666666,11.2
2020-06-15 06:00:00,4136001,oZZkBaNadn6DNKz,11.446666666666667,33.26666666666667,11.446666666666667
2020-06-15 06:00:00,4136001,4UPUqMRk7TRMgml,10.900000000000002,32.04666666666667,10.900000000000002
2020-06-15 06:00:00,4136001,9kRcWv60rDACzjR,10.426666666666668,32.45333333333333,10.426666666666668
2020-06-15 06:00:00,4136001,PeE6FRyGXUgsRhN,11.313333333333334,33.413333333333334,11.313333333333334
2020-06-15 06:00:00,4136001,vOuJvMaM2sgwLmb,10.8,33.166666666666664,10.8
2020-06-15 06:00:00,4136001,rrq4fwE8jgrTyWY,9.335714285714284,28.51333333333333,9.335714285714284
2020-06-15 06:00:00,4136001,IQ2d7wF4YD8zU1Q,11.18,31.593333333333337,11.18
2020-06-15 06:00:00,4136001,LYwnQax7tkwH5Cb,9.971428571428572,28.92666666666667,9.971428571428572
2020-06-15 06:15:00,4136001,WcxssY2VbP4hApt,32.72666666666667,86.26000000000003,32.72666666666667
2020-06-15 06:15:00,4136001,LYwnQax7tkwH5Cb,28.92666666666667,79.53333333333335,28.92666666666667
2020-06-15 06:15:00,4136001,Et9kgGMDl729KT4,29.633333333333333,78.42,29.633333333333333
2020-06-15 06:15:00,4136001,oZZkBaNadn6DNKz,33.26666666666667,84.12857142857142,33.26666666666667
2020-06-15 06:15:00,4136001,oZ35aAeoifZaQzV,33.493333333333325,88.5,33.493333333333325
2020-06-15 06:15:00,4136001,V94E5Ben1TlhnDV,33.78666666666666,82.11428571428573,33.78666666666666
2020-06-15 06:15:00,4136001,vOuJvMaM2sgwLmb,33.166666666666664,85.46,33.166666666666664
2020-06-15 06:15:00,4136001,Qf4GUc1pJu5T6c6,31.666666666666668,88.14666666666665,31.666666666666668
2020-06-15 06:15:00,4136001,81aHJ1q11NBPMrL,32.559999999999995,84.21333333333334,32.559999999999995
2020-06-15 06:15:00,4136001,Mx2yZCDsyf6DPfv,32.586666666666666,87.87333333333333,32.586666666666666
2020-06-15 06:15:00,4136001,NgDl19wMapZy17u,30.82,84.71428571428572,30.82
2020-06-15 06:15:00,4136001,xoJJ8DcxJEcupym,33.95333333333333,83.15,33.95333333333333
2020-06-15 06:15:00,4136001,xMbIugepa2P7lBB,31.44,83.07142857142857,31.44
2020-06-15 06:15:00,4136001,9kRcWv60rDACzjR,32.45333333333333,84.68666666666668,32.45333333333333
2020-06-15 06:15:00,4136001,PeE6FRyGXUgsRhN,33.413333333333334,82.20714285714284,33.413333333333334
2020-06-15 06:15:00,4136001,rrq4fwE8jgrTyWY,28.51333333333333,79.32666666666665,28.51333333333333
2020-06-15 06:15:00,4136001,LlT2YUhhzqhg5Sw,30.766666666666666,82.20666666666669,30.766666666666666
2020-06-15 06:15:00,4136001,4UPUqMRk7TRMgml,32.04666666666667,87.97333333333333,32.04666666666667
2020-06-15 06:15:00,4136001,Quc1TzYxW2pYoWX,26.68666666666666,71.68,26.68666666666666
2020-06-15 06:15:00,4136001,q49J1IKaHRwDQnt,30.54666666666666,82.80666666666667,30.54666666666666
2020-06-15 06:15:00,4136001,mqwcsP2rE7J0TFp,30.646666666666665,86.50714285714287,30.646666666666665
2020-06-15 06:15:00,4136001,IQ2d7wF4YD8zU1Q,31.593333333333337,85.38571428571427,31.593333333333337
2020-06-15 06:30:00,4136001,Et9kgGMDl729KT4,78.42,111.62142857142857,78.42
2020-06-15 06:30:00,4136001,mqwcsP2rE7J0TFp,86.50714285714287,121.85333333333332,86.50714285714287
2020-06-15 06:30:00,4136001,Mx2yZCDsyf6DPfv,87.87333333333333,124.69285714285714,87.87333333333333
2020-06-15 06:30:00,4136001,q49J1IKaHRwDQnt,82.80666666666667,119.4,82.80666666666667
2020-06-15 06:30:00,4136001,xoJJ8DcxJEcupym,83.15,121.95333333333332,83.15
2020-06-15 06:30:00,4136001,9kRcWv60rDACzjR,84.68666666666668,121.14,84.68666666666668
2020-06-15 06:30:00,4136001,xMbIugepa2P7lBB,83.07142857142857,118.81333333333336,83.07142857142857
2020-06-15 06:30:00,4136001,Quc1TzYxW2pYoWX,71.68,102.07142857142858,71.68
2020-06-15 06:30:00,4136001,PeE6FRyGXUgsRhN,82.20714285714284,120.38666666666668,82.20714285714284
2020-06-15 06:30:00,4136001,WcxssY2VbP4hApt,86.26000000000003,123.56,86.26000000000003
2020-06-15 06:30:00,4136001,NgDl19wMapZy17u,84.71428571428572,120.15333333333336,84.71428571428572
2020-06-15 06:30:00,4136001,V94E5Ben1TlhnDV,82.11428571428573,122.88666666666668,82.11428571428573
2020-06-15 06:30:00,4136001,oZZkBaNadn6DNKz,84.12857142857142,123.33333333333331,84.12857142857142
2020-06-15 06:30:00,4136001,Qf4GUc1pJu5T6c6,88.14666666666665,122.13571428571429,88.14666666666665
2020-06-15 06:30:00,4136001,4UPUqMRk7TRMgml,87.97333333333333,123.71428571428572,87.97333333333333
2020-06-15 06:30:00,4136001,IQ2d7wF4YD8zU1Q,85.38571428571427,120.46666666666668,85.38571428571427
2020-06-15 06:30:00,4136001,rrq4fwE8jgrTyWY,79.32666666666665,112.76,79.32666666666665
2020-06-15 06:30:00,4136001,LlT2YUhhzqhg5Sw,82.20666666666669,118.59333333333332,82.20666666666669
2020-06-15 06:30:00,4136001,vOuJvMaM2sgwLmb,85.46,123.76666666666664,85.46
2020-06-15 06:30:00,4136001,LYwnQax7tkwH5Cb,79.53333333333335,114.31333333333332,79.53333333333335
2020-06-15 06:30:00,4136001,81aHJ1q11NBPMrL,84.21333333333334,122.43333333333332,84.21333333333334
2020-06-15 06:30:00,4136001,oZ35aAeoifZaQzV,88.5,124.25,88.5
2020-06-15 06:45:00,4136001,NgDl19wMapZy17u,120.15333333333336,202.7333333333333,120.15333333333336
2020-06-15 06:45:00,4136001,IQ2d7wF4YD8zU1Q,120.46666666666668,201.3133333333333,120.46666666666668
2020-06-15 06:45:00,4136001,4UPUqMRk7TRMgml,123.71428571428572,203.26,123.71428571428572
2020-06-15 06:45:00,4136001,xMbIugepa2P7lBB,118.81333333333336,195.8733333333333,118.81333333333336
2020-06-15 06:45:00,4136001,Et9kgGMDl729KT4,111.62142857142857,179.98666666666668,111.62142857142857
2020-06-15 06:45:00,4136001,9kRcWv60rDACzjR,121.14,196.25,121.14
2020-06-15 06:45:00,4136001,Mx2yZCDsyf6DPfv,124.69285714285714,201.7133333333333,124.69285714285714
2020-06-15 06:45:00,4136001,Qf4GUc1pJu5T6c6,122.13571428571429,202.47333333333333,122.13571428571429
2020-06-15 06:45:00,4136001,vOuJvMaM2sgwLmb,123.76666666666664,202.3,123.76666666666664
2020-06-15 06:45:00,4136001,q49J1IKaHRwDQnt,119.4,202.72000000000003,119.4
2020-06-15 06:45:00,4136001,oZZkBaNadn6DNKz,123.33333333333331,201.70666666666668,123.33333333333331
2020-06-15 06:45:00,4136001,Quc1TzYxW2pYoWX,102.07142857142858,163.24666666666664,102.07142857142858
2020-06-15 06:45:00,4136001,LYwnQax7tkwH5Cb,114.31333333333332,192.10666666666663,114.31333333333332
2020-06-15 06:45:00,4136001,LlT2YUhhzqhg5Sw,118.59333333333332,196.9466666666667,118.59333333333332
2020-06-15 06:45:00,4136001,V94E5Ben1TlhnDV,122.88666666666668,198.25333333333336,122.88666666666668
2020-06-15 06:45:00,4136001,rrq4fwE8jgrTyWY,112.76,192.1266666666667,112.76
2020-06-15 06:45:00,4136001,PeE6FRyGXUgsRhN,120.38666666666668,194.96000000000004,120.38666666666668
2020-06-15 06:45:00,4136001,xoJJ8DcxJEcupym,121.95333333333332,193.81333333333333,121.95333333333332
2020-06-15 06:45:00,4136001,mqwcsP2rE7J0TFp,121.85333333333332,204.9533333333333,121.85333333333332
2020-06-15 06:45:00,4136001,oZ35aAeoifZaQzV,124.25,203.9,124.25
2020-06-15 06:45:00,4136001,81aHJ1q11NBPMrL,122.43333333333332,199.0214285714286,122.43333333333332
2020-06-15 06:45:00,4136001,WcxssY2VbP4hApt,123.56,203.3428571428572,123.56
2020-06-15 07:00:00,4136001,9kRcWv60rDACzjR,196.25,234.02666666666667,196.25
2020-06-15 07:00:00,4136001,LlT2YUhhzqhg5Sw,196.9466666666667,231.2428571428572,196.9466666666667
2020-06-15 07:00:00,4136001,PeE6FRyGXUgsRhN,194.96000000000004,237.8333333333333,194.96000000000004
2020-06-15 07:00:00,4136001,xoJJ8DcxJEcupym,193.81333333333333,248.3733333333333,193.81333333333333
2020-06-15 07:00:00,4136001,vOuJvMaM2sgwLmb,202.3,245.86666666666667,202.3
2020-06-15 07:00:00,4136001,oZ35aAeoifZaQzV,203.9,234.27333333333328,203.9
2020-06-15 07:00:00,4136001,V94E5Ben1TlhnDV,198.25333333333336,252.0133333333333,198.25333333333336
2020-06-15 07:00:00,4136001,mqwcsP2rE7J0TFp,204.9533333333333,230.3,204.9533333333333
2020-06-15 07:00:00,4136001,Qf4GUc1pJu5T6c6,202.47333333333333,231.14,202.47333333333333
2020-06-15 07:00:00,4136001,rrq4fwE8jgrTyWY,192.1266666666667,212.51428571428568,192.1266666666667
2020-06-15 07:00:00,4136001,WcxssY2VbP4hApt,203.3428571428572,241.77333333333328,203.3428571428572
2020-06-15 07:00:00,4136001,q49J1IKaHRwDQnt,202.72000000000003,229.32142857142856,202.72000000000003
2020-06-15 07:00:00,4136001,Mx2yZCDsyf6DPfv,201.7133333333333,233.5,201.7133333333333
2020-06-15 07:00:00,4136001,oZZkBaNadn6DNKz,201.70666666666668,251.6266666666667,201.70666666666668
2020-06-15 07:00:00,4136001,81aHJ1q11NBPMrL,199.0214285714286,244.57333333333327,199.0214285714286
2020-06-15 07:00:00,4136001,LYwnQax7tkwH5Cb,192.10666666666663,220.23571428571427,192.10666666666663
2020-06-15 07:00:00,4136001,NgDl19wMapZy17u,202.7333333333333,222.64666666666668,202.7333333333333
2020-06-15 07:00:00,4136001,Quc1TzYxW2pYoWX,163.24666666666664,200.48,163.24666666666664
2020-06-15 07:00:00,4136001,xMbIugepa2P7lBB,195.8733333333333,214.6066666666667,195.8733333333333
2020-06-15 07:00:00,4136001,IQ2d7wF4YD8zU1Q,201.3133333333333,220.70666666666668,201.3133333333333
2020-06-15 07:00:00,4136001,Et9kgGMDl729KT4,179.98666666666668,221.78666666666663,179.98666666666668
2020-06-15 07:00:00,4136001,4UPUqMRk7TRMgml,203.26,227.88666666666663,203.26
2020-06-15 07:15:00,4136001,9kRcWv60rDACzjR,234.02666666666667,222.57333333333327,234.02666666666667
2020-06-15 07:15:00,4136001,mqwcsP2rE7J0TFp,230.3,241.72,230.3
2020-06-15 07:15:00,4136001,rrq4fwE8jgrTyWY,212.51428571428568,215.5,212.51428571428568
2020-06-15 07:15:00,4136001,PeE6FRyGXUgsRhN,237.8333333333333,204.17857142857144,237.8333333333333
2020-06-15 07:15:00,4136001,xMbIugepa2P7lBB,214.6066666666667,226.25333333333333,214.6066666666667
2020-06-15 07:15:00,4136001,Mx2yZCDsyf6DPfv,233.5,225.24,233.5
2020-06-15 07:15:00,4136001,IQ2d7wF4YD8zU1Q,220.70666666666668,228.7266666666667,220.70666666666668
2020-06-15 07:15:00,4136001,81aHJ1q11NBPMrL,244.57333333333327,221.22666666666663,244.57333333333327
2020-06-15 07:15:00,4136001,Quc1TzYxW2pYoWX,200.48,176.8733333333333,200.48
2020-06-15 07:15:00,4136001,4UPUqMRk7TRMgml,227.88666666666663,224.9333333333333,227.88666666666663
2020-06-15 07:15:00,4136001,Qf4GUc1pJu5T6c6,231.14,229.54,231.14
2020-06-15 07:15:00,4136001,xoJJ8DcxJEcupym,248.3733333333333,199.8214285714286,248.3733333333333
2020-06-15 07:15:00,4136001,WcxssY2VbP4hApt,241.77333333333328,222.82666666666665,241.77333333333328
2020-06-15 07:15:00,4136001,Et9kgGMDl729KT4,221.78666666666663,196.55333333333328,221.78666666666663
2020-06-15 07:15:00,4136001,LYwnQax7tkwH5Cb,220.23571428571427,218.6866666666667,220.23571428571427
2020-06-15 07:15:00,4136001,q49J1IKaHRwDQnt,229.32142857142856,211.28666666666663,229.32142857142856
2020-06-15 07:15:00,4136001,oZ35aAeoifZaQzV,234.27333333333328,221.7933333333333,234.27333333333328
2020-06-15 07:15:00,4136001,V94E5Ben1TlhnDV,252.0133333333333,206.02857142857144,252.0133333333333
2020-06-15 07:15:00,4136001,NgDl19wMapZy17u,222.64666666666668,226.0533333333333,222.64666666666668
2020-06-15 07:15:00,4136001,vOuJvMaM2sgwLmb,245.86666666666667,213.26,245.86666666666667
2020-06-15 07:15:00,4136001,oZZkBaNadn6DNKz,251.6266666666667,202.90000000000003,251.6266666666667
2020-06-15 07:15:00,4136001,LlT2YUhhzqhg5Sw,231.2428571428572,212.26666666666668,231.2428571428572
2020-06-15 07:30:00,4136001,9kRcWv60rDACzjR,222.57333333333327,438.27333333333326,222.57333333333327
2020-06-15 07:30:00,4136001,Qf4GUc1pJu5T6c6,229.54,451.6285714285714,229.54
2020-06-15 07:30:00,4136001,LYwnQax7tkwH5Cb,218.6866666666667,402.0333333333333,218.6866666666667
2020-06-15 07:30:00,4136001,oZ35aAeoifZaQzV,221.7933333333333,432.6928571428571,221.7933333333333
2020-06-15 07:30:00,4136001,4UPUqMRk7TRMgml,224.9333333333333,415.41428571428565,224.9333333333333
2020-06-15 07:30:00,4136001,LlT2YUhhzqhg5Sw,212.26666666666668,427.34,212.26666666666668
2020-06-15 07:30:00,4136001,xMbIugepa2P7lBB,226.25333333333333,426.33571428571423,226.25333333333333
2020-06-15 07:30:00,4136001,V94E5Ben1TlhnDV,206.02857142857144,431.0066666666667,206.02857142857144
2020-06-15 07:30:00,4136001,mqwcsP2rE7J0TFp,241.72,449.5785714285714,241.72
2020-06-15 07:30:00,4136001,WcxssY2VbP4hApt,222.82666666666665,431.14,222.82666666666665
2020-06-15 07:30:00,4136001,Et9kgGMDl729KT4,196.55333333333328,397.02,196.55333333333328
2020-06-15 07:30:00,4136001,IQ2d7wF4YD8zU1Q,228.7266666666667,417.4428571428572,228.7266666666667
2020-06-15 07:30:00,4136001,81aHJ1q11NBPMrL,221.22666666666663,446.26,221.22666666666663
2020-06-15 07:30:00,4136001,xoJJ8DcxJEcupym,199.8214285714286,440.7266666666666,199.8214285714286
2020-06-15 07:30:00,4136001,PeE6FRyGXUgsRhN,204.17857142857144,410.2466666666666,204.17857142857144
2020-06-15 07:30:00,4136001,q49J1IKaHRwDQnt,211.28666666666663,430.3,211.28666666666663
2020-06-15 07:30:00,4136001,NgDl19wMapZy17u,226.0533333333333,414.8571428571428,226.0533333333333
2020-06-15 07:30:00,4136001,Quc1TzYxW2pYoWX,176.8733333333333,338.53333333333336,176.8733333333333
2020-06-15 07:30:00,4136001,Mx2yZCDsyf6DPfv,225.24,417.62142857142857,225.24
2020-06-15 07:30:00,4136001,rrq4fwE8jgrTyWY,215.5,397.5533333333333,215.5
2020-06-15 07:30:00,4136001,vOuJvMaM2sgwLmb,213.26,443.44,213.26
2020-06-15 07:30:00,4136001,oZZkBaNadn6DNKz,202.90000000000003,436.74,202.90000000000003
2020-06-15 07:45:00,4136001,Et9kgGMDl729KT4,397.02,442.54,397.02
2020-06-15 07:45:00,4136001,vOuJvMaM2sgwLmb,443.44,484.7,443.44
2020-06-15 07:45:00,4136001,mqwcsP2rE7J0TFp,449.5785714285714,528.12,449.5785714285714
2020-06-15 07:45:00,4136001,rrq4fwE8jgrTyWY,397.5533333333333,465.26666666666665,397.5533333333333
2020-06-15 07:45:00,4136001,V94E5Ben1TlhnDV,431.0066666666667,490.38666666666666,431.0066666666667
2020-06-15 07:45:00,4136001,Quc1TzYxW2pYoWX,338.53333333333336,391.77333333333326,338.53333333333336
2020-06-15 07:45:00,4136001,xMbIugepa2P7lBB,426.33571428571423,473.42666666666673,426.33571428571423
2020-06-15 07:45:00,4136001,LlT2YUhhzqhg5Sw,427.34,483.89333333333326,427.34
2020-06-15 07:45:00,4136001,81aHJ1q11NBPMrL,446.26,486.3285714285714,446.26
2020-06-15 07:45:00,4136001,4UPUqMRk7TRMgml,415.41428571428565,477.10666666666674,415.41428571428565
2020-06-15 07:45:00,4136001,PeE6FRyGXUgsRhN,410.2466666666666,500.23333333333335,410.2466666666666
2020-06-15 07:45:00,4136001,WcxssY2VbP4hApt,431.14,503.9071428571429,431.14
2020-06-15 07:45:00,4136001,oZ35aAeoifZaQzV,432.6928571428571,492.57333333333327,432.6928571428571
2020-06-15 07:45:00,4136001,xoJJ8DcxJEcupym,440.7266666666666,511.4800000000001,440.7266666666666
2020-06-15 07:45:00,4136001,LYwnQax7tkwH5Cb,402.0333333333333,468.1266666666667,402.0333333333333
2020-06-15 07:45:00,4136001,Qf4GUc1pJu5T6c6,451.6285714285714,530.86,451.6285714285714
2020-06-15 07:45:00,4136001,Mx2yZCDsyf6DPfv,417.62142857142857,471.6866666666667,417.62142857142857
2020-06-15 07:45:00,4136001,9kRcWv60rDACzjR,438.27333333333326,483.6785714285714,438.27333333333326
2020-06-15 07:45:00,4136001,NgDl19wMapZy17u,414.8571428571428,487.04666666666657,414.8571428571428
2020-06-15 07:45:00,4136001,oZZkBaNadn6DNKz,436.74,498.26,436.74
2020-06-15 07:45:00,4136001,IQ2d7wF4YD8zU1Q,417.4428571428572,498.2,417.4428571428572
2020-06-15 07:45:00,4136001,q49J1IKaHRwDQnt,430.3,493.94666666666666,430.3
2020-06-15 08:00:00,4136001,4UPUqMRk7TRMgml,477.10666666666674,580.62,477.10666666666674
2020-06-15 08:00:00,4136001,xMbIugepa2P7lBB,473.42666666666673,562.0066666666668,473.42666666666673
2020-06-15 08:00:00,4136001,xoJJ8DcxJEcupym,511.4800000000001,584.6933333333335,511.4800000000001
2020-06-15 08:00:00,4136001,oZ35aAeoifZaQzV,492.57333333333327,587.7666666666667,492.57333333333327
2020-06-15 08:00:00,4136001,V94E5Ben1TlhnDV,490.38666666666666,578.1466666666666,490.38666666666666
2020-06-15 08:00:00,4136001,LYwnQax7tkwH5Cb,468.1266666666667,544.9333333333334,468.1266666666667
2020-06-15 08:00:00,4136001,mqwcsP2rE7J0TFp,528.12,569.5666666666668,528.12
2020-06-15 08:00:00,4136001,Quc1TzYxW2pYoWX,391.77333333333326,438.2866666666666,391.77333333333326
2020-06-15 08:00:00,4136001,Et9kgGMDl729KT4,442.54,479.1133333333334,442.54
2020-06-15 08:00:00,4136001,q49J1IKaHRwDQnt,493.94666666666666,572.72,493.94666666666666
2020-06-15 08:00:00,4136001,vOuJvMaM2sgwLmb,484.7,580.9866666666667,484.7
2020-06-15 08:00:00,4136001,81aHJ1q11NBPMrL,486.3285714285714,584.6266666666666,486.3285714285714
2020-06-15 08:00:00,4136001,oZZkBaNadn6DNKz,498.26,577.7133333333333,498.26
2020-06-15 08:00:00,4136001,LlT2YUhhzqhg5Sw,483.89333333333326,571.3533333333334,483.89333333333326
2020-06-15 08:00:00,4136001,PeE6FRyGXUgsRhN,500.23333333333335,567.3466666666667,500.23333333333335
2020-06-15 08:00:00,4136001,9kRcWv60rDACzjR,483.6785714285714,569.3933333333333,483.6785714285714
2020-06-15 08:00:00,4136001,rrq4fwE8jgrTyWY,465.26666666666665,536.6933333333334,465.26666666666665
2020-06-15 08:00:00,4136001,NgDl19wMapZy17u,487.04666666666657,568.9666666666666,487.04666666666657
2020-06-15 08:00:00,4136001,Qf4GUc1pJu5T6c6,530.86,576.1933333333334,530.86
2020-06-15 08:00:00,4136001,WcxssY2VbP4hApt,503.9071428571429,586.0666666666667,503.9071428571429
2020-06-15 08:00:00,4136001,IQ2d7wF4YD8zU1Q,498.2,568.94,498.2
2020-06-15 08:00:00,4136001,Mx2yZCDsyf6DPfv,471.6866666666667,581.62,471.6866666666667
2020-06-15 08:15:00,4136001,9kRcWv60rDACzjR,569.3933333333333,728.8,569.3933333333333
2020-06-15 08:15:00,4136001,NgDl19wMapZy17u,568.9666666666666,738.4266666666667,568.9666666666666
2020-06-15 08:15:00,4136001,81aHJ1q11NBPMrL,584.6266666666666,741.0333333333333,584.6266666666666
2020-06-15 08:15:00,4136001,xoJJ8DcxJEcupym,584.6933333333335,730.9285714285713,584.6933333333335
2020-06-15 08:15:00,4136001,oZ35aAeoifZaQzV,587.7666666666667,749.1733333333333,587.7666666666667
2020-06-15 08:15:00,4136001,Quc1TzYxW2pYoWX,438.2866666666666,0.0,438.2866666666666
2020-06-15 08:15:00,4136001,PeE6FRyGXUgsRhN,567.3466666666667,720.5999999999998,567.3466666666667
2020-06-15 08:15:00,4136001,q49J1IKaHRwDQnt,572.72,731.7857142857142,572.72
2020-06-15 08:15:00,4136001,LlT2YUhhzqhg5Sw,571.3533333333334,725.1785714285713,571.3533333333334
2020-06-15 08:15:00,4136001,IQ2d7wF4YD8zU1Q,568.94,738.3399999999998,568.94
2020-06-15 08:15:00,4136001,WcxssY2VbP4hApt,586.0666666666667,750.38,586.0666666666667
2020-06-15 08:15:00,4136001,V94E5Ben1TlhnDV,578.1466666666666,730.2142857142858,578.1466666666666
2020-06-15 08:15:00,4136001,xMbIugepa2P7lBB,562.0066666666668,722.7666666666665,562.0066666666668
2020-06-15 08:15:00,4136001,Et9kgGMDl729KT4,479.1133333333334,0.0,479.1133333333334
2020-06-15 08:15:00,4136001,rrq4fwE8jgrTyWY,536.6933333333334,695.1714285714285,536.6933333333334
2020-06-15 08:15:00,4136001,vOuJvMaM2sgwLmb,580.9866666666667,742.0533333333334,580.9866666666667
2020-06-15 08:15:00,4136001,Mx2yZCDsyf6DPfv,581.62,748.4666666666666,581.62
2020-06-15 08:15:00,4136001,LYwnQax7tkwH5Cb,544.9333333333334,707.8857142857142,544.9333333333334
2020-06-15 08:15:00,4136001,Qf4GUc1pJu5T6c6,576.1933333333334,0.0,576.1933333333334
2020-06-15 08:15:00,4136001,mqwcsP2rE7J0TFp,569.5666666666668,742.1666666666665,569.5666666666668
2020-06-15 08:15:00,4136001,oZZkBaNadn6DNKz,577.7133333333333,742.3928571428572,577.7133333333333
2020-06-15 08:15:00,4136001,4UPUqMRk7TRMgml,580.62,752.9933333333331,580.62
2020-06-15 08:30:00,4136001,vOuJvMaM2sgwLmb,742.0533333333334,849.1533333333333,742.0533333333334
2020-06-15 08:30:00,4136001,oZZkBaNadn6DNKz,742.3928571428572,834.2133333333331,742.3928571428572
2020-06-15 08:30:00,4136001,WcxssY2VbP4hApt,750.38,850.52,750.38
2020-06-15 08:30:00,4136001,IQ2d7wF4YD8zU1Q,738.3399999999998,840.4071428571427,738.3399999999998
2020-06-15 08:30:00,4136001,rrq4fwE8jgrTyWY,695.1714285714285,773.46,695.1714285714285
2020-06-15 08:30:00,4136001,xMbIugepa2P7lBB,722.7666666666665,780.2857142857142,722.7666666666665
2020-06-15 08:30:00,4136001,LYwnQax7tkwH5Cb,707.8857142857142,787.3466666666667,707.8857142857142
2020-06-15 08:30:00,4136001,LlT2YUhhzqhg5Sw,725.1785714285713,811.6466666666665,725.1785714285713
2020-06-15 08:30:00,4136001,q49J1IKaHRwDQnt,731.7857142857142,829.8333333333331,731.7857142857142
2020-06-15 08:30:00,4136001,Qf4GUc1pJu5T6c6,0.0,0.0,0.0
2020-06-15 08:30:00,4136001,81aHJ1q11NBPMrL,741.0333333333333,789.12,741.0333333333333
2020-06-15 08:30:00,4136001,Mx2yZCDsyf6DPfv,748.4666666666666,855.7642857142857,748.4666666666666
2020-06-15 08:30:00,4136001,4UPUqMRk7TRMgml,752.9933333333331,216.69285714285712,752.9933333333331
2020-06-15 08:30:00,4136001,oZ35aAeoifZaQzV,749.1733333333333,853.3071428571427,749.1733333333333
2020-06-15 08:30:00,4136001,mqwcsP2rE7J0TFp,742.1666666666665,814.9785714285715,742.1666666666665
2020-06-15 08:30:00,4136001,9kRcWv60rDACzjR,728.8,802.5466666666667,728.8
2020-06-15 08:30:00,4136001,Quc1TzYxW2pYoWX,0.0,0.0,0.0
2020-06-15 08:30:00,4136001,PeE6FRyGXUgsRhN,720.5999999999998,811.0666666666667,720.5999999999998
2020-06-15 08:30:00,4136001,NgDl19wMapZy17u,738.4266666666667,852.1571428571427,738.4266666666667
2020-06-15 08:30:00,4136001,Et9kgGMDl729KT4,0.0,0.0,0.0
2020-06-15 08:30:00,4136001,xoJJ8DcxJEcupym,730.9285714285713,763.1333333333333,730.9285714285713
2020-06-15 08:30:00,4136001,V94E5Ben1TlhnDV,730.2142857142858,743.04,730.2142857142858
2020-06-15 08:45:00,4136001,LYwnQax7tkwH5Cb,787.3466666666667,726.8199999999998,787.3466666666667
2020-06-15 08:45:00,4136001,NgDl19wMapZy17u,852.1571428571427,774.9399999999998,852.1571428571427
2020-06-15 08:45:00,4136001,Quc1TzYxW2pYoWX,0.0,0.0,0.0
2020-06-15 08:45:00,4136001,q49J1IKaHRwDQnt,829.8333333333331,788.2333333333332,829.8333333333331
2020-06-15 08:45:00,4136001,vOuJvMaM2sgwLmb,849.1533333333333,720.1,849.1533333333333
2020-06-15 08:45:00,4136001,Mx2yZCDsyf6DPfv,855.7642857142857,0.0,855.7642857142857
2020-06-15 08:45:00,4136001,xMbIugepa2P7lBB,780.2857142857142,765.5466666666667,780.2857142857142
2020-06-15 08:45:00,4136001,mqwcsP2rE7J0TFp,814.9785714285715,776.0866666666667,814.9785714285715
2020-06-15 08:45:00,4136001,Et9kgGMDl729KT4,0.0,0.0,0.0
2020-06-15 08:45:00,4136001,oZZkBaNadn6DNKz,834.2133333333331,168.6266666666667,834.2133333333331
2020-06-15 08:45:00,4136001,V94E5Ben1TlhnDV,743.04,47.28,743.04
2020-06-15 08:45:00,4136001,IQ2d7wF4YD8zU1Q,840.4071428571427,761.88,840.4071428571427
2020-06-15 08:45:00,4136001,Qf4GUc1pJu5T6c6,0.0,0.0,0.0
2020-06-15 08:45:00,4136001,4UPUqMRk7TRMgml,216.69285714285712,0.0,216.69285714285712
2020-06-15 08:45:00,4136001,rrq4fwE8jgrTyWY,773.46,746.6533333333333,773.46
2020-06-15 08:45:00,4136001,oZ35aAeoifZaQzV,853.3071428571427,0.0,853.3071428571427
2020-06-15 08:45:00,4136001,9kRcWv60rDACzjR,802.5466666666667,745.3428571428572,802.5466666666667
2020-06-15 08:45:00,4136001,xoJJ8DcxJEcupym,763.1333333333333,781.4933333333335,763.1333333333333
2020-06-15 08:45:00,4136001,PeE6FRyGXUgsRhN,811.0666666666667,511.2666666666667,811.0666666666667
2020-06-15 08:45:00,4136001,LlT2YUhhzqhg5Sw,811.6466666666665,737.0666666666666,811.6466666666665
2020-06-15 08:45:00,4136001,81aHJ1q11NBPMrL,789.12,701.1214285714286,789.12
2020-06-15 08:45:00,4136001,WcxssY2VbP4hApt,850.52,793.6928571428573,850.52
2020-06-15 09:00:00,4136001,q49J1IKaHRwDQnt,788.2333333333332,802.6333333333333,788.2333333333332
2020-06-15 09:00:00,4136001,V94E5Ben1TlhnDV,47.28,0.0,47.28
2020-06-15 09:00:00,4136001,oZZkBaNadn6DNKz,168.6266666666667,0.0,168.6266666666667
2020-06-15 09:00:00,4136001,LYwnQax7tkwH5Cb,726.8199999999998,766.4133333333333,726.8199999999998
2020-06-15 09:00:00,4136001,Qf4GUc1pJu5T6c6,0.0,0.0,0.0
2020-06-15 09:00:00,4136001,xMbIugepa2P7lBB,765.5466666666667,746.4266666666667,765.5466666666667
2020-06-15 09:00:00,4136001,4UPUqMRk7TRMgml,0.0,0.0,0.0
2020-06-15 09:00:00,4136001,Mx2yZCDsyf6DPfv,0.0,0.0,0.0
2020-06-15 09:00:00,4136001,oZ35aAeoifZaQzV,0.0,0.0,0.0
2020-06-15 09:00:00,4136001,rrq4fwE8jgrTyWY,746.6533333333333,730.7533333333334,746.6533333333333
2020-06-15 09:00:00,4136001,mqwcsP2rE7J0TFp,776.0866666666667,768.9399999999998,776.0866666666667
2020-06-15 09:00:00,4136001,81aHJ1q11NBPMrL,701.1214285714286,865.72,701.1214285714286
2020-06-15 09:00:00,4136001,9kRcWv60rDACzjR,745.3428571428572,803.66,745.3428571428572
2020-06-15 09:00:00,4136001,Quc1TzYxW2pYoWX,0.0,0.0,0.0
2020-06-15 09:00:00,4136001,NgDl19wMapZy17u,774.9399999999998,752.4866666666666,774.9399999999998
2020-06-15 09:00:00,4136001,xoJJ8DcxJEcupym,781.4933333333335,846.0466666666665,781.4933333333335
2020-06-15 09:00:00,4136001,IQ2d7wF4YD8zU1Q,761.88,781.9399999999998,761.88
2020-06-15 09:00:00,4136001,LlT2YUhhzqhg5Sw,737.0666666666666,818.8,737.0666666666666
2020-06-15 09:00:00,4136001,PeE6FRyGXUgsRhN,511.2666666666667,0.0,511.2666666666667
2020-06-15 09:00:00,4136001,vOuJvMaM2sgwLmb,720.1,842.6533333333333,720.1
2020-06-15 09:00:00,4136001,Et9kgGMDl729KT4,0.0,0.0,0.0
2020-06-15 09:00:00,4136001,WcxssY2VbP4hApt,793.6928571428573,857.36,793.6928571428573
2020-06-15 09:15:00,4136001,V94E5Ben1TlhnDV,0.0,0.0,0.0
2020-06-15 09:15:00,4136001,Qf4GUc1pJu5T6c6,0.0,0.0,0.0
2020-06-15 09:15:00,4136001,LlT2YUhhzqhg5Sw,818.8,473.03571428571433,818.8
2020-06-15 09:15:00,4136001,PeE6FRyGXUgsRhN,0.0,185.21333333333328,0.0
2020-06-15 09:15:00,4136001,Mx2yZCDsyf6DPfv,0.0,129.26,0.0
2020-06-15 09:15:00,4136001,NgDl19wMapZy17u,752.4866666666666,504.83333333333326,752.4866666666666
2020-06-15 09:15:00,4136001,rrq4fwE8jgrTyWY,730.7533333333334,455.25,730.7533333333334
2020-06-15 09:15:00,4136001,Et9kgGMDl729KT4,0.0,0.0,0.0
2020-06-15 09:15:00,4136001,xoJJ8DcxJEcupym,846.0466666666665,507.1133333333333,846.0466666666665
2020-06-15 09:15:00,4136001,oZZkBaNadn6DNKz,0.0,157.25333333333333,0.0
2020-06-15 09:15:00,4136001,9kRcWv60rDACzjR,803.66,485.04,803.66
2020-06-15 09:15:00,4136001,81aHJ1q11NBPMrL,865.72,504.02,865.72
2020-06-15 09:15:00,4136001,q49J1IKaHRwDQnt,802.6333333333333,483.4857142857143,802.6333333333333
2020-06-15 09:15:00,4136001,Quc1TzYxW2pYoWX,0.0,0.0,0.0
2020-06-15 09:15:00,4136001,WcxssY2VbP4hApt,857.36,503.00000000000006,857.36
2020-06-15 09:15:00,4136001,vOuJvMaM2sgwLmb,842.6533333333333,508.12,842.6533333333333
2020-06-15 09:15:00,4136001,xMbIugepa2P7lBB,746.4266666666667,489.19333333333327,746.4266666666667
2020-06-15 09:15:00,4136001,mqwcsP2rE7J0TFp,768.9399999999998,478.6866666666667,768.9399999999998
2020-06-15 09:15:00,4136001,LYwnQax7tkwH5Cb,766.4133333333333,456.45714285714286,766.4133333333333
2020-06-15 09:15:00,4136001,IQ2d7wF4YD8zU1Q,781.9399999999998,504.9666666666667,781.9399999999998
2020-06-15 09:15:00,4136001,oZ35aAeoifZaQzV,0.0,129.52,0.0
2020-06-15 09:15:00,4136001,4UPUqMRk7TRMgml,0.0,0.0,0.0
2020-06-15 09:30:00,4136001,Quc1TzYxW2pYoWX,0.0,0.0,0.0
2020-06-15 09:30:00,4136001,Qf4GUc1pJu5T6c6,0.0,0.0,0.0
2020-06-15 09:30:00,4136001,4UPUqMRk7TRMgml,0.0,0.0,0.0
2020-06-15 09:30:00,4136001,rrq4fwE8jgrTyWY,455.25,768.2733333333333,455.25
2020-06-15 09:30:00,4136001,xMbIugepa2P7lBB,489.19333333333327,811.1071428571429,489.19333333333327
2020-06-15 09:30:00,4136001,NgDl19wMapZy17u,504.83333333333326,697.9214285714285,504.83333333333326
2020-06-15 09:30:00,4136001,mqwcsP2rE7J0TFp,478.6866666666667,628.5571428571429,478.6866666666667
2020-06-15 09:30:00,4136001,xoJJ8DcxJEcupym,507.1133333333333,686.892857142857,507.1133333333333
2020-06-15 09:30:00,4136001,PeE6FRyGXUgsRhN,185.21333333333328,197.7928571428572,185.21333333333328
2020-06-15 09:30:00,4136001,Et9kgGMDl729KT4,0.0,0.0,0.0
2020-06-15 09:30:00,4136001,LlT2YUhhzqhg5Sw,473.03571428571433,744.5466666666665,473.03571428571433
2020-06-15 09:30:00,4136001,q49J1IKaHRwDQnt,483.4857142857143,755.42,483.4857142857143
2020-06-15 09:30:00,4136001,81aHJ1q11NBPMrL,504.02,736.28,504.02
2020-06-15 09:30:00,4136001,vOuJvMaM2sgwLmb,508.12,761.9866666666666,508.12
2020-06-15 09:30:00,4136001,9kRcWv60rDACzjR,485.04,771.9466666666667,485.04
2020-06-15 09:30:00,4136001,V94E5Ben1TlhnDV,0.0,0.0,0.0
2020-06-15 09:30:00,4136001,WcxssY2VbP4hApt,503.00000000000006,786.4933333333332,503.00000000000006
2020-06-15 09:30:00,4136001,IQ2d7wF4YD8zU1Q,504.9666666666667,729.4928571428571,504.9666666666667
2020-06-15 09:30:00,4136001,oZ35aAeoifZaQzV,129.52,148.36,129.52
2020-06-15 09:30:00,4136001,Mx2yZCDsyf6DPfv,129.26,148.26000000000002,129.26
2020-06-15 09:30:00,4136001,LYwnQax7tkwH5Cb,456.45714285714286,745.7666666666668,456.45714285714286
2020-06-15 09:30:00,4136001,oZZkBaNadn6DNKz,157.25333333333333,150.96428571428572,157.25333333333333
2020-06-15 09:45:00,4136001,xoJJ8DcxJEcupym,686.892857142857,835.5733333333335,686.892857142857
2020-06-15 09:45:00,4136001,rrq4fwE8jgrTyWY,768.2733333333333,640.9066666666668,768.2733333333333
2020-06-15 09:45:00,4136001,q49J1IKaHRwDQnt,755.42,1099.3333333333333,755.42
2020-06-15 09:45:00,4136001,IQ2d7wF4YD8zU1Q,729.4928571428571,1136.2733333333333,729.4928571428571
2020-06-15 09:45:00,4136001,LlT2YUhhzqhg5Sw,744.5466666666665,1090.84,744.5466666666665
2020-06-15 09:45:00,4136001,xMbIugepa2P7lBB,811.1071428571429,1106.7066666666667,811.1071428571429
2020-06-15 09:45:00,4136001,81aHJ1q11NBPMrL,736.28,1081.6642857142856,736.28
2020-06-15 09:45:00,4136001,Et9kgGMDl729KT4,0.0,0.0,0.0
2020-06-15 09:45:00,4136001,WcxssY2VbP4hApt,786.4933333333332,1136.9571428571428,786.4933333333332
2020-06-15 09:45:00,4136001,Quc1TzYxW2pYoWX,0.0,0.0,0.0
2020-06-15 09:45:00,4136001,Mx2yZCDsyf6DPfv,148.26000000000002,0.0,148.26000000000002
2020-06-15 09:45:00,4136001,9kRcWv60rDACzjR,771.9466666666667,1085.607142857143,771.9466666666667
2020-06-15 09:45:00,4136001,Qf4GUc1pJu5T6c6,0.0,0.0,0.0
2020-06-15 09:45:00,4136001,vOuJvMaM2sgwLmb,761.9866666666666,1052.0571428571427,761.9866666666666
2020-06-15 09:45:00,4136001,LYwnQax7tkwH5Cb,745.7666666666668,1033.3133333333333,745.7666666666668
2020-06-15 09:45:00,4136001,mqwcsP2rE7J0TFp,628.5571428571429,1141.8933333333337,628.5571428571429
2020-06-15 09:45:00,4136001,4UPUqMRk7TRMgml,0.0,0.0,0.0
2020-06-15 09:45:00,4136001,V94E5Ben1TlhnDV,0.0,0.0,0.0
2020-06-15 09:45:00,4136001,NgDl19wMapZy17u,697.9214285714285,1130.406666666667,697.9214285714285
2020-06-15 09:45:00,4136001,PeE6FRyGXUgsRhN,197.7928571428572,0.0,197.7928571428572
2020-06-15 09:45:00,4136001,oZ35aAeoifZaQzV,148.36,0.0,148.36
2020-06-15 09:45:00,4136001,oZZkBaNadn6DNKz,150.96428571428572,0.0,150.96428571428572
2020-06-15 10:00:00,4136001,rrq4fwE8jgrTyWY,640.9066666666668,105.8,640.9066666666668
2020-06-15 10:00:00,4136001,Mx2yZCDsyf6DPfv,0.0,0.0,0.0
2020-06-15 10:00:00,4136001,4UPUqMRk7TRMgml,0.0,0.0,0.0
2020-06-15 10:00:00,4136001,9kRcWv60rDACzjR,1085.607142857143,1006.3266666666668,1085.607142857143
2020-06-15 10:00:00,4136001,LlT2YUhhzqhg5Sw,1090.84,1004.32,1090.84
2020-06-15 10:00:00,4136001,PeE6FRyGXUgsRhN,0.0,0.0,0.0
2020-06-15 10:00:00,4136001,NgDl19wMapZy17u,1130.406666666667,993.4533333333331,1130.406666666667
2020-06-15 10:00:00,4136001,LYwnQax7tkwH5Cb,1033.3133333333333,803.5466666666665,1033.3133333333333
2020-06-15 10:00:00,4136001,Et9kgGMDl729KT4,0.0,0.0,0.0
2020-06-15 10:00:00,4136001,xoJJ8DcxJEcupym,835.5733333333335,1113.6466666666668,835.5733333333335
2020-06-15 10:00:00,4136001,mqwcsP2rE7J0TFp,1141.8933333333337,1058.9533333333334,1141.8933333333337
2020-06-15 10:00:00,4136001,Qf4GUc1pJu5T6c6,0.0,0.0,0.0
2020-06-15 10:00:00,4136001,q49J1IKaHRwDQnt,1099.3333333333333,1043.253333333333,1099.3333333333333
2020-06-15 10:00:00,4136001,xMbIugepa2P7lBB,1106.7066666666667,872.5666666666667,1106.7066666666667
2020-06-15 10:00:00,4136001,81aHJ1q11NBPMrL,1081.6642857142856,1113.22,1081.6642857142856
2020-06-15 10:00:00,4136001,IQ2d7wF4YD8zU1Q,1136.2733333333333,955.8666666666664,1136.2733333333333
2020-06-15 10:00:00,4136001,Quc1TzYxW2pYoWX,0.0,0.0,0.0
2020-06-15 10:00:00,4136001,oZ35aAeoifZaQzV,0.0,0.0,0.0
2020-06-15 10:00:00,4136001,vOuJvMaM2sgwLmb,1052.0571428571427,1121.9466666666665,1052.0571428571427
2020-06-15 10:00:00,4136001,WcxssY2VbP4hApt,1136.9571428571428,1058.4266666666667,1136.9571428571428
2020-06-15 10:00:00,4136001,V94E5Ben1TlhnDV,0.0,0.0,0.0
2020-06-15 10:00:00,4136001,oZZkBaNadn6DNKz,0.0,0.0,0.0
2020-06-15 10:15:00,4136001,xMbIugepa2P7lBB,872.5666666666667,877.54,872.5666666666667
2020-06-15 10:15:00,4136001,IQ2d7wF4YD8zU1Q,955.8666666666664,901.74,955.8666666666664
2020-06-15 10:15:00,4136001,WcxssY2VbP4hApt,1058.4266666666667,892.9933333333332,1058.4266666666667
2020-06-15 10:15:00,4136001,LlT2YUhhzqhg5Sw,1004.32,827.8357142857144,1004.32
2020-06-15 10:15:00,4136001,Et9kgGMDl729KT4,0.0,0.0,0.0
2020-06-15 10:15:00,4136001,vOuJvMaM2sgwLmb,1121.9466666666665,868.9333333333332,1121.9466666666665
2020-06-15 10:15:00,4136001,81aHJ1q11NBPMrL,1113.22,913.8266666666668,1113.22
2020-06-15 10:15:00,4136001,PeE6FRyGXUgsRhN,0.0,0.0,0.0
2020-06-15 10:15:00,4136001,q49J1IKaHRwDQnt,1043.253333333333,831.1428571428572,1043.253333333333
2020-06-15 10:15:00,4136001,Mx2yZCDsyf6DPfv,0.0,0.0,0.0
2020-06-15 10:15:00,4136001,xoJJ8DcxJEcupym,1113.6466666666668,965.6666666666669,1113.6466666666668
2020-06-15 10:15:00,4136001,oZ35aAeoifZaQzV,0.0,0.0,0.0
2020-06-15 10:15:00,4136001,NgDl19wMapZy17u,993.4533333333331,941.5133333333332,993.4533333333331
2020-06-15 10:15:00,4136001,oZZkBaNadn6DNKz,0.0,0.0,0.0
2020-06-15 10:15:00,4136001,mqwcsP2rE7J0TFp,1058.9533333333334,1075.0933333333332,1058.9533333333334
2020-06-15 10:15:00,4136001,Qf4GUc1pJu5T6c6,0.0,0.0,0.0
2020-06-15 10:15:00,4136001,V94E5Ben1TlhnDV,0.0,0.0,0.0
2020-06-15 10:15:00,4136001,rrq4fwE8jgrTyWY,105.8,0.0,105.8
2020-06-15 10:15:00,4136001,Quc1TzYxW2pYoWX,0.0,0.0,0.0
2020-06-15 10:15:00,4136001,4UPUqMRk7TRMgml,0.0,0.0,0.0
2020-06-15 10:15:00,4136001,9kRcWv60rDACzjR,1006.3266666666668,853.76,1006.3266666666668
2020-06-15 10:15:00,4136001,LYwnQax7tkwH5Cb,803.5466666666665,840.0357142857144,803.5466666666665
2020-06-15 10:30:00,4136001,oZ35aAeoifZaQzV,0.0,0.0,0.0
2020-06-15 10:30:00,4136001,Qf4GUc1pJu5T6c6,0.0,0.0,0.0
2020-06-15 10:30:00,4136001,81aHJ1q11NBPMrL,913.8266666666668,627.7266666666667,913.8266666666668
2020-06-15 10:30:00,4136001,xoJJ8DcxJEcupym,965.6666666666669,618.58,965.6666666666669
2020-06-15 10:30:00,4136001,q49J1IKaHRwDQnt,831.1428571428572,545.9466666666667,831.1428571428572
2020-06-15 10:30:00,4136001,xMbIugepa2P7lBB,877.54,555.0933333333332,877.54
2020-06-15 10:30:00,4136001,vOuJvMaM2sgwLmb,868.9333333333332,592.2600000000001,868.9333333333332
2020-06-15 10:30:00,4136001,mqwcsP2rE7J0TFp,1075.0933333333332,545.3533333333335,1075.0933333333332
2020-06-15 10:30:00,4136001,Mx2yZCDsyf6DPfv,0.0,0.0,0.0
2020-06-15 10:30:00,4136001,V94E5Ben1TlhnDV,0.0,0.0,0.0
2020-06-15 10:30:00,4136001,Quc1TzYxW2pYoWX,0.0,30.05333333333333,0.0
2020-06-15 10:30:00,4136001,IQ2d7wF4YD8zU1Q,901.74,551.84,901.74
2020-06-15 10:30:00,4136001,WcxssY2VbP4hApt,892.9933333333332,591.42,892.9933333333332
2020-06-15 10:30:00,4136001,oZZkBaNadn6DNKz,0.0,0.0,0.0
2020-06-15 10:30:00,4136001,NgDl19wMapZy17u,941.5133333333332,544.8266666666666,941.5133333333332
2020-06-15 10:30:00,4136001,PeE6FRyGXUgsRhN,0.0,0.0,0.0
2020-06-15 10:30:00,4136001,LlT2YUhhzqhg5Sw,827.8357142857144,599.34,827.8357142857144
2020-06-15 10:30:00,4136001,Et9kgGMDl729KT4,0.0,330.4066666666667,0.0
2020-06-15 10:30:00,4136001,LYwnQax7tkwH5Cb,840.0357142857144,567.8466666666666,840.0357142857144
2020-06-15 10:30:00,4136001,4UPUqMRk7TRMgml,0.0,0.0,0.0
2020-06-15 10:30:00,4136001,9kRcWv60rDACzjR,853.76,594.84,853.76
2020-06-15 10:30:00,4136001,rrq4fwE8jgrTyWY,0.0,435.27333333333337,0.0
2020-06-15 10:45:00,4136001,V94E5Ben1TlhnDV,0.0,0.0,0.0
2020-06-15 10:45:00,4136001,Qf4GUc1pJu5T6c6,0.0,0.0,0.0
2020-06-15 10:45:00,4136001,LYwnQax7tkwH5Cb,567.8466666666666,500.66,567.8466666666666
2020-06-15 10:45:00,4136001,WcxssY2VbP4hApt,591.42,538.7600000000001,591.42
2020-06-15 10:45:00,4136001,xMbIugepa2P7lBB,555.0933333333332,474.97857142857146,555.0933333333332
2020-06-15 10:45:00,4136001,9kRcWv60rDACzjR,594.84,540.2733333333334,594.84
2020-06-15 10:45:00,4136001,LlT2YUhhzqhg5Sw,599.34,515.5533333333332,599.34
2020-06-15 10:45:00,4136001,PeE6FRyGXUgsRhN,0.0,0.0,0.0
2020-06-15 10:45:00,4136001,rrq4fwE8jgrTyWY,435.27333333333337,478.9533333333334,435.27333333333337
2020-06-15 10:45:00,4136001,oZ35aAeoifZaQzV,0.0,0.0,0.0
2020-06-15 10:45:00,4136001,q49J1IKaHRwDQnt,545.9466666666667,505.8999999999999,545.9466666666667
2020-06-15 10:45:00,4136001,Mx2yZCDsyf6DPfv,0.0,0.0,0.0
2020-06-15 10:45:00,4136001,xoJJ8DcxJEcupym,618.58,609.6533333333333,618.58
2020-06-15 10:45:00,4136001,81aHJ1q11NBPMrL,627.7266666666667,578.6066666666667,627.7266666666667
2020-06-15 10:45:00,4136001,4UPUqMRk7TRMgml,0.0,0.0,0.0
2020-06-15 10:45:00,4136001,IQ2d7wF4YD8zU1Q,551.84,472.67142857142846,551.84
2020-06-15 10:45:00,4136001,Et9kgGMDl729KT4,330.4066666666667,484.34,330.4066666666667
2020-06-15 10:45:00,4136001,Quc1TzYxW2pYoWX,30.05333333333333,269.9133333333333,30.05333333333333
2020-06-15 10:45:00,4136001,mqwcsP2rE7J0TFp,545.3533333333335,482.53571428571433,545.3533333333335
2020-06-15 10:45:00,4136001,vOuJvMaM2sgwLmb,592.2600000000001,555.8466666666668,592.2600000000001
2020-06-15 10:45:00,4136001,oZZkBaNadn6DNKz,0.0,0.0,0.0
2020-06-15 10:45:00,4136001,NgDl19wMapZy17u,544.8266666666666,471.4357142857143,544.8266666666666
2020-06-15 11:00:00,4136001,q49J1IKaHRwDQnt,505.8999999999999,836.9133333333333,505.8999999999999
2020-06-15 11:00:00,4136001,Et9kgGMDl729KT4,484.34,194.34666666666664,484.34
2020-06-15 11:00:00,4136001,rrq4fwE8jgrTyWY,478.9533333333334,259.84666666666664,478.9533333333334
2020-06-15 11:00:00,4136001,4UPUqMRk7TRMgml,0.0,0.0,0.0
2020-06-15 11:00:00,4136001,NgDl19wMapZy17u,471.4357142857143,1012.66,471.4357142857143
2020-06-15 11:00:00,4136001,9kRcWv60rDACzjR,540.2733333333334,923.2357142857144,540.2733333333334
2020-06-15 11:00:00,4136001,xoJJ8DcxJEcupym,609.6533333333333,909.25,609.6533333333333
2020-06-15 11:00:00,4136001,mqwcsP2rE7J0TFp,482.53571428571433,1010.5533333333332,482.53571428571433
2020-06-15 11:00:00,4136001,WcxssY2VbP4hApt,538.7600000000001,956.5714285714288,538.7600000000001
2020-06-15 11:00:00,4136001,IQ2d7wF4YD8zU1Q,472.67142857142846,1057.0866666666666,472.67142857142846
2020-06-15 11:00:00,4136001,PeE6FRyGXUgsRhN,0.0,0.0,0.0
2020-06-15 11:00:00,4136001,LlT2YUhhzqhg5Sw,515.5533333333332,941.6266666666666,515.5533333333332
2020-06-15 11:00:00,4136001,oZ35aAeoifZaQzV,0.0,0.0,0.0
2020-06-15 11:00:00,4136001,Qf4GUc1pJu5T6c6,0.0,0.0,0.0
2020-06-15 11:00:00,4136001,LYwnQax7tkwH5Cb,500.66,691.4000000000001,500.66
2020-06-15 11:00:00,4136001,vOuJvMaM2sgwLmb,555.8466666666668,898.2857142857142,555.8466666666668
2020-06-15 11:00:00,4136001,Mx2yZCDsyf6DPfv,0.0,0.0,0.0
2020-06-15 11:00:00,4136001,xMbIugepa2P7lBB,474.97857142857146,1021.26,474.97857142857146
2020-06-15 11:00:00,4136001,V94E5Ben1TlhnDV,0.0,0.0,0.0
2020-06-15 11:00:00,4136001,81aHJ1q11NBPMrL,578.6066666666667,893.0214285714286,578.6066666666667
2020-06-15 11:00:00,4136001,Quc1TzYxW2pYoWX,269.9133333333333,173.42000000000002,269.9133333333333
2020-06-15 11:00:00,4136001,oZZkBaNadn6DNKz,0.0,0.0,0.0
2020-06-15 11:15:00,4136001,oZZkBaNadn6DNKz,0.0,0.0,0.0
2020-06-15 11:15:00,4136001,9kRcWv60rDACzjR,923.2357142857144,801.18,923.2357142857144
2020-06-15 11:15:00,4136001,V94E5Ben1TlhnDV,0.0,0.0,0.0
2020-06-15 11:15:00,4136001,rrq4fwE8jgrTyWY,259.84666666666664,0.0,259.84666666666664
2020-06-15 11:15:00,4136001,Mx2yZCDsyf6DPfv,0.0,0.0,0.0
2020-06-15 11:15:00,4136001,vOuJvMaM2sgwLmb,898.2857142857142,782.0266666666665,898.2857142857142
2020-06-15 11:15:00,4136001,WcxssY2VbP4hApt,956.5714285714288,814.3266666666667,956.5714285714288
2020-06-15 11:15:00,4136001,mqwcsP2rE7J0TFp,1010.5533333333332,705.7800000000001,1010.5533333333332
2020-06-15 11:15:00,4136001,xMbIugepa2P7lBB,1021.26,764.3533333333335,1021.26
2020-06-15 11:15:00,4136001,xoJJ8DcxJEcupym,909.25,801.6266666666666,909.25
2020-06-15 11:15:00,4136001,PeE6FRyGXUgsRhN,0.0,0.0,0.0
2020-06-15 11:15:00,4136001,4UPUqMRk7TRMgml,0.0,188.52666666666667,0.0
2020-06-15 11:15:00,4136001,81aHJ1q11NBPMrL,893.0214285714286,811.5799999999998,893.0214285714286
2020-06-15 11:15:00,4136001,LlT2YUhhzqhg5Sw,941.6266666666666,774.8,941.6266666666666
2020-06-15 11:15:00,4136001,oZ35aAeoifZaQzV,0.0,0.0,0.0
2020-06-15 11:15:00,4136001,q49J1IKaHRwDQnt,836.9133333333333,417.3571428571428,836.9133333333333
2020-06-15 11:15:00,4136001,LYwnQax7tkwH5Cb,691.4000000000001,367.31428571428575,691.4000000000001
2020-06-15 11:15:00,4136001,Quc1TzYxW2pYoWX,173.42000000000002,0.0,173.42000000000002
2020-06-15 11:15:00,4136001,Qf4GUc1pJu5T6c6,0.0,86.35333333333331,0.0
2020-06-15 11:15:00,4136001,Et9kgGMDl729KT4,194.34666666666664,0.0,194.34666666666664
2020-06-15 11:15:00,4136001,NgDl19wMapZy17u,1012.66,711.8000000000001,1012.66
2020-06-15 11:15:00,4136001,IQ2d7wF4YD8zU1Q,1057.0866666666666,712.5733333333333,1057.0866666666666
2020-06-15 11:30:00,4136001,PeE6FRyGXUgsRhN,0.0,108.59333333333336,0.0
2020-06-15 11:30:00,4136001,LlT2YUhhzqhg5Sw,774.8,501.9266666666666,774.8
2020-06-15 11:30:00,4136001,Et9kgGMDl729KT4,0.0,0.0,0.0
2020-06-15 11:30:00,4136001,LYwnQax7tkwH5Cb,367.31428571428575,521.5400000000001,367.31428571428575
2020-06-15 11:30:00,4136001,V94E5Ben1TlhnDV,0.0,0.0,0.0
2020-06-15 11:30:00,4136001,mqwcsP2rE7J0TFp,705.7800000000001,698.3799999999999,705.7800000000001
2020-06-15 11:30:00,4136001,oZ35aAeoifZaQzV,0.0,0.0,0.0
2020-06-15 11:30:00,4136001,NgDl19wMapZy17u,711.8000000000001,761.1466666666665,711.8000000000001
2020-06-15 11:30:00,4136001,4UPUqMRk7TRMgml,188.52666666666667,0.0,188.52666666666667
2020-06-15 11:30:00,4136001,Mx2yZCDsyf6DPfv,0.0,0.0,0.0
2020-06-15 11:30:00,4136001,rrq4fwE8jgrTyWY,0.0,0.0,0.0
2020-06-15 11:30:00,4136001,oZZkBaNadn6DNKz,0.0,104.04666666666668,0.0
2020-06-15 11:30:00,4136001,Quc1TzYxW2pYoWX,0.0,0.0,0.0
2020-06-15 11:30:00,4136001,Qf4GUc1pJu5T6c6,86.35333333333331,0.0,86.35333333333331
2020-06-15 11:30:00,4136001,IQ2d7wF4YD8zU1Q,712.5733333333333,750.3933333333334,712.5733333333333
2020-06-15 11:30:00,4136001,9kRcWv60rDACzjR,801.18,538.6000000000001,801.18
2020-06-15 11:30:00,4136001,xoJJ8DcxJEcupym,801.6266666666666,457.13333333333327,801.6266666666666
2020-06-15 11:30:00,4136001,WcxssY2VbP4hApt,814.3266666666667,551.9000000000001,814.3266666666667
2020-06-15 11:30:00,4136001,xMbIugepa2P7lBB,764.3533333333335,684.9933333333336,764.3533333333335
2020-06-15 11:30:00,4136001,q49J1IKaHRwDQnt,417.3571428571428,504.2199999999999,417.3571428571428
2020-06-15 11:30:00,4136001,81aHJ1q11NBPMrL,811.5799999999998,486.01333333333326,811.5799999999998
2020-06-15 11:30:00,4136001,vOuJvMaM2sgwLmb,782.0266666666665,546.7,782.0266666666665
2020-06-15 11:45:00,4136001,Et9kgGMDl729KT4,0.0,0.0,0.0
2020-06-15 11:45:00,4136001,Mx2yZCDsyf6DPfv,0.0,0.0,0.0
2020-06-15 11:45:00,4136001,IQ2d7wF4YD8zU1Q,750.3933333333334,827.9399999999998,750.3933333333334
2020-06-15 11:45:00,4136001,81aHJ1q11NBPMrL,486.01333333333326,792.8533333333332,486.01333333333326
2020-06-15 11:45:00,4136001,oZZkBaNadn6DNKz,104.04666666666668,0.0,104.04666666666668
2020-06-15 11:45:00,4136001,mqwcsP2rE7J0TFp,698.3799999999999,896.9066666666665,698.3799999999999
2020-06-15 11:45:00,4136001,oZ35aAeoifZaQzV,0.0,0.0,0.0
2020-06-15 11:45:00,4136001,WcxssY2VbP4hApt,551.9000000000001,817.8733333333333,551.9000000000001
2020-06-15 11:45:00,4136001,xoJJ8DcxJEcupym,457.13333333333327,791.9399999999998,457.13333333333327
2020-06-15 11:45:00,4136001,V94E5Ben1TlhnDV,0.0,0.0,0.0
2020-06-15 11:45:00,4136001,9kRcWv60rDACzjR,538.6000000000001,836.7999999999998,538.6000000000001
2020-06-15 11:45:00,4136001,Qf4GUc1pJu5T6c6,0.0,0.0,0.0
2020-06-15 11:45:00,4136001,Quc1TzYxW2pYoWX,0.0,0.0,0.0
2020-06-15 11:45:00,4136001,NgDl19wMapZy17u,761.1466666666665,872.8466666666669,761.1466666666665
2020-06-15 11:45:00,4136001,4UPUqMRk7TRMgml,0.0,0.0,0.0
2020-06-15 11:45:00,4136001,rrq4fwE8jgrTyWY,0.0,0.0,0.0
2020-06-15 11:45:00,4136001,xMbIugepa2P7lBB,684.9933333333336,761.32,684.9933333333336
2020-06-15 11:45:00,4136001,PeE6FRyGXUgsRhN,108.59333333333336,0.0,108.59333333333336
2020-06-15 11:45:00,4136001,q49J1IKaHRwDQnt,504.2199999999999,739.9733333333332,504.2199999999999
2020-06-15 11:45:00,4136001,LYwnQax7tkwH5Cb,521.5400000000001,775.3466666666669,521.5400000000001
2020-06-15 11:45:00,4136001,LlT2YUhhzqhg5Sw,501.9266666666666,803.9933333333332,501.9266666666666
2020-06-15 11:45:00,4136001,vOuJvMaM2sgwLmb,546.7,752.3266666666666,546.7
2020-06-15 12:00:00,4136001,Quc1TzYxW2pYoWX,0.0,0.0,0.0
2020-06-15 12:00:00,4136001,LlT2YUhhzqhg5Sw,803.9933333333332,1039.2866666666666,803.9933333333332
2020-06-15 12:00:00,4136001,WcxssY2VbP4hApt,817.8733333333333,1108.1714285714284,817.8733333333333
2020-06-15 12:00:00,4136001,xMbIugepa2P7lBB,761.32,1085.3,761.32
2020-06-15 12:00:00,4136001,81aHJ1q11NBPMrL,792.8533333333332,1138.2928571428572,792.8533333333332
2020-06-15 12:00:00,4136001,xoJJ8DcxJEcupym,791.9399999999998,1256.6714285714286,791.9399999999998
2020-06-15 12:00:00,4136001,oZ35aAeoifZaQzV,0.0,0.0,0.0
2020-06-15 12:00:00,4136001,4UPUqMRk7TRMgml,0.0,0.0,0.0
2020-06-15 12:00:00,4136001,Qf4GUc1pJu5T6c6,0.0,0.0,0.0
2020-06-15 12:00:00,4136001,9kRcWv60rDACzjR,836.7999999999998,1072.6714285714286,836.7999999999998
2020-06-15 12:00:00,4136001,NgDl19wMapZy17u,872.8466666666669,1057.0928571428572,872.8466666666669
2020-06-15 12:00:00,4136001,LYwnQax7tkwH5Cb,775.3466666666669,405.6733333333333,775.3466666666669
2020-06-15 12:00:00,4136001,V94E5Ben1TlhnDV,0.0,0.0,0.0
2020-06-15 12:00:00,4136001,oZZkBaNadn6DNKz,0.0,0.0,0.0
2020-06-15 12:00:00,4136001,PeE6FRyGXUgsRhN,0.0,0.0,0.0
2020-06-15 12:00:00,4136001,q49J1IKaHRwDQnt,739.9733333333332,1085.8333333333337,739.9733333333332
2020-06-15 12:00:00,4136001,Et9kgGMDl729KT4,0.0,0.0,0.0
2020-06-15 12:00:00,4136001,vOuJvMaM2sgwLmb,752.3266666666666,1112.9857142857145,752.3266666666666
2020-06-15 12:00:00,4136001,Mx2yZCDsyf6DPfv,0.0,0.0,0.0
2020-06-15 12:00:00,4136001,rrq4fwE8jgrTyWY,0.0,0.0,0.0
2020-06-15 12:00:00,4136001,IQ2d7wF4YD8zU1Q,827.9399999999998,1040.5,827.9399999999998
2020-06-15 12:00:00,4136001,mqwcsP2rE7J0TFp,896.9066666666665,1011.05,896.9066666666665
2020-06-15 12:15:00,4136001,Quc1TzYxW2pYoWX,0.0,0.0,0.0
2020-06-15 12:15:00,4136001,vOuJvMaM2sgwLmb,1112.9857142857145,804.9533333333335,1112.9857142857145
2020-06-15 12:15:00,4136001,9kRcWv60rDACzjR,1072.6714285714286,789.2266666666667,1072.6714285714286
2020-06-15 12:15:00,4136001,Et9kgGMDl729KT4,0.0,0.0,0.0
2020-06-15 12:15:00,4136001,Qf4GUc1pJu5T6c6,0.0,0.0,0.0
2020-06-15 12:15:00,4136001,4UPUqMRk7TRMgml,0.0,0.0,0.0
2020-06-15 12:15:00,4136001,mqwcsP2rE7J0TFp,1011.05,848.06,1011.05
2020-06-15 12:15:00,4136001,q49J1IKaHRwDQnt,1085.8333333333337,779.92,1085.8333333333337
2020-06-15 12:15:00,4136001,oZ35aAeoifZaQzV,0.0,0.0,0.0
2020-06-15 12:15:00,4136001,PeE6FRyGXUgsRhN,0.0,0.0,0.0
2020-06-15 12:15:00,4136001,V94E5Ben1TlhnDV,0.0,0.0,0.0
2020-06-15 12:15:00,4136001,LYwnQax7tkwH5Cb,405.6733333333333,625.5533333333333,405.6733333333333
2020-06-15 12:15:00,4136001,xoJJ8DcxJEcupym,1256.6714285714286,823.5333333333333,1256.6714285714286
2020-06-15 12:15:00,4136001,rrq4fwE8jgrTyWY,0.0,0.0,0.0
2020-06-15 12:15:00,4136001,WcxssY2VbP4hApt,1108.1714285714284,770.5066666666665,1108.1714285714284
2020-06-15 12:15:00,4136001,Mx2yZCDsyf6DPfv,0.0,0.0,0.0
2020-06-15 12:15:00,4136001,IQ2d7wF4YD8zU1Q,1040.5,830.5666666666667,1040.5
2020-06-15 12:15:00,4136001,LlT2YUhhzqhg5Sw,1039.2866666666666,740.36,1039.2866666666666
2020-06-15 12:15:00,4136001,81aHJ1q11NBPMrL,1138.2928571428572,770.7666666666665,1138.2928571428572
2020-06-15 12:15:00,4136001,NgDl19wMapZy17u,1057.0928571428572,820.8466666666667,1057.0928571428572
2020-06-15 12:15:00,4136001,oZZkBaNadn6DNKz,0.0,0.0,0.0
2020-06-15 12:15:00,4136001,xMbIugepa2P7lBB,1085.3,865.8733333333334,1085.3
2020-06-15 12:30:00,4136001,rrq4fwE8jgrTyWY,0.0,0.0,0.0
2020-06-15 12:30:00,4136001,oZZkBaNadn6DNKz,0.0,0.0,0.0
2020-06-15 12:30:00,4136001,4UPUqMRk7TRMgml,0.0,0.0,0.0
2020-06-15 12:30:00,4136001,q49J1IKaHRwDQnt,779.92,546.9857142857143,779.92
2020-06-15 12:30:00,4136001,NgDl19wMapZy17u,820.8466666666667,555.1400000000001,820.8466666666667
2020-06-15 12:30:00,4136001,Quc1TzYxW2pYoWX,0.0,307.16,0.0
2020-06-15 12:30:00,4136001,V94E5Ben1TlhnDV,0.0,0.0,0.0
2020-06-15 12:30:00,4136001,oZ35aAeoifZaQzV,0.0,0.0,0.0
2020-06-15 12:30:00,4136001,PeE6FRyGXUgsRhN,0.0,0.0,0.0
2020-06-15 12:30:00,4136001,WcxssY2VbP4hApt,770.5066666666665,584.2000000000002,770.5066666666665
2020-06-15 12:30:00,4136001,xMbIugepa2P7lBB,865.8733333333334,565.8266666666667,865.8733333333334
2020-06-15 12:30:00,4136001,9kRcWv60rDACzjR,789.2266666666667,574.96,789.2266666666667
2020-06-15 12:30:00,4136001,Qf4GUc1pJu5T6c6,0.0,0.0,0.0
2020-06-15 12:30:00,4136001,vOuJvMaM2sgwLmb,804.9533333333335,577.0333333333333,804.9533333333335
2020-06-15 12:30:00,4136001,mqwcsP2rE7J0TFp,848.06,566.5466666666665,848.06
2020-06-15 12:30:00,4136001,xoJJ8DcxJEcupym,823.5333333333333,545.2933333333334,823.5333333333333
2020-06-15 12:30:00,4136001,Et9kgGMDl729KT4,0.0,364.5333333333333,0.0
2020-06-15 12:30:00,4136001,81aHJ1q11NBPMrL,770.7666666666665,579.6066666666668,770.7666666666665
2020-06-15 12:30:00,4136001,LlT2YUhhzqhg5Sw,740.36,576.2071428571429,740.36
2020-06-15 12:30:00,4136001,Mx2yZCDsyf6DPfv,0.0,0.0,0.0
2020-06-15 12:30:00,4136001,LYwnQax7tkwH5Cb,625.5533333333333,560.2428571428572,625.5533333333333
2020-06-15 12:30:00,4136001,IQ2d7wF4YD8zU1Q,830.5666666666667,559.4600000000002,830.5666666666667
2020-06-15 12:45:00,4136001,LYwnQax7tkwH5Cb,560.2428571428572,566.7933333333333,560.2428571428572
2020-06-15 12:45:00,4136001,Mx2yZCDsyf6DPfv,0.0,0.0,0.0
2020-06-15 12:45:00,4136001,oZ35aAeoifZaQzV,0.0,0.0,0.0
2020-06-15 12:45:00,4136001,Quc1TzYxW2pYoWX,307.16,531.4333333333334,307.16
2020-06-15 12:45:00,4136001,V94E5Ben1TlhnDV,0.0,0.0,0.0
2020-06-15 12:45:00,4136001,Qf4GUc1pJu5T6c6,0.0,344.32,0.0
2020-06-15 12:45:00,4136001,vOuJvMaM2sgwLmb,577.0333333333333,628.76,577.0333333333333
2020-06-15 12:45:00,4136001,rrq4fwE8jgrTyWY,0.0,0.0,0.0
2020-06-15 12:45:00,4136001,81aHJ1q11NBPMrL,579.6066666666668,619.1333333333333,579.6066666666668
2020-06-15 12:45:00,4136001,q49J1IKaHRwDQnt,546.9857142857143,588.0733333333333,546.9857142857143
2020-06-15 12:45:00,4136001,NgDl19wMapZy17u,555.1400000000001,567.6,555.1400000000001
2020-06-15 12:45:00,4136001,xoJJ8DcxJEcupym,545.2933333333334,617.0066666666665,545.2933333333334
2020-06-15 12:45:00,4136001,Et9kgGMDl729KT4,364.5333333333333,574.6933333333333,364.5333333333333
2020-06-15 12:45:00,4136001,xMbIugepa2P7lBB,565.8266666666667,579.0133333333334,565.8266666666667
2020-06-15 12:45:00,4136001,oZZkBaNadn6DNKz,0.0,0.0,0.0
2020-06-15 12:45:00,4136001,LlT2YUhhzqhg5Sw,576.2071428571429,601.4533333333334,576.2071428571429
2020-06-15 12:45:00,4136001,PeE6FRyGXUgsRhN,0.0,0.0,0.0
2020-06-15 12:45:00,4136001,9kRcWv60rDACzjR,574.96,607.8333333333334,574.96
2020-06-15 12:45:00,4136001,4UPUqMRk7TRMgml,0.0,307.84,0.0
2020-06-15 12:45:00,4136001,WcxssY2VbP4hApt,584.2000000000002,622.3133333333334,584.2000000000002
2020-06-15 12:45:00,4136001,mqwcsP2rE7J0TFp,566.5466666666665,558.9533333333335,566.5466666666665
2020-06-15 12:45:00,4136001,IQ2d7wF4YD8zU1Q,559.4600000000002,575.3800000000001,559.4600000000002
2020-06-15 13:00:00,4136001,9kRcWv60rDACzjR,607.8333333333334,178.1142857142857,607.8333333333334
2020-06-15 13:00:00,4136001,IQ2d7wF4YD8zU1Q,575.3800000000001,192.52,575.3800000000001
2020-06-15 13:00:00,4136001,oZZkBaNadn6DNKz,0.0,172.06,0.0
2020-06-15 13:00:00,4136001,mqwcsP2rE7J0TFp,558.9533333333335,197.30666666666667,558.9533333333335
2020-06-15 13:00:00,4136001,V94E5Ben1TlhnDV,0.0,166.45333333333332,0.0
2020-06-15 13:00:00,4136001,4UPUqMRk7TRMgml,307.84,195.5571428571428,307.84
2020-06-15 13:00:00,4136001,Mx2yZCDsyf6DPfv,0.0,193.45714285714288,0.0
2020-06-15 13:00:00,4136001,xoJJ8DcxJEcupym,617.0066666666665,185.48,617.0066666666665
2020-06-15 13:00:00,4136001,Qf4GUc1pJu5T6c6,344.32,195.33571428571423,344.32
2020-06-15 13:00:00,4136001,WcxssY2VbP4hApt,622.3133333333334,185.02857142857144,622.3133333333334
2020-06-15 13:00:00,4136001,Et9kgGMDl729KT4,574.6933333333333,183.7,574.6933333333333
2020-06-15 13:00:00,4136001,81aHJ1q11NBPMrL,619.1333333333333,181.3928571428572,619.1333333333333
2020-06-15 13:00:00,4136001,PeE6FRyGXUgsRhN,0.0,166.78666666666666,0.0
2020-06-15 13:00:00,4136001,q49J1IKaHRwDQnt,588.0733333333333,183.04666666666668,588.0733333333333
2020-06-15 13:00:00,4136001,Quc1TzYxW2pYoWX,531.4333333333334,171.05999999999997,531.4333333333334
2020-06-15 13:00:00,4136001,oZ35aAeoifZaQzV,0.0,196.69285714285715,0.0
2020-06-15 13:00:00,4136001,LYwnQax7tkwH5Cb,566.7933333333333,174.28666666666666,566.7933333333333
2020-06-15 13:00:00,4136001,xMbIugepa2P7lBB,579.0133333333334,187.98000000000005,579.0133333333334
2020-06-15 13:00:00,4136001,vOuJvMaM2sgwLmb,628.76,185.12142857142857,628.76
2020-06-15 13:00:00,4136001,NgDl19wMapZy17u,567.6,192.32,567.6
2020-06-15 13:00:00,4136001,rrq4fwE8jgrTyWY,0.0,150.3,0.0
2020-06-15 13:00:00,4136001,LlT2YUhhzqhg5Sw,601.4533333333334,178.79333333333332,601.4533333333334
2020-06-15 13:15:00,4136001,4UPUqMRk7TRMgml,195.5571428571428,413.44,195.5571428571428
2020-06-15 13:15:00,4136001,xMbIugepa2P7lBB,187.98000000000005,418.042857142857,187.98000000000005
2020-06-15 13:15:00,4136001,Mx2yZCDsyf6DPfv,193.45714285714288,405.2333333333333,193.45714285714288
2020-06-15 13:15:00,4136001,mqwcsP2rE7J0TFp,197.30666666666667,450.46428571428567,197.30666666666667
2020-06-15 13:15:00,4136001,LYwnQax7tkwH5Cb,174.28666666666666,393.3733333333333,174.28666666666666
2020-06-15 13:15:00,4136001,PeE6FRyGXUgsRhN,166.78666666666666,381.74285714285713,166.78666666666666
2020-06-15 13:15:00,4136001,LlT2YUhhzqhg5Sw,178.79333333333332,396.94,178.79333333333332
2020-06-15 13:15:00,4136001,Et9kgGMDl729KT4,183.7,357.75333333333333,183.7
2020-06-15 13:15:00,4136001,xoJJ8DcxJEcupym,185.48,376.5214285714285,185.48
2020-06-15 13:15:00,4136001,IQ2d7wF4YD8zU1Q,192.52,434.1428571428572,192.52
2020-06-15 13:15:00,4136001,q49J1IKaHRwDQnt,183.04666666666668,403.3466666666666,183.04666666666668
2020-06-15 13:15:00,4136001,NgDl19wMapZy17u,192.32,436.6428571428571,192.32
2020-06-15 13:15:00,4136001,oZ35aAeoifZaQzV,196.69285714285715,403.7066666666667,196.69285714285715
2020-06-15 13:15:00,4136001,WcxssY2VbP4hApt,185.02857142857144,394.85333333333335,185.02857142857144
2020-06-15 13:15:00,4136001,vOuJvMaM2sgwLmb,185.12142857142857,383.20666666666665,185.12142857142857
2020-06-15 13:15:00,4136001,9kRcWv60rDACzjR,178.1142857142857,385.06666666666666,178.1142857142857
2020-06-15 13:15:00,4136001,Quc1TzYxW2pYoWX,171.05999999999997,328.14,171.05999999999997
2020-06-15 13:15:00,4136001,Qf4GUc1pJu5T6c6,195.33571428571423,422.41333333333336,195.33571428571423
2020-06-15 13:15:00,4136001,V94E5Ben1TlhnDV,166.45333333333332,371.85,166.45333333333332
2020-06-15 13:15:00,4136001,oZZkBaNadn6DNKz,172.06,384.28571428571433,172.06
2020-06-15 13:15:00,4136001,81aHJ1q11NBPMrL,181.3928571428572,377.52,181.3928571428572
2020-06-15 13:15:00,4136001,rrq4fwE8jgrTyWY,150.3,396.84,150.3
2020-06-15 13:30:00,4136001,rrq4fwE8jgrTyWY,396.84,623.9071428571428,396.84
2020-06-15 13:30:00,4136001,NgDl19wMapZy17u,436.6428571428571,702.9599999999999,436.6428571428571
2020-06-15 13:30:00,4136001,oZZkBaNadn6DNKz,384.28571428571433,586.3733333333333,384.28571428571433
2020-06-15 13:30:00,4136001,xMbIugepa2P7lBB,418.042857142857,656.8399999999999,418.042857142857
2020-06-15 13:30:00,4136001,IQ2d7wF4YD8zU1Q,434.1428571428572,691.7466666666667,434.1428571428572
2020-06-15 13:30:00,4136001,Et9kgGMDl729KT4,357.75333333333333,546.0866666666665,357.75333333333333
2020-06-15 13:30:00,4136001,LlT2YUhhzqhg5Sw,396.94,617.7357142857143,396.94
2020-06-15 13:30:00,4136001,PeE6FRyGXUgsRhN,381.74285714285713,582.6,381.74285714285713
2020-06-15 13:30:00,4136001,mqwcsP2rE7J0TFp,450.46428571428567,723.24,450.46428571428567
2020-06-15 13:30:00,4136001,9kRcWv60rDACzjR,385.06666666666666,610.3000000000001,385.06666666666666
2020-06-15 13:30:00,4136001,Qf4GUc1pJu5T6c6,422.41333333333336,656.64,422.41333333333336
2020-06-15 13:30:00,4136001,V94E5Ben1TlhnDV,371.85,483.88,371.85
2020-06-15 13:30:00,4136001,4UPUqMRk7TRMgml,413.44,643.8066666666667,413.44
2020-06-15 13:30:00,4136001,xoJJ8DcxJEcupym,376.5214285714285,580.6733333333335,376.5214285714285
2020-06-15 13:30:00,4136001,oZ35aAeoifZaQzV,403.7066666666667,580.7533333333333,403.7066666666667
2020-06-15 13:30:00,4136001,LYwnQax7tkwH5Cb,393.3733333333333,612.4285714285713,393.3733333333333
2020-06-15 13:30:00,4136001,q49J1IKaHRwDQnt,403.3466666666666,625.9357142857142,403.3466666666666
2020-06-15 13:30:00,4136001,WcxssY2VbP4hApt,394.85333333333335,625.3866666666667,394.85333333333335
2020-06-15 13:30:00,4136001,Mx2yZCDsyf6DPfv,405.2333333333333,630.1066666666667,405.2333333333333
2020-06-15 13:30:00,4136001,81aHJ1q11NBPMrL,377.52,597.5866666666667,377.52
2020-06-15 13:30:00,4136001,Quc1TzYxW2pYoWX,328.14,499.72,328.14
2020-06-15 13:30:00,4136001,vOuJvMaM2sgwLmb,383.20666666666665,602.8933333333333,383.20666666666665
2020-06-15 13:45:00,4136001,PeE6FRyGXUgsRhN,582.6,96.52,582.6
2020-06-15 13:45:00,4136001,oZZkBaNadn6DNKz,586.3733333333333,96.94,586.3733333333333
2020-06-15 13:45:00,4136001,LlT2YUhhzqhg5Sw,617.7357142857143,1055.88,617.7357142857143
2020-06-15 13:45:00,4136001,9kRcWv60rDACzjR,610.3000000000001,1044.0466666666666,610.3000000000001
2020-06-15 13:45:00,4136001,NgDl19wMapZy17u,702.9599999999999,1096.5466666666666,702.9599999999999
2020-06-15 13:45:00,4136001,4UPUqMRk7TRMgml,643.8066666666667,54.74000000000001,643.8066666666667
2020-06-15 13:45:00,4136001,mqwcsP2rE7J0TFp,723.24,1073.6533333333332,723.24
2020-06-15 13:45:00,4136001,LYwnQax7tkwH5Cb,612.4285714285713,1045.7133333333334,612.4285714285713
2020-06-15 13:45:00,4136001,Qf4GUc1pJu5T6c6,656.64,175.24666666666664,656.64
2020-06-15 13:45:00,4136001,rrq4fwE8jgrTyWY,623.9071428571428,243.6,623.9071428571428
2020-06-15 13:45:00,4136001,V94E5Ben1TlhnDV,483.88,0.0,483.88
2020-06-15 13:45:00,4136001,xMbIugepa2P7lBB,656.8399999999999,1067.2800000000002,656.8399999999999
2020-06-15 13:45:00,4136001,Et9kgGMDl729KT4,546.0866666666665,157.3714285714286,546.0866666666665
2020-06-15 13:45:00,4136001,oZ35aAeoifZaQzV,580.7533333333333,0.0,580.7533333333333
2020-06-15 13:45:00,4136001,q49J1IKaHRwDQnt,625.9357142857142,1054.1066666666668,625.9357142857142
2020-06-15 13:45:00,4136001,Quc1TzYxW2pYoWX,499.72,688.3642857142856,499.72
2020-06-15 13:45:00,4136001,xoJJ8DcxJEcupym,580.6733333333335,980.4266666666668,580.6733333333335
2020-06-15 13:45:00,4136001,Mx2yZCDsyf6DPfv,630.1066666666667,53.126666666666665,630.1066666666667
2020-06-15 13:45:00,4136001,WcxssY2VbP4hApt,625.3866666666667,1072.4599999999998,625.3866666666667
2020-06-15 13:45:00,4136001,vOuJvMaM2sgwLmb,602.8933333333333,1025.7266666666667,602.8933333333333
2020-06-15 13:45:00,4136001,IQ2d7wF4YD8zU1Q,691.7466666666667,1079.44,691.7466666666667
2020-06-15 13:45:00,4136001,81aHJ1q11NBPMrL,597.5866666666667,1005.5533333333334,597.5866666666667
2020-06-15 14:00:00,4136001,oZZkBaNadn6DNKz,96.94,69.69333333333334,96.94
2020-06-15 14:00:00,4136001,4UPUqMRk7TRMgml,54.74000000000001,35.940000000000005,54.74000000000001
2020-06-15 14:00:00,4136001,Mx2yZCDsyf6DPfv,53.126666666666665,38.56,53.126666666666665
2020-06-15 14:00:00,4136001,Quc1TzYxW2pYoWX,688.3642857142856,453.4733333333333,688.3642857142856
2020-06-15 14:00:00,4136001,Qf4GUc1pJu5T6c6,175.24666666666664,23.926666666666662,175.24666666666664
2020-06-15 14:00:00,4136001,vOuJvMaM2sgwLmb,1025.7266666666667,506.3466666666668,1025.7266666666667
2020-06-15 14:00:00,4136001,PeE6FRyGXUgsRhN,96.52,141.09333333333333,96.52
2020-06-15 14:00:00,4136001,81aHJ1q11NBPMrL,1005.5533333333334,504.15333333333336,1005.5533333333334
2020-06-15 14:00:00,4136001,IQ2d7wF4YD8zU1Q,1079.44,443.64666666666665,1079.44
2020-06-15 14:00:00,4136001,NgDl19wMapZy17u,1096.5466666666666,433.3466666666666,1096.5466666666666
2020-06-15 14:00:00,4136001,WcxssY2VbP4hApt,1072.4599999999998,493.4666666666667,1072.4599999999998
2020-06-15 14:00:00,4136001,9kRcWv60rDACzjR,1044.0466666666666,476.80666666666656,1044.0466666666666
2020-06-15 14:00:00,4136001,LYwnQax7tkwH5Cb,1045.7133333333334,448.56,1045.7133333333334
2020-06-15 14:00:00,4136001,rrq4fwE8jgrTyWY,243.6,110.93999999999998,243.6
2020-06-15 14:00:00,4136001,xMbIugepa2P7lBB,1067.2800000000002,460.1333333333334,1067.2800000000002
2020-06-15 14:00:00,4136001,oZ35aAeoifZaQzV,0.0,38.90666666666667,0.0
2020-06-15 14:00:00,4136001,xoJJ8DcxJEcupym,980.4266666666668,512.3533333333332,980.4266666666668
2020-06-15 14:00:00,4136001,Et9kgGMDl729KT4,157.3714285714286,11.253333333333334,157.3714285714286
2020-06-15 14:00:00,4136001,V94E5Ben1TlhnDV,0.0,57.25333333333333,0.0
2020-06-15 14:00:00,4136001,mqwcsP2rE7J0TFp,1073.6533333333332,396.48,1073.6533333333332
2020-06-15 14:00:00,4136001,q49J1IKaHRwDQnt,1054.1066666666668,478.13999999999993,1054.1066666666668
2020-06-15 14:00:00,4136001,LlT2YUhhzqhg5Sw,1055.88,484.07333333333327,1055.88
2020-06-15 14:15:00,4136001,81aHJ1q11NBPMrL,504.15333333333336,667.4999999999999,504.15333333333336
2020-06-15 14:15:00,4136001,IQ2d7wF4YD8zU1Q,443.64666666666665,608.6799999999998,443.64666666666665
2020-06-15 14:15:00,4136001,Mx2yZCDsyf6DPfv,38.56,388.8214285714286,38.56
2020-06-15 14:15:00,4136001,mqwcsP2rE7J0TFp,396.48,608.9200000000001,396.48
2020-06-15 14:15:00,4136001,q49J1IKaHRwDQnt,478.13999999999993,598.9533333333331,478.13999999999993
2020-06-15 14:15:00,4136001,Et9kgGMDl729KT4,11.253333333333334,38.10666666666668,11.253333333333334
2020-06-15 14:15:00,4136001,4UPUqMRk7TRMgml,35.940000000000005,375.80000000000007,35.940000000000005
2020-06-15 14:15:00,4136001,PeE6FRyGXUgsRhN,141.09333333333333,629.7333333333333,141.09333333333333
2020-06-15 14:15:00,4136001,xoJJ8DcxJEcupym,512.3533333333332,683.54,512.3533333333332
2020-06-15 14:15:00,4136001,WcxssY2VbP4hApt,493.4666666666667,648.1571428571428,493.4666666666667
2020-06-15 14:15:00,4136001,LlT2YUhhzqhg5Sw,484.07333333333327,608.0,484.07333333333327
2020-06-15 14:15:00,4136001,oZ35aAeoifZaQzV,38.90666666666667,594.5357142857142,38.90666666666667
2020-06-15 14:15:00,4136001,9kRcWv60rDACzjR,476.80666666666656,645.8071428571428,476.80666666666656
2020-06-15 14:15:00,4136001,LYwnQax7tkwH5Cb,448.56,578.5933333333334,448.56
2020-06-15 14:15:00,4136001,Quc1TzYxW2pYoWX,453.4733333333333,30.06,453.4733333333333
2020-06-15 14:15:00,4136001,NgDl19wMapZy17u,433.3466666666666,602.9933333333332,433.3466666666666
2020-06-15 14:15:00,4136001,rrq4fwE8jgrTyWY,110.93999999999998,569.9133333333332,110.93999999999998
2020-06-15 14:15:00,4136001,xMbIugepa2P7lBB,460.1333333333334,598.5,460.1333333333334
2020-06-15 14:15:00,4136001,V94E5Ben1TlhnDV,57.25333333333333,657.3533333333334,57.25333333333333
2020-06-15 14:15:00,4136001,oZZkBaNadn6DNKz,69.69333333333334,653.52,69.69333333333334
2020-06-15 14:15:00,4136001,vOuJvMaM2sgwLmb,506.3466666666668,653.5785714285713,506.3466666666668
2020-06-15 14:15:00,4136001,Qf4GUc1pJu5T6c6,23.926666666666662,316.2714285714286,23.926666666666662
2020-06-15 14:30:00,4136001,81aHJ1q11NBPMrL,667.4999999999999,545.5666666666667,667.4999999999999
2020-06-15 14:30:00,4136001,xMbIugepa2P7lBB,598.5,561.0,598.5
2020-06-15 14:30:00,4136001,V94E5Ben1TlhnDV,657.3533333333334,528.7142857142857,657.3533333333334
2020-06-15 14:30:00,4136001,oZ35aAeoifZaQzV,594.5357142857142,554.8066666666666,594.5357142857142
2020-06-15 14:30:00,4136001,WcxssY2VbP4hApt,648.1571428571428,557.1333333333332,648.1571428571428
2020-06-15 14:30:00,4136001,Qf4GUc1pJu5T6c6,316.2714285714286,235.87333333333336,316.2714285714286
2020-06-15 14:30:00,4136001,vOuJvMaM2sgwLmb,653.5785714285713,545.6066666666666,653.5785714285713
2020-06-15 14:30:00,4136001,IQ2d7wF4YD8zU1Q,608.6799999999998,573.0214285714286,608.6799999999998
2020-06-15 14:30:00,4136001,rrq4fwE8jgrTyWY,569.9133333333332,535.8266666666667,569.9133333333332
2020-06-15 14:30:00,4136001,LYwnQax7tkwH5Cb,578.5933333333334,541.6600000000001,578.5933333333334
2020-06-15 14:30:00,4136001,LlT2YUhhzqhg5Sw,608.0,559.3866666666668,608.0
2020-06-15 14:30:00,4136001,4UPUqMRk7TRMgml,375.80000000000007,350.8133333333333,375.80000000000007
2020-06-15 14:30:00,4136001,Quc1TzYxW2pYoWX,30.06,0.0,30.06
2020-06-15 14:30:00,4136001,Mx2yZCDsyf6DPfv,388.8214285714286,486.18666666666667,388.8214285714286
2020-06-15 14:30:00,4136001,oZZkBaNadn6DNKz,653.52,537.3000000000001,653.52
2020-06-15 14:30:00,4136001,PeE6FRyGXUgsRhN,629.7333333333333,531.8857142857144,629.7333333333333
2020-06-15 14:30:00,4136001,mqwcsP2rE7J0TFp,608.9200000000001,582.3,608.9200000000001
2020-06-15 14:30:00,4136001,q49J1IKaHRwDQnt,598.9533333333331,554.12,598.9533333333331
2020-06-15 14:30:00,4136001,Et9kgGMDl729KT4,38.10666666666668,0.0,38.10666666666668
2020-06-15 14:30:00,4136001,9kRcWv60rDACzjR,645.8071428571428,548.5133333333334,645.8071428571428
2020-06-15 14:30:00,4136001,NgDl19wMapZy17u,602.9933333333332,577.2214285714285,602.9933333333332
2020-06-15 14:30:00,4136001,xoJJ8DcxJEcupym,683.54,538.4214285714286,683.54
2020-06-15 14:45:00,4136001,LlT2YUhhzqhg5Sw,559.3866666666668,409.6071428571428,559.3866666666668
2020-06-15 14:45:00,4136001,PeE6FRyGXUgsRhN,531.8857142857144,456.8733333333333,531.8857142857144
2020-06-15 14:45:00,4136001,9kRcWv60rDACzjR,548.5133333333334,441.4666666666666,548.5133333333334
2020-06-15 14:45:00,4136001,V94E5Ben1TlhnDV,528.7142857142857,475.9066666666666,528.7142857142857
2020-06-15 14:45:00,4136001,oZ35aAeoifZaQzV,554.8066666666666,468.14,554.8066666666666
2020-06-15 14:45:00,4136001,oZZkBaNadn6DNKz,537.3000000000001,475.5266666666666,537.3000000000001
2020-06-15 14:45:00,4136001,rrq4fwE8jgrTyWY,535.8266666666667,382.07142857142856,535.8266666666667
2020-06-15 14:45:00,4136001,xMbIugepa2P7lBB,561.0,426.3133333333333,561.0
2020-06-15 14:45:00,4136001,vOuJvMaM2sgwLmb,545.6066666666666,452.9533333333334,545.6066666666666
2020-06-15 14:45:00,4136001,Qf4GUc1pJu5T6c6,235.87333333333336,437.6066666666666,235.87333333333336
2020-06-15 14:45:00,4136001,LYwnQax7tkwH5Cb,541.6600000000001,389.88571428571424,541.6600000000001
2020-06-15 14:45:00,4136001,q49J1IKaHRwDQnt,554.12,406.6142857142857,554.12
2020-06-15 14:45:00,4136001,Et9kgGMDl729KT4,0.0,181.04666666666668,0.0
2020-06-15 14:45:00,4136001,mqwcsP2rE7J0TFp,582.3,400.5533333333333,582.3
2020-06-15 14:45:00,4136001,xoJJ8DcxJEcupym,538.4214285714286,468.86666666666656,538.4214285714286
2020-06-15 14:45:00,4136001,4UPUqMRk7TRMgml,350.8133333333333,452.47333333333336,350.8133333333333
2020-06-15 14:45:00,4136001,81aHJ1q11NBPMrL,545.5666666666667,459.27333333333337,545.5666666666667
2020-06-15 14:45:00,4136001,WcxssY2VbP4hApt,557.1333333333332,451.0,557.1333333333332
2020-06-15 14:45:00,4136001,Mx2yZCDsyf6DPfv,486.18666666666667,460.44666666666666,486.18666666666667
2020-06-15 14:45:00,4136001,Quc1TzYxW2pYoWX,0.0,165.66000000000005,0.0
2020-06-15 14:45:00,4136001,IQ2d7wF4YD8zU1Q,573.0214285714286,422.1733333333333,573.0214285714286
2020-06-15 14:45:00,4136001,NgDl19wMapZy17u,577.2214285714285,419.28,577.2214285714285
2020-06-15 15:00:00,4136001,xoJJ8DcxJEcupym,468.86666666666656,651.6866666666666,468.86666666666656
2020-06-15 15:00:00,4136001,LlT2YUhhzqhg5Sw,409.6071428571428,640.6266666666668,409.6071428571428
2020-06-15 15:00:00,4136001,9kRcWv60rDACzjR,441.4666666666666,645.6133333333336,441.4666666666666
2020-06-15 15:00:00,4136001,IQ2d7wF4YD8zU1Q,422.1733333333333,637.2466666666668,422.1733333333333
2020-06-15 15:00:00,4136001,oZ35aAeoifZaQzV,468.14,645.6533333333333,468.14
2020-06-15 15:00:00,4136001,NgDl19wMapZy17u,419.28,635.0266666666665,419.28
2020-06-15 15:00:00,4136001,WcxssY2VbP4hApt,451.0,659.0133333333333,451.0
2020-06-15 15:00:00,4136001,V94E5Ben1TlhnDV,475.9066666666666,638.5200000000001,475.9066666666666
2020-06-15 15:00:00,4136001,LYwnQax7tkwH5Cb,389.88571428571424,618.1400000000001,389.88571428571424
2020-06-15 15:00:00,4136001,Qf4GUc1pJu5T6c6,437.6066666666666,622.2733333333333,437.6066666666666
2020-06-15 15:00:00,4136001,Et9kgGMDl729KT4,181.04666666666668,568.5133333333333,181.04666666666668
2020-06-15 15:00:00,4136001,81aHJ1q11NBPMrL,459.27333333333337,652.38,459.27333333333337
2020-06-15 15:00:00,4136001,Mx2yZCDsyf6DPfv,460.44666666666666,642.1133333333331,460.44666666666666
2020-06-15 15:00:00,4136001,4UPUqMRk7TRMgml,452.47333333333336,635.9533333333334,452.47333333333336
2020-06-15 15:00:00,4136001,vOuJvMaM2sgwLmb,452.9533333333334,648.8266666666667,452.9533333333334
2020-06-15 15:00:00,4136001,mqwcsP2rE7J0TFp,400.5533333333333,626.9400000000002,400.5533333333333
2020-06-15 15:00:00,4136001,oZZkBaNadn6DNKz,475.5266666666666,637.9933333333332,475.5266666666666
2020-06-15 15:00:00,4136001,PeE6FRyGXUgsRhN,456.8733333333333,630.4533333333334,456.8733333333333
2020-06-15 15:00:00,4136001,rrq4fwE8jgrTyWY,382.07142857142856,610.5533333333333,382.07142857142856
2020-06-15 15:00:00,4136001,Quc1TzYxW2pYoWX,165.66000000000005,510.96,165.66000000000005
2020-06-15 15:00:00,4136001,xMbIugepa2P7lBB,426.3133333333333,642.0266666666665,426.3133333333333
2020-06-15 15:00:00,4136001,q49J1IKaHRwDQnt,406.6142857142857,635.8533333333334,406.6142857142857
2020-06-15 15:15:00,4136001,xoJJ8DcxJEcupym,651.6866666666666,511.9,651.6866666666666
2020-06-15 15:15:00,4136001,oZ35aAeoifZaQzV,645.6533333333333,519.6857142857144,645.6533333333333
2020-06-15 15:15:00,4136001,PeE6FRyGXUgsRhN,630.4533333333334,499.86,630.4533333333334
2020-06-15 15:15:00,4136001,Et9kgGMDl729KT4,568.5133333333333,461.8266666666666,568.5133333333333
2020-06-15 15:15:00,4136001,xMbIugepa2P7lBB,642.0266666666665,496.4933333333333,642.0266666666665
2020-06-15 15:15:00,4136001,Quc1TzYxW2pYoWX,510.96,422.1866666666667,510.96
2020-06-15 15:15:00,4136001,9kRcWv60rDACzjR,645.6133333333336,494.48,645.6133333333336
2020-06-15 15:15:00,4136001,vOuJvMaM2sgwLmb,648.8266666666667,508.06,648.8266666666667
2020-06-15 15:15:00,4136001,NgDl19wMapZy17u,635.0266666666665,493.4066666666666,635.0266666666665
2020-06-15 15:15:00,4136001,V94E5Ben1TlhnDV,638.5200000000001,509.20666666666665,638.5200000000001
2020-06-15 15:15:00,4136001,WcxssY2VbP4hApt,659.0133333333333,509.3133333333333,659.0133333333333
2020-06-15 15:15:00,4136001,rrq4fwE8jgrTyWY,610.5533333333333,464.36666666666673,610.5533333333333
2020-06-15 15:15:00,4136001,Qf4GUc1pJu5T6c6,622.2733333333333,501.66428571428565,622.2733333333333
2020-06-15 15:15:00,4136001,q49J1IKaHRwDQnt,635.8533333333334,491.82,635.8533333333334
2020-06-15 15:15:00,4136001,Mx2yZCDsyf6DPfv,642.1133333333331,517.0357142857142,642.1133333333331
2020-06-15 15:15:00,4136001,4UPUqMRk7TRMgml,635.9533333333334,512.3571428571428,635.9533333333334
2020-06-15 15:15:00,4136001,oZZkBaNadn6DNKz,637.9933333333332,512.96,637.9933333333332
2020-06-15 15:15:00,4136001,81aHJ1q11NBPMrL,652.38,508.0866666666666,652.38
2020-06-15 15:15:00,4136001,IQ2d7wF4YD8zU1Q,637.2466666666668,495.7,637.2466666666668
2020-06-15 15:15:00,4136001,mqwcsP2rE7J0TFp,626.9400000000002,486.8733333333333,626.9400000000002
2020-06-15 15:15:00,4136001,LYwnQax7tkwH5Cb,618.1400000000001,471.34,618.1400000000001
2020-06-15 15:15:00,4136001,LlT2YUhhzqhg5Sw,640.6266666666668,490.2533333333333,640.6266666666668
2020-06-15 15:30:00,4136001,xMbIugepa2P7lBB,496.4933333333333,177.72666666666666,496.4933333333333
2020-06-15 15:30:00,4136001,mqwcsP2rE7J0TFp,486.8733333333333,174.32,486.8733333333333
2020-06-15 15:30:00,4136001,Mx2yZCDsyf6DPfv,517.0357142857142,200.82,517.0357142857142
2020-06-15 15:30:00,4136001,q49J1IKaHRwDQnt,491.82,176.59333333333333,491.82
2020-06-15 15:30:00,4136001,9kRcWv60rDACzjR,494.48,174.8,494.48
2020-06-15 15:30:00,4136001,rrq4fwE8jgrTyWY,464.36666666666673,164.09333333333336,464.36666666666673
2020-06-15 15:30:00,4136001,LYwnQax7tkwH5Cb,471.34,167.64666666666668,471.34
2020-06-15 15:30:00,4136001,LlT2YUhhzqhg5Sw,490.2533333333333,175.10666666666668,490.2533333333333
2020-06-15 15:30:00,4136001,81aHJ1q11NBPMrL,508.0866666666666,181.02142857142857,508.0866666666666
2020-06-15 15:30:00,4136001,oZZkBaNadn6DNKz,512.96,190.8714285714285,512.96
2020-06-15 15:30:00,4136001,4UPUqMRk7TRMgml,512.3571428571428,200.34,512.3571428571428
2020-06-15 15:30:00,4136001,Quc1TzYxW2pYoWX,422.1866666666667,161.63333333333335,422.1866666666667
2020-06-15 15:30:00,4136001,vOuJvMaM2sgwLmb,508.06,182.7,508.06
2020-06-15 15:30:00,4136001,Et9kgGMDl729KT4,461.8266666666666,174.82666666666665,461.8266666666666
2020-06-15 15:30:00,4136001,IQ2d7wF4YD8zU1Q,495.7,177.79333333333335,495.7
2020-06-15 15:30:00,4136001,Qf4GUc1pJu5T6c6,501.66428571428565,197.5333333333333,501.66428571428565
2020-06-15 15:30:00,4136001,PeE6FRyGXUgsRhN,499.86,183.02857142857144,499.86
2020-06-15 15:30:00,4136001,xoJJ8DcxJEcupym,511.9,185.6714285714286,511.9
2020-06-15 15:30:00,4136001,WcxssY2VbP4hApt,509.3133333333333,180.26428571428568,509.3133333333333
2020-06-15 15:30:00,4136001,NgDl19wMapZy17u,493.4066666666666,175.76666666666668,493.4066666666666
2020-06-15 15:30:00,4136001,oZ35aAeoifZaQzV,519.6857142857144,204.02,519.6857142857144
2020-06-15 15:30:00,4136001,V94E5Ben1TlhnDV,509.20666666666665,189.30714285714285,509.20666666666665
2020-06-15 15:45:00,4136001,IQ2d7wF4YD8zU1Q,177.79333333333335,310.9866666666666,177.79333333333335
2020-06-15 15:45:00,4136001,9kRcWv60rDACzjR,174.8,303.6266666666665,174.8
2020-06-15 15:45:00,4136001,mqwcsP2rE7J0TFp,174.32,310.0333333333333,174.32
2020-06-15 15:45:00,4136001,oZ35aAeoifZaQzV,204.02,303.6333333333333,204.02
2020-06-15 15:45:00,4136001,Qf4GUc1pJu5T6c6,197.5333333333333,296.8666666666667,197.5333333333333
2020-06-15 15:45:00,4136001,LYwnQax7tkwH5Cb,167.64666666666668,295.1428571428572,167.64666666666668
2020-06-15 15:45:00,4136001,oZZkBaNadn6DNKz,190.8714285714285,297.25333333333333,190.8714285714285
2020-06-15 15:45:00,4136001,NgDl19wMapZy17u,175.76666666666668,311.1,175.76666666666668
2020-06-15 15:45:00,4136001,LlT2YUhhzqhg5Sw,175.10666666666668,304.6071428571429,175.10666666666668
2020-06-15 15:45:00,4136001,WcxssY2VbP4hApt,180.26428571428568,307.31333333333333,180.26428571428568
2020-06-15 15:45:00,4136001,Et9kgGMDl729KT4,174.82666666666665,271.54285714285714,174.82666666666665
2020-06-15 15:45:00,4136001,4UPUqMRk7TRMgml,200.34,301.5466666666667,200.34
2020-06-15 15:45:00,4136001,xMbIugepa2P7lBB,177.72666666666666,309.1933333333334,177.72666666666666
2020-06-15 15:45:00,4136001,81aHJ1q11NBPMrL,181.02142857142857,304.46,181.02142857142857
2020-06-15 15:45:00,4136001,Quc1TzYxW2pYoWX,161.63333333333335,245.4642857142857,161.63333333333335
2020-06-15 15:45:00,4136001,V94E5Ben1TlhnDV,189.30714285714285,297.05333333333334,189.30714285714285
2020-06-15 15:45:00,4136001,vOuJvMaM2sgwLmb,182.7,303.24,182.7
2020-06-15 15:45:00,4136001,rrq4fwE8jgrTyWY,164.09333333333336,292.0357142857143,164.09333333333336
2020-06-15 15:45:00,4136001,xoJJ8DcxJEcupym,185.6714285714286,302.8533333333333,185.6714285714286
2020-06-15 15:45:00,4136001,PeE6FRyGXUgsRhN,183.02857142857144,293.5266666666667,183.02857142857144
2020-06-15 15:45:00,4136001,q49J1IKaHRwDQnt,176.59333333333333,303.71428571428567,176.59333333333333
2020-06-15 15:45:00,4136001,Mx2yZCDsyf6DPfv,200.82,302.64,200.82
2020-06-15 16:00:00,4136001,Qf4GUc1pJu5T6c6,296.8666666666667,387.16,296.8666666666667
2020-06-15 16:00:00,4136001,rrq4fwE8jgrTyWY,292.0357142857143,360.05999999999995,292.0357142857143
2020-06-15 16:00:00,4136001,IQ2d7wF4YD8zU1Q,310.9866666666666,383.92,310.9866666666666
2020-06-15 16:00:00,4136001,Quc1TzYxW2pYoWX,245.4642857142857,319.81333333333333,245.4642857142857
2020-06-15 16:00:00,4136001,LYwnQax7tkwH5Cb,295.1428571428572,362.98,295.1428571428572
2020-06-15 16:00:00,4136001,PeE6FRyGXUgsRhN,293.5266666666667,377.2533333333333,293.5266666666667
2020-06-15 16:00:00,4136001,mqwcsP2rE7J0TFp,310.0333333333333,382.3733333333333,310.0333333333333
2020-06-15 16:00:00,4136001,Et9kgGMDl729KT4,271.54285714285714,350.48,271.54285714285714
2020-06-15 16:00:00,4136001,xoJJ8DcxJEcupym,302.8533333333333,384.7333333333333,302.8533333333333
2020-06-15 16:00:00,4136001,vOuJvMaM2sgwLmb,303.24,386.62666666666655,303.24
2020-06-15 16:00:00,4136001,xMbIugepa2P7lBB,309.1933333333334,382.8466666666666,309.1933333333334
2020-06-15 16:00:00,4136001,NgDl19wMapZy17u,311.1,383.0866666666666,311.1
2020-06-15 16:00:00,4136001,V94E5Ben1TlhnDV,297.05333333333334,381.74000000000007,297.05333333333334
2020-06-15 16:00:00,4136001,oZ35aAeoifZaQzV,303.6333333333333,394.76666666666654,303.6333333333333
2020-06-15 16:00:00,4136001,81aHJ1q11NBPMrL,304.46,384.8466666666666,304.46
2020-06-15 16:00:00,4136001,LlT2YUhhzqhg5Sw,304.6071428571429,350.47333333333336,304.6071428571429
2020-06-15 16:00:00,4136001,q49J1IKaHRwDQnt,303.71428571428567,376.2533333333333,303.71428571428567
2020-06-15 16:00:00,4136001,WcxssY2VbP4hApt,307.31333333333333,388.78,307.31333333333333
2020-06-15 16:00:00,4136001,Mx2yZCDsyf6DPfv,302.64,392.9,302.64
2020-06-15 16:00:00,4136001,4UPUqMRk7TRMgml,301.5466666666667,392.92,301.5466666666667
2020-06-15 16:00:00,4136001,9kRcWv60rDACzjR,303.6266666666665,380.2866666666666,303.6266666666665
2020-06-15 16:00:00,4136001,oZZkBaNadn6DNKz,297.25333333333333,385.07333333333327,297.25333333333333
2020-06-15 16:15:00,4136001,Mx2yZCDsyf6DPfv,392.9,373.08,392.9
2020-06-15 16:15:00,4136001,LYwnQax7tkwH5Cb,362.98,354.5466666666666,362.98
2020-06-15 16:15:00,4136001,Qf4GUc1pJu5T6c6,387.16,360.51333333333326,387.16
2020-06-15 16:15:00,4136001,WcxssY2VbP4hApt,388.78,379.28,388.78
2020-06-15 16:15:00,4136001,vOuJvMaM2sgwLmb,386.62666666666655,374.69333333333327,386.62666666666655
2020-06-15 16:15:00,4136001,LlT2YUhhzqhg5Sw,350.47333333333336,368.89333333333326,350.47333333333336
2020-06-15 16:15:00,4136001,IQ2d7wF4YD8zU1Q,383.92,365.8428571428572,383.92
2020-06-15 16:15:00,4136001,oZZkBaNadn6DNKz,385.07333333333327,374.38000000000005,385.07333333333327
2020-06-15 16:15:00,4136001,q49J1IKaHRwDQnt,376.2533333333333,365.38,376.2533333333333
2020-06-15 16:15:00,4136001,PeE6FRyGXUgsRhN,377.2533333333333,365.74,377.2533333333333
2020-06-15 16:15:00,4136001,V94E5Ben1TlhnDV,381.74000000000007,374.9266666666666,381.74000000000007
2020-06-15 16:15:00,4136001,4UPUqMRk7TRMgml,392.92,370.6000000000001,392.92
2020-06-15 16:15:00,4136001,81aHJ1q11NBPMrL,384.8466666666666,377.02,384.8466666666666
2020-06-15 16:15:00,4136001,mqwcsP2rE7J0TFp,382.3733333333333,358.0785714285714,382.3733333333333
2020-06-15 16:15:00,4136001,rrq4fwE8jgrTyWY,360.05999999999995,349.11333333333334,360.05999999999995
2020-06-15 16:15:00,4136001,NgDl19wMapZy17u,383.0866666666666,364.5642857142857,383.0866666666666
2020-06-15 16:15:00,4136001,xoJJ8DcxJEcupym,384.7333333333333,377.0,384.7333333333333
2020-06-15 16:15:00,4136001,oZ35aAeoifZaQzV,394.76666666666654,375.89333333333326,394.76666666666654
2020-06-15 16:15:00,4136001,Et9kgGMDl729KT4,350.48,331.9200000000001,350.48
2020-06-15 16:15:00,4136001,9kRcWv60rDACzjR,380.2866666666666,373.8733333333333,380.2866666666666
2020-06-15 16:15:00,4136001,Quc1TzYxW2pYoWX,319.81333333333333,300.14,319.81333333333333
2020-06-15 16:15:00,4136001,xMbIugepa2P7lBB,382.8466666666666,368.67142857142846,382.8466666666666
2020-06-15 16:30:00,4136001,oZ35aAeoifZaQzV,375.89333333333326,409.8357142857144,375.89333333333326
2020-06-15 16:30:00,4136001,mqwcsP2rE7J0TFp,358.0785714285714,400.42,358.0785714285714
2020-06-15 16:30:00,4136001,IQ2d7wF4YD8zU1Q,365.8428571428572,403.69333333333327,365.8428571428572
2020-06-15 16:30:00,4136001,81aHJ1q11NBPMrL,377.02,398.06,377.02
2020-06-15 16:30:00,4136001,q49J1IKaHRwDQnt,365.38,391.8133333333333,365.38
2020-06-15 16:30:00,4136001,V94E5Ben1TlhnDV,374.9266666666666,397.0133333333334,374.9266666666666
2020-06-15 16:30:00,4136001,Quc1TzYxW2pYoWX,300.14,331.71333333333325,300.14
2020-06-15 16:30:00,4136001,rrq4fwE8jgrTyWY,349.11333333333334,373.04666666666657,349.11333333333334
2020-06-15 16:30:00,4136001,4UPUqMRk7TRMgml,370.6000000000001,406.25,370.6000000000001
2020-06-15 16:30:00,4136001,PeE6FRyGXUgsRhN,365.74,390.63333333333327,365.74
2020-06-15 16:30:00,4136001,Mx2yZCDsyf6DPfv,373.08,406.97857142857146,373.08
2020-06-15 16:30:00,4136001,vOuJvMaM2sgwLmb,374.69333333333327,399.5199999999999,374.69333333333327
2020-06-15 16:30:00,4136001,xMbIugepa2P7lBB,368.67142857142846,403.0533333333333,368.67142857142846
2020-06-15 16:30:00,4136001,xoJJ8DcxJEcupym,377.0,398.2266666666666,377.0
2020-06-15 16:30:00,4136001,LlT2YUhhzqhg5Sw,368.89333333333326,392.34,368.89333333333326
2020-06-15 16:30:00,4136001,Qf4GUc1pJu5T6c6,360.51333333333326,400.86428571428576,360.51333333333326
2020-06-15 16:30:00,4136001,9kRcWv60rDACzjR,373.8733333333333,393.83333333333337,373.8733333333333
2020-06-15 16:30:00,4136001,LYwnQax7tkwH5Cb,354.5466666666666,377.32,354.5466666666666
2020-06-15 16:30:00,4136001,Et9kgGMDl729KT4,331.9200000000001,363.72,331.9200000000001
2020-06-15 16:30:00,4136001,oZZkBaNadn6DNKz,374.38000000000005,399.58,374.38000000000005
2020-06-15 16:30:00,4136001,WcxssY2VbP4hApt,379.28,402.0866666666667,379.28
2020-06-15 16:30:00,4136001,NgDl19wMapZy17u,364.5642857142857,402.18000000000006,364.5642857142857
2020-06-15 16:45:00,4136001,LlT2YUhhzqhg5Sw,392.34,232.14666666666668,392.34
2020-06-15 16:45:00,4136001,rrq4fwE8jgrTyWY,373.04666666666657,219.7733333333333,373.04666666666657
2020-06-15 16:45:00,4136001,mqwcsP2rE7J0TFp,400.42,232.69333333333333,400.42
2020-06-15 16:45:00,4136001,LYwnQax7tkwH5Cb,377.32,223.1,377.32
2020-06-15 16:45:00,4136001,oZZkBaNadn6DNKz,399.58,247.1642857142857,399.58
2020-06-15 16:45:00,4136001,vOuJvMaM2sgwLmb,399.5199999999999,245.5928571428572,399.5199999999999
2020-06-15 16:45:00,4136001,NgDl19wMapZy17u,402.18000000000006,236.3,402.18000000000006
2020-06-15 16:45:00,4136001,81aHJ1q11NBPMrL,398.06,243.8928571428572,398.06
2020-06-15 16:45:00,4136001,9kRcWv60rDACzjR,393.83333333333337,240.38571428571424,393.83333333333337
2020-06-15 16:45:00,4136001,q49J1IKaHRwDQnt,391.8133333333333,232.66666666666669,391.8133333333333
2020-06-15 16:45:00,4136001,PeE6FRyGXUgsRhN,390.63333333333327,242.8928571428572,390.63333333333327
2020-06-15 16:45:00,4136001,4UPUqMRk7TRMgml,406.25,249.80666666666664,406.25
2020-06-15 16:45:00,4136001,Quc1TzYxW2pYoWX,331.71333333333325,202.4,331.71333333333325
2020-06-15 16:45:00,4136001,oZ35aAeoifZaQzV,409.8357142857144,253.48666666666665,409.8357142857144
2020-06-15 16:45:00,4136001,Et9kgGMDl729KT4,363.72,222.96,363.72
2020-06-15 16:45:00,4136001,xMbIugepa2P7lBB,403.0533333333333,239.24,403.0533333333333
2020-06-15 16:45:00,4136001,Qf4GUc1pJu5T6c6,400.86428571428576,245.30666666666664,400.86428571428576
2020-06-15 16:45:00,4136001,xoJJ8DcxJEcupym,398.2266666666666,246.53571428571428,398.2266666666666
2020-06-15 16:45:00,4136001,IQ2d7wF4YD8zU1Q,403.69333333333327,238.18666666666667,403.69333333333327
2020-06-15 16:45:00,4136001,WcxssY2VbP4hApt,402.0866666666667,245.51428571428573,402.0866666666667
2020-06-15 16:45:00,4136001,V94E5Ben1TlhnDV,397.0133333333334,244.7928571428572,397.0133333333334
2020-06-15 16:45:00,4136001,Mx2yZCDsyf6DPfv,406.97857142857146,250.57333333333327,406.97857142857146
2020-06-15 17:00:00,4136001,vOuJvMaM2sgwLmb,245.5928571428572,94.54666666666668,245.5928571428572
2020-06-15 17:00:00,4136001,rrq4fwE8jgrTyWY,219.7733333333333,85.56428571428572,219.7733333333333
2020-06-15 17:00:00,4136001,oZ35aAeoifZaQzV,253.48666666666665,91.76666666666664,253.48666666666665
2020-06-15 17:00:00,4136001,q49J1IKaHRwDQnt,232.66666666666669,89.22857142857143,232.66666666666669
2020-06-15 17:00:00,4136001,LlT2YUhhzqhg5Sw,232.14666666666668,90.67857142857144,232.14666666666668
2020-06-15 17:00:00,4136001,oZZkBaNadn6DNKz,247.1642857142857,92.82,247.1642857142857
2020-06-15 17:00:00,4136001,Et9kgGMDl729KT4,222.96,81.61333333333333,222.96
2020-06-15 17:00:00,4136001,xoJJ8DcxJEcupym,246.53571428571428,94.78666666666666,246.53571428571428
2020-06-15 17:00:00,4136001,xMbIugepa2P7lBB,239.24,93.06666666666666,239.24
2020-06-15 17:00:00,4136001,NgDl19wMapZy17u,236.3,92.55333333333331,236.3
2020-06-15 17:00:00,4136001,Qf4GUc1pJu5T6c6,245.30666666666664,87.74,245.30666666666664
2020-06-15 17:00:00,4136001,Mx2yZCDsyf6DPfv,250.57333333333327,91.9,250.57333333333327
2020-06-15 17:00:00,4136001,PeE6FRyGXUgsRhN,242.8928571428572,91.63333333333334,242.8928571428572
2020-06-15 17:00:00,4136001,4UPUqMRk7TRMgml,249.80666666666664,80.12,249.80666666666664
2020-06-15 17:00:00,4136001,9kRcWv60rDACzjR,240.38571428571424,94.5,240.38571428571424
2020-06-15 17:00:00,4136001,LYwnQax7tkwH5Cb,223.1,86.62142857142857,223.1
2020-06-15 17:00:00,4136001,WcxssY2VbP4hApt,245.51428571428573,94.94,245.51428571428573
2020-06-15 17:00:00,4136001,81aHJ1q11NBPMrL,243.8928571428572,94.81333333333332,243.8928571428572
2020-06-15 17:00:00,4136001,V94E5Ben1TlhnDV,244.7928571428572,94.16,244.7928571428572
2020-06-15 17:00:00,4136001,Quc1TzYxW2pYoWX,202.4,72.84,202.4
2020-06-15 17:00:00,4136001,IQ2d7wF4YD8zU1Q,238.18666666666667,92.56666666666668,238.18666666666667
2020-06-15 17:00:00,4136001,mqwcsP2rE7J0TFp,232.69333333333333,91.72,232.69333333333333
2020-06-15 17:15:00,4136001,xMbIugepa2P7lBB,93.06666666666666,158.04666666666668,93.06666666666666
2020-06-15 17:15:00,4136001,81aHJ1q11NBPMrL,94.81333333333332,159.04666666666665,94.81333333333332
2020-06-15 17:15:00,4136001,PeE6FRyGXUgsRhN,91.63333333333334,154.46666666666667,91.63333333333334
2020-06-15 17:15:00,4136001,rrq4fwE8jgrTyWY,85.56428571428572,148.16666666666669,85.56428571428572
2020-06-15 17:15:00,4136001,Et9kgGMDl729KT4,81.61333333333333,141.42666666666665,81.61333333333333
2020-06-15 17:15:00,4136001,oZ35aAeoifZaQzV,91.76666666666664,159.84666666666666,91.76666666666664
2020-06-15 17:15:00,4136001,vOuJvMaM2sgwLmb,94.54666666666668,159.20000000000002,94.54666666666668
2020-06-15 17:15:00,4136001,9kRcWv60rDACzjR,94.5,158.44000000000003,94.5
2020-06-15 17:15:00,4136001,LlT2YUhhzqhg5Sw,90.67857142857144,156.26666666666668,90.67857142857144
2020-06-15 17:15:00,4136001,LYwnQax7tkwH5Cb,86.62142857142857,149.91333333333333,86.62142857142857
2020-06-15 17:15:00,4136001,oZZkBaNadn6DNKz,92.82,157.07333333333332,92.82
2020-06-15 17:15:00,4136001,q49J1IKaHRwDQnt,89.22857142857143,155.46,89.22857142857143
2020-06-15 17:15:00,4136001,WcxssY2VbP4hApt,94.94,160.21333333333334,94.94
2020-06-15 17:15:00,4136001,xoJJ8DcxJEcupym,94.78666666666666,159.46666666666667,94.78666666666666
2020-06-15 17:15:00,4136001,V94E5Ben1TlhnDV,94.16,156.4733333333333,94.16
2020-06-15 17:15:00,4136001,Mx2yZCDsyf6DPfv,91.9,159.05333333333334,91.9
2020-06-15 17:15:00,4136001,4UPUqMRk7TRMgml,80.12,157.60666666666668,80.12
2020-06-15 17:15:00,4136001,mqwcsP2rE7J0TFp,91.72,156.29999999999998,91.72
2020-06-15 17:15:00,4136001,Qf4GUc1pJu5T6c6,87.74,155.71333333333334,87.74
2020-06-15 17:15:00,4136001,NgDl19wMapZy17u,92.55333333333331,157.57999999999998,92.55333333333331
2020-06-15 17:15:00,4136001,Quc1TzYxW2pYoWX,72.84,128.1,72.84
2020-06-15 17:15:00,4136001,IQ2d7wF4YD8zU1Q,92.56666666666668,157.88666666666666,92.56666666666668
2020-06-15 17:30:00,4136001,LYwnQax7tkwH5Cb,149.91333333333333,118.03333333333332,149.91333333333333
2020-06-15 17:30:00,4136001,xoJJ8DcxJEcupym,159.46666666666667,126.16,159.46666666666667
2020-06-15 17:30:00,4136001,9kRcWv60rDACzjR,158.44000000000003,124.13333333333334,158.44000000000003
2020-06-15 17:30:00,4136001,vOuJvMaM2sgwLmb,159.20000000000002,125.62,159.20000000000002
2020-06-15 17:30:00,4136001,PeE6FRyGXUgsRhN,154.46666666666667,122.79999999999998,154.46666666666667
2020-06-15 17:30:00,4136001,V94E5Ben1TlhnDV,156.4733333333333,125.66,156.4733333333333
2020-06-15 17:30:00,4136001,Et9kgGMDl729KT4,141.42666666666665,113.14285714285714,141.42666666666665
2020-06-15 17:30:00,4136001,NgDl19wMapZy17u,157.57999999999998,123.22857142857144,157.57999999999998
2020-06-15 17:30:00,4136001,Qf4GUc1pJu5T6c6,155.71333333333334,123.37857142857143,155.71333333333334
2020-06-15 17:30:00,4136001,xMbIugepa2P7lBB,158.04666666666668,123.9,158.04666666666668
2020-06-15 17:30:00,4136001,Quc1TzYxW2pYoWX,128.1,102.65,128.1
2020-06-15 17:30:00,4136001,WcxssY2VbP4hApt,160.21333333333334,125.77333333333333,160.21333333333334
2020-06-15 17:30:00,4136001,Mx2yZCDsyf6DPfv,159.05333333333334,126.25714285714284,159.05333333333334
2020-06-15 17:30:00,4136001,IQ2d7wF4YD8zU1Q,157.88666666666666,123.49285714285716,157.88666666666666
2020-06-15 17:30:00,4136001,4UPUqMRk7TRMgml,157.60666666666668,125.27857142857144,157.60666666666668
2020-06-15 17:30:00,4136001,mqwcsP2rE7J0TFp,156.29999999999998,122.16428571428573,156.29999999999998
2020-06-15 17:30:00,4136001,81aHJ1q11NBPMrL,159.04666666666665,125.48,159.04666666666665
2020-06-15 17:30:00,4136001,oZ35aAeoifZaQzV,159.84666666666666,127.77857142857144,159.84666666666666
2020-06-15 17:30:00,4136001,oZZkBaNadn6DNKz,157.07333333333332,125.2,157.07333333333332
2020-06-15 17:30:00,4136001,LlT2YUhhzqhg5Sw,156.26666666666668,123.43333333333334,156.26666666666668
2020-06-15 17:30:00,4136001,rrq4fwE8jgrTyWY,148.16666666666669,116.76666666666664,148.16666666666669
2020-06-15 17:30:00,4136001,q49J1IKaHRwDQnt,155.46,122.83333333333334,155.46
2020-06-15 17:45:00,4136001,rrq4fwE8jgrTyWY,116.76666666666664,85.74,116.76666666666664
2020-06-15 17:45:00,4136001,IQ2d7wF4YD8zU1Q,123.49285714285716,92.64,123.49285714285716
2020-06-15 17:45:00,4136001,xMbIugepa2P7lBB,123.9,92.7,123.9
2020-06-15 17:45:00,4136001,Et9kgGMDl729KT4,113.14285714285714,84.14666666666666,113.14285714285714
2020-06-15 17:45:00,4136001,Qf4GUc1pJu5T6c6,123.37857142857143,92.97333333333334,123.37857142857143
2020-06-15 17:45:00,4136001,V94E5Ben1TlhnDV,125.66,92.1357142857143,125.66
2020-06-15 17:45:00,4136001,NgDl19wMapZy17u,123.22857142857144,92.42666666666666,123.22857142857144
2020-06-15 17:45:00,4136001,9kRcWv60rDACzjR,124.13333333333334,91.74285714285712,124.13333333333334
2020-06-15 17:45:00,4136001,81aHJ1q11NBPMrL,125.48,91.97142857142856,125.48
2020-06-15 17:45:00,4136001,vOuJvMaM2sgwLmb,125.62,92.84285714285714,125.62
2020-06-15 17:45:00,4136001,xoJJ8DcxJEcupym,126.16,91.97857142857144,126.16
2020-06-15 17:45:00,4136001,oZ35aAeoifZaQzV,127.77857142857144,95.5,127.77857142857144
2020-06-15 17:45:00,4136001,WcxssY2VbP4hApt,125.77333333333333,93.10000000000002,125.77333333333333
2020-06-15 17:45:00,4136001,4UPUqMRk7TRMgml,125.27857142857144,93.46666666666664,125.27857142857144
2020-06-15 17:45:00,4136001,LlT2YUhhzqhg5Sw,123.43333333333334,90.11333333333334,123.43333333333334
2020-06-15 17:45:00,4136001,q49J1IKaHRwDQnt,122.83333333333334,90.02000000000001,122.83333333333334
2020-06-15 17:45:00,4136001,oZZkBaNadn6DNKz,125.2,92.1785714285714,125.2
2020-06-15 17:45:00,4136001,Quc1TzYxW2pYoWX,102.65,76.55333333333331,102.65
2020-06-15 17:45:00,4136001,PeE6FRyGXUgsRhN,122.79999999999998,90.87857142857143,122.79999999999998
2020-06-15 17:45:00,4136001,LYwnQax7tkwH5Cb,118.03333333333332,86.35333333333334,118.03333333333332
2020-06-15 17:45:00,4136001,Mx2yZCDsyf6DPfv,126.25714285714284,93.86666666666666,126.25714285714284
2020-06-15 17:45:00,4136001,mqwcsP2rE7J0TFp,122.16428571428573,92.41333333333334,122.16428571428573
2020-06-15 18:00:00,4136001,oZ35aAeoifZaQzV,95.5,62.58666666666668,95.5
2020-06-15 18:00:00,4136001,vOuJvMaM2sgwLmb,92.84285714285714,62.51333333333333,92.84285714285714
2020-06-15 18:00:00,4136001,mqwcsP2rE7J0TFp,92.41333333333334,60.61333333333334,92.41333333333334
2020-06-15 18:00:00,4136001,PeE6FRyGXUgsRhN,90.87857142857143,61.02,90.87857142857143
2020-06-15 18:00:00,4136001,V94E5Ben1TlhnDV,92.1357142857143,61.486666666666665,92.1357142857143
2020-06-15 18:00:00,4136001,xoJJ8DcxJEcupym,91.97857142857144,62.80666666666667,91.97857142857144
2020-06-15 18:00:00,4136001,9kRcWv60rDACzjR,91.74285714285712,61.673333333333325,91.74285714285712
2020-06-15 18:00:00,4136001,xMbIugepa2P7lBB,92.7,60.98,92.7
2020-06-15 18:00:00,4136001,NgDl19wMapZy17u,92.42666666666666,60.6,92.42666666666666
2020-06-15 18:00:00,4136001,rrq4fwE8jgrTyWY,85.74,56.98571428571427,85.74
2020-06-15 18:00:00,4136001,Mx2yZCDsyf6DPfv,93.86666666666666,62.93333333333335,93.86666666666666
2020-06-15 18:00:00,4136001,WcxssY2VbP4hApt,93.10000000000002,62.53333333333333,93.10000000000002
2020-06-15 18:00:00,4136001,IQ2d7wF4YD8zU1Q,92.64,60.74,92.64
2020-06-15 18:00:00,4136001,4UPUqMRk7TRMgml,93.46666666666664,61.97999999999999,93.46666666666664
2020-06-15 18:00:00,4136001,Quc1TzYxW2pYoWX,76.55333333333331,51.013333333333335,76.55333333333331
2020-06-15 18:00:00,4136001,q49J1IKaHRwDQnt,90.02000000000001,59.99285714285715,90.02000000000001
2020-06-15 18:00:00,4136001,LlT2YUhhzqhg5Sw,90.11333333333334,60.23571428571428,90.11333333333334
2020-06-15 18:00:00,4136001,Qf4GUc1pJu5T6c6,92.97333333333334,61.24666666666667,92.97333333333334
2020-06-15 18:00:00,4136001,Et9kgGMDl729KT4,84.14666666666666,56.0,84.14666666666666
2020-06-15 18:00:00,4136001,oZZkBaNadn6DNKz,92.1785714285714,62.17333333333334,92.1785714285714
2020-06-15 18:00:00,4136001,LYwnQax7tkwH5Cb,86.35333333333334,57.37142857142857,86.35333333333334
2020-06-15 18:00:00,4136001,81aHJ1q11NBPMrL,91.97142857142856,61.75999999999999,91.97142857142856
2020-06-15 18:15:00,4136001,mqwcsP2rE7J0TFp,60.61333333333334,32.160000000000004,60.61333333333334
2020-06-15 18:15:00,4136001,NgDl19wMapZy17u,60.6,31.79333333333334,60.6
2020-06-15 18:15:00,4136001,Qf4GUc1pJu5T6c6,61.24666666666667,32.66666666666667,61.24666666666667
2020-06-15 18:15:00,4136001,Et9kgGMDl729KT4,56.0,29.866666666666664,56.0
2020-06-15 18:15:00,4136001,9kRcWv60rDACzjR,61.673333333333325,32.673333333333325,61.673333333333325
2020-06-15 18:15:00,4136001,PeE6FRyGXUgsRhN,61.02,32.9,61.02
2020-06-15 18:15:00,4136001,xoJJ8DcxJEcupym,62.80666666666667,32.37333333333334,62.80666666666667
2020-06-15 18:15:00,4136001,oZ35aAeoifZaQzV,62.58666666666668,33.473333333333336,62.58666666666668
2020-06-15 18:15:00,4136001,Mx2yZCDsyf6DPfv,62.93333333333335,33.63333333333334,62.93333333333335
2020-06-15 18:15:00,4136001,WcxssY2VbP4hApt,62.53333333333333,33.11333333333333,62.53333333333333
2020-06-15 18:15:00,4136001,4UPUqMRk7TRMgml,61.97999999999999,32.78666666666667,61.97999999999999
2020-06-15 18:15:00,4136001,q49J1IKaHRwDQnt,59.99285714285715,32.55333333333333,59.99285714285715
2020-06-15 18:15:00,4136001,LlT2YUhhzqhg5Sw,60.23571428571428,32.599999999999994,60.23571428571428
2020-06-15 18:15:00,4136001,oZZkBaNadn6DNKz,62.17333333333334,32.78666666666667,62.17333333333334
2020-06-15 18:15:00,4136001,Quc1TzYxW2pYoWX,51.013333333333335,27.03333333333333,51.013333333333335
2020-06-15 18:15:00,4136001,LYwnQax7tkwH5Cb,57.37142857142857,30.91333333333333,57.37142857142857
2020-06-15 18:15:00,4136001,vOuJvMaM2sgwLmb,62.51333333333333,33.42,62.51333333333333
2020-06-15 18:15:00,4136001,xMbIugepa2P7lBB,60.98,31.98666666666666,60.98
2020-06-15 18:15:00,4136001,V94E5Ben1TlhnDV,61.486666666666665,33.52,61.486666666666665
2020-06-15 18:15:00,4136001,81aHJ1q11NBPMrL,61.75999999999999,32.66,61.75999999999999
2020-06-15 18:15:00,4136001,IQ2d7wF4YD8zU1Q,60.74,31.84,60.74
2020-06-15 18:15:00,4136001,rrq4fwE8jgrTyWY,56.98571428571427,30.793333333333333,56.98571428571427
2020-06-15 18:30:00,4136001,81aHJ1q11NBPMrL,32.66,6.506666666666667,32.66
2020-06-15 18:30:00,4136001,xoJJ8DcxJEcupym,32.37333333333334,6.546666666666666,32.37333333333334
2020-06-15 18:30:00,4136001,oZ35aAeoifZaQzV,33.473333333333336,6.960000000000001,33.473333333333336
2020-06-15 18:30:00,4136001,Mx2yZCDsyf6DPfv,33.63333333333334,6.213333333333332,33.63333333333334
2020-06-15 18:30:00,4136001,9kRcWv60rDACzjR,32.673333333333325,6.646666666666667,32.673333333333325
2020-06-15 18:30:00,4136001,PeE6FRyGXUgsRhN,32.9,6.5266666666666655,32.9
2020-06-15 18:30:00,4136001,q49J1IKaHRwDQnt,32.55333333333333,6.78,32.55333333333333
2020-06-15 18:30:00,4136001,rrq4fwE8jgrTyWY,30.793333333333333,6.373333333333334,30.793333333333333
2020-06-15 18:30:00,4136001,NgDl19wMapZy17u,31.79333333333334,6.757142857142857,31.79333333333334
2020-06-15 18:30:00,4136001,IQ2d7wF4YD8zU1Q,31.84,6.721428571428572,31.84
2020-06-15 18:30:00,4136001,vOuJvMaM2sgwLmb,33.42,7.38,33.42
2020-06-15 18:30:00,4136001,mqwcsP2rE7J0TFp,32.160000000000004,6.949999999999999,32.160000000000004
2020-06-15 18:30:00,4136001,WcxssY2VbP4hApt,33.11333333333333,6.72,33.11333333333333
2020-06-15 18:30:00,4136001,Qf4GUc1pJu5T6c6,32.66666666666667,6.406666666666667,32.66666666666667
2020-06-15 18:30:00,4136001,V94E5Ben1TlhnDV,33.52,6.653333333333332,33.52
2020-06-15 18:30:00,4136001,Et9kgGMDl729KT4,29.866666666666664,5.913333333333333,29.866666666666664
2020-06-15 18:30:00,4136001,4UPUqMRk7TRMgml,32.78666666666667,5.960000000000001,32.78666666666667
2020-06-15 18:30:00,4136001,LYwnQax7tkwH5Cb,30.91333333333333,6.36,30.91333333333333
2020-06-15 18:30:00,4136001,oZZkBaNadn6DNKz,32.78666666666667,6.739999999999999,32.78666666666667
2020-06-15 18:30:00,4136001,xMbIugepa2P7lBB,31.98666666666666,6.7714285714285705,31.98666666666666
2020-06-15 18:30:00,4136001,LlT2YUhhzqhg5Sw,32.599999999999994,6.82,32.599999999999994
2020-06-15 18:30:00,4136001,Quc1TzYxW2pYoWX,27.03333333333333,4.920000000000001,27.03333333333333
2020-06-15 18:45:00,4136001,Et9kgGMDl729KT4,5.913333333333333,0.0,5.913333333333333
2020-06-15 18:45:00,4136001,9kRcWv60rDACzjR,6.646666666666667,0.0,6.646666666666667
2020-06-15 18:45:00,4136001,NgDl19wMapZy17u,6.757142857142857,0.0,6.757142857142857
2020-06-15 18:45:00,4136001,LYwnQax7tkwH5Cb,6.36,0.0,6.36
2020-06-15 18:45:00,4136001,oZZkBaNadn6DNKz,6.739999999999999,0.0,6.739999999999999
2020-06-15 18:45:00,4136001,rrq4fwE8jgrTyWY,6.373333333333334,0.0,6.373333333333334
2020-06-15 18:45:00,4136001,Quc1TzYxW2pYoWX,4.920000000000001,0.0,4.920000000000001
2020-06-15 18:45:00,4136001,4UPUqMRk7TRMgml,5.960000000000001,0.0,5.960000000000001
2020-06-15 18:45:00,4136001,oZ35aAeoifZaQzV,6.960000000000001,0.0,6.960000000000001
2020-06-15 18:45:00,4136001,PeE6FRyGXUgsRhN,6.5266666666666655,0.0,6.5266666666666655
2020-06-15 18:45:00,4136001,mqwcsP2rE7J0TFp,6.949999999999999,0.0,6.949999999999999
2020-06-15 18:45:00,4136001,Mx2yZCDsyf6DPfv,6.213333333333332,0.0,6.213333333333332
2020-06-15 18:45:00,4136001,xMbIugepa2P7lBB,6.7714285714285705,0.0,6.7714285714285705
2020-06-15 18:45:00,4136001,vOuJvMaM2sgwLmb,7.38,0.0,7.38
2020-06-15 18:45:00,4136001,LlT2YUhhzqhg5Sw,6.82,0.0,6.82
2020-06-15 18:45:00,4136001,q49J1IKaHRwDQnt,6.78,0.0,6.78
2020-06-15 18:45:00,4136001,V94E5Ben1TlhnDV,6.653333333333332,0.0,6.653333333333332
2020-06-15 18:45:00,4136001,WcxssY2VbP4hApt,6.72,0.0,6.72
2020-06-15 18:45:00,4136001,IQ2d7wF4YD8zU1Q,6.721428571428572,0.0,6.721428571428572
2020-06-15 18:45:00,4136001,81aHJ1q11NBPMrL,6.506666666666667,0.0,6.506666666666667
2020-06-15 18:45:00,4136001,xoJJ8DcxJEcupym,6.546666666666666,0.0,6.546666666666666
2020-06-15 18:45:00,4136001,Qf4GUc1pJu5T6c6,6.406666666666667,0.0,6.406666666666667
2020-06-15 19:00:00,4136001,9kRcWv60rDACzjR,0.0,0.0,0.0
2020-06-15 19:00:00,4136001,Mx2yZCDsyf6DPfv,0.0,0.0,0.0
2020-06-15 19:00:00,4136001,81aHJ1q11NBPMrL,0.0,0.0,0.0
2020-06-15 19:00:00,4136001,V94E5Ben1TlhnDV,0.0,0.0,0.0
2020-06-15 19:00:00,4136001,xMbIugepa2P7lBB,0.0,0.0,0.0
2020-06-15 19:00:00,4136001,xoJJ8DcxJEcupym,0.0,0.0,0.0
2020-06-15 19:00:00,4136001,Quc1TzYxW2pYoWX,0.0,0.0,0.0
2020-06-15 19:00:00,4136001,oZ35aAeoifZaQzV,0.0,0.0,0.0
2020-06-15 19:00:00,4136001,IQ2d7wF4YD8zU1Q,0.0,0.0,0.0
2020-06-15 19:00:00,4136001,NgDl19wMapZy17u,0.0,0.0,0.0
2020-06-15 19:00:00,4136001,mqwcsP2rE7J0TFp,0.0,0.0,0.0
2020-06-15 19:00:00,4136001,LlT2YUhhzqhg5Sw,0.0,0.0,0.0
2020-06-15 19:00:00,4136001,q49J1IKaHRwDQnt,0.0,0.0,0.0
2020-06-15 19:00:00,4136001,WcxssY2VbP4hApt,0.0,0.0,0.0
2020-06-15 19:00:00,4136001,LYwnQax7tkwH5Cb,0.0,0.0,0.0
2020-06-15 19:00:00,4136001,oZZkBaNadn6DNKz,0.0,0.0,0.0
2020-06-15 19:00:00,4136001,rrq4fwE8jgrTyWY,0.0,0.0,0.0
2020-06-15 19:00:00,4136001,Qf4GUc1pJu5T6c6,0.0,0.0,0.0
2020-06-15 19:00:00,4136001,4UPUqMRk7TRMgml,0.0,0.0,0.0
2020-06-15 19:00:00,4136001,Et9kgGMDl729KT4,0.0,0.0,0.0
2020-06-15 19:00:00,4136001,PeE6FRyGXUgsRhN,0.0,0.0,0.0
2020-06-15 19:00:00,4136001,vOuJvMaM2sgwLmb,0.0,0.0,0.0
2020-06-15 19:15:00,4136001,LlT2YUhhzqhg5Sw,0.0,0.0,0.0
2020-06-15 19:15:00,4136001,V94E5Ben1TlhnDV,0.0,0.0,0.0
2020-06-15 19:15:00,4136001,4UPUqMRk7TRMgml,0.0,0.0,0.0
2020-06-15 19:15:00,4136001,q49J1IKaHRwDQnt,0.0,0.0,0.0
2020-06-15 19:15:00,4136001,WcxssY2VbP4hApt,0.0,0.0,0.0
2020-06-15 19:15:00,4136001,oZZkBaNadn6DNKz,0.0,0.0,0.0
2020-06-15 19:15:00,4136001,Mx2yZCDsyf6DPfv,0.0,0.0,0.0
2020-06-15 19:15:00,4136001,mqwcsP2rE7J0TFp,0.0,0.0,0.0
2020-06-15 19:15:00,4136001,Quc1TzYxW2pYoWX,0.0,0.0,0.0
2020-06-15 19:15:00,4136001,oZ35aAeoifZaQzV,0.0,0.0,0.0
2020-06-15 19:15:00,4136001,xoJJ8DcxJEcupym,0.0,0.0,0.0
2020-06-15 19:15:00,4136001,LYwnQax7tkwH5Cb,0.0,0.0,0.0
2020-06-15 19:15:00,4136001,rrq4fwE8jgrTyWY,0.0,0.0,0.0
2020-06-15 19:15:00,4136001,Qf4GUc1pJu5T6c6,0.0,0.0,0.0
2020-06-15 19:15:00,4136001,vOuJvMaM2sgwLmb,0.0,0.0,0.0
2020-06-15 19:15:00,4136001,xMbIugepa2P7lBB,0.0,0.0,0.0
2020-06-15 19:15:00,4136001,PeE6FRyGXUgsRhN,0.0,0.0,0.0
2020-06-15 19:15:00,4136001,81aHJ1q11NBPMrL,0.0,0.0,0.0
2020-06-15 19:15:00,4136001,NgDl19wMapZy17u,0.0,0.0,0.0
2020-06-15 19:15:00,4136001,9kRcWv60rDACzjR,0.0,0.0,0.0
2020-06-15 19:15:00,4136001,IQ2d7wF4YD8zU1Q,0.0,0.0,0.0
2020-06-15 19:15:00,4136001,Et9kgGMDl729KT4,0.0,0.0,0.0
2020-06-15 19:30:00,4136001,Quc1TzYxW2pYoWX,0.0,0.0,0.0
2020-06-15 19:30:00,4136001,PeE6FRyGXUgsRhN,0.0,0.0,0.0
2020-06-15 19:30:00,4136001,4UPUqMRk7TRMgml,0.0,0.0,0.0
2020-06-15 19:30:00,4136001,Mx2yZCDsyf6DPfv,0.0,0.0,0.0
2020-06-15 19:30:00,4136001,NgDl19wMapZy17u,0.0,0.0,0.0
2020-06-15 19:30:00,4136001,81aHJ1q11NBPMrL,0.0,0.0,0.0
2020-06-15 19:30:00,4136001,xoJJ8DcxJEcupym,0.0,0.0,0.0
2020-06-15 19:30:00,4136001,oZZkBaNadn6DNKz,0.0,0.0,0.0
2020-06-15 19:30:00,4136001,WcxssY2VbP4hApt,0.0,0.0,0.0
2020-06-15 19:30:00,4136001,xMbIugepa2P7lBB,0.0,0.0,0.0
2020-06-15 19:30:00,4136001,Qf4GUc1pJu5T6c6,0.0,0.0,0.0
2020-06-15 19:30:00,4136001,rrq4fwE8jgrTyWY,0.0,0.0,0.0
2020-06-15 19:30:00,4136001,q49J1IKaHRwDQnt,0.0,0.0,0.0
2020-06-15 19:30:00,4136001,vOuJvMaM2sgwLmb,0.0,0.0,0.0
2020-06-15 19:30:00,4136001,9kRcWv60rDACzjR,0.0,0.0,0.0
2020-06-15 19:30:00,4136001,V94E5Ben1TlhnDV,0.0,0.0,0.0
2020-06-15 19:30:00,4136001,oZ35aAeoifZaQzV,0.0,0.0,0.0
2020-06-15 19:30:00,4136001,Et9kgGMDl729KT4,0.0,0.0,0.0
2020-06-15 19:30:00,4136001,mqwcsP2rE7J0TFp,0.0,0.0,0.0
2020-06-15 19:30:00,4136001,LYwnQax7tkwH5Cb,0.0,0.0,0.0
2020-06-15 19:30:00,4136001,LlT2YUhhzqhg5Sw,0.0,0.0,0.0
2020-06-15 19:30:00,4136001,IQ2d7wF4YD8zU1Q,0.0,0.0,0.0
2020-06-15 19:45:00,4136001,81aHJ1q11NBPMrL,0.0,0.0,0.0
2020-06-15 19:45:00,4136001,4UPUqMRk7TRMgml,0.0,0.0,0.0
2020-06-15 19:45:00,4136001,PeE6FRyGXUgsRhN,0.0,0.0,0.0
2020-06-15 19:45:00,4136001,oZ35aAeoifZaQzV,0.0,0.0,0.0
2020-06-15 19:45:00,4136001,9kRcWv60rDACzjR,0.0,0.0,0.0
2020-06-15 19:45:00,4136001,LYwnQax7tkwH5Cb,0.0,0.0,0.0
2020-06-15 19:45:00,4136001,Quc1TzYxW2pYoWX,0.0,0.0,0.0
2020-06-15 19:45:00,4136001,vOuJvMaM2sgwLmb,0.0,0.0,0.0
2020-06-15 19:45:00,4136001,Mx2yZCDsyf6DPfv,0.0,0.0,0.0
2020-06-15 19:45:00,4136001,xMbIugepa2P7lBB,0.0,0.0,0.0
2020-06-15 19:45:00,4136001,IQ2d7wF4YD8zU1Q,0.0,0.0,0.0
2020-06-15 19:45:00,4136001,LlT2YUhhzqhg5Sw,0.0,0.0,0.0
2020-06-15 19:45:00,4136001,V94E5Ben1TlhnDV,0.0,0.0,0.0
2020-06-15 19:45:00,4136001,mqwcsP2rE7J0TFp,0.0,0.0,0.0
2020-06-15 19:45:00,4136001,WcxssY2VbP4hApt,0.0,0.0,0.0
2020-06-15 19:45:00,4136001,rrq4fwE8jgrTyWY,0.0,0.0,0.0
2020-06-15 19:45:00,4136001,Et9kgGMDl729KT4,0.0,0.0,0.0
2020-06-15 19:45:00,4136001,Qf4GUc1pJu5T6c6,0.0,0.0,0.0
2020-06-15 19:45:00,4136001,oZZkBaNadn6DNKz,0.0,0.0,0.0
2020-06-15 19:45:00,4136001,q49J1IKaHRwDQnt,0.0,0.0,0.0
2020-06-15 19:45:00,4136001,NgDl19wMapZy17u,0.0,0.0,0.0
2020-06-15 19:45:00,4136001,xoJJ8DcxJEcupym,0.0,0.0,0.0
2020-06-15 20:00:00,4136001,WcxssY2VbP4hApt,0.0,0.0,0.0
2020-06-15 20:00:00,4136001,vOuJvMaM2sgwLmb,0.0,0.0,0.0
2020-06-15 20:00:00,4136001,oZZkBaNadn6DNKz,0.0,0.0,0.0
2020-06-15 20:00:00,4136001,rrq4fwE8jgrTyWY,0.0,0.0,0.0
2020-06-15 20:00:00,4136001,4UPUqMRk7TRMgml,0.0,0.0,0.0
2020-06-15 20:00:00,4136001,Et9kgGMDl729KT4,0.0,0.0,0.0
2020-06-15 20:00:00,4136001,LlT2YUhhzqhg5Sw,0.0,0.0,0.0
2020-06-15 20:00:00,4136001,Qf4GUc1pJu5T6c6,0.0,0.0,0.0
2020-06-15 20:00:00,4136001,81aHJ1q11NBPMrL,0.0,0.0,0.0
2020-06-15 20:00:00,4136001,q49J1IKaHRwDQnt,0.0,0.0,0.0
2020-06-15 20:00:00,4136001,mqwcsP2rE7J0TFp,0.0,0.0,0.0
2020-06-15 20:00:00,4136001,NgDl19wMapZy17u,0.0,0.0,0.0
2020-06-15 20:00:00,4136001,PeE6FRyGXUgsRhN,0.0,0.0,0.0
2020-06-15 20:00:00,4136001,xMbIugepa2P7lBB,0.0,0.0,0.0
2020-06-15 20:00:00,4136001,LYwnQax7tkwH5Cb,0.0,0.0,0.0
2020-06-15 20:00:00,4136001,9kRcWv60rDACzjR,0.0,0.0,0.0
2020-06-15 20:00:00,4136001,Quc1TzYxW2pYoWX,0.0,0.0,0.0
2020-06-15 20:00:00,4136001,oZ35aAeoifZaQzV,0.0,0.0,0.0
2020-06-15 20:00:00,4136001,Mx2yZCDsyf6DPfv,0.0,0.0,0.0
2020-06-15 20:00:00,4136001,xoJJ8DcxJEcupym,0.0,0.0,0.0
2020-06-15 20:00:00,4136001,V94E5Ben1TlhnDV,0.0,0.0,0.0
2020-06-15 20:00:00,4136001,IQ2d7wF4YD8zU1Q,0.0,0.0,0.0
2020-06-15 20:15:00,4136001,IQ2d7wF4YD8zU1Q,0.0,0.0,0.0
2020-06-15 20:15:00,4136001,81aHJ1q11NBPMrL,0.0,0.0,0.0
2020-06-15 20:15:00,4136001,oZZkBaNadn6DNKz,0.0,0.0,0.0
2020-06-15 20:15:00,4136001,Qf4GUc1pJu5T6c6,0.0,0.0,0.0
2020-06-15 20:15:00,4136001,rrq4fwE8jgrTyWY,0.0,0.0,0.0
2020-06-15 20:15:00,4136001,LlT2YUhhzqhg5Sw,0.0,0.0,0.0
2020-06-15 20:15:00,4136001,V94E5Ben1TlhnDV,0.0,0.0,0.0
2020-06-15 20:15:00,4136001,NgDl19wMapZy17u,0.0,0.0,0.0
2020-06-15 20:15:00,4136001,xMbIugepa2P7lBB,0.0,0.0,0.0
2020-06-15 20:15:00,4136001,vOuJvMaM2sgwLmb,0.0,0.0,0.0
2020-06-15 20:15:00,4136001,WcxssY2VbP4hApt,0.0,0.0,0.0
2020-06-15 20:15:00,4136001,q49J1IKaHRwDQnt,0.0,0.0,0.0
2020-06-15 20:15:00,4136001,LYwnQax7tkwH5Cb,0.0,0.0,0.0
2020-06-15 20:15:00,4136001,Et9kgGMDl729KT4,0.0,0.0,0.0
2020-06-15 20:15:00,4136001,oZ35aAeoifZaQzV,0.0,0.0,0.0
2020-06-15 20:15:00,4136001,Quc1TzYxW2pYoWX,0.0,0.0,0.0
2020-06-15 20:15:00,4136001,4UPUqMRk7TRMgml,0.0,0.0,0.0
2020-06-15 20:15:00,4136001,Mx2yZCDsyf6DPfv,0.0,0.0,0.0
2020-06-15 20:15:00,4136001,xoJJ8DcxJEcupym,0.0,0.0,0.0
2020-06-15 20:15:00,4136001,PeE6FRyGXUgsRhN,0.0,0.0,0.0
2020-06-15 20:15:00,4136001,mqwcsP2rE7J0TFp,0.0,0.0,0.0
2020-06-15 20:15:00,4136001,9kRcWv60rDACzjR,0.0,0.0,0.0
2020-06-15 20:30:00,4136001,V94E5Ben1TlhnDV,0.0,0.0,0.0
2020-06-15 20:30:00,4136001,Mx2yZCDsyf6DPfv,0.0,0.0,0.0
2020-06-15 20:30:00,4136001,Et9kgGMDl729KT4,0.0,0.0,0.0
2020-06-15 20:30:00,4136001,Quc1TzYxW2pYoWX,0.0,0.0,0.0
2020-06-15 20:30:00,4136001,xMbIugepa2P7lBB,0.0,0.0,0.0
2020-06-15 20:30:00,4136001,PeE6FRyGXUgsRhN,0.0,0.0,0.0
2020-06-15 20:30:00,4136001,oZ35aAeoifZaQzV,0.0,0.0,0.0
2020-06-15 20:30:00,4136001,WcxssY2VbP4hApt,0.0,0.0,0.0
2020-06-15 20:30:00,4136001,vOuJvMaM2sgwLmb,0.0,0.0,0.0
2020-06-15 20:30:00,4136001,LlT2YUhhzqhg5Sw,0.0,0.0,0.0
2020-06-15 20:30:00,4136001,xoJJ8DcxJEcupym,0.0,0.0,0.0
2020-06-15 20:30:00,4136001,Qf4GUc1pJu5T6c6,0.0,0.0,0.0
2020-06-15 20:30:00,4136001,81aHJ1q11NBPMrL,0.0,0.0,0.0
2020-06-15 20:30:00,4136001,9kRcWv60rDACzjR,0.0,0.0,0.0
2020-06-15 20:30:00,4136001,NgDl19wMapZy17u,0.0,0.0,0.0
2020-06-15 20:30:00,4136001,q49J1IKaHRwDQnt,0.0,0.0,0.0
2020-06-15 20:30:00,4136001,LYwnQax7tkwH5Cb,0.0,0.0,0.0
2020-06-15 20:30:00,4136001,IQ2d7wF4YD8zU1Q,0.0,0.0,0.0
2020-06-15 20:30:00,4136001,rrq4fwE8jgrTyWY,0.0,0.0,0.0
2020-06-15 20:30:00,4136001,4UPUqMRk7TRMgml,0.0,0.0,0.0
2020-06-15 20:30:00,4136001,oZZkBaNadn6DNKz,0.0,0.0,0.0
2020-06-15 20:30:00,4136001,mqwcsP2rE7J0TFp,0.0,0.0,0.0
2020-06-15 20:45:00,4136001,vOuJvMaM2sgwLmb,0.0,0.0,0.0
2020-06-15 20:45:00,4136001,Quc1TzYxW2pYoWX,0.0,0.0,0.0
2020-06-15 20:45:00,4136001,oZZkBaNadn6DNKz,0.0,0.0,0.0
2020-06-15 20:45:00,4136001,mqwcsP2rE7J0TFp,0.0,0.0,0.0
2020-06-15 20:45:00,4136001,Et9kgGMDl729KT4,0.0,0.0,0.0
2020-06-15 20:45:00,4136001,rrq4fwE8jgrTyWY,0.0,0.0,0.0
2020-06-15 20:45:00,4136001,WcxssY2VbP4hApt,0.0,0.0,0.0
2020-06-15 20:45:00,4136001,NgDl19wMapZy17u,0.0,0.0,0.0
2020-06-15 20:45:00,4136001,q49J1IKaHRwDQnt,0.0,0.0,0.0
2020-06-15 20:45:00,4136001,V94E5Ben1TlhnDV,0.0,0.0,0.0
2020-06-15 20:45:00,4136001,PeE6FRyGXUgsRhN,0.0,0.0,0.0
2020-06-15 20:45:00,4136001,LlT2YUhhzqhg5Sw,0.0,0.0,0.0
2020-06-15 20:45:00,4136001,xMbIugepa2P7lBB,0.0,0.0,0.0
2020-06-15 20:45:00,4136001,Mx2yZCDsyf6DPfv,0.0,0.0,0.0
2020-06-15 20:45:00,4136001,LYwnQax7tkwH5Cb,0.0,0.0,0.0
2020-06-15 20:45:00,4136001,IQ2d7wF4YD8zU1Q,0.0,0.0,0.0
2020-06-15 20:45:00,4136001,xoJJ8DcxJEcupym,0.0,0.0,0.0
2020-06-15 20:45:00,4136001,4UPUqMRk7TRMgml,0.0,0.0,0.0
2020-06-15 20:45:00,4136001,oZ35aAeoifZaQzV,0.0,0.0,0.0
2020-06-15 20:45:00,4136001,9kRcWv60rDACzjR,0.0,0.0,0.0
2020-06-15 20:45:00,4136001,Qf4GUc1pJu5T6c6,0.0,0.0,0.0
2020-06-15 20:45:00,4136001,81aHJ1q11NBPMrL,0.0,0.0,0.0
2020-06-15 21:00:00,4136001,oZ35aAeoifZaQzV,0.0,0.0,0.0
2020-06-15 21:00:00,4136001,9kRcWv60rDACzjR,0.0,0.0,0.0
2020-06-15 21:00:00,4136001,Quc1TzYxW2pYoWX,0.0,0.0,0.0
2020-06-15 21:00:00,4136001,xoJJ8DcxJEcupym,0.0,0.0,0.0
2020-06-15 21:00:00,4136001,IQ2d7wF4YD8zU1Q,0.0,0.0,0.0
2020-06-15 21:00:00,4136001,V94E5Ben1TlhnDV,0.0,0.0,0.0
2020-06-15 21:00:00,4136001,LYwnQax7tkwH5Cb,0.0,0.0,0.0
2020-06-15 21:00:00,4136001,NgDl19wMapZy17u,0.0,0.0,0.0
2020-06-15 21:00:00,4136001,q49J1IKaHRwDQnt,0.0,0.0,0.0
2020-06-15 21:00:00,4136001,vOuJvMaM2sgwLmb,0.0,0.0,0.0
2020-06-15 21:00:00,4136001,rrq4fwE8jgrTyWY,0.0,0.0,0.0
2020-06-15 21:00:00,4136001,LlT2YUhhzqhg5Sw,0.0,0.0,0.0
2020-06-15 21:00:00,4136001,4UPUqMRk7TRMgml,0.0,0.0,0.0
2020-06-15 21:00:00,4136001,Mx2yZCDsyf6DPfv,0.0,0.0,0.0
2020-06-15 21:00:00,4136001,81aHJ1q11NBPMrL,0.0,0.0,0.0
2020-06-15 21:00:00,4136001,Qf4GUc1pJu5T6c6,0.0,0.0,0.0
2020-06-15 21:00:00,4136001,PeE6FRyGXUgsRhN,0.0,0.0,0.0
2020-06-15 21:00:00,4136001,oZZkBaNadn6DNKz,0.0,0.0,0.0
2020-06-15 21:00:00,4136001,Et9kgGMDl729KT4,0.0,0.0,0.0
2020-06-15 21:00:00,4136001,mqwcsP2rE7J0TFp,0.0,0.0,0.0
2020-06-15 21:00:00,4136001,xMbIugepa2P7lBB,0.0,0.0,0.0
2020-06-15 21:00:00,4136001,WcxssY2VbP4hApt,0.0,0.0,0.0
2020-06-15 21:15:00,4136001,mqwcsP2rE7J0TFp,0.0,0.0,0.0
2020-06-15 21:15:00,4136001,81aHJ1q11NBPMrL,0.0,0.0,0.0
2020-06-15 21:15:00,4136001,q49J1IKaHRwDQnt,0.0,0.0,0.0
2020-06-15 21:15:00,4136001,WcxssY2VbP4hApt,0.0,0.0,0.0
2020-06-15 21:15:00,4136001,PeE6FRyGXUgsRhN,0.0,0.0,0.0
2020-06-15 21:15:00,4136001,xMbIugepa2P7lBB,0.0,0.0,0.0
2020-06-15 21:15:00,4136001,4UPUqMRk7TRMgml,0.0,0.0,0.0
2020-06-15 21:15:00,4136001,IQ2d7wF4YD8zU1Q,0.0,0.0,0.0
2020-06-15 21:15:00,4136001,oZ35aAeoifZaQzV,0.0,0.0,0.0
2020-06-15 21:15:00,4136001,LYwnQax7tkwH5Cb,0.0,0.0,0.0
2020-06-15 21:15:00,4136001,V94E5Ben1TlhnDV,0.0,0.0,0.0
2020-06-15 21:15:00,4136001,Qf4GUc1pJu5T6c6,0.0,0.0,0.0
2020-06-15 21:15:00,4136001,Quc1TzYxW2pYoWX,0.0,0.0,0.0
2020-06-15 21:15:00,4136001,NgDl19wMapZy17u,0.0,0.0,0.0
2020-06-15 21:15:00,4136001,vOuJvMaM2sgwLmb,0.0,0.0,0.0
2020-06-15 21:15:00,4136001,Et9kgGMDl729KT4,0.0,0.0,0.0
2020-06-15 21:15:00,4136001,9kRcWv60rDACzjR,0.0,0.0,0.0
2020-06-15 21:15:00,4136001,oZZkBaNadn6DNKz,0.0,0.0,0.0
2020-06-15 21:15:00,4136001,Mx2yZCDsyf6DPfv,0.0,0.0,0.0
2020-06-15 21:15:00,4136001,xoJJ8DcxJEcupym,0.0,0.0,0.0
2020-06-15 21:15:00,4136001,LlT2YUhhzqhg5Sw,0.0,0.0,0.0
2020-06-15 21:15:00,4136001,rrq4fwE8jgrTyWY,0.0,0.0,0.0
2020-06-15 21:30:00,4136001,9kRcWv60rDACzjR,0.0,0.0,0.0
2020-06-15 21:30:00,4136001,IQ2d7wF4YD8zU1Q,0.0,0.0,0.0
2020-06-15 21:30:00,4136001,Quc1TzYxW2pYoWX,0.0,0.0,0.0
2020-06-15 21:30:00,4136001,rrq4fwE8jgrTyWY,0.0,0.0,0.0
2020-06-15 21:30:00,4136001,vOuJvMaM2sgwLmb,0.0,0.0,0.0
2020-06-15 21:30:00,4136001,Et9kgGMDl729KT4,0.0,0.0,0.0
2020-06-15 21:30:00,4136001,xMbIugepa2P7lBB,0.0,0.0,0.0
2020-06-15 21:30:00,4136001,Mx2yZCDsyf6DPfv,0.0,0.0,0.0
2020-06-15 21:30:00,4136001,LYwnQax7tkwH5Cb,0.0,0.0,0.0
2020-06-15 21:30:00,4136001,81aHJ1q11NBPMrL,0.0,0.0,0.0
2020-06-15 21:30:00,4136001,V94E5Ben1TlhnDV,0.0,0.0,0.0
2020-06-15 21:30:00,4136001,oZ35aAeoifZaQzV,0.0,0.0,0.0
2020-06-15 21:30:00,4136001,LlT2YUhhzqhg5Sw,0.0,0.0,0.0
2020-06-15 21:30:00,4136001,mqwcsP2rE7J0TFp,0.0,0.0,0.0
2020-06-15 21:30:00,4136001,oZZkBaNadn6DNKz,0.0,0.0,0.0
2020-06-15 21:30:00,4136001,WcxssY2VbP4hApt,0.0,0.0,0.0
2020-06-15 21:30:00,4136001,Qf4GUc1pJu5T6c6,0.0,0.0,0.0
2020-06-15 21:30:00,4136001,q49J1IKaHRwDQnt,0.0,0.0,0.0
2020-06-15 21:30:00,4136001,4UPUqMRk7TRMgml,0.0,0.0,0.0
2020-06-15 21:30:00,4136001,PeE6FRyGXUgsRhN,0.0,0.0,0.0
2020-06-15 21:30:00,4136001,NgDl19wMapZy17u,0.0,0.0,0.0
2020-06-15 21:30:00,4136001,xoJJ8DcxJEcupym,0.0,0.0,0.0
2020-06-15 21:45:00,4136001,LYwnQax7tkwH5Cb,0.0,0.0,0.0
2020-06-15 21:45:00,4136001,IQ2d7wF4YD8zU1Q,0.0,0.0,0.0
2020-06-15 21:45:00,4136001,V94E5Ben1TlhnDV,0.0,0.0,0.0
2020-06-15 21:45:00,4136001,NgDl19wMapZy17u,0.0,0.0,0.0
2020-06-15 21:45:00,4136001,Qf4GUc1pJu5T6c6,0.0,0.0,0.0
2020-06-15 21:45:00,4136001,xMbIugepa2P7lBB,0.0,0.0,0.0
2020-06-15 21:45:00,4136001,WcxssY2VbP4hApt,0.0,0.0,0.0
2020-06-15 21:45:00,4136001,oZZkBaNadn6DNKz,0.0,0.0,0.0
2020-06-15 21:45:00,4136001,xoJJ8DcxJEcupym,0.0,0.0,0.0
2020-06-15 21:45:00,4136001,81aHJ1q11NBPMrL,0.0,0.0,0.0
2020-06-15 21:45:00,4136001,Mx2yZCDsyf6DPfv,0.0,0.0,0.0
2020-06-15 21:45:00,4136001,4UPUqMRk7TRMgml,0.0,0.0,0.0
2020-06-15 21:45:00,4136001,PeE6FRyGXUgsRhN,0.0,0.0,0.0
2020-06-15 21:45:00,4136001,vOuJvMaM2sgwLmb,0.0,0.0,0.0
2020-06-15 21:45:00,4136001,Quc1TzYxW2pYoWX,0.0,0.0,0.0
2020-06-15 21:45:00,4136001,rrq4fwE8jgrTyWY,0.0,0.0,0.0
2020-06-15 21:45:00,4136001,mqwcsP2rE7J0TFp,0.0,0.0,0.0
2020-06-15 21:45:00,4136001,Et9kgGMDl729KT4,0.0,0.0,0.0
2020-06-15 21:45:00,4136001,q49J1IKaHRwDQnt,0.0,0.0,0.0
2020-06-15 21:45:00,4136001,9kRcWv60rDACzjR,0.0,0.0,0.0
2020-06-15 21:45:00,4136001,oZ35aAeoifZaQzV,0.0,0.0,0.0
2020-06-15 21:45:00,4136001,LlT2YUhhzqhg5Sw,0.0,0.0,0.0
2020-06-15 22:00:00,4136001,q49J1IKaHRwDQnt,0.0,0.0,0.0
2020-06-15 22:00:00,4136001,81aHJ1q11NBPMrL,0.0,0.0,0.0
2020-06-15 22:00:00,4136001,NgDl19wMapZy17u,0.0,0.0,0.0
2020-06-15 22:00:00,4136001,vOuJvMaM2sgwLmb,0.0,0.0,0.0
2020-06-15 22:00:00,4136001,LYwnQax7tkwH5Cb,0.0,0.0,0.0
2020-06-15 22:00:00,4136001,Quc1TzYxW2pYoWX,0.0,0.0,0.0
2020-06-15 22:00:00,4136001,oZ35aAeoifZaQzV,0.0,0.0,0.0
2020-06-15 22:00:00,4136001,IQ2d7wF4YD8zU1Q,0.0,0.0,0.0
2020-06-15 22:00:00,4136001,4UPUqMRk7TRMgml,0.0,0.0,0.0
2020-06-15 22:00:00,4136001,xoJJ8DcxJEcupym,0.0,0.0,0.0
2020-06-15 22:00:00,4136001,V94E5Ben1TlhnDV,0.0,0.0,0.0
2020-06-15 22:00:00,4136001,9kRcWv60rDACzjR,0.0,0.0,0.0
2020-06-15 22:00:00,4136001,rrq4fwE8jgrTyWY,0.0,0.0,0.0
2020-06-15 22:00:00,4136001,mqwcsP2rE7J0TFp,0.0,0.0,0.0
2020-06-15 22:00:00,4136001,Qf4GUc1pJu5T6c6,0.0,0.0,0.0
2020-06-15 22:00:00,4136001,Et9kgGMDl729KT4,0.0,0.0,0.0
2020-06-15 22:00:00,4136001,WcxssY2VbP4hApt,0.0,0.0,0.0
2020-06-15 22:00:00,4136001,Mx2yZCDsyf6DPfv,0.0,0.0,0.0
2020-06-15 22:00:00,4136001,xMbIugepa2P7lBB,0.0,0.0,0.0
2020-06-15 22:00:00,4136001,oZZkBaNadn6DNKz,0.0,0.0,0.0
2020-06-15 22:00:00,4136001,PeE6FRyGXUgsRhN,0.0,0.0,0.0
2020-06-15 22:00:00,4136001,LlT2YUhhzqhg5Sw,0.0,0.0,0.0
2020-06-15 22:15:00,4136001,LYwnQax7tkwH5Cb,0.0,0.0,0.0
2020-06-15 22:15:00,4136001,LlT2YUhhzqhg5Sw,0.0,0.0,0.0
2020-06-15 22:15:00,4136001,NgDl19wMapZy17u,0.0,0.0,0.0
2020-06-15 22:15:00,4136001,4UPUqMRk7TRMgml,0.0,0.0,0.0
2020-06-15 22:15:00,4136001,xoJJ8DcxJEcupym,0.0,0.0,0.0
2020-06-15 22:15:00,4136001,V94E5Ben1TlhnDV,0.0,0.0,0.0
2020-06-15 22:15:00,4136001,Mx2yZCDsyf6DPfv,0.0,0.0,0.0
2020-06-15 22:15:00,4136001,9kRcWv60rDACzjR,0.0,0.0,0.0
2020-06-15 22:15:00,4136001,q49J1IKaHRwDQnt,0.0,0.0,0.0
2020-06-15 22:15:00,4136001,PeE6FRyGXUgsRhN,0.0,0.0,0.0
2020-06-15 22:15:00,4136001,Qf4GUc1pJu5T6c6,0.0,0.0,0.0
2020-06-15 22:15:00,4136001,81aHJ1q11NBPMrL,0.0,0.0,0.0
2020-06-15 22:15:00,4136001,rrq4fwE8jgrTyWY,0.0,0.0,0.0
2020-06-15 22:15:00,4136001,WcxssY2VbP4hApt,0.0,0.0,0.0
2020-06-15 22:15:00,4136001,Et9kgGMDl729KT4,0.0,0.0,0.0
2020-06-15 22:15:00,4136001,Quc1TzYxW2pYoWX,0.0,0.0,0.0
2020-06-15 22:15:00,4136001,mqwcsP2rE7J0TFp,0.0,0.0,0.0
2020-06-15 22:15:00,4136001,IQ2d7wF4YD8zU1Q,0.0,0.0,0.0
2020-06-15 22:15:00,4136001,oZ35aAeoifZaQzV,0.0,0.0,0.0
2020-06-15 22:15:00,4136001,oZZkBaNadn6DNKz,0.0,0.0,0.0
2020-06-15 22:15:00,4136001,vOuJvMaM2sgwLmb,0.0,0.0,0.0
2020-06-15 22:15:00,4136001,xMbIugepa2P7lBB,0.0,0.0,0.0
2020-06-15 22:30:00,4136001,oZZkBaNadn6DNKz,0.0,0.0,0.0
2020-06-15 22:30:00,4136001,LlT2YUhhzqhg5Sw,0.0,0.0,0.0
2020-06-15 22:30:00,4136001,oZ35aAeoifZaQzV,0.0,0.0,0.0
2020-06-15 22:30:00,4136001,Qf4GUc1pJu5T6c6,0.0,0.0,0.0
2020-06-15 22:30:00,4136001,NgDl19wMapZy17u,0.0,0.0,0.0
2020-06-15 22:30:00,4136001,WcxssY2VbP4hApt,0.0,0.0,0.0
2020-06-15 22:30:00,4136001,xoJJ8DcxJEcupym,0.0,0.0,0.0
2020-06-15 22:30:00,4136001,q49J1IKaHRwDQnt,0.0,0.0,0.0
2020-06-15 22:30:00,4136001,4UPUqMRk7TRMgml,0.0,0.0,0.0
2020-06-15 22:30:00,4136001,Mx2yZCDsyf6DPfv,0.0,0.0,0.0
2020-06-15 22:30:00,4136001,9kRcWv60rDACzjR,0.0,0.0,0.0
2020-06-15 22:30:00,4136001,V94E5Ben1TlhnDV,0.0,0.0,0.0
2020-06-15 22:30:00,4136001,PeE6FRyGXUgsRhN,0.0,0.0,0.0
2020-06-15 22:30:00,4136001,IQ2d7wF4YD8zU1Q,0.0,0.0,0.0
2020-06-15 22:30:00,4136001,Et9kgGMDl729KT4,0.0,0.0,0.0
2020-06-15 22:30:00,4136001,vOuJvMaM2sgwLmb,0.0,0.0,0.0
2020-06-15 22:30:00,4136001,mqwcsP2rE7J0TFp,0.0,0.0,0.0
2020-06-15 22:30:00,4136001,rrq4fwE8jgrTyWY,0.0,0.0,0.0
2020-06-15 22:30:00,4136001,Quc1TzYxW2pYoWX,0.0,0.0,0.0
2020-06-15 22:30:00,4136001,xMbIugepa2P7lBB,0.0,0.0,0.0
2020-06-15 22:30:00,4136001,LYwnQax7tkwH5Cb,0.0,0.0,0.0
2020-06-15 22:30:00,4136001,81aHJ1q11NBPMrL,0.0,0.0,0.0
2020-06-15 22:45:00,4136001,mqwcsP2rE7J0TFp,0.0,0.0,0.0
2020-06-15 22:45:00,4136001,oZZkBaNadn6DNKz,0.0,0.0,0.0
2020-06-15 22:45:00,4136001,xMbIugepa2P7lBB,0.0,0.0,0.0
2020-06-15 22:45:00,4136001,LlT2YUhhzqhg5Sw,0.0,0.0,0.0
2020-06-15 22:45:00,4136001,oZ35aAeoifZaQzV,0.0,0.0,0.0
2020-06-15 22:45:00,4136001,PeE6FRyGXUgsRhN,0.0,0.0,0.0
2020-06-15 22:45:00,4136001,WcxssY2VbP4hApt,0.0,0.0,0.0
2020-06-15 22:45:00,4136001,Et9kgGMDl729KT4,0.0,0.0,0.0
2020-06-15 22:45:00,4136001,rrq4fwE8jgrTyWY,0.0,0.0,0.0
2020-06-15 22:45:00,4136001,Qf4GUc1pJu5T6c6,0.0,0.0,0.0
2020-06-15 22:45:00,4136001,Quc1TzYxW2pYoWX,0.0,0.0,0.0
2020-06-15 22:45:00,4136001,4UPUqMRk7TRMgml,0.0,0.0,0.0
2020-06-15 22:45:00,4136001,V94E5Ben1TlhnDV,0.0,0.0,0.0
2020-06-15 22:45:00,4136001,xoJJ8DcxJEcupym,0.0,0.0,0.0
2020-06-15 22:45:00,4136001,q49J1IKaHRwDQnt,0.0,0.0,0.0
2020-06-15 22:45:00,4136001,vOuJvMaM2sgwLmb,0.0,0.0,0.0
2020-06-15 22:45:00,4136001,LYwnQax7tkwH5Cb,0.0,0.0,0.0
2020-06-15 22:45:00,4136001,Mx2yZCDsyf6DPfv,0.0,0.0,0.0
2020-06-15 22:45:00,4136001,81aHJ1q11NBPMrL,0.0,0.0,0.0
2020-06-15 22:45:00,4136001,IQ2d7wF4YD8zU1Q,0.0,0.0,0.0
2020-06-15 22:45:00,4136001,9kRcWv60rDACzjR,0.0,0.0,0.0
2020-06-15 22:45:00,4136001,NgDl19wMapZy17u,0.0,0.0,0.0
2020-06-15 23:00:00,4136001,LYwnQax7tkwH5Cb,0.0,0.0,0.0
2020-06-15 23:00:00,4136001,NgDl19wMapZy17u,0.0,0.0,0.0
2020-06-15 23:00:00,4136001,Mx2yZCDsyf6DPfv,0.0,0.0,0.0
2020-06-15 23:00:00,4136001,Et9kgGMDl729KT4,0.0,0.0,0.0
2020-06-15 23:00:00,4136001,q49J1IKaHRwDQnt,0.0,0.0,0.0
2020-06-15 23:00:00,4136001,oZZkBaNadn6DNKz,0.0,0.0,0.0
2020-06-15 23:00:00,4136001,vOuJvMaM2sgwLmb,0.0,0.0,0.0
2020-06-15 23:00:00,4136001,xMbIugepa2P7lBB,0.0,0.0,0.0
2020-06-15 23:00:00,4136001,Quc1TzYxW2pYoWX,0.0,0.0,0.0
2020-06-15 23:00:00,4136001,9kRcWv60rDACzjR,0.0,0.0,0.0
2020-06-15 23:00:00,4136001,oZ35aAeoifZaQzV,0.0,0.0,0.0
2020-06-15 23:00:00,4136001,IQ2d7wF4YD8zU1Q,0.0,0.0,0.0
2020-06-15 23:00:00,4136001,LlT2YUhhzqhg5Sw,0.0,0.0,0.0
2020-06-15 23:00:00,4136001,4UPUqMRk7TRMgml,0.0,0.0,0.0
2020-06-15 23:00:00,4136001,V94E5Ben1TlhnDV,0.0,0.0,0.0
2020-06-15 23:00:00,4136001,xoJJ8DcxJEcupym,0.0,0.0,0.0
2020-06-15 23:00:00,4136001,Qf4GUc1pJu5T6c6,0.0,0.0,0.0
2020-06-15 23:00:00,4136001,mqwcsP2rE7J0TFp,0.0,0.0,0.0
2020-06-15 23:00:00,4136001,PeE6FRyGXUgsRhN,0.0,0.0,0.0
2020-06-15 23:00:00,4136001,rrq4fwE8jgrTyWY,0.0,0.0,0.0
2020-06-15 23:00:00,4136001,81aHJ1q11NBPMrL,0.0,0.0,0.0
2020-06-15 23:00:00,4136001,WcxssY2VbP4hApt,0.0,0.0,0.0
2020-06-15 23:15:00,4136001,LlT2YUhhzqhg5Sw,0.0,0.0,0.0
2020-06-15 23:15:00,4136001,oZ35aAeoifZaQzV,0.0,0.0,0.0
2020-06-15 23:15:00,4136001,xoJJ8DcxJEcupym,0.0,0.0,0.0
2020-06-15 23:15:00,4136001,Qf4GUc1pJu5T6c6,0.0,0.0,0.0
2020-06-15 23:15:00,4136001,rrq4fwE8jgrTyWY,0.0,0.0,0.0
2020-06-15 23:15:00,4136001,mqwcsP2rE7J0TFp,0.0,0.0,0.0
2020-06-15 23:15:00,4136001,81aHJ1q11NBPMrL,0.0,0.0,0.0
2020-06-15 23:15:00,4136001,Mx2yZCDsyf6DPfv,0.0,0.0,0.0
2020-06-15 23:15:00,4136001,PeE6FRyGXUgsRhN,0.0,0.0,0.0
2020-06-15 23:15:00,4136001,Et9kgGMDl729KT4,0.0,0.0,0.0
2020-06-15 23:15:00,4136001,4UPUqMRk7TRMgml,0.0,0.0,0.0
2020-06-15 23:15:00,4136001,IQ2d7wF4YD8zU1Q,0.0,0.0,0.0
2020-06-15 23:15:00,4136001,NgDl19wMapZy17u,0.0,0.0,0.0
2020-06-15 23:15:00,4136001,xMbIugepa2P7lBB,0.0,0.0,0.0
2020-06-15 23:15:00,4136001,q49J1IKaHRwDQnt,0.0,0.0,0.0
2020-06-15 23:15:00,4136001,vOuJvMaM2sgwLmb,0.0,0.0,0.0
2020-06-15 23:15:00,4136001,Quc1TzYxW2pYoWX,0.0,0.0,0.0
2020-06-15 23:15:00,4136001,LYwnQax7tkwH5Cb,0.0,0.0,0.0
2020-06-15 23:15:00,4136001,oZZkBaNadn6DNKz,0.0,0.0,0.0
2020-06-15 23:15:00,4136001,V94E5Ben1TlhnDV,0.0,0.0,0.0
2020-06-15 23:15:00,4136001,9kRcWv60rDACzjR,0.0,0.0,0.0
2020-06-15 23:15:00,4136001,WcxssY2VbP4hApt,0.0,0.0,0.0
2020-06-15 23:30:00,4136001,WcxssY2VbP4hApt,0.0,0.0,0.0
2020-06-15 23:30:00,4136001,Mx2yZCDsyf6DPfv,0.0,0.0,0.0
2020-06-15 23:30:00,4136001,xoJJ8DcxJEcupym,0.0,0.0,0.0
2020-06-15 23:30:00,4136001,q49J1IKaHRwDQnt,0.0,0.0,0.0
2020-06-15 23:30:00,4136001,xMbIugepa2P7lBB,0.0,0.0,0.0
2020-06-15 23:30:00,4136001,PeE6FRyGXUgsRhN,0.0,0.0,0.0
2020-06-15 23:30:00,4136001,mqwcsP2rE7J0TFp,0.0,0.0,0.0
2020-06-15 23:30:00,4136001,oZ35aAeoifZaQzV,0.0,0.0,0.0
2020-06-15 23:30:00,4136001,V94E5Ben1TlhnDV,0.0,0.0,0.0
2020-06-15 23:30:00,4136001,LYwnQax7tkwH5Cb,0.0,0.0,0.0
2020-06-15 23:30:00,4136001,4UPUqMRk7TRMgml,0.0,0.0,0.0
2020-06-15 23:30:00,4136001,LlT2YUhhzqhg5Sw,0.0,0.0,0.0
2020-06-15 23:30:00,4136001,Quc1TzYxW2pYoWX,0.0,0.0,0.0
2020-06-15 23:30:00,4136001,oZZkBaNadn6DNKz,0.0,0.0,0.0
2020-06-15 23:30:00,4136001,vOuJvMaM2sgwLmb,0.0,0.0,0.0
2020-06-15 23:30:00,4136001,NgDl19wMapZy17u,0.0,0.0,0.0
2020-06-15 23:30:00,4136001,IQ2d7wF4YD8zU1Q,0.0,0.0,0.0
2020-06-15 23:30:00,4136001,9kRcWv60rDACzjR,0.0,0.0,0.0
2020-06-15 23:30:00,4136001,Qf4GUc1pJu5T6c6,0.0,0.0,0.0
2020-06-15 23:30:00,4136001,rrq4fwE8jgrTyWY,0.0,0.0,0.0
2020-06-15 23:30:00,4136001,81aHJ1q11NBPMrL,0.0,0.0,0.0
2020-06-15 23:30:00,4136001,Et9kgGMDl729KT4,0.0,0.0,0.0
2020-06-15 23:45:00,4136001,V94E5Ben1TlhnDV,0.0,0.0,0.0
2020-06-15 23:45:00,4136001,PeE6FRyGXUgsRhN,0.0,0.0,0.0
2020-06-15 23:45:00,4136001,IQ2d7wF4YD8zU1Q,0.0,0.0,0.0
2020-06-15 23:45:00,4136001,WcxssY2VbP4hApt,0.0,0.0,0.0
2020-06-15 23:45:00,4136001,81aHJ1q11NBPMrL,0.0,0.0,0.0
2020-06-15 23:45:00,4136001,4UPUqMRk7TRMgml,0.0,0.0,0.0
2020-06-15 23:45:00,4136001,LlT2YUhhzqhg5Sw,0.0,0.0,0.0
2020-06-15 23:45:00,4136001,oZ35aAeoifZaQzV,0.0,0.0,0.0
2020-06-15 23:45:00,4136001,mqwcsP2rE7J0TFp,0.0,0.0,0.0
2020-06-15 23:45:00,4136001,rrq4fwE8jgrTyWY,0.0,0.0,0.0
2020-06-15 23:45:00,4136001,vOuJvMaM2sgwLmb,0.0,0.0,0.0
2020-06-15 23:45:00,4136001,Quc1TzYxW2pYoWX,0.0,0.0,0.0
2020-06-15 23:45:00,4136001,oZZkBaNadn6DNKz,0.0,0.0,0.0
2020-06-15 23:45:00,4136001,9kRcWv60rDACzjR,0.0,0.0,0.0
2020-06-15 23:45:00,4136001,Qf4GUc1pJu5T6c6,0.0,0.0,0.0
2020-06-15 23:45:00,4136001,xMbIugepa2P7lBB,0.0,0.0,0.0
2020-06-15 23:45:00,4136001,Et9kgGMDl729KT4,0.0,0.0,0.0
2020-06-15 23:45:00,4136001,Mx2yZCDsyf6DPfv,0.0,0.0,0.0
2020-06-15 23:45:00,4136001,xoJJ8DcxJEcupym,0.0,0.0,0.0
2020-06-15 23:45:00,4136001,LYwnQax7tkwH5Cb,0.0,0.0,0.0
2020-06-15 23:45:00,4136001,q49J1IKaHRwDQnt,0.0,0.0,0.0
2020-06-15 23:45:00,4136001,NgDl19wMapZy17u,0.0,0.0,0.0
2020-06-16 00:00:00,4136001,Mx2yZCDsyf6DPfv,0.0,0.0,0.0
2020-06-16 00:00:00,4136001,Et9kgGMDl729KT4,0.0,0.0,0.0
2020-06-16 00:00:00,4136001,IQ2d7wF4YD8zU1Q,0.0,0.0,0.0
2020-06-16 00:00:00,4136001,PeE6FRyGXUgsRhN,0.0,0.0,0.0
2020-06-16 00:00:00,4136001,9kRcWv60rDACzjR,0.0,0.0,0.0
2020-06-16 00:00:00,4136001,WcxssY2VbP4hApt,0.0,0.0,0.0
2020-06-16 00:00:00,4136001,xMbIugepa2P7lBB,0.0,0.0,0.0
2020-06-16 00:00:00,4136001,Quc1TzYxW2pYoWX,0.0,0.0,0.0
2020-06-16 00:00:00,4136001,rrq4fwE8jgrTyWY,0.0,0.0,0.0
2020-06-16 00:00:00,4136001,oZ35aAeoifZaQzV,0.0,0.0,0.0
2020-06-16 00:00:00,4136001,LYwnQax7tkwH5Cb,0.0,0.0,0.0
2020-06-16 00:00:00,4136001,81aHJ1q11NBPMrL,0.0,0.0,0.0
2020-06-16 00:00:00,4136001,xoJJ8DcxJEcupym,0.0,0.0,0.0
2020-06-16 00:00:00,4136001,mqwcsP2rE7J0TFp,0.0,0.0,0.0
2020-06-16 00:00:00,4136001,oZZkBaNadn6DNKz,0.0,0.0,0.0
2020-06-16 00:00:00,4136001,q49J1IKaHRwDQnt,0.0,0.0,0.0
2020-06-16 00:00:00,4136001,4UPUqMRk7TRMgml,0.0,0.0,0.0
2020-06-16 00:00:00,4136001,V94E5Ben1TlhnDV,0.0,0.0,0.0
2020-06-16 00:00:00,4136001,Qf4GUc1pJu5T6c6,0.0,0.0,0.0
2020-06-16 00:00:00,4136001,NgDl19wMapZy17u,0.0,0.0,0.0
2020-06-16 00:00:00,4136001,LlT2YUhhzqhg5Sw,0.0,0.0,0.0
2020-06-16 00:00:00,4136001,vOuJvMaM2sgwLmb,0.0,0.0,0.0
2020-06-16 00:15:00,4136001,WcxssY2VbP4hApt,0.0,0.0,0.0
2020-06-16 00:15:00,4136001,xoJJ8DcxJEcupym,0.0,0.0,0.0
2020-06-16 00:15:00,4136001,Qf4GUc1pJu5T6c6,0.0,0.0,0.0
2020-06-16 00:15:00,4136001,rrq4fwE8jgrTyWY,0.0,0.0,0.0
2020-06-16 00:15:00,4136001,q49J1IKaHRwDQnt,0.0,0.0,0.0
2020-06-16 00:15:00,4136001,oZ35aAeoifZaQzV,0.0,0.0,0.0
2020-06-16 00:15:00,4136001,Mx2yZCDsyf6DPfv,0.0,0.0,0.0
2020-06-16 00:15:00,4136001,9kRcWv60rDACzjR,0.0,0.0,0.0
2020-06-16 00:15:00,4136001,mqwcsP2rE7J0TFp,0.0,0.0,0.0
2020-06-16 00:15:00,4136001,LlT2YUhhzqhg5Sw,0.0,0.0,0.0
2020-06-16 00:15:00,4136001,xMbIugepa2P7lBB,0.0,0.0,0.0
2020-06-16 00:15:00,4136001,Et9kgGMDl729KT4,0.0,0.0,0.0
2020-06-16 00:15:00,4136001,V94E5Ben1TlhnDV,0.0,0.0,0.0
2020-06-16 00:15:00,4136001,oZZkBaNadn6DNKz,0.0,0.0,0.0
2020-06-16 00:15:00,4136001,PeE6FRyGXUgsRhN,0.0,0.0,0.0
2020-06-16 00:15:00,4136001,LYwnQax7tkwH5Cb,0.0,0.0,0.0
2020-06-16 00:15:00,4136001,81aHJ1q11NBPMrL,0.0,0.0,0.0
2020-06-16 00:15:00,4136001,vOuJvMaM2sgwLmb,0.0,0.0,0.0
2020-06-16 00:15:00,4136001,Quc1TzYxW2pYoWX,0.0,0.0,0.0
2020-06-16 00:15:00,4136001,NgDl19wMapZy17u,0.0,0.0,0.0
2020-06-16 00:15:00,4136001,IQ2d7wF4YD8zU1Q,0.0,0.0,0.0
2020-06-16 00:15:00,4136001,4UPUqMRk7TRMgml,0.0,0.0,0.0
2020-06-16 00:30:00,4136001,NgDl19wMapZy17u,0.0,0.0,0.0
2020-06-16 00:30:00,4136001,81aHJ1q11NBPMrL,0.0,0.0,0.0
2020-06-16 00:30:00,4136001,Qf4GUc1pJu5T6c6,0.0,0.0,0.0
2020-06-16 00:30:00,4136001,vOuJvMaM2sgwLmb,0.0,0.0,0.0
2020-06-16 00:30:00,4136001,9kRcWv60rDACzjR,0.0,0.0,0.0
2020-06-16 00:30:00,4136001,oZZkBaNadn6DNKz,0.0,0.0,0.0
2020-06-16 00:30:00,4136001,rrq4fwE8jgrTyWY,0.0,0.0,0.0
2020-06-16 00:30:00,4136001,Quc1TzYxW2pYoWX,0.0,0.0,0.0
2020-06-16 00:30:00,4136001,xoJJ8DcxJEcupym,0.0,0.0,0.0
2020-06-16 00:30:00,4136001,4UPUqMRk7TRMgml,0.0,0.0,0.0
2020-06-16 00:30:00,4136001,Et9kgGMDl729KT4,0.0,0.0,0.0
2020-06-16 00:30:00,4136001,xMbIugepa2P7lBB,0.0,0.0,0.0
2020-06-16 00:30:00,4136001,mqwcsP2rE7J0TFp,0.0,0.0,0.0
2020-06-16 00:30:00,4136001,WcxssY2VbP4hApt,0.0,0.0,0.0
2020-06-16 00:30:00,4136001,V94E5Ben1TlhnDV,0.0,0.0,0.0
2020-06-16 00:30:00,4136001,q49J1IKaHRwDQnt,0.0,0.0,0.0
2020-06-16 00:30:00,4136001,oZ35aAeoifZaQzV,0.0,0.0,0.0
2020-06-16 00:30:00,4136001,IQ2d7wF4YD8zU1Q,0.0,0.0,0.0
2020-06-16 00:30:00,4136001,Mx2yZCDsyf6DPfv,0.0,0.0,0.0
2020-06-16 00:30:00,4136001,LYwnQax7tkwH5Cb,0.0,0.0,0.0
2020-06-16 00:30:00,4136001,LlT2YUhhzqhg5Sw,0.0,0.0,0.0
2020-06-16 00:30:00,4136001,PeE6FRyGXUgsRhN,0.0,0.0,0.0
2020-06-16 00:45:00,4136001,4UPUqMRk7TRMgml,0.0,0.0,0.0
2020-06-16 00:45:00,4136001,LYwnQax7tkwH5Cb,0.0,0.0,0.0
2020-06-16 00:45:00,4136001,IQ2d7wF4YD8zU1Q,0.0,0.0,0.0
2020-06-16 00:45:00,4136001,PeE6FRyGXUgsRhN,0.0,0.0,0.0
2020-06-16 00:45:00,4136001,Et9kgGMDl729KT4,0.0,0.0,0.0
2020-06-16 00:45:00,4136001,V94E5Ben1TlhnDV,0.0,0.0,0.0
2020-06-16 00:45:00,4136001,xMbIugepa2P7lBB,0.0,0.0,0.0
2020-06-16 00:45:00,4136001,Qf4GUc1pJu5T6c6,0.0,0.0,0.0
2020-06-16 00:45:00,4136001,rrq4fwE8jgrTyWY,0.0,0.0,0.0
2020-06-16 00:45:00,4136001,xoJJ8DcxJEcupym,0.0,0.0,0.0
2020-06-16 00:45:00,4136001,NgDl19wMapZy17u,0.0,0.0,0.0
2020-06-16 00:45:00,4136001,Mx2yZCDsyf6DPfv,0.0,0.0,0.0
2020-06-16 00:45:00,4136001,vOuJvMaM2sgwLmb,0.0,0.0,0.0
2020-06-16 00:45:00,4136001,oZZkBaNadn6DNKz,0.0,0.0,0.0
2020-06-16 00:45:00,4136001,WcxssY2VbP4hApt,0.0,0.0,0.0
2020-06-16 00:45:00,4136001,81aHJ1q11NBPMrL,0.0,0.0,0.0
2020-06-16 00:45:00,4136001,9kRcWv60rDACzjR,0.0,0.0,0.0
2020-06-16 00:45:00,4136001,Quc1TzYxW2pYoWX,0.0,0.0,0.0
2020-06-16 00:45:00,4136001,mqwcsP2rE7J0TFp,0.0,0.0,0.0
2020-06-16 00:45:00,4136001,LlT2YUhhzqhg5Sw,0.0,0.0,0.0
2020-06-16 00:45:00,4136001,oZ35aAeoifZaQzV,0.0,0.0,0.0
2020-06-16 00:45:00,4136001,q49J1IKaHRwDQnt,0.0,0.0,0.0
2020-06-16 01:00:00,4136001,mqwcsP2rE7J0TFp,0.0,0.0,0.0
2020-06-16 01:00:00,4136001,81aHJ1q11NBPMrL,0.0,0.0,0.0
2020-06-16 01:00:00,4136001,4UPUqMRk7TRMgml,0.0,0.0,0.0
2020-06-16 01:00:00,4136001,oZ35aAeoifZaQzV,0.0,0.0,0.0
2020-06-16 01:00:00,4136001,vOuJvMaM2sgwLmb,0.0,0.0,0.0
2020-06-16 01:00:00,4136001,oZZkBaNadn6DNKz,0.0,0.0,0.0
2020-06-16 01:00:00,4136001,V94E5Ben1TlhnDV,0.0,0.0,0.0
2020-06-16 01:00:00,4136001,rrq4fwE8jgrTyWY,0.0,0.0,0.0
2020-06-16 01:00:00,4136001,WcxssY2VbP4hApt,0.0,0.0,0.0
2020-06-16 01:00:00,4136001,Et9kgGMDl729KT4,0.0,0.0,0.0
2020-06-16 01:00:00,4136001,LYwnQax7tkwH5Cb,0.0,0.0,0.0
2020-06-16 01:00:00,4136001,IQ2d7wF4YD8zU1Q,0.0,0.0,0.0
2020-06-16 01:00:00,4136001,Qf4GUc1pJu5T6c6,0.0,0.0,0.0
2020-06-16 01:00:00,4136001,NgDl19wMapZy17u,0.0,0.0,0.0
2020-06-16 01:00:00,4136001,Mx2yZCDsyf6DPfv,0.0,0.0,0.0
2020-06-16 01:00:00,4136001,xoJJ8DcxJEcupym,0.0,0.0,0.0
2020-06-16 01:00:00,4136001,q49J1IKaHRwDQnt,0.0,0.0,0.0
2020-06-16 01:00:00,4136001,xMbIugepa2P7lBB,0.0,0.0,0.0
2020-06-16 01:00:00,4136001,LlT2YUhhzqhg5Sw,0.0,0.0,0.0
2020-06-16 01:00:00,4136001,Quc1TzYxW2pYoWX,0.0,0.0,0.0
2020-06-16 01:00:00,4136001,9kRcWv60rDACzjR,0.0,0.0,0.0
2020-06-16 01:00:00,4136001,PeE6FRyGXUgsRhN,0.0,0.0,0.0
2020-06-16 01:15:00,4136001,81aHJ1q11NBPMrL,0.0,0.0,0.0
2020-06-16 01:15:00,4136001,rrq4fwE8jgrTyWY,0.0,0.0,0.0
2020-06-16 01:15:00,4136001,LYwnQax7tkwH5Cb,0.0,0.0,0.0
2020-06-16 01:15:00,4136001,WcxssY2VbP4hApt,0.0,0.0,0.0
2020-06-16 01:15:00,4136001,Mx2yZCDsyf6DPfv,0.0,0.0,0.0
2020-06-16 01:15:00,4136001,4UPUqMRk7TRMgml,0.0,0.0,0.0
2020-06-16 01:15:00,4136001,LlT2YUhhzqhg5Sw,0.0,0.0,0.0
2020-06-16 01:15:00,4136001,oZZkBaNadn6DNKz,0.0,0.0,0.0
2020-06-16 01:15:00,4136001,vOuJvMaM2sgwLmb,0.0,0.0,0.0
2020-06-16 01:15:00,4136001,NgDl19wMapZy17u,0.0,0.0,0.0
2020-06-16 01:15:00,4136001,Qf4GUc1pJu5T6c6,0.0,0.0,0.0
2020-06-16 01:15:00,4136001,V94E5Ben1TlhnDV,0.0,0.0,0.0
2020-06-16 01:15:00,4136001,Et9kgGMDl729KT4,0.0,0.0,0.0
2020-06-16 01:15:00,4136001,oZ35aAeoifZaQzV,0.0,0.0,0.0
2020-06-16 01:15:00,4136001,mqwcsP2rE7J0TFp,0.0,0.0,0.0
2020-06-16 01:15:00,4136001,xoJJ8DcxJEcupym,0.0,0.0,0.0
2020-06-16 01:15:00,4136001,xMbIugepa2P7lBB,0.0,0.0,0.0
2020-06-16 01:15:00,4136001,q49J1IKaHRwDQnt,0.0,0.0,0.0
2020-06-16 01:15:00,4136001,IQ2d7wF4YD8zU1Q,0.0,0.0,0.0
2020-06-16 01:15:00,4136001,9kRcWv60rDACzjR,0.0,0.0,0.0
2020-06-16 01:15:00,4136001,Quc1TzYxW2pYoWX,0.0,0.0,0.0
2020-06-16 01:15:00,4136001,PeE6FRyGXUgsRhN,0.0,0.0,0.0
2020-06-16 01:30:00,4136001,xMbIugepa2P7lBB,0.0,0.0,0.0
2020-06-16 01:30:00,4136001,IQ2d7wF4YD8zU1Q,0.0,0.0,0.0
2020-06-16 01:30:00,4136001,oZ35aAeoifZaQzV,0.0,0.0,0.0
2020-06-16 01:30:00,4136001,LlT2YUhhzqhg5Sw,0.0,0.0,0.0
2020-06-16 01:30:00,4136001,xoJJ8DcxJEcupym,0.0,0.0,0.0
2020-06-16 01:30:00,4136001,oZZkBaNadn6DNKz,0.0,0.0,0.0
2020-06-16 01:30:00,4136001,WcxssY2VbP4hApt,0.0,0.0,0.0
2020-06-16 01:30:00,4136001,rrq4fwE8jgrTyWY,0.0,0.0,0.0
2020-06-16 01:30:00,4136001,PeE6FRyGXUgsRhN,0.0,0.0,0.0
2020-06-16 01:30:00,4136001,NgDl19wMapZy17u,0.0,0.0,0.0
2020-06-16 01:30:00,4136001,vOuJvMaM2sgwLmb,0.0,0.0,0.0
2020-06-16 01:30:00,4136001,Et9kgGMDl729KT4,0.0,0.0,0.0
2020-06-16 01:30:00,4136001,mqwcsP2rE7J0TFp,0.0,0.0,0.0
2020-06-16 01:30:00,4136001,Qf4GUc1pJu5T6c6,0.0,0.0,0.0
2020-06-16 01:30:00,4136001,81aHJ1q11NBPMrL,0.0,0.0,0.0
2020-06-16 01:30:00,4136001,V94E5Ben1TlhnDV,0.0,0.0,0.0
2020-06-16 01:30:00,4136001,LYwnQax7tkwH5Cb,0.0,0.0,0.0
2020-06-16 01:30:00,4136001,9kRcWv60rDACzjR,0.0,0.0,0.0
2020-06-16 01:30:00,4136001,4UPUqMRk7TRMgml,0.0,0.0,0.0
2020-06-16 01:30:00,4136001,q49J1IKaHRwDQnt,0.0,0.0,0.0
2020-06-16 01:30:00,4136001,Mx2yZCDsyf6DPfv,0.0,0.0,0.0
2020-06-16 01:30:00,4136001,Quc1TzYxW2pYoWX,0.0,0.0,0.0
2020-06-16 01:45:00,4136001,Quc1TzYxW2pYoWX,0.0,0.0,0.0
2020-06-16 01:45:00,4136001,q49J1IKaHRwDQnt,0.0,0.0,0.0
2020-06-16 01:45:00,4136001,xMbIugepa2P7lBB,0.0,0.0,0.0
2020-06-16 01:45:00,4136001,9kRcWv60rDACzjR,0.0,0.0,0.0
2020-06-16 01:45:00,4136001,NgDl19wMapZy17u,0.0,0.0,0.0
2020-06-16 01:45:00,4136001,PeE6FRyGXUgsRhN,0.0,0.0,0.0
2020-06-16 01:45:00,4136001,oZZkBaNadn6DNKz,0.0,0.0,0.0
2020-06-16 01:45:00,4136001,Et9kgGMDl729KT4,0.0,0.0,0.0
2020-06-16 01:45:00,4136001,mqwcsP2rE7J0TFp,0.0,0.0,0.0
2020-06-16 01:45:00,4136001,oZ35aAeoifZaQzV,0.0,0.0,0.0
2020-06-16 01:45:00,4136001,4UPUqMRk7TRMgml,0.0,0.0,0.0
2020-06-16 01:45:00,4136001,81aHJ1q11NBPMrL,0.0,0.0,0.0
2020-06-16 01:45:00,4136001,Mx2yZCDsyf6DPfv,0.0,0.0,0.0
2020-06-16 01:45:00,4136001,vOuJvMaM2sgwLmb,0.0,0.0,0.0
2020-06-16 01:45:00,4136001,rrq4fwE8jgrTyWY,0.0,0.0,0.0
2020-06-16 01:45:00,4136001,LYwnQax7tkwH5Cb,0.0,0.0,0.0
2020-06-16 01:45:00,4136001,IQ2d7wF4YD8zU1Q,0.0,0.0,0.0
2020-06-16 01:45:00,4136001,WcxssY2VbP4hApt,0.0,0.0,0.0
2020-06-16 01:45:00,4136001,xoJJ8DcxJEcupym,0.0,0.0,0.0
2020-06-16 01:45:00,4136001,V94E5Ben1TlhnDV,0.0,0.0,0.0
2020-06-16 01:45:00,4136001,LlT2YUhhzqhg5Sw,0.0,0.0,0.0
2020-06-16 01:45:00,4136001,Qf4GUc1pJu5T6c6,0.0,0.0,0.0
2020-06-16 02:00:00,4136001,PeE6FRyGXUgsRhN,0.0,0.0,0.0
2020-06-16 02:00:00,4136001,LlT2YUhhzqhg5Sw,0.0,0.0,0.0
2020-06-16 02:00:00,4136001,LYwnQax7tkwH5Cb,0.0,0.0,0.0
2020-06-16 02:00:00,4136001,Quc1TzYxW2pYoWX,0.0,0.0,0.0
2020-06-16 02:00:00,4136001,IQ2d7wF4YD8zU1Q,0.0,0.0,0.0
2020-06-16 02:00:00,4136001,NgDl19wMapZy17u,0.0,0.0,0.0
2020-06-16 02:00:00,4136001,q49J1IKaHRwDQnt,0.0,0.0,0.0
2020-06-16 02:00:00,4136001,mqwcsP2rE7J0TFp,0.0,0.0,0.0
2020-06-16 02:00:00,4136001,4UPUqMRk7TRMgml,0.0,0.0,0.0
2020-06-16 02:00:00,4136001,xoJJ8DcxJEcupym,0.0,0.0,0.0
2020-06-16 02:00:00,4136001,V94E5Ben1TlhnDV,0.0,0.0,0.0
2020-06-16 02:00:00,4136001,vOuJvMaM2sgwLmb,0.0,0.0,0.0
2020-06-16 02:00:00,4136001,Et9kgGMDl729KT4,0.0,0.0,0.0
2020-06-16 02:00:00,4136001,oZZkBaNadn6DNKz,0.0,0.0,0.0
2020-06-16 02:00:00,4136001,WcxssY2VbP4hApt,0.0,0.0,0.0
2020-06-16 02:00:00,4136001,rrq4fwE8jgrTyWY,0.0,0.0,0.0
2020-06-16 02:00:00,4136001,81aHJ1q11NBPMrL,0.0,0.0,0.0
2020-06-16 02:00:00,4136001,Mx2yZCDsyf6DPfv,0.0,0.0,0.0
2020-06-16 02:00:00,4136001,xMbIugepa2P7lBB,0.0,0.0,0.0
2020-06-16 02:00:00,4136001,oZ35aAeoifZaQzV,0.0,0.0,0.0
2020-06-16 02:00:00,4136001,Qf4GUc1pJu5T6c6,0.0,0.0,0.0
2020-06-16 02:00:00,4136001,9kRcWv60rDACzjR,0.0,0.0,0.0
2020-06-16 02:15:00,4136001,Quc1TzYxW2pYoWX,0.0,0.0,0.0
2020-06-16 02:15:00,4136001,oZZkBaNadn6DNKz,0.0,0.0,0.0
2020-06-16 02:15:00,4136001,Qf4GUc1pJu5T6c6,0.0,0.0,0.0
2020-06-16 02:15:00,4136001,V94E5Ben1TlhnDV,0.0,0.0,0.0
2020-06-16 02:15:00,4136001,Mx2yZCDsyf6DPfv,0.0,0.0,0.0
2020-06-16 02:15:00,4136001,xoJJ8DcxJEcupym,0.0,0.0,0.0
2020-06-16 02:15:00,4136001,LYwnQax7tkwH5Cb,0.0,0.0,0.0
2020-06-16 02:15:00,4136001,LlT2YUhhzqhg5Sw,0.0,0.0,0.0
2020-06-16 02:15:00,4136001,WcxssY2VbP4hApt,0.0,0.0,0.0
2020-06-16 02:15:00,4136001,81aHJ1q11NBPMrL,0.0,0.0,0.0
2020-06-16 02:15:00,4136001,4UPUqMRk7TRMgml,0.0,0.0,0.0
2020-06-16 02:15:00,4136001,rrq4fwE8jgrTyWY,0.0,0.0,0.0
2020-06-16 02:15:00,4136001,NgDl19wMapZy17u,0.0,0.0,0.0
2020-06-16 02:15:00,4136001,oZ35aAeoifZaQzV,0.0,0.0,0.0
2020-06-16 02:15:00,4136001,PeE6FRyGXUgsRhN,0.0,0.0,0.0
2020-06-16 02:15:00,4136001,xMbIugepa2P7lBB,0.0,0.0,0.0
2020-06-16 02:15:00,4136001,9kRcWv60rDACzjR,0.0,0.0,0.0
2020-06-16 02:15:00,4136001,mqwcsP2rE7J0TFp,0.0,0.0,0.0
2020-06-16 02:15:00,4136001,Et9kgGMDl729KT4,0.0,0.0,0.0
2020-06-16 02:15:00,4136001,IQ2d7wF4YD8zU1Q,0.0,0.0,0.0
2020-06-16 02:15:00,4136001,vOuJvMaM2sgwLmb,0.0,0.0,0.0
2020-06-16 02:15:00,4136001,q49J1IKaHRwDQnt,0.0,0.0,0.0
2020-06-16 02:30:00,4136001,Et9kgGMDl729KT4,0.0,0.0,0.0
2020-06-16 02:30:00,4136001,LlT2YUhhzqhg5Sw,0.0,0.0,0.0
2020-06-16 02:30:00,4136001,xMbIugepa2P7lBB,0.0,0.0,0.0
2020-06-16 02:30:00,4136001,81aHJ1q11NBPMrL,0.0,0.0,0.0
2020-06-16 02:30:00,4136001,q49J1IKaHRwDQnt,0.0,0.0,0.0
2020-06-16 02:30:00,4136001,oZZkBaNadn6DNKz,0.0,0.0,0.0
2020-06-16 02:30:00,4136001,4UPUqMRk7TRMgml,0.0,0.0,0.0
2020-06-16 02:30:00,4136001,rrq4fwE8jgrTyWY,0.0,0.0,0.0
2020-06-16 02:30:00,4136001,Quc1TzYxW2pYoWX,0.0,0.0,0.0
2020-06-16 02:30:00,4136001,WcxssY2VbP4hApt,0.0,0.0,0.0
2020-06-16 02:30:00,4136001,vOuJvMaM2sgwLmb,0.0,0.0,0.0
2020-06-16 02:30:00,4136001,Mx2yZCDsyf6DPfv,0.0,0.0,0.0
2020-06-16 02:30:00,4136001,IQ2d7wF4YD8zU1Q,0.0,0.0,0.0
2020-06-16 02:30:00,4136001,oZ35aAeoifZaQzV,0.0,0.0,0.0
2020-06-16 02:30:00,4136001,mqwcsP2rE7J0TFp,0.0,0.0,0.0
2020-06-16 02:30:00,4136001,PeE6FRyGXUgsRhN,0.0,0.0,0.0
2020-06-16 02:30:00,4136001,9kRcWv60rDACzjR,0.0,0.0,0.0
2020-06-16 02:30:00,4136001,V94E5Ben1TlhnDV,0.0,0.0,0.0
2020-06-16 02:30:00,4136001,LYwnQax7tkwH5Cb,0.0,0.0,0.0
2020-06-16 02:30:00,4136001,xoJJ8DcxJEcupym,0.0,0.0,0.0
2020-06-16 02:30:00,4136001,Qf4GUc1pJu5T6c6,0.0,0.0,0.0
2020-06-16 02:30:00,4136001,NgDl19wMapZy17u,0.0,0.0,0.0
2020-06-16 02:45:00,4136001,Mx2yZCDsyf6DPfv,0.0,0.0,0.0
2020-06-16 02:45:00,4136001,q49J1IKaHRwDQnt,0.0,0.0,0.0
2020-06-16 02:45:00,4136001,Quc1TzYxW2pYoWX,0.0,0.0,0.0
2020-06-16 02:45:00,4136001,Et9kgGMDl729KT4,0.0,0.0,0.0
2020-06-16 02:45:00,4136001,9kRcWv60rDACzjR,0.0,0.0,0.0
2020-06-16 02:45:00,4136001,4UPUqMRk7TRMgml,0.0,0.0,0.0
2020-06-16 02:45:00,4136001,NgDl19wMapZy17u,0.0,0.0,0.0
2020-06-16 02:45:00,4136001,Qf4GUc1pJu5T6c6,0.0,0.0,0.0
2020-06-16 02:45:00,4136001,V94E5Ben1TlhnDV,0.0,0.0,0.0
2020-06-16 02:45:00,4136001,mqwcsP2rE7J0TFp,0.0,0.0,0.0
2020-06-16 02:45:00,4136001,LYwnQax7tkwH5Cb,0.0,0.0,0.0
2020-06-16 02:45:00,4136001,IQ2d7wF4YD8zU1Q,0.0,0.0,0.0
2020-06-16 02:45:00,4136001,oZZkBaNadn6DNKz,0.0,0.0,0.0
2020-06-16 02:45:00,4136001,rrq4fwE8jgrTyWY,0.0,0.0,0.0
2020-06-16 02:45:00,4136001,81aHJ1q11NBPMrL,0.0,0.0,0.0
2020-06-16 02:45:00,4136001,xMbIugepa2P7lBB,0.0,0.0,0.0
2020-06-16 02:45:00,4136001,vOuJvMaM2sgwLmb,0.0,0.0,0.0
2020-06-16 02:45:00,4136001,WcxssY2VbP4hApt,0.0,0.0,0.0
2020-06-16 02:45:00,4136001,LlT2YUhhzqhg5Sw,0.0,0.0,0.0
2020-06-16 02:45:00,4136001,PeE6FRyGXUgsRhN,0.0,0.0,0.0
2020-06-16 02:45:00,4136001,xoJJ8DcxJEcupym,0.0,0.0,0.0
2020-06-16 02:45:00,4136001,oZ35aAeoifZaQzV,0.0,0.0,0.0
2020-06-16 03:00:00,4136001,xoJJ8DcxJEcupym,0.0,0.0,0.0
2020-06-16 03:00:00,4136001,PeE6FRyGXUgsRhN,0.0,0.0,0.0
2020-06-16 03:00:00,4136001,Et9kgGMDl729KT4,0.0,0.0,0.0
2020-06-16 03:00:00,4136001,mqwcsP2rE7J0TFp,0.0,0.0,0.0
2020-06-16 03:00:00,4136001,LYwnQax7tkwH5Cb,0.0,0.0,0.0
2020-06-16 03:00:00,4136001,9kRcWv60rDACzjR,0.0,0.0,0.0
2020-06-16 03:00:00,4136001,IQ2d7wF4YD8zU1Q,0.0,0.0,0.0
2020-06-16 03:00:00,4136001,vOuJvMaM2sgwLmb,0.0,0.0,0.0
2020-06-16 03:00:00,4136001,Qf4GUc1pJu5T6c6,0.0,0.0,0.0
2020-06-16 03:00:00,4136001,Quc1TzYxW2pYoWX,0.0,0.0,0.0
2020-06-16 03:00:00,4136001,oZZkBaNadn6DNKz,0.0,0.0,0.0
2020-06-16 03:00:00,4136001,q49J1IKaHRwDQnt,0.0,0.0,0.0
2020-06-16 03:00:00,4136001,oZ35aAeoifZaQzV,0.0,0.0,0.0
2020-06-16 03:00:00,4136001,V94E5Ben1TlhnDV,0.0,0.0,0.0
2020-06-16 03:00:00,4136001,xMbIugepa2P7lBB,0.0,0.0,0.0
2020-06-16 03:00:00,4136001,LlT2YUhhzqhg5Sw,0.0,0.0,0.0
2020-06-16 03:00:00,4136001,Mx2yZCDsyf6DPfv,0.0,0.0,0.0
2020-06-16 03:00:00,4136001,81aHJ1q11NBPMrL,0.0,0.0,0.0
2020-06-16 03:00:00,4136001,NgDl19wMapZy17u,0.0,0.0,0.0
2020-06-16 03:00:00,4136001,4UPUqMRk7TRMgml,0.0,0.0,0.0
2020-06-16 03:00:00,4136001,rrq4fwE8jgrTyWY,0.0,0.0,0.0
2020-06-16 03:00:00,4136001,WcxssY2VbP4hApt,0.0,0.0,0.0
2020-06-16 03:15:00,4136001,IQ2d7wF4YD8zU1Q,0.0,0.0,0.0
2020-06-16 03:15:00,4136001,9kRcWv60rDACzjR,0.0,0.0,0.0
2020-06-16 03:15:00,4136001,rrq4fwE8jgrTyWY,0.0,0.0,0.0
2020-06-16 03:15:00,4136001,Qf4GUc1pJu5T6c6,0.0,0.0,0.0
2020-06-16 03:15:00,4136001,LlT2YUhhzqhg5Sw,0.0,0.0,0.0
2020-06-16 03:15:00,4136001,LYwnQax7tkwH5Cb,0.0,0.0,0.0
2020-06-16 03:15:00,4136001,q49J1IKaHRwDQnt,0.0,0.0,0.0
2020-06-16 03:15:00,4136001,4UPUqMRk7TRMgml,0.0,0.0,0.0
2020-06-16 03:15:00,4136001,xMbIugepa2P7lBB,0.0,0.0,0.0
2020-06-16 03:15:00,4136001,Quc1TzYxW2pYoWX,0.0,0.0,0.0
2020-06-16 03:15:00,4136001,oZZkBaNadn6DNKz,0.0,0.0,0.0
2020-06-16 03:15:00,4136001,Et9kgGMDl729KT4,0.0,0.0,0.0
2020-06-16 03:15:00,4136001,WcxssY2VbP4hApt,0.0,0.0,0.0
2020-06-16 03:15:00,4136001,oZ35aAeoifZaQzV,0.0,0.0,0.0
2020-06-16 03:15:00,4136001,vOuJvMaM2sgwLmb,0.0,0.0,0.0
2020-06-16 03:15:00,4136001,81aHJ1q11NBPMrL,0.0,0.0,0.0
2020-06-16 03:15:00,4136001,PeE6FRyGXUgsRhN,0.0,0.0,0.0
2020-06-16 03:15:00,4136001,NgDl19wMapZy17u,0.0,0.0,0.0
2020-06-16 03:15:00,4136001,Mx2yZCDsyf6DPfv,0.0,0.0,0.0
2020-06-16 03:15:00,4136001,V94E5Ben1TlhnDV,0.0,0.0,0.0
2020-06-16 03:15:00,4136001,mqwcsP2rE7J0TFp,0.0,0.0,0.0
2020-06-16 03:15:00,4136001,xoJJ8DcxJEcupym,0.0,0.0,0.0
2020-06-16 03:30:00,4136001,NgDl19wMapZy17u,0.0,0.0,0.0
2020-06-16 03:30:00,4136001,oZZkBaNadn6DNKz,0.0,0.0,0.0
2020-06-16 03:30:00,4136001,Qf4GUc1pJu5T6c6,0.0,0.0,0.0
2020-06-16 03:30:00,4136001,vOuJvMaM2sgwLmb,0.0,0.0,0.0
2020-06-16 03:30:00,4136001,LYwnQax7tkwH5Cb,0.0,0.0,0.0
2020-06-16 03:30:00,4136001,xoJJ8DcxJEcupym,0.0,0.0,0.0
2020-06-16 03:30:00,4136001,81aHJ1q11NBPMrL,0.0,0.0,0.0
2020-06-16 03:30:00,4136001,4UPUqMRk7TRMgml,0.0,0.0,0.0
2020-06-16 03:30:00,4136001,V94E5Ben1TlhnDV,0.0,0.0,0.0
2020-06-16 03:30:00,4136001,PeE6FRyGXUgsRhN,0.0,0.0,0.0
2020-06-16 03:30:00,4136001,q49J1IKaHRwDQnt,0.0,0.0,0.0
2020-06-16 03:30:00,4136001,IQ2d7wF4YD8zU1Q,0.0,0.0,0.0
2020-06-16 03:30:00,4136001,oZ35aAeoifZaQzV,0.0,0.0,0.0
2020-06-16 03:30:00,4136001,xMbIugepa2P7lBB,0.0,0.0,0.0
2020-06-16 03:30:00,4136001,rrq4fwE8jgrTyWY,0.0,0.0,0.0
2020-06-16 03:30:00,4136001,WcxssY2VbP4hApt,0.0,0.0,0.0
2020-06-16 03:30:00,4136001,9kRcWv60rDACzjR,0.0,0.0,0.0
2020-06-16 03:30:00,4136001,LlT2YUhhzqhg5Sw,0.0,0.0,0.0
2020-06-16 03:30:00,4136001,Et9kgGMDl729KT4,0.0,0.0,0.0
2020-06-16 03:30:00,4136001,mqwcsP2rE7J0TFp,0.0,0.0,0.0
2020-06-16 03:30:00,4136001,Quc1TzYxW2pYoWX,0.0,0.0,0.0
2020-06-16 03:30:00,4136001,Mx2yZCDsyf6DPfv,0.0,0.0,0.0
2020-06-16 03:45:00,4136001,81aHJ1q11NBPMrL,0.0,0.0,0.0
2020-06-16 03:45:00,4136001,PeE6FRyGXUgsRhN,0.0,0.0,0.0
2020-06-16 03:45:00,4136001,Qf4GUc1pJu5T6c6,0.0,0.0,0.0
2020-06-16 03:45:00,4136001,LlT2YUhhzqhg5Sw,0.0,0.0,0.0
2020-06-16 03:45:00,4136001,xoJJ8DcxJEcupym,0.0,0.0,0.0
2020-06-16 03:45:00,4136001,Quc1TzYxW2pYoWX,0.0,0.0,0.0
2020-06-16 03:45:00,4136001,9kRcWv60rDACzjR,0.0,0.0,0.0
2020-06-16 03:45:00,4136001,oZZkBaNadn6DNKz,0.0,0.0,0.0
2020-06-16 03:45:00,4136001,xMbIugepa2P7lBB,0.0,0.0,0.0
2020-06-16 03:45:00,4136001,q49J1IKaHRwDQnt,0.0,0.0,0.0
2020-06-16 03:45:00,4136001,Et9kgGMDl729KT4,0.0,0.0,0.0
2020-06-16 03:45:00,4136001,WcxssY2VbP4hApt,0.0,0.0,0.0
2020-06-16 03:45:00,4136001,Mx2yZCDsyf6DPfv,0.0,0.0,0.0
2020-06-16 03:45:00,4136001,IQ2d7wF4YD8zU1Q,0.0,0.0,0.0
2020-06-16 03:45:00,4136001,rrq4fwE8jgrTyWY,0.0,0.0,0.0
2020-06-16 03:45:00,4136001,vOuJvMaM2sgwLmb,0.0,0.0,0.0
2020-06-16 03:45:00,4136001,oZ35aAeoifZaQzV,0.0,0.0,0.0
2020-06-16 03:45:00,4136001,NgDl19wMapZy17u,0.0,0.0,0.0
2020-06-16 03:45:00,4136001,mqwcsP2rE7J0TFp,0.0,0.0,0.0
2020-06-16 03:45:00,4136001,4UPUqMRk7TRMgml,0.0,0.0,0.0
2020-06-16 03:45:00,4136001,LYwnQax7tkwH5Cb,0.0,0.0,0.0
2020-06-16 03:45:00,4136001,V94E5Ben1TlhnDV,0.0,0.0,0.0
2020-06-16 04:00:00,4136001,IQ2d7wF4YD8zU1Q,0.0,0.0,0.0
2020-06-16 04:00:00,4136001,oZ35aAeoifZaQzV,0.0,0.0,0.0
2020-06-16 04:00:00,4136001,mqwcsP2rE7J0TFp,0.0,0.0,0.0
2020-06-16 04:00:00,4136001,oZZkBaNadn6DNKz,0.0,0.0,0.0
2020-06-16 04:00:00,4136001,4UPUqMRk7TRMgml,0.0,0.0,0.0
2020-06-16 04:00:00,4136001,WcxssY2VbP4hApt,0.0,0.0,0.0
2020-06-16 04:00:00,4136001,vOuJvMaM2sgwLmb,0.0,0.0,0.0
2020-06-16 04:00:00,4136001,NgDl19wMapZy17u,0.0,0.0,0.0
2020-06-16 04:00:00,4136001,rrq4fwE8jgrTyWY,0.0,0.0,0.0
2020-06-16 04:00:00,4136001,Mx2yZCDsyf6DPfv,0.0,0.0,0.0
2020-06-16 04:00:00,4136001,9kRcWv60rDACzjR,0.0,0.0,0.0
2020-06-16 04:00:00,4136001,xMbIugepa2P7lBB,0.0,0.0,0.0
2020-06-16 04:00:00,4136001,LlT2YUhhzqhg5Sw,0.0,0.0,0.0
2020-06-16 04:00:00,4136001,q49J1IKaHRwDQnt,0.0,0.0,0.0
2020-06-16 04:00:00,4136001,Qf4GUc1pJu5T6c6,0.0,0.0,0.0
2020-06-16 04:00:00,4136001,V94E5Ben1TlhnDV,0.0,0.0,0.0
2020-06-16 04:00:00,4136001,xoJJ8DcxJEcupym,0.0,0.0,0.0
2020-06-16 04:00:00,4136001,Quc1TzYxW2pYoWX,0.0,0.0,0.0
2020-06-16 04:00:00,4136001,81aHJ1q11NBPMrL,0.0,0.0,0.0
2020-06-16 04:00:00,4136001,PeE6FRyGXUgsRhN,0.0,0.0,0.0
2020-06-16 04:00:00,4136001,Et9kgGMDl729KT4,0.0,0.0,0.0
2020-06-16 04:00:00,4136001,LYwnQax7tkwH5Cb,0.0,0.0,0.0
2020-06-16 04:15:00,4136001,9kRcWv60rDACzjR,0.0,0.0,0.0
2020-06-16 04:15:00,4136001,NgDl19wMapZy17u,0.0,0.0,0.0
2020-06-16 04:15:00,4136001,V94E5Ben1TlhnDV,0.0,0.0,0.0
2020-06-16 04:15:00,4136001,Et9kgGMDl729KT4,0.0,0.0,0.0
2020-06-16 04:15:00,4136001,mqwcsP2rE7J0TFp,0.0,0.0,0.0
2020-06-16 04:15:00,4136001,WcxssY2VbP4hApt,0.0,0.0,0.0
2020-06-16 04:15:00,4136001,Qf4GUc1pJu5T6c6,0.0,0.0,0.0
2020-06-16 04:15:00,4136001,rrq4fwE8jgrTyWY,0.0,0.0,0.0
2020-06-16 04:15:00,4136001,Quc1TzYxW2pYoWX,0.0,0.0,0.0
2020-06-16 04:15:00,4136001,Mx2yZCDsyf6DPfv,0.0,0.0,0.0
2020-06-16 04:15:00,4136001,xMbIugepa2P7lBB,0.0,0.0,0.0
2020-06-16 04:15:00,4136001,LlT2YUhhzqhg5Sw,0.0,0.0,0.0
2020-06-16 04:15:00,4136001,PeE6FRyGXUgsRhN,0.0,0.0,0.0
2020-06-16 04:15:00,4136001,LYwnQax7tkwH5Cb,0.0,0.0,0.0
2020-06-16 04:15:00,4136001,xoJJ8DcxJEcupym,0.0,0.0,0.0
2020-06-16 04:15:00,4136001,vOuJvMaM2sgwLmb,0.0,0.0,0.0
2020-06-16 04:15:00,4136001,IQ2d7wF4YD8zU1Q,0.0,0.0,0.0
2020-06-16 04:15:00,4136001,q49J1IKaHRwDQnt,0.0,0.0,0.0
2020-06-16 04:15:00,4136001,81aHJ1q11NBPMrL,0.0,0.0,0.0
2020-06-16 04:15:00,4136001,oZ35aAeoifZaQzV,0.0,0.0,0.0
2020-06-16 04:15:00,4136001,oZZkBaNadn6DNKz,0.0,0.0,0.0
2020-06-16 04:15:00,4136001,4UPUqMRk7TRMgml,0.0,0.0,0.0
2020-06-16 04:30:00,4136001,mqwcsP2rE7J0TFp,0.0,0.0,0.0
2020-06-16 04:30:00,4136001,Quc1TzYxW2pYoWX,0.0,0.0,0.0
2020-06-16 04:30:00,4136001,V94E5Ben1TlhnDV,0.0,0.0,0.0
2020-06-16 04:30:00,4136001,LYwnQax7tkwH5Cb,0.0,0.0,0.0
2020-06-16 04:30:00,4136001,oZ35aAeoifZaQzV,0.0,0.0,0.0
2020-06-16 04:30:00,4136001,Et9kgGMDl729KT4,0.0,0.0,0.0
2020-06-16 04:30:00,4136001,81aHJ1q11NBPMrL,0.0,0.0,0.0
2020-06-16 04:30:00,4136001,Mx2yZCDsyf6DPfv,0.0,0.0,0.0
2020-06-16 04:30:00,4136001,Qf4GUc1pJu5T6c6,0.0,0.0,0.0
2020-06-16 04:30:00,4136001,xoJJ8DcxJEcupym,0.0,0.0,0.0
2020-06-16 04:30:00,4136001,xMbIugepa2P7lBB,0.0,0.0,0.0
2020-06-16 04:30:00,4136001,rrq4fwE8jgrTyWY,0.0,0.0,0.0
2020-06-16 04:30:00,4136001,NgDl19wMapZy17u,0.0,0.0,0.0
2020-06-16 04:30:00,4136001,PeE6FRyGXUgsRhN,0.0,0.0,0.0
2020-06-16 04:30:00,4136001,LlT2YUhhzqhg5Sw,0.0,0.0,0.0
2020-06-16 04:30:00,4136001,9kRcWv60rDACzjR,0.0,0.0,0.0
2020-06-16 04:30:00,4136001,IQ2d7wF4YD8zU1Q,0.0,0.0,0.0
2020-06-16 04:30:00,4136001,q49J1IKaHRwDQnt,0.0,0.0,0.0
2020-06-16 04:30:00,4136001,oZZkBaNadn6DNKz,0.0,0.0,0.0
2020-06-16 04:30:00,4136001,WcxssY2VbP4hApt,0.0,0.0,0.0
2020-06-16 04:30:00,4136001,vOuJvMaM2sgwLmb,0.0,0.0,0.0
2020-06-16 04:30:00,4136001,4UPUqMRk7TRMgml,0.0,0.0,0.0
2020-06-16 04:45:00,4136001,4UPUqMRk7TRMgml,0.0,0.0,0.0
2020-06-16 04:45:00,4136001,Mx2yZCDsyf6DPfv,0.0,0.0,0.0
2020-06-16 04:45:00,4136001,IQ2d7wF4YD8zU1Q,0.0,0.0,0.0
2020-06-16 04:45:00,4136001,xMbIugepa2P7lBB,0.0,0.0,0.0
2020-06-16 04:45:00,4136001,mqwcsP2rE7J0TFp,0.0,0.0,0.0
2020-06-16 04:45:00,4136001,oZ35aAeoifZaQzV,0.0,0.0,0.0
2020-06-16 04:45:00,4136001,LYwnQax7tkwH5Cb,0.0,0.0,0.0
2020-06-16 04:45:00,4136001,vOuJvMaM2sgwLmb,0.0,0.0,0.0
2020-06-16 04:45:00,4136001,Qf4GUc1pJu5T6c6,0.0,0.0,0.0
2020-06-16 04:45:00,4136001,Et9kgGMDl729KT4,0.0,0.0,0.0
2020-06-16 04:45:00,4136001,9kRcWv60rDACzjR,0.0,0.0,0.0
2020-06-16 04:45:00,4136001,Quc1TzYxW2pYoWX,0.0,0.0,0.0
2020-06-16 04:45:00,4136001,LlT2YUhhzqhg5Sw,0.0,0.0,0.0
2020-06-16 04:45:00,4136001,rrq4fwE8jgrTyWY,0.0,0.0,0.0
2020-06-16 04:45:00,4136001,81aHJ1q11NBPMrL,0.0,0.0,0.0
2020-06-16 04:45:00,4136001,q49J1IKaHRwDQnt,0.0,0.0,0.0
2020-06-16 04:45:00,4136001,WcxssY2VbP4hApt,0.0,0.0,0.0
2020-06-16 04:45:00,4136001,oZZkBaNadn6DNKz,0.0,0.0,0.0
2020-06-16 04:45:00,4136001,xoJJ8DcxJEcupym,0.0,0.0,0.0
2020-06-16 04:45:00,4136001,PeE6FRyGXUgsRhN,0.0,0.0,0.0
2020-06-16 04:45:00,4136001,NgDl19wMapZy17u,0.0,0.0,0.0
2020-06-16 04:45:00,4136001,V94E5Ben1TlhnDV,0.0,0.0,0.0
2020-06-16 05:00:00,4136001,Qf4GUc1pJu5T6c6,0.0,0.0,0.0
2020-06-16 05:00:00,4136001,Et9kgGMDl729KT4,0.0,0.0,0.0
2020-06-16 05:00:00,4136001,Mx2yZCDsyf6DPfv,0.0,0.0,0.0
2020-06-16 05:00:00,4136001,LYwnQax7tkwH5Cb,0.0,0.0,0.0
2020-06-16 05:00:00,4136001,WcxssY2VbP4hApt,0.0,0.0,0.0
2020-06-16 05:00:00,4136001,q49J1IKaHRwDQnt,0.0,0.0,0.0
2020-06-16 05:00:00,4136001,81aHJ1q11NBPMrL,0.0,0.0,0.0
2020-06-16 05:00:00,4136001,mqwcsP2rE7J0TFp,0.0,0.0,0.0
2020-06-16 05:00:00,4136001,oZ35aAeoifZaQzV,0.0,0.0,0.0
2020-06-16 05:00:00,4136001,PeE6FRyGXUgsRhN,0.0,0.0,0.0
2020-06-16 05:00:00,4136001,NgDl19wMapZy17u,0.0,0.0,0.0
2020-06-16 05:00:00,4136001,oZZkBaNadn6DNKz,0.0,0.0,0.0
2020-06-16 05:00:00,4136001,LlT2YUhhzqhg5Sw,0.0,0.0,0.0
2020-06-16 05:00:00,4136001,4UPUqMRk7TRMgml,0.0,0.0,0.0
2020-06-16 05:00:00,4136001,9kRcWv60rDACzjR,0.0,0.0,0.0
2020-06-16 05:00:00,4136001,Quc1TzYxW2pYoWX,0.0,0.0,0.0
2020-06-16 05:00:00,4136001,V94E5Ben1TlhnDV,0.0,0.0,0.0
2020-06-16 05:00:00,4136001,vOuJvMaM2sgwLmb,0.0,0.0,0.0
2020-06-16 05:00:00,4136001,IQ2d7wF4YD8zU1Q,0.0,0.0,0.0
2020-06-16 05:00:00,4136001,rrq4fwE8jgrTyWY,0.0,0.0,0.0
2020-06-16 05:00:00,4136001,xMbIugepa2P7lBB,0.0,0.0,0.0
2020-06-16 05:00:00,4136001,xoJJ8DcxJEcupym,0.0,0.0,0.0
2020-06-16 05:15:00,4136001,Qf4GUc1pJu5T6c6,0.0,0.0,0.0
2020-06-16 05:15:00,4136001,WcxssY2VbP4hApt,0.0,0.0,0.0
2020-06-16 05:15:00,4136001,LlT2YUhhzqhg5Sw,0.0,0.0,0.0
2020-06-16 05:15:00,4136001,PeE6FRyGXUgsRhN,0.0,0.0,0.0
2020-06-16 05:15:00,4136001,vOuJvMaM2sgwLmb,0.0,0.0,0.0
2020-06-16 05:15:00,4136001,NgDl19wMapZy17u,0.0,0.0,0.0
2020-06-16 05:15:00,4136001,V94E5Ben1TlhnDV,0.0,0.0,0.0
2020-06-16 05:15:00,4136001,xoJJ8DcxJEcupym,0.0,0.0,0.0
2020-06-16 05:15:00,4136001,Mx2yZCDsyf6DPfv,0.0,0.0,0.0
2020-06-16 05:15:00,4136001,9kRcWv60rDACzjR,0.0,0.0,0.0
2020-06-16 05:15:00,4136001,IQ2d7wF4YD8zU1Q,0.0,0.0,0.0
2020-06-16 05:15:00,4136001,xMbIugepa2P7lBB,0.0,0.0,0.0
2020-06-16 05:15:00,4136001,q49J1IKaHRwDQnt,0.0,0.0,0.0
2020-06-16 05:15:00,4136001,rrq4fwE8jgrTyWY,0.0,0.0,0.0
2020-06-16 05:15:00,4136001,81aHJ1q11NBPMrL,0.0,0.0,0.0
2020-06-16 05:15:00,4136001,mqwcsP2rE7J0TFp,0.0,0.0,0.0
2020-06-16 05:15:00,4136001,oZ35aAeoifZaQzV,0.0,0.0,0.0
2020-06-16 05:15:00,4136001,Quc1TzYxW2pYoWX,0.0,0.0,0.0
2020-06-16 05:15:00,4136001,4UPUqMRk7TRMgml,0.0,0.0,0.0
2020-06-16 05:15:00,4136001,LYwnQax7tkwH5Cb,0.0,0.0,0.0
2020-06-16 05:15:00,4136001,Et9kgGMDl729KT4,0.0,0.0,0.0
2020-06-16 05:15:00,4136001,oZZkBaNadn6DNKz,0.0,0.0,0.0
2020-06-16 05:30:00,4136001,PeE6FRyGXUgsRhN,0.0,0.0,0.0
2020-06-16 05:30:00,4136001,xMbIugepa2P7lBB,0.0,0.0,0.0
2020-06-16 05:30:00,4136001,81aHJ1q11NBPMrL,0.0,0.0,0.0
2020-06-16 05:30:00,4136001,Quc1TzYxW2pYoWX,0.0,0.0,0.0
2020-06-16 05:30:00,4136001,9kRcWv60rDACzjR,0.0,0.0,0.0
2020-06-16 05:30:00,4136001,IQ2d7wF4YD8zU1Q,0.0,0.0,0.0
2020-06-16 05:30:00,4136001,LYwnQax7tkwH5Cb,0.0,0.0,0.0
2020-06-16 05:30:00,4136001,4UPUqMRk7TRMgml,0.0,0.0,0.0
2020-06-16 05:30:00,4136001,q49J1IKaHRwDQnt,0.0,0.0,0.0
2020-06-16 05:30:00,4136001,V94E5Ben1TlhnDV,0.0,0.0,0.0
2020-06-16 05:30:00,4136001,Et9kgGMDl729KT4,0.0,0.0,0.0
2020-06-16 05:30:00,4136001,Mx2yZCDsyf6DPfv,0.0,0.0,0.0
2020-06-16 05:30:00,4136001,NgDl19wMapZy17u,0.0,0.0,0.0
2020-06-16 05:30:00,4136001,Qf4GUc1pJu5T6c6,0.0,0.0,0.0
2020-06-16 05:30:00,4136001,LlT2YUhhzqhg5Sw,0.0,0.0,0.0
2020-06-16 05:30:00,4136001,xoJJ8DcxJEcupym,0.0,0.0,0.0
2020-06-16 05:30:00,4136001,oZ35aAeoifZaQzV,0.0,0.0,0.0
2020-06-16 05:30:00,4136001,WcxssY2VbP4hApt,0.0,0.0,0.0
2020-06-16 05:30:00,4136001,vOuJvMaM2sgwLmb,0.0,0.0,0.0
2020-06-16 05:30:00,4136001,oZZkBaNadn6DNKz,0.0,0.0,0.0
2020-06-16 05:30:00,4136001,mqwcsP2rE7J0TFp,0.0,0.0,0.0
2020-06-16 05:30:00,4136001,rrq4fwE8jgrTyWY,0.0,0.0,0.0
2020-06-16 05:45:00,4136001,WcxssY2VbP4hApt,0.0,7.473333333333331,0.0
2020-06-16 05:45:00,4136001,LlT2YUhhzqhg5Sw,0.0,7.56,0.0
2020-06-16 05:45:00,4136001,Mx2yZCDsyf6DPfv,0.0,8.519999999999996,0.0
2020-06-16 05:45:00,4136001,9kRcWv60rDACzjR,0.0,7.993333333333331,0.0
2020-06-16 05:45:00,4136001,oZ35aAeoifZaQzV,0.0,7.959999999999998,0.0
2020-06-16 05:45:00,4136001,mqwcsP2rE7J0TFp,0.0,7.4,0.0
2020-06-16 05:45:00,4136001,Quc1TzYxW2pYoWX,0.0,6.506666666666667,0.0
2020-06-16 05:45:00,4136001,LYwnQax7tkwH5Cb,0.0,7.093333333333332,0.0
2020-06-16 05:45:00,4136001,81aHJ1q11NBPMrL,0.0,7.686666666666666,0.0
2020-06-16 05:45:00,4136001,vOuJvMaM2sgwLmb,0.0,8.220000000000002,0.0
2020-06-16 05:45:00,4136001,xoJJ8DcxJEcupym,0.0,7.726666666666669,0.0
2020-06-16 05:45:00,4136001,oZZkBaNadn6DNKz,0.0,7.72,0.0
2020-06-16 05:45:00,4136001,Et9kgGMDl729KT4,0.0,7.18,0.0
2020-06-16 05:45:00,4136001,Qf4GUc1pJu5T6c6,0.0,8.0,0.0
2020-06-16 05:45:00,4136001,rrq4fwE8jgrTyWY,0.0,7.1000000000000005,0.0
2020-06-16 05:45:00,4136001,NgDl19wMapZy17u,0.0,7.22142857142857,0.0
2020-06-16 05:45:00,4136001,q49J1IKaHRwDQnt,0.0,0.0,0.0
2020-06-16 05:45:00,4136001,4UPUqMRk7TRMgml,0.0,8.106666666666666,0.0
2020-06-16 05:45:00,4136001,PeE6FRyGXUgsRhN,0.0,7.600000000000001,0.0
2020-06-16 05:45:00,4136001,xMbIugepa2P7lBB,0.0,7.707142857142857,0.0
2020-06-16 05:45:00,4136001,V94E5Ben1TlhnDV,0.0,7.713333333333333,0.0
2020-06-16 05:45:00,4136001,IQ2d7wF4YD8zU1Q,0.0,7.264285714285716,0.0
2020-06-16 06:00:00,4136001,81aHJ1q11NBPMrL,7.686666666666666,36.32857142857142,7.686666666666666
2020-06-16 06:00:00,4136001,q49J1IKaHRwDQnt,0.0,10.086666666666668,0.0
2020-06-16 06:00:00,4136001,Et9kgGMDl729KT4,7.18,34.56666666666666,7.18
2020-06-16 06:00:00,4136001,Quc1TzYxW2pYoWX,6.506666666666667,31.633333333333336,6.506666666666667
2020-06-16 06:00:00,4136001,oZ35aAeoifZaQzV,7.959999999999998,37.89285714285714,7.959999999999998
2020-06-16 06:00:00,4136001,LlT2YUhhzqhg5Sw,7.56,36.1,7.56
2020-06-16 06:00:00,4136001,Mx2yZCDsyf6DPfv,8.519999999999996,38.32857142857144,8.519999999999996
2020-06-16 06:00:00,4136001,rrq4fwE8jgrTyWY,7.1000000000000005,34.36666666666667,7.1000000000000005
2020-06-16 06:00:00,4136001,xMbIugepa2P7lBB,7.707142857142857,35.43333333333334,7.707142857142857
2020-06-16 06:00:00,4136001,IQ2d7wF4YD8zU1Q,7.264285714285716,35.94,7.264285714285716
2020-06-16 06:00:00,4136001,4UPUqMRk7TRMgml,8.106666666666666,37.52857142857143,8.106666666666666
2020-06-16 06:00:00,4136001,V94E5Ben1TlhnDV,7.713333333333333,36.706666666666656,7.713333333333333
2020-06-16 06:00:00,4136001,Qf4GUc1pJu5T6c6,8.0,37.635714285714286,8.0
2020-06-16 06:00:00,4136001,oZZkBaNadn6DNKz,7.72,37.50666666666666,7.72
2020-06-16 06:00:00,4136001,xoJJ8DcxJEcupym,7.726666666666669,37.53333333333333,7.726666666666669
2020-06-16 06:00:00,4136001,vOuJvMaM2sgwLmb,8.220000000000002,37.07857142857142,8.220000000000002
2020-06-16 06:00:00,4136001,mqwcsP2rE7J0TFp,7.4,36.46,7.4
2020-06-16 06:00:00,4136001,WcxssY2VbP4hApt,7.473333333333331,36.99285714285715,7.473333333333331
2020-06-16 06:00:00,4136001,9kRcWv60rDACzjR,7.993333333333331,36.20714285714286,7.993333333333331
2020-06-16 06:00:00,4136001,NgDl19wMapZy17u,7.22142857142857,35.74,7.22142857142857
2020-06-16 06:00:00,4136001,LYwnQax7tkwH5Cb,7.093333333333332,34.39333333333333,7.093333333333332
2020-06-16 06:00:00,4136001,PeE6FRyGXUgsRhN,7.600000000000001,37.28666666666668,7.600000000000001
2020-06-16 06:15:00,4136001,LYwnQax7tkwH5Cb,34.39333333333333,66.52142857142857,34.39333333333333
2020-06-16 06:15:00,4136001,oZZkBaNadn6DNKz,37.50666666666666,71.39285714285714,37.50666666666666
2020-06-16 06:15:00,4136001,Qf4GUc1pJu5T6c6,37.635714285714286,72.27999999999999,37.635714285714286
2020-06-16 06:15:00,4136001,q49J1IKaHRwDQnt,10.086666666666668,69.64285714285715,10.086666666666668
2020-06-16 06:15:00,4136001,xoJJ8DcxJEcupym,37.53333333333333,70.54285714285713,37.53333333333333
2020-06-16 06:15:00,4136001,LlT2YUhhzqhg5Sw,36.1,69.00714285714285,36.1
2020-06-16 06:15:00,4136001,V94E5Ben1TlhnDV,36.706666666666656,69.72142857142856,36.706666666666656
2020-06-16 06:15:00,4136001,IQ2d7wF4YD8zU1Q,35.94,71.42,35.94
2020-06-16 06:15:00,4136001,oZ35aAeoifZaQzV,37.89285714285714,72.61333333333333,37.89285714285714
2020-06-16 06:15:00,4136001,Et9kgGMDl729KT4,34.56666666666666,66.10666666666665,34.56666666666666
2020-06-16 06:15:00,4136001,WcxssY2VbP4hApt,36.99285714285715,71.0,36.99285714285715
2020-06-16 06:15:00,4136001,4UPUqMRk7TRMgml,37.52857142857143,72.42,37.52857142857143
2020-06-16 06:15:00,4136001,rrq4fwE8jgrTyWY,34.36666666666667,66.45714285714286,34.36666666666667
2020-06-16 06:15:00,4136001,mqwcsP2rE7J0TFp,36.46,72.56,36.46
2020-06-16 06:15:00,4136001,81aHJ1q11NBPMrL,36.32857142857142,63.92,36.32857142857142
2020-06-16 06:15:00,4136001,PeE6FRyGXUgsRhN,37.28666666666668,69.38571428571427,37.28666666666668
2020-06-16 06:15:00,4136001,Quc1TzYxW2pYoWX,31.633333333333336,60.52,31.633333333333336
2020-06-16 06:15:00,4136001,vOuJvMaM2sgwLmb,37.07857142857142,70.66,37.07857142857142
2020-06-16 06:15:00,4136001,9kRcWv60rDACzjR,36.20714285714286,69.69333333333334,36.20714285714286
2020-06-16 06:15:00,4136001,Mx2yZCDsyf6DPfv,38.32857142857144,73.12666666666665,38.32857142857144
2020-06-16 06:15:00,4136001,NgDl19wMapZy17u,35.74,71.22666666666667,35.74
2020-06-16 06:15:00,4136001,xMbIugepa2P7lBB,35.43333333333334,70.35333333333332,35.43333333333334
2020-06-16 06:30:00,4136001,Et9kgGMDl729KT4,66.10666666666665,108.12,66.10666666666665
2020-06-16 06:30:00,4136001,V94E5Ben1TlhnDV,69.72142857142856,115.03333333333336,69.72142857142856
2020-06-16 06:30:00,4136001,PeE6FRyGXUgsRhN,69.38571428571427,114.02,69.38571428571427
2020-06-16 06:30:00,4136001,rrq4fwE8jgrTyWY,66.45714285714286,107.1,66.45714285714286
2020-06-16 06:30:00,4136001,4UPUqMRk7TRMgml,72.42,118.86666666666666,72.42
2020-06-16 06:30:00,4136001,q49J1IKaHRwDQnt,69.64285714285715,112.79999999999998,69.64285714285715
2020-06-16 06:30:00,4136001,IQ2d7wF4YD8zU1Q,71.42,116.05333333333334,71.42
2020-06-16 06:30:00,4136001,xMbIugepa2P7lBB,70.35333333333332,114.47333333333331,70.35333333333332
2020-06-16 06:30:00,4136001,mqwcsP2rE7J0TFp,72.56,116.92666666666668,72.56
2020-06-16 06:30:00,4136001,81aHJ1q11NBPMrL,63.92,115.25333333333332,63.92
2020-06-16 06:30:00,4136001,Quc1TzYxW2pYoWX,60.52,98.74666666666668,60.52
2020-06-16 06:30:00,4136001,9kRcWv60rDACzjR,69.69333333333334,114.56666666666666,69.69333333333334
2020-06-16 06:30:00,4136001,LlT2YUhhzqhg5Sw,69.00714285714285,111.92,69.00714285714285
2020-06-16 06:30:00,4136001,LYwnQax7tkwH5Cb,66.52142857142857,108.07333333333332,66.52142857142857
2020-06-16 06:30:00,4136001,Mx2yZCDsyf6DPfv,73.12666666666665,118.26,73.12666666666665
2020-06-16 06:30:00,4136001,vOuJvMaM2sgwLmb,70.66,116.37333333333336,70.66
2020-06-16 06:30:00,4136001,oZZkBaNadn6DNKz,71.39285714285714,116.28666666666668,71.39285714285714
2020-06-16 06:30:00,4136001,Qf4GUc1pJu5T6c6,72.27999999999999,117.76666666666668,72.27999999999999
2020-06-16 06:30:00,4136001,xoJJ8DcxJEcupym,70.54285714285713,114.81333333333336,70.54285714285713
2020-06-16 06:30:00,4136001,WcxssY2VbP4hApt,71.0,117.08666666666666,71.0
2020-06-16 06:30:00,4136001,oZ35aAeoifZaQzV,72.61333333333333,120.42,72.61333333333333
2020-06-16 06:30:00,4136001,NgDl19wMapZy17u,71.22666666666667,115.76666666666664,71.22666666666667
2020-06-16 06:45:00,4136001,NgDl19wMapZy17u,115.76666666666664,160.24285714285716,115.76666666666664
2020-06-16 06:45:00,4136001,q49J1IKaHRwDQnt,112.79999999999998,157.05333333333334,112.79999999999998
2020-06-16 06:45:00,4136001,IQ2d7wF4YD8zU1Q,116.05333333333334,160.32142857142856,116.05333333333334
2020-06-16 06:45:00,4136001,LYwnQax7tkwH5Cb,108.07333333333332,150.1533333333333,108.07333333333332
2020-06-16 06:45:00,4136001,vOuJvMaM2sgwLmb,116.37333333333336,161.40666666666667,116.37333333333336
2020-06-16 06:45:00,4136001,Quc1TzYxW2pYoWX,98.74666666666668,137.57857142857142,98.74666666666668
2020-06-16 06:45:00,4136001,xMbIugepa2P7lBB,114.47333333333331,157.6285714285714,114.47333333333331
2020-06-16 06:45:00,4136001,mqwcsP2rE7J0TFp,116.92666666666668,161.95,116.92666666666668
2020-06-16 06:45:00,4136001,WcxssY2VbP4hApt,117.08666666666666,162.4,117.08666666666666
2020-06-16 06:45:00,4136001,rrq4fwE8jgrTyWY,107.1,148.99333333333334,107.1
2020-06-16 06:45:00,4136001,oZ35aAeoifZaQzV,120.42,166.45333333333332,120.42
2020-06-16 06:45:00,4136001,9kRcWv60rDACzjR,114.56666666666666,158.23999999999998,114.56666666666666
2020-06-16 06:45:00,4136001,4UPUqMRk7TRMgml,118.86666666666666,166.24666666666667,118.86666666666666
2020-06-16 06:45:00,4136001,xoJJ8DcxJEcupym,114.81333333333336,158.89333333333332,114.81333333333336
2020-06-16 06:45:00,4136001,Mx2yZCDsyf6DPfv,118.26,166.87999999999997,118.26
2020-06-16 06:45:00,4136001,oZZkBaNadn6DNKz,116.28666666666668,163.07333333333335,116.28666666666668
2020-06-16 06:45:00,4136001,Et9kgGMDl729KT4,108.12,149.84285714285718,108.12
2020-06-16 06:45:00,4136001,Qf4GUc1pJu5T6c6,117.76666666666668,165.40666666666664,117.76666666666668
2020-06-16 06:45:00,4136001,V94E5Ben1TlhnDV,115.03333333333336,159.86,115.03333333333336
2020-06-16 06:45:00,4136001,PeE6FRyGXUgsRhN,114.02,157.90666666666667,114.02
2020-06-16 06:45:00,4136001,81aHJ1q11NBPMrL,115.25333333333332,159.4666666666667,115.25333333333332
2020-06-16 06:45:00,4136001,LlT2YUhhzqhg5Sw,111.92,154.89333333333337,111.92
2020-06-16 07:00:00,4136001,vOuJvMaM2sgwLmb,161.40666666666667,198.34,161.40666666666667
2020-06-16 07:00:00,4136001,oZZkBaNadn6DNKz,163.07333333333335,195.64,163.07333333333335
2020-06-16 07:00:00,4136001,LYwnQax7tkwH5Cb,150.1533333333333,188.5133333333333,150.1533333333333
2020-06-16 07:00:00,4136001,81aHJ1q11NBPMrL,159.4666666666667,197.32,159.4666666666667
2020-06-16 07:00:00,4136001,WcxssY2VbP4hApt,162.4,200.70666666666668,162.4
2020-06-16 07:00:00,4136001,rrq4fwE8jgrTyWY,148.99333333333334,186.86,148.99333333333334
2020-06-16 07:00:00,4136001,Mx2yZCDsyf6DPfv,166.87999999999997,198.07857142857145,166.87999999999997
2020-06-16 07:00:00,4136001,Et9kgGMDl729KT4,149.84285714285718,174.90666666666667,149.84285714285718
2020-06-16 07:00:00,4136001,xMbIugepa2P7lBB,157.6285714285714,194.5533333333333,157.6285714285714
2020-06-16 07:00:00,4136001,LlT2YUhhzqhg5Sw,154.89333333333337,194.56,154.89333333333337
2020-06-16 07:00:00,4136001,mqwcsP2rE7J0TFp,161.95,198.09333333333333,161.95
2020-06-16 07:00:00,4136001,NgDl19wMapZy17u,160.24285714285716,196.72666666666663,160.24285714285716
2020-06-16 07:00:00,4136001,4UPUqMRk7TRMgml,166.24666666666667,198.3928571428572,166.24666666666667
2020-06-16 07:00:00,4136001,Qf4GUc1pJu5T6c6,165.40666666666664,197.40714285714287,165.40666666666664
2020-06-16 07:00:00,4136001,PeE6FRyGXUgsRhN,157.90666666666667,192.8933333333333,157.90666666666667
2020-06-16 07:00:00,4136001,xoJJ8DcxJEcupym,158.89333333333332,195.88666666666663,158.89333333333332
2020-06-16 07:00:00,4136001,9kRcWv60rDACzjR,158.23999999999998,197.28666666666663,158.23999999999998
2020-06-16 07:00:00,4136001,q49J1IKaHRwDQnt,157.05333333333334,195.06,157.05333333333334
2020-06-16 07:00:00,4136001,IQ2d7wF4YD8zU1Q,160.32142857142856,196.6133333333333,160.32142857142856
2020-06-16 07:00:00,4136001,Quc1TzYxW2pYoWX,137.57857142857142,158.92666666666668,137.57857142857142
2020-06-16 07:00:00,4136001,oZ35aAeoifZaQzV,166.45333333333332,199.5642857142857,166.45333333333332
2020-06-16 07:00:00,4136001,V94E5Ben1TlhnDV,159.86,193.30000000000004,159.86
2020-06-16 07:15:00,4136001,oZ35aAeoifZaQzV,199.5642857142857,255.42,199.5642857142857
2020-06-16 07:15:00,4136001,81aHJ1q11NBPMrL,197.32,250.6,197.32
2020-06-16 07:15:00,4136001,9kRcWv60rDACzjR,197.28666666666663,248.9,197.28666666666663
2020-06-16 07:15:00,4136001,LYwnQax7tkwH5Cb,188.5133333333333,238.6466666666667,188.5133333333333
2020-06-16 07:15:00,4136001,Mx2yZCDsyf6DPfv,198.07857142857145,252.06000000000003,198.07857142857145
2020-06-16 07:15:00,4136001,xoJJ8DcxJEcupym,195.88666666666663,249.4,195.88666666666663
2020-06-16 07:15:00,4136001,Quc1TzYxW2pYoWX,158.92666666666668,206.30666666666667,158.92666666666668
2020-06-16 07:15:00,4136001,NgDl19wMapZy17u,196.72666666666663,249.49333333333337,196.72666666666663
2020-06-16 07:15:00,4136001,rrq4fwE8jgrTyWY,186.86,235.90666666666667,186.86
2020-06-16 07:15:00,4136001,Et9kgGMDl729KT4,174.90666666666667,226.6266666666667,174.90666666666667
2020-06-16 07:15:00,4136001,Qf4GUc1pJu5T6c6,197.40714285714287,251.0133333333333,197.40714285714287
2020-06-16 07:15:00,4136001,V94E5Ben1TlhnDV,193.30000000000004,249.0928571428572,193.30000000000004
2020-06-16 07:15:00,4136001,PeE6FRyGXUgsRhN,192.8933333333333,245.35714285714283,192.8933333333333
2020-06-16 07:15:00,4136001,q49J1IKaHRwDQnt,195.06,247.5,195.06
2020-06-16 07:15:00,4136001,IQ2d7wF4YD8zU1Q,196.6133333333333,249.54,196.6133333333333
2020-06-16 07:15:00,4136001,WcxssY2VbP4hApt,200.70666666666668,253.9642857142857,200.70666666666668
2020-06-16 07:15:00,4136001,LlT2YUhhzqhg5Sw,194.56,246.4533333333333,194.56
2020-06-16 07:15:00,4136001,oZZkBaNadn6DNKz,195.64,251.27857142857144,195.64
2020-06-16 07:15:00,4136001,mqwcsP2rE7J0TFp,198.09333333333333,250.94,198.09333333333333
2020-06-16 07:15:00,4136001,xMbIugepa2P7lBB,194.5533333333333,246.82666666666668,194.5533333333333
2020-06-16 07:15:00,4136001,vOuJvMaM2sgwLmb,198.34,251.47857142857143,198.34
2020-06-16 07:15:00,4136001,4UPUqMRk7TRMgml,198.3928571428572,253.07333333333327,198.3928571428572
2020-06-16 07:30:00,4136001,PeE6FRyGXUgsRhN,245.35714285714283,285.27333333333326,245.35714285714283
2020-06-16 07:30:00,4136001,mqwcsP2rE7J0TFp,250.94,292.51333333333326,250.94
2020-06-16 07:30:00,4136001,LYwnQax7tkwH5Cb,238.6466666666667,277.20714285714286,238.6466666666667
2020-06-16 07:30:00,4136001,LlT2YUhhzqhg5Sw,246.4533333333333,286.37142857142857,246.4533333333333
2020-06-16 07:30:00,4136001,IQ2d7wF4YD8zU1Q,249.54,291.9133333333334,249.54
2020-06-16 07:30:00,4136001,9kRcWv60rDACzjR,248.9,289.39333333333326,248.9
2020-06-16 07:30:00,4136001,xoJJ8DcxJEcupym,249.4,290.7466666666668,249.4
2020-06-16 07:30:00,4136001,WcxssY2VbP4hApt,253.9642857142857,295.67999999999995,253.9642857142857
2020-06-16 07:30:00,4136001,vOuJvMaM2sgwLmb,251.47857142857143,292.87333333333333,251.47857142857143
2020-06-16 07:30:00,4136001,Qf4GUc1pJu5T6c6,251.0133333333333,293.47333333333336,251.0133333333333
2020-06-16 07:30:00,4136001,Et9kgGMDl729KT4,226.6266666666667,265.14,226.6266666666667
2020-06-16 07:30:00,4136001,V94E5Ben1TlhnDV,249.0928571428572,289.83333333333326,249.0928571428572
2020-06-16 07:30:00,4136001,oZZkBaNadn6DNKz,251.27857142857144,293.04,251.27857142857144
2020-06-16 07:30:00,4136001,4UPUqMRk7TRMgml,253.07333333333327,296.5,253.07333333333327
2020-06-16 07:30:00,4136001,Mx2yZCDsyf6DPfv,252.06000000000003,295.78,252.06000000000003
2020-06-16 07:30:00,4136001,oZ35aAeoifZaQzV,255.42,298.26666666666665,255.42
2020-06-16 07:30:00,4136001,q49J1IKaHRwDQnt,247.5,287.8357142857143,247.5
2020-06-16 07:30:00,4136001,xMbIugepa2P7lBB,246.82666666666668,288.7866666666667,246.82666666666668
2020-06-16 07:30:00,4136001,81aHJ1q11NBPMrL,250.6,292.0866666666666,250.6
2020-06-16 07:30:00,4136001,Quc1TzYxW2pYoWX,206.30666666666667,241.77333333333328,206.30666666666667
2020-06-16 07:30:00,4136001,NgDl19wMapZy17u,249.49333333333337,291.46000000000004,249.49333333333337
2020-06-16 07:30:00,4136001,rrq4fwE8jgrTyWY,235.90666666666667,273.8785714285714,235.90666666666667
2020-06-16 07:45:00,4136001,xoJJ8DcxJEcupym,290.7466666666668,360.74666666666656,290.7466666666668
2020-06-16 07:45:00,4136001,Quc1TzYxW2pYoWX,241.77333333333328,295.9866666666667,241.77333333333328
2020-06-16 07:45:00,4136001,vOuJvMaM2sgwLmb,292.87333333333333,362.3933333333334,292.87333333333333
2020-06-16 07:45:00,4136001,Qf4GUc1pJu5T6c6,293.47333333333336,363.1666666666666,293.47333333333336
2020-06-16 07:45:00,4136001,rrq4fwE8jgrTyWY,273.8785714285714,338.4466666666667,273.8785714285714
2020-06-16 07:45:00,4136001,LlT2YUhhzqhg5Sw,286.37142857142857,354.3533333333333,286.37142857142857
2020-06-16 07:45:00,4136001,V94E5Ben1TlhnDV,289.83333333333326,356.6866666666667,289.83333333333326
2020-06-16 07:45:00,4136001,xMbIugepa2P7lBB,288.7866666666667,358.83333333333337,288.7866666666667
2020-06-16 07:45:00,4136001,oZZkBaNadn6DNKz,293.04,361.5533333333333,293.04
2020-06-16 07:45:00,4136001,4UPUqMRk7TRMgml,296.5,366.47333333333336,296.5
2020-06-16 07:45:00,4136001,PeE6FRyGXUgsRhN,285.27333333333326,353.2866666666667,285.27333333333326
2020-06-16 07:45:00,4136001,NgDl19wMapZy17u,291.46000000000004,363.34,291.46000000000004
2020-06-16 07:45:00,4136001,IQ2d7wF4YD8zU1Q,291.9133333333334,363.44666666666666,291.9133333333334
2020-06-16 07:45:00,4136001,9kRcWv60rDACzjR,289.39333333333326,358.79999999999995,289.39333333333326
2020-06-16 07:45:00,4136001,oZ35aAeoifZaQzV,298.26666666666665,367.54,298.26666666666665
2020-06-16 07:45:00,4136001,Mx2yZCDsyf6DPfv,295.78,366.6,295.78
2020-06-16 07:45:00,4136001,81aHJ1q11NBPMrL,292.0866666666666,362.29333333333335,292.0866666666666
2020-06-16 07:45:00,4136001,mqwcsP2rE7J0TFp,292.51333333333326,365.0533333333333,292.51333333333326
2020-06-16 07:45:00,4136001,q49J1IKaHRwDQnt,287.8357142857143,355.3,287.8357142857143
2020-06-16 07:45:00,4136001,Et9kgGMDl729KT4,265.14,325.6133333333333,265.14
2020-06-16 07:45:00,4136001,WcxssY2VbP4hApt,295.67999999999995,366.29333333333335,295.67999999999995
2020-06-16 07:45:00,4136001,LYwnQax7tkwH5Cb,277.20714285714286,343.3066666666666,277.20714285714286
2020-06-16 08:00:00,4136001,IQ2d7wF4YD8zU1Q,363.44666666666666,447.0142857142857,363.44666666666666
2020-06-16 08:00:00,4136001,vOuJvMaM2sgwLmb,362.3933333333334,443.74,362.3933333333334
2020-06-16 08:00:00,4136001,81aHJ1q11NBPMrL,362.29333333333335,444.16,362.29333333333335
2020-06-16 08:00:00,4136001,q49J1IKaHRwDQnt,355.3,438.5199999999999,355.3
2020-06-16 08:00:00,4136001,LlT2YUhhzqhg5Sw,354.3533333333333,436.70666666666665,354.3533333333333
2020-06-16 08:00:00,4136001,Mx2yZCDsyf6DPfv,366.6,449.33333333333326,366.6
2020-06-16 08:00:00,4136001,LYwnQax7tkwH5Cb,343.3066666666666,422.17333333333335,343.3066666666666
2020-06-16 08:00:00,4136001,Qf4GUc1pJu5T6c6,363.1666666666666,449.06666666666655,363.1666666666666
2020-06-16 08:00:00,4136001,V94E5Ben1TlhnDV,356.6866666666667,435.9333333333333,356.6866666666667
2020-06-16 08:00:00,4136001,PeE6FRyGXUgsRhN,353.2866666666667,430.6333333333334,353.2866666666667
2020-06-16 08:00:00,4136001,mqwcsP2rE7J0TFp,365.0533333333333,446.9500000000001,365.0533333333333
2020-06-16 08:00:00,4136001,9kRcWv60rDACzjR,358.79999999999995,441.3466666666666,358.79999999999995
2020-06-16 08:00:00,4136001,Et9kgGMDl729KT4,325.6133333333333,397.1,325.6133333333333
2020-06-16 08:00:00,4136001,rrq4fwE8jgrTyWY,338.4466666666667,417.6133333333333,338.4466666666667
2020-06-16 08:00:00,4136001,WcxssY2VbP4hApt,366.29333333333335,451.9866666666666,366.29333333333335
2020-06-16 08:00:00,4136001,Quc1TzYxW2pYoWX,295.9866666666667,361.88666666666666,295.9866666666667
2020-06-16 08:00:00,4136001,NgDl19wMapZy17u,363.34,446.05,363.34
2020-06-16 08:00:00,4136001,xoJJ8DcxJEcupym,360.74666666666656,439.38,360.74666666666656
2020-06-16 08:00:00,4136001,oZZkBaNadn6DNKz,361.5533333333333,440.62666666666667,361.5533333333333
2020-06-16 08:00:00,4136001,xMbIugepa2P7lBB,358.83333333333337,441.8,358.83333333333337
2020-06-16 08:00:00,4136001,4UPUqMRk7TRMgml,366.47333333333336,451.9333333333333,366.47333333333336
2020-06-16 08:00:00,4136001,oZ35aAeoifZaQzV,367.54,450.64666666666665,367.54
2020-06-16 08:15:00,4136001,9kRcWv60rDACzjR,441.3466666666666,489.9714285714285,441.3466666666666
2020-06-16 08:15:00,4136001,rrq4fwE8jgrTyWY,417.6133333333333,465.7266666666666,417.6133333333333
2020-06-16 08:15:00,4136001,LYwnQax7tkwH5Cb,422.17333333333335,471.77333333333326,422.17333333333335
2020-06-16 08:15:00,4136001,NgDl19wMapZy17u,446.05,495.36,446.05
2020-06-16 08:15:00,4136001,oZ35aAeoifZaQzV,450.64666666666665,502.20714285714286,450.64666666666665
2020-06-16 08:15:00,4136001,Qf4GUc1pJu5T6c6,449.06666666666655,500.04285714285714,449.06666666666655
2020-06-16 08:15:00,4136001,V94E5Ben1TlhnDV,435.9333333333333,487.21333333333325,435.9333333333333
2020-06-16 08:15:00,4136001,Mx2yZCDsyf6DPfv,449.33333333333326,498.95714285714286,449.33333333333326
2020-06-16 08:15:00,4136001,LlT2YUhhzqhg5Sw,436.70666666666665,486.6533333333333,436.70666666666665
2020-06-16 08:15:00,4136001,q49J1IKaHRwDQnt,438.5199999999999,487.12,438.5199999999999
2020-06-16 08:15:00,4136001,Quc1TzYxW2pYoWX,361.88666666666666,406.41333333333336,361.88666666666666
2020-06-16 08:15:00,4136001,WcxssY2VbP4hApt,451.9866666666666,499.9857142857143,451.9866666666666
2020-06-16 08:15:00,4136001,PeE6FRyGXUgsRhN,430.6333333333334,481.2000000000001,430.6333333333334
2020-06-16 08:15:00,4136001,Et9kgGMDl729KT4,397.1,444.44,397.1
2020-06-16 08:15:00,4136001,4UPUqMRk7TRMgml,451.9333333333333,502.4857142857143,451.9333333333333
2020-06-16 08:15:00,4136001,vOuJvMaM2sgwLmb,443.74,494.7714285714285,443.74
2020-06-16 08:15:00,4136001,xMbIugepa2P7lBB,441.8,490.3666666666666,441.8
2020-06-16 08:15:00,4136001,IQ2d7wF4YD8zU1Q,447.0142857142857,495.8,447.0142857142857
2020-06-16 08:15:00,4136001,xoJJ8DcxJEcupym,439.38,491.9066666666666,439.38
2020-06-16 08:15:00,4136001,oZZkBaNadn6DNKz,440.62666666666667,491.7533333333333,440.62666666666667
2020-06-16 08:15:00,4136001,mqwcsP2rE7J0TFp,446.9500000000001,497.76666666666665,446.9500000000001
2020-06-16 08:15:00,4136001,81aHJ1q11NBPMrL,444.16,494.4714285714285,444.16
2020-06-16 08:30:00,4136001,xMbIugepa2P7lBB,490.3666666666666,505.0933333333333,490.3666666666666
2020-06-16 08:30:00,4136001,Et9kgGMDl729KT4,444.44,447.75,444.44
2020-06-16 08:30:00,4136001,oZ35aAeoifZaQzV,502.20714285714286,508.2466666666667,502.20714285714286
2020-06-16 08:30:00,4136001,PeE6FRyGXUgsRhN,481.2000000000001,489.07857142857137,481.2000000000001
2020-06-16 08:30:00,4136001,Qf4GUc1pJu5T6c6,500.04285714285714,510.0,500.04285714285714
2020-06-16 08:30:00,4136001,WcxssY2VbP4hApt,499.9857142857143,511.2000000000001,499.9857142857143
2020-06-16 08:30:00,4136001,rrq4fwE8jgrTyWY,465.7266666666666,477.52857142857135,465.7266666666666
2020-06-16 08:30:00,4136001,V94E5Ben1TlhnDV,487.21333333333325,492.7214285714285,487.21333333333325
2020-06-16 08:30:00,4136001,81aHJ1q11NBPMrL,494.4714285714285,504.14,494.4714285714285
2020-06-16 08:30:00,4136001,NgDl19wMapZy17u,495.36,511.77333333333326,495.36
2020-06-16 08:30:00,4136001,LlT2YUhhzqhg5Sw,486.6533333333333,498.1428571428572,486.6533333333333
2020-06-16 08:30:00,4136001,q49J1IKaHRwDQnt,487.12,498.9357142857143,487.12
2020-06-16 08:30:00,4136001,mqwcsP2rE7J0TFp,497.76666666666665,513.94,497.76666666666665
2020-06-16 08:30:00,4136001,Mx2yZCDsyf6DPfv,498.95714285714286,508.7866666666666,498.95714285714286
2020-06-16 08:30:00,4136001,Quc1TzYxW2pYoWX,406.41333333333336,407.14285714285705,406.41333333333336
2020-06-16 08:30:00,4136001,xoJJ8DcxJEcupym,491.9066666666666,499.9071428571429,491.9066666666666
2020-06-16 08:30:00,4136001,oZZkBaNadn6DNKz,491.7533333333333,498.35,491.7533333333333
2020-06-16 08:30:00,4136001,vOuJvMaM2sgwLmb,494.7714285714285,503.3066666666666,494.7714285714285
2020-06-16 08:30:00,4136001,4UPUqMRk7TRMgml,502.4857142857143,510.56000000000006,502.4857142857143
2020-06-16 08:30:00,4136001,9kRcWv60rDACzjR,489.9714285714285,500.5333333333333,489.9714285714285
2020-06-16 08:30:00,4136001,IQ2d7wF4YD8zU1Q,495.8,511.8200000000001,495.8
2020-06-16 08:30:00,4136001,LYwnQax7tkwH5Cb,471.77333333333326,482.9071428571429,471.77333333333326
2020-06-16 08:45:00,4136001,Quc1TzYxW2pYoWX,407.14285714285705,453.71333333333337,407.14285714285705
2020-06-16 08:45:00,4136001,4UPUqMRk7TRMgml,510.56000000000006,557.4866666666667,510.56000000000006
2020-06-16 08:45:00,4136001,81aHJ1q11NBPMrL,504.14,530.72,504.14
2020-06-16 08:45:00,4136001,V94E5Ben1TlhnDV,492.7214285714285,526.0066666666667,492.7214285714285
2020-06-16 08:45:00,4136001,9kRcWv60rDACzjR,500.5333333333333,524.7666666666667,500.5333333333333
2020-06-16 08:45:00,4136001,Mx2yZCDsyf6DPfv,508.7866666666666,553.9533333333334,508.7866666666666
2020-06-16 08:45:00,4136001,PeE6FRyGXUgsRhN,489.07857142857137,526.1266666666668,489.07857142857137
2020-06-16 08:45:00,4136001,vOuJvMaM2sgwLmb,503.3066666666666,535.3066666666666,503.3066666666666
2020-06-16 08:45:00,4136001,WcxssY2VbP4hApt,511.2000000000001,541.5533333333333,511.2000000000001
2020-06-16 08:45:00,4136001,mqwcsP2rE7J0TFp,513.94,545.0266666666665,513.94
2020-06-16 08:45:00,4136001,LlT2YUhhzqhg5Sw,498.1428571428572,520.06,498.1428571428572
2020-06-16 08:45:00,4136001,NgDl19wMapZy17u,511.77333333333326,542.9000000000001,511.77333333333326
2020-06-16 08:45:00,4136001,xoJJ8DcxJEcupym,499.9071428571429,527.3866666666667,499.9071428571429
2020-06-16 08:45:00,4136001,oZZkBaNadn6DNKz,498.35,538.32,498.35
2020-06-16 08:45:00,4136001,rrq4fwE8jgrTyWY,477.52857142857135,502.97333333333336,477.52857142857135
2020-06-16 08:45:00,4136001,IQ2d7wF4YD8zU1Q,511.8200000000001,543.6333333333333,511.8200000000001
2020-06-16 08:45:00,4136001,oZ35aAeoifZaQzV,508.2466666666667,554.5933333333332,508.2466666666667
2020-06-16 08:45:00,4136001,q49J1IKaHRwDQnt,498.9357142857143,526.6333333333334,498.9357142857143
2020-06-16 08:45:00,4136001,Et9kgGMDl729KT4,447.75,495.16,447.75
2020-06-16 08:45:00,4136001,LYwnQax7tkwH5Cb,482.9071428571429,506.48,482.9071428571429
2020-06-16 08:45:00,4136001,xMbIugepa2P7lBB,505.0933333333333,497.9733333333333,505.0933333333333
2020-06-16 08:45:00,4136001,Qf4GUc1pJu5T6c6,510.0,555.1666666666669,510.0
2020-06-16 09:00:00,4136001,PeE6FRyGXUgsRhN,526.1266666666668,410.94,526.1266666666668
2020-06-16 09:00:00,4136001,oZ35aAeoifZaQzV,554.5933333333332,442.83333333333326,554.5933333333332
2020-06-16 09:00:00,4136001,NgDl19wMapZy17u,542.9000000000001,443.31428571428575,542.9000000000001
2020-06-16 09:00:00,4136001,WcxssY2VbP4hApt,541.5533333333333,430.26666666666654,541.5533333333333
2020-06-16 09:00:00,4136001,81aHJ1q11NBPMrL,530.72,415.14,530.72
2020-06-16 09:00:00,4136001,4UPUqMRk7TRMgml,557.4866666666667,451.8,557.4866666666667
2020-06-16 09:00:00,4136001,vOuJvMaM2sgwLmb,535.3066666666666,421.2466666666666,535.3066666666666
2020-06-16 09:00:00,4136001,xoJJ8DcxJEcupym,527.3866666666667,405.18,527.3866666666667
2020-06-16 09:00:00,4136001,oZZkBaNadn6DNKz,538.32,415.0,538.32
2020-06-16 09:00:00,4136001,LYwnQax7tkwH5Cb,506.48,368.18666666666667,506.48
2020-06-16 09:00:00,4136001,9kRcWv60rDACzjR,524.7666666666667,417.12,524.7666666666667
2020-06-16 09:00:00,4136001,mqwcsP2rE7J0TFp,545.0266666666665,451.91428571428565,545.0266666666665
2020-06-16 09:00:00,4136001,Quc1TzYxW2pYoWX,453.71333333333337,352.6533333333333,453.71333333333337
2020-06-16 09:00:00,4136001,Mx2yZCDsyf6DPfv,553.9533333333334,444.09333333333336,553.9533333333334
2020-06-16 09:00:00,4136001,xMbIugepa2P7lBB,497.9733333333333,429.56428571428575,497.9733333333333
2020-06-16 09:00:00,4136001,LlT2YUhhzqhg5Sw,520.06,412.64666666666665,520.06
2020-06-16 09:00:00,4136001,Et9kgGMDl729KT4,495.16,383.54,495.16
2020-06-16 09:00:00,4136001,IQ2d7wF4YD8zU1Q,543.6333333333333,442.85,543.6333333333333
2020-06-16 09:00:00,4136001,V94E5Ben1TlhnDV,526.0066666666667,401.4333333333333,526.0066666666667
2020-06-16 09:00:00,4136001,rrq4fwE8jgrTyWY,502.97333333333336,404.78,502.97333333333336
2020-06-16 09:00:00,4136001,q49J1IKaHRwDQnt,526.6333333333334,421.39333333333326,526.6333333333334
2020-06-16 09:00:00,4136001,Qf4GUc1pJu5T6c6,555.1666666666669,458.50666666666666,555.1666666666669
2020-06-16 09:15:00,4136001,IQ2d7wF4YD8zU1Q,442.85,578.0200000000001,442.85
2020-06-16 09:15:00,4136001,oZZkBaNadn6DNKz,415.0,552.8466666666667,415.0
2020-06-16 09:15:00,4136001,PeE6FRyGXUgsRhN,410.94,545.02,410.94
2020-06-16 09:15:00,4136001,Quc1TzYxW2pYoWX,352.6533333333333,461.64,352.6533333333333
2020-06-16 09:15:00,4136001,NgDl19wMapZy17u,443.31428571428575,578.7333333333333,443.31428571428575
2020-06-16 09:15:00,4136001,q49J1IKaHRwDQnt,421.39333333333326,557.9,421.39333333333326
2020-06-16 09:15:00,4136001,rrq4fwE8jgrTyWY,404.78,536.8266666666666,404.78
2020-06-16 09:15:00,4136001,xMbIugepa2P7lBB,429.56428571428575,566.8866666666668,429.56428571428575
2020-06-16 09:15:00,4136001,Qf4GUc1pJu5T6c6,458.50666666666666,583.492857142857,458.50666666666666
2020-06-16 09:15:00,4136001,WcxssY2VbP4hApt,430.26666666666654,570.56,430.26666666666654
2020-06-16 09:15:00,4136001,Mx2yZCDsyf6DPfv,444.09333333333336,571.9857142857143,444.09333333333336
2020-06-16 09:15:00,4136001,vOuJvMaM2sgwLmb,421.2466666666666,559.0466666666667,421.2466666666666
2020-06-16 09:15:00,4136001,xoJJ8DcxJEcupym,405.18,546.1466666666666,405.18
2020-06-16 09:15:00,4136001,LYwnQax7tkwH5Cb,368.18666666666667,540.8066666666666,368.18666666666667
2020-06-16 09:15:00,4136001,9kRcWv60rDACzjR,417.12,556.9533333333333,417.12
2020-06-16 09:15:00,4136001,Et9kgGMDl729KT4,383.54,504.56666666666666,383.54
2020-06-16 09:15:00,4136001,4UPUqMRk7TRMgml,451.8,579.8285714285713,451.8
2020-06-16 09:15:00,4136001,V94E5Ben1TlhnDV,401.4333333333333,540.5133333333333,401.4333333333333
2020-06-16 09:15:00,4136001,81aHJ1q11NBPMrL,415.14,556.1533333333332,415.14
2020-06-16 09:15:00,4136001,oZ35aAeoifZaQzV,442.83333333333326,574.8714285714285,442.83333333333326
2020-06-16 09:15:00,4136001,LlT2YUhhzqhg5Sw,412.64666666666665,554.5,412.64666666666665
2020-06-16 09:15:00,4136001,mqwcsP2rE7J0TFp,451.91428571428565,583.6533333333333,451.91428571428565
2020-06-16 09:30:00,4136001,NgDl19wMapZy17u,578.7333333333333,621.3733333333333,578.7333333333333
2020-06-16 09:30:00,4136001,q49J1IKaHRwDQnt,557.9,614.54,557.9
2020-06-16 09:30:00,4136001,Qf4GUc1pJu5T6c6,583.492857142857,641.3666666666667,583.492857142857
2020-06-16 09:30:00,4136001,vOuJvMaM2sgwLmb,559.0466666666667,638.6214285714286,559.0466666666667
2020-06-16 09:30:00,4136001,LlT2YUhhzqhg5Sw,554.5,611.0133333333333,554.5
2020-06-16 09:30:00,4136001,9kRcWv60rDACzjR,556.9533333333333,620.592857142857,556.9533333333333
2020-06-16 09:30:00,4136001,rrq4fwE8jgrTyWY,536.8266666666666,581.9599999999999,536.8266666666666
2020-06-16 09:30:00,4136001,Et9kgGMDl729KT4,504.56666666666666,581.24,504.56666666666666
2020-06-16 09:30:00,4136001,oZZkBaNadn6DNKz,552.8466666666667,640.2466666666668,552.8466666666667
2020-06-16 09:30:00,4136001,IQ2d7wF4YD8zU1Q,578.0200000000001,623.2000000000002,578.0200000000001
2020-06-16 09:30:00,4136001,V94E5Ben1TlhnDV,540.5133333333333,629.6866666666666,540.5133333333333
2020-06-16 09:30:00,4136001,Mx2yZCDsyf6DPfv,571.9857142857143,644.3,571.9857142857143
2020-06-16 09:30:00,4136001,WcxssY2VbP4hApt,570.56,640.942857142857,570.56
2020-06-16 09:30:00,4136001,xoJJ8DcxJEcupym,546.1466666666666,635.22,546.1466666666666
2020-06-16 09:30:00,4136001,LYwnQax7tkwH5Cb,540.8066666666666,591.1866666666667,540.8066666666666
2020-06-16 09:30:00,4136001,Quc1TzYxW2pYoWX,461.64,532.9933333333336,461.64
2020-06-16 09:30:00,4136001,4UPUqMRk7TRMgml,579.8285714285713,649.4866666666667,579.8285714285713
2020-06-16 09:30:00,4136001,mqwcsP2rE7J0TFp,583.6533333333333,620.9866666666667,583.6533333333333
2020-06-16 09:30:00,4136001,PeE6FRyGXUgsRhN,545.02,627.3733333333333,545.02
2020-06-16 09:30:00,4136001,xMbIugepa2P7lBB,566.8866666666668,616.2533333333333,566.8866666666668
2020-06-16 09:30:00,4136001,81aHJ1q11NBPMrL,556.1533333333332,635.9785714285715,556.1533333333332
2020-06-16 09:30:00,4136001,oZ35aAeoifZaQzV,574.8714285714285,650.8133333333333,574.8714285714285
2020-06-16 09:45:00,4136001,IQ2d7wF4YD8zU1Q,623.2000000000002,656.1666666666665,623.2000000000002
2020-06-16 09:45:00,4136001,oZ35aAeoifZaQzV,650.8133333333333,675.0066666666668,650.8133333333333
2020-06-16 09:45:00,4136001,xMbIugepa2P7lBB,616.2533333333333,652.5600000000001,616.2533333333333
2020-06-16 09:45:00,4136001,q49J1IKaHRwDQnt,614.54,650.0428571428571,614.54
2020-06-16 09:45:00,4136001,xoJJ8DcxJEcupym,635.22,670.3714285714289,635.22
2020-06-16 09:45:00,4136001,vOuJvMaM2sgwLmb,638.6214285714286,668.8066666666667,638.6214285714286
2020-06-16 09:45:00,4136001,NgDl19wMapZy17u,621.3733333333333,655.4333333333334,621.3733333333333
2020-06-16 09:45:00,4136001,Et9kgGMDl729KT4,581.24,608.98,581.24
2020-06-16 09:45:00,4136001,WcxssY2VbP4hApt,640.942857142857,671.5533333333333,640.942857142857
2020-06-16 09:45:00,4136001,mqwcsP2rE7J0TFp,620.9866666666667,653.0133333333334,620.9866666666667
2020-06-16 09:45:00,4136001,rrq4fwE8jgrTyWY,581.9599999999999,618.6500000000001,581.9599999999999
2020-06-16 09:45:00,4136001,LlT2YUhhzqhg5Sw,611.0133333333333,652.7357142857142,611.0133333333333
2020-06-16 09:45:00,4136001,Quc1TzYxW2pYoWX,532.9933333333336,555.5733333333334,532.9933333333336
2020-06-16 09:45:00,4136001,Qf4GUc1pJu5T6c6,641.3666666666667,658.3933333333333,641.3666666666667
2020-06-16 09:45:00,4136001,oZZkBaNadn6DNKz,640.2466666666668,674.6785714285713,640.2466666666668
2020-06-16 09:45:00,4136001,9kRcWv60rDACzjR,620.592857142857,656.2866666666665,620.592857142857
2020-06-16 09:45:00,4136001,PeE6FRyGXUgsRhN,627.3733333333333,655.65,627.3733333333333
2020-06-16 09:45:00,4136001,Mx2yZCDsyf6DPfv,644.3,669.1666666666665,644.3
2020-06-16 09:45:00,4136001,V94E5Ben1TlhnDV,629.6866666666666,673.2071428571428,629.6866666666666
2020-06-16 09:45:00,4136001,81aHJ1q11NBPMrL,635.9785714285715,669.3133333333333,635.9785714285715
2020-06-16 09:45:00,4136001,4UPUqMRk7TRMgml,649.4866666666667,667.8866666666667,649.4866666666667
2020-06-16 09:45:00,4136001,LYwnQax7tkwH5Cb,591.1866666666667,630.35,591.1866666666667
2020-06-16 10:00:00,4136001,xoJJ8DcxJEcupym,670.3714285714289,765.4466666666666,670.3714285714289
2020-06-16 10:00:00,4136001,LYwnQax7tkwH5Cb,630.35,734.1533333333333,630.35
2020-06-16 10:00:00,4136001,V94E5Ben1TlhnDV,673.2071428571428,755.0066666666665,673.2071428571428
2020-06-16 10:00:00,4136001,q49J1IKaHRwDQnt,650.0428571428571,747.1799999999998,650.0428571428571
2020-06-16 10:00:00,4136001,4UPUqMRk7TRMgml,667.8866666666667,770.4666666666667,667.8866666666667
2020-06-16 10:00:00,4136001,vOuJvMaM2sgwLmb,668.8066666666667,762.66,668.8066666666667
2020-06-16 10:00:00,4136001,Qf4GUc1pJu5T6c6,658.3933333333333,762.1,658.3933333333333
2020-06-16 10:00:00,4136001,Et9kgGMDl729KT4,608.98,678.2533333333334,608.98
2020-06-16 10:00:00,4136001,IQ2d7wF4YD8zU1Q,656.1666666666665,767.6066666666668,656.1666666666665
2020-06-16 10:00:00,4136001,xMbIugepa2P7lBB,652.5600000000001,759.3066666666666,652.5600000000001
2020-06-16 10:00:00,4136001,Quc1TzYxW2pYoWX,555.5733333333334,611.5400000000001,555.5733333333334
2020-06-16 10:00:00,4136001,NgDl19wMapZy17u,655.4333333333334,766.0399999999998,655.4333333333334
2020-06-16 10:00:00,4136001,PeE6FRyGXUgsRhN,655.65,752.2799999999999,655.65
2020-06-16 10:00:00,4136001,81aHJ1q11NBPMrL,669.3133333333333,764.1533333333333,669.3133333333333
2020-06-16 10:00:00,4136001,WcxssY2VbP4hApt,671.5533333333333,767.4933333333332,671.5533333333333
2020-06-16 10:00:00,4136001,oZZkBaNadn6DNKz,674.6785714285713,759.98,674.6785714285713
2020-06-16 10:00:00,4136001,rrq4fwE8jgrTyWY,618.6500000000001,726.2600000000001,618.6500000000001
2020-06-16 10:00:00,4136001,oZ35aAeoifZaQzV,675.0066666666668,769.12,675.0066666666668
2020-06-16 10:00:00,4136001,LlT2YUhhzqhg5Sw,652.7357142857142,752.42,652.7357142857142
2020-06-16 10:00:00,4136001,mqwcsP2rE7J0TFp,653.0133333333334,763.5466666666667,653.0133333333334
2020-06-16 10:00:00,4136001,9kRcWv60rDACzjR,656.2866666666665,753.9000000000002,656.2866666666665
2020-06-16 10:00:00,4136001,Mx2yZCDsyf6DPfv,669.1666666666665,768.9599999999998,669.1666666666665
2020-06-16 10:15:00,4136001,oZ35aAeoifZaQzV,769.12,697.76,769.12
2020-06-16 10:15:00,4136001,NgDl19wMapZy17u,766.0399999999998,664.6214285714285,766.0399999999998
2020-06-16 10:15:00,4136001,4UPUqMRk7TRMgml,770.4666666666667,699.9666666666666,770.4666666666667
2020-06-16 10:15:00,4136001,oZZkBaNadn6DNKz,759.98,684.7133333333334,759.98
2020-06-16 10:15:00,4136001,9kRcWv60rDACzjR,753.9000000000002,666.44,753.9000000000002
2020-06-16 10:15:00,4136001,LYwnQax7tkwH5Cb,734.1533333333333,633.7266666666667,734.1533333333333
2020-06-16 10:15:00,4136001,V94E5Ben1TlhnDV,755.0066666666665,676.1066666666667,755.0066666666665
2020-06-16 10:15:00,4136001,Qf4GUc1pJu5T6c6,762.1,693.1000000000001,762.1
2020-06-16 10:15:00,4136001,IQ2d7wF4YD8zU1Q,767.6066666666668,667.9642857142857,767.6066666666668
2020-06-16 10:15:00,4136001,PeE6FRyGXUgsRhN,752.2799999999999,666.5,752.2799999999999
2020-06-16 10:15:00,4136001,vOuJvMaM2sgwLmb,762.66,678.4533333333333,762.66
2020-06-16 10:15:00,4136001,rrq4fwE8jgrTyWY,726.2600000000001,623.4133333333333,726.2600000000001
2020-06-16 10:15:00,4136001,Mx2yZCDsyf6DPfv,768.9599999999998,695.9200000000001,768.9599999999998
2020-06-16 10:15:00,4136001,Et9kgGMDl729KT4,678.2533333333334,622.0933333333332,678.2533333333334
2020-06-16 10:15:00,4136001,81aHJ1q11NBPMrL,764.1533333333333,678.8333333333334,764.1533333333333
2020-06-16 10:15:00,4136001,WcxssY2VbP4hApt,767.4933333333332,681.92,767.4933333333332
2020-06-16 10:15:00,4136001,xMbIugepa2P7lBB,759.3066666666666,656.3142857142857,759.3066666666666
2020-06-16 10:15:00,4136001,mqwcsP2rE7J0TFp,763.5466666666667,664.1428571428572,763.5466666666667
2020-06-16 10:15:00,4136001,Quc1TzYxW2pYoWX,611.5400000000001,567.3,611.5400000000001
2020-06-16 10:15:00,4136001,q49J1IKaHRwDQnt,747.1799999999998,652.4666666666667,747.1799999999998
2020-06-16 10:15:00,4136001,LlT2YUhhzqhg5Sw,752.42,655.5066666666665,752.42
2020-06-16 10:15:00,4136001,xoJJ8DcxJEcupym,765.4466666666666,676.0666666666666,765.4466666666666
2020-06-16 10:30:00,4136001,WcxssY2VbP4hApt,681.92,705.2133333333334,681.92
2020-06-16 10:30:00,4136001,V94E5Ben1TlhnDV,676.1066666666667,708.92,676.1066666666667
2020-06-16 10:30:00,4136001,Quc1TzYxW2pYoWX,567.3,638.4714285714288,567.3
2020-06-16 10:30:00,4136001,IQ2d7wF4YD8zU1Q,667.9642857142857,707.2199999999999,667.9642857142857
2020-06-16 10:30:00,4136001,81aHJ1q11NBPMrL,678.8333333333334,698.02,678.8333333333334
2020-06-16 10:30:00,4136001,rrq4fwE8jgrTyWY,623.4133333333333,629.16,623.4133333333333
2020-06-16 10:30:00,4136001,xoJJ8DcxJEcupym,676.0666666666666,707.6066666666666,676.0666666666666
2020-06-16 10:30:00,4136001,vOuJvMaM2sgwLmb,678.4533333333333,706.0933333333335,678.4533333333333
2020-06-16 10:30:00,4136001,xMbIugepa2P7lBB,656.3142857142857,696.0733333333334,656.3142857142857
2020-06-16 10:30:00,4136001,4UPUqMRk7TRMgml,699.9666666666666,773.1857142857142,699.9666666666666
2020-06-16 10:30:00,4136001,Mx2yZCDsyf6DPfv,695.9200000000001,763.8142857142858,695.9200000000001
2020-06-16 10:30:00,4136001,LYwnQax7tkwH5Cb,633.7266666666667,635.4933333333332,633.7266666666667
2020-06-16 10:30:00,4136001,PeE6FRyGXUgsRhN,666.5,705.0866666666666,666.5
2020-06-16 10:30:00,4136001,oZ35aAeoifZaQzV,697.76,762.3642857142858,697.76
2020-06-16 10:30:00,4136001,q49J1IKaHRwDQnt,652.4666666666667,676.4933333333332,652.4666666666667
2020-06-16 10:30:00,4136001,NgDl19wMapZy17u,664.6214285714285,702.24,664.6214285714285
2020-06-16 10:30:00,4136001,LlT2YUhhzqhg5Sw,655.5066666666665,662.7533333333334,655.5066666666665
2020-06-16 10:30:00,4136001,oZZkBaNadn6DNKz,684.7133333333334,720.7199999999998,684.7133333333334
2020-06-16 10:30:00,4136001,Qf4GUc1pJu5T6c6,693.1000000000001,770.3785714285715,693.1000000000001
2020-06-16 10:30:00,4136001,9kRcWv60rDACzjR,666.44,673.2466666666666,666.44
2020-06-16 10:30:00,4136001,mqwcsP2rE7J0TFp,664.1428571428572,696.9866666666667,664.1428571428572
2020-06-16 10:30:00,4136001,Et9kgGMDl729KT4,622.0933333333332,678.7214285714288,622.0933333333332
2020-06-16 10:45:00,4136001,PeE6FRyGXUgsRhN,705.0866666666666,646.1214285714286,705.0866666666666
2020-06-16 10:45:00,4136001,xoJJ8DcxJEcupym,707.6066666666666,658.4714285714285,707.6066666666666
2020-06-16 10:45:00,4136001,LYwnQax7tkwH5Cb,635.4933333333332,611.7466666666667,635.4933333333332
2020-06-16 10:45:00,4136001,q49J1IKaHRwDQnt,676.4933333333332,635.5266666666665,676.4933333333332
2020-06-16 10:45:00,4136001,xMbIugepa2P7lBB,696.0733333333334,641.62,696.0733333333334
2020-06-16 10:45:00,4136001,vOuJvMaM2sgwLmb,706.0933333333335,663.6071428571429,706.0933333333335
2020-06-16 10:45:00,4136001,oZZkBaNadn6DNKz,720.7199999999998,661.2785714285714,720.7199999999998
2020-06-16 10:45:00,4136001,4UPUqMRk7TRMgml,773.1857142857142,677.1466666666666,773.1857142857142
2020-06-16 10:45:00,4136001,LlT2YUhhzqhg5Sw,662.7533333333334,633.34,662.7533333333334
2020-06-16 10:45:00,4136001,Et9kgGMDl729KT4,678.7214285714288,599.3066666666667,678.7214285714288
2020-06-16 10:45:00,4136001,rrq4fwE8jgrTyWY,629.16,604.5666666666667,629.16
2020-06-16 10:45:00,4136001,mqwcsP2rE7J0TFp,696.9866666666667,649.46,696.9866666666667
2020-06-16 10:45:00,4136001,oZ35aAeoifZaQzV,762.3642857142858,672.82,762.3642857142858
2020-06-16 10:45:00,4136001,Quc1TzYxW2pYoWX,638.4714285714288,553.4266666666668,638.4714285714288
2020-06-16 10:45:00,4136001,IQ2d7wF4YD8zU1Q,707.2199999999999,652.4933333333332,707.2199999999999
2020-06-16 10:45:00,4136001,Mx2yZCDsyf6DPfv,763.8142857142858,669.4866666666667,763.8142857142858
2020-06-16 10:45:00,4136001,NgDl19wMapZy17u,702.24,650.7133333333333,702.24
2020-06-16 10:45:00,4136001,V94E5Ben1TlhnDV,708.92,653.6999999999999,708.92
2020-06-16 10:45:00,4136001,9kRcWv60rDACzjR,673.2466666666666,647.4285714285713,673.2466666666666
2020-06-16 10:45:00,4136001,WcxssY2VbP4hApt,705.2133333333334,667.0,705.2133333333334
2020-06-16 10:45:00,4136001,81aHJ1q11NBPMrL,698.02,661.2928571428573,698.02
2020-06-16 10:45:00,4136001,Qf4GUc1pJu5T6c6,770.3785714285715,674.1800000000001,770.3785714285715
2020-06-16 11:00:00,4136001,oZZkBaNadn6DNKz,661.2785714285714,724.2933333333333,661.2785714285714
2020-06-16 11:00:00,4136001,81aHJ1q11NBPMrL,661.2928571428573,724.8266666666666,661.2928571428573
2020-06-16 11:00:00,4136001,4UPUqMRk7TRMgml,677.1466666666666,780.7133333333331,677.1466666666666
2020-06-16 11:00:00,4136001,vOuJvMaM2sgwLmb,663.6071428571429,738.74,663.6071428571429
2020-06-16 11:00:00,4136001,V94E5Ben1TlhnDV,653.6999999999999,696.9,653.6999999999999
2020-06-16 11:00:00,4136001,PeE6FRyGXUgsRhN,646.1214285714286,713.8133333333334,646.1214285714286
2020-06-16 11:00:00,4136001,WcxssY2VbP4hApt,667.0,735.9133333333333,667.0
2020-06-16 11:00:00,4136001,9kRcWv60rDACzjR,647.4285714285713,705.2933333333334,647.4285714285713
2020-06-16 11:00:00,4136001,LlT2YUhhzqhg5Sw,633.34,690.0357142857143,633.34
2020-06-16 11:00:00,4136001,Et9kgGMDl729KT4,599.3066666666667,691.5333333333334,599.3066666666667
2020-06-16 11:00:00,4136001,mqwcsP2rE7J0TFp,649.46,772.4866666666666,649.46
2020-06-16 11:00:00,4136001,oZ35aAeoifZaQzV,672.82,770.1533333333333,672.82
2020-06-16 11:00:00,4136001,xoJJ8DcxJEcupym,658.4714285714285,716.42,658.4714285714285
2020-06-16 11:00:00,4136001,Mx2yZCDsyf6DPfv,669.4866666666667,768.8933333333334,669.4866666666667
2020-06-16 11:00:00,4136001,Qf4GUc1pJu5T6c6,674.1800000000001,787.1933333333334,674.1800000000001
2020-06-16 11:00:00,4136001,q49J1IKaHRwDQnt,635.5266666666665,708.9857142857142,635.5266666666665
2020-06-16 11:00:00,4136001,IQ2d7wF4YD8zU1Q,652.4933333333332,761.5866666666667,652.4933333333332
2020-06-16 11:00:00,4136001,LYwnQax7tkwH5Cb,611.7466666666667,674.0642857142857,611.7466666666667
2020-06-16 11:00:00,4136001,xMbIugepa2P7lBB,641.62,738.9066666666665,641.62
2020-06-16 11:00:00,4136001,NgDl19wMapZy17u,650.7133333333333,760.0266666666665,650.7133333333333
2020-06-16 11:00:00,4136001,rrq4fwE8jgrTyWY,604.5666666666667,681.3928571428571,604.5666666666667
2020-06-16 11:00:00,4136001,Quc1TzYxW2pYoWX,553.4266666666668,642.7,553.4266666666668
2020-06-16 11:15:00,4136001,V94E5Ben1TlhnDV,696.9,1069.9066666666668,696.9
2020-06-16 11:15:00,4136001,4UPUqMRk7TRMgml,780.7133333333331,882.6266666666666,780.7133333333331
2020-06-16 11:15:00,4136001,Mx2yZCDsyf6DPfv,768.8933333333334,877.06,768.8933333333334
2020-06-16 11:15:00,4136001,9kRcWv60rDACzjR,705.2933333333334,1080.2599999999998,705.2933333333334
2020-06-16 11:15:00,4136001,NgDl19wMapZy17u,760.0266666666665,1089.86,760.0266666666665
2020-06-16 11:15:00,4136001,PeE6FRyGXUgsRhN,713.8133333333334,1070.94,713.8133333333334
2020-06-16 11:15:00,4136001,mqwcsP2rE7J0TFp,772.4866666666666,1073.6666666666663,772.4866666666666
2020-06-16 11:15:00,4136001,WcxssY2VbP4hApt,735.9133333333333,1105.5933333333332,735.9133333333333
2020-06-16 11:15:00,4136001,81aHJ1q11NBPMrL,724.8266666666666,1101.6933333333336,724.8266666666666
2020-06-16 11:15:00,4136001,Et9kgGMDl729KT4,691.5333333333334,776.8266666666667,691.5333333333334
2020-06-16 11:15:00,4136001,oZZkBaNadn6DNKz,724.2933333333333,1082.2333333333331,724.2933333333333
2020-06-16 11:15:00,4136001,Quc1TzYxW2pYoWX,642.7,641.5466666666667,642.7
2020-06-16 11:15:00,4136001,IQ2d7wF4YD8zU1Q,761.5866666666667,1094.3133333333333,761.5866666666667
2020-06-16 11:15:00,4136001,xoJJ8DcxJEcupym,716.42,1098.2066666666665,716.42
2020-06-16 11:15:00,4136001,q49J1IKaHRwDQnt,708.9857142857142,1070.5000000000002,708.9857142857142
2020-06-16 11:15:00,4136001,rrq4fwE8jgrTyWY,681.3928571428571,1024.3066666666666,681.3928571428571
2020-06-16 11:15:00,4136001,oZ35aAeoifZaQzV,770.1533333333333,1106.4399999999998,770.1533333333333
2020-06-16 11:15:00,4136001,xMbIugepa2P7lBB,738.9066666666665,1084.64,738.9066666666665
2020-06-16 11:15:00,4136001,LYwnQax7tkwH5Cb,674.0642857142857,1046.38,674.0642857142857
2020-06-16 11:15:00,4136001,Qf4GUc1pJu5T6c6,787.1933333333334,856.9000000000002,787.1933333333334
2020-06-16 11:15:00,4136001,vOuJvMaM2sgwLmb,738.74,1103.9800000000002,738.74
2020-06-16 11:15:00,4136001,LlT2YUhhzqhg5Sw,690.0357142857143,1081.6533333333334,690.0357142857143
2020-06-16 11:30:00,4136001,vOuJvMaM2sgwLmb,1103.9800000000002,895.2666666666665,1103.9800000000002
2020-06-16 11:30:00,4136001,9kRcWv60rDACzjR,1080.2599999999998,847.4933333333332,1080.2599999999998
2020-06-16 11:30:00,4136001,rrq4fwE8jgrTyWY,1024.3066666666666,809.3333333333333,1024.3066666666666
2020-06-16 11:30:00,4136001,LlT2YUhhzqhg5Sw,1081.6533333333334,841.3866666666665,1081.6533333333334
2020-06-16 11:30:00,4136001,WcxssY2VbP4hApt,1105.5933333333332,888.5733333333332,1105.5933333333332
2020-06-16 11:30:00,4136001,4UPUqMRk7TRMgml,882.6266666666666,0.0,882.6266666666666
2020-06-16 11:30:00,4136001,IQ2d7wF4YD8zU1Q,1094.3133333333333,836.4642857142856,1094.3133333333333
2020-06-16 11:30:00,4136001,NgDl19wMapZy17u,1089.86,854.657142857143,1089.86
2020-06-16 11:30:00,4136001,V94E5Ben1TlhnDV,1069.9066666666668,876.4600000000002,1069.9066666666668
2020-06-16 11:30:00,4136001,xoJJ8DcxJEcupym,1098.2066666666665,889.7266666666667,1098.2066666666665
2020-06-16 11:30:00,4136001,xMbIugepa2P7lBB,1084.64,831.4571428571428,1084.64
2020-06-16 11:30:00,4136001,oZ35aAeoifZaQzV,1106.4399999999998,542.6266666666666,1106.4399999999998
2020-06-16 11:30:00,4136001,Qf4GUc1pJu5T6c6,856.9000000000002,0.0,856.9000000000002
2020-06-16 11:30:00,4136001,Quc1TzYxW2pYoWX,641.5466666666667,0.0,641.5466666666667
2020-06-16 11:30:00,4136001,LYwnQax7tkwH5Cb,1046.38,819.66,1046.38
2020-06-16 11:30:00,4136001,81aHJ1q11NBPMrL,1101.6933333333336,900.8866666666664,1101.6933333333336
2020-06-16 11:30:00,4136001,mqwcsP2rE7J0TFp,1073.6666666666663,815.4642857142854,1073.6666666666663
2020-06-16 11:30:00,4136001,Et9kgGMDl729KT4,776.8266666666667,0.0,776.8266666666667
2020-06-16 11:30:00,4136001,PeE6FRyGXUgsRhN,1070.94,889.6466666666668,1070.94
2020-06-16 11:30:00,4136001,Mx2yZCDsyf6DPfv,877.06,401.3466666666666,877.06
2020-06-16 11:30:00,4136001,q49J1IKaHRwDQnt,1070.5000000000002,844.2733333333333,1070.5000000000002
2020-06-16 11:30:00,4136001,oZZkBaNadn6DNKz,1082.2333333333331,902.2933333333334,1082.2333333333331
2020-06-16 11:45:00,4136001,oZZkBaNadn6DNKz,902.2933333333334,792.88,902.2933333333334
2020-06-16 11:45:00,4136001,xoJJ8DcxJEcupym,889.7266666666667,754.3999999999999,889.7266666666667
2020-06-16 11:45:00,4136001,xMbIugepa2P7lBB,831.4571428571428,800.4333333333332,831.4571428571428
2020-06-16 11:45:00,4136001,Et9kgGMDl729KT4,0.0,0.0,0.0
2020-06-16 11:45:00,4136001,IQ2d7wF4YD8zU1Q,836.4642857142856,818.24,836.4642857142856
2020-06-16 11:45:00,4136001,LlT2YUhhzqhg5Sw,841.3866666666665,741.2933333333333,841.3866666666665
2020-06-16 11:45:00,4136001,rrq4fwE8jgrTyWY,809.3333333333333,767.32,809.3333333333333
2020-06-16 11:45:00,4136001,LYwnQax7tkwH5Cb,819.66,756.6866666666666,819.66
2020-06-16 11:45:00,4136001,9kRcWv60rDACzjR,847.4933333333332,740.8933333333333,847.4933333333332
2020-06-16 11:45:00,4136001,q49J1IKaHRwDQnt,844.2733333333333,765.92,844.2733333333333
2020-06-16 11:45:00,4136001,NgDl19wMapZy17u,854.657142857143,818.2466666666666,854.657142857143
2020-06-16 11:45:00,4136001,Quc1TzYxW2pYoWX,0.0,666.9533333333333,0.0
2020-06-16 11:45:00,4136001,mqwcsP2rE7J0TFp,815.4642857142854,812.8533333333335,815.4642857142854
2020-06-16 11:45:00,4136001,oZ35aAeoifZaQzV,542.6266666666666,825.7071428571428,542.6266666666666
2020-06-16 11:45:00,4136001,81aHJ1q11NBPMrL,900.8866666666664,762.4,900.8866666666664
2020-06-16 11:45:00,4136001,4UPUqMRk7TRMgml,0.0,0.0,0.0
2020-06-16 11:45:00,4136001,PeE6FRyGXUgsRhN,889.6466666666668,775.3533333333332,889.6466666666668
2020-06-16 11:45:00,4136001,WcxssY2VbP4hApt,888.5733333333332,783.88,888.5733333333332
2020-06-16 11:45:00,4136001,V94E5Ben1TlhnDV,876.4600000000002,750.42,876.4600000000002
2020-06-16 11:45:00,4136001,vOuJvMaM2sgwLmb,895.2666666666665,772.02,895.2666666666665
2020-06-16 11:45:00,4136001,Mx2yZCDsyf6DPfv,401.3466666666666,828.2642857142857,401.3466666666666
2020-06-16 11:45:00,4136001,Qf4GUc1pJu5T6c6,0.0,0.0,0.0
2020-06-16 12:00:00,4136001,xMbIugepa2P7lBB,800.4333333333332,525.6866666666666,800.4333333333332
2020-06-16 12:00:00,4136001,LlT2YUhhzqhg5Sw,741.2933333333333,497.4214285714286,741.2933333333333
2020-06-16 12:00:00,4136001,4UPUqMRk7TRMgml,0.0,377.4266666666666,0.0
2020-06-16 12:00:00,4136001,LYwnQax7tkwH5Cb,756.6866666666666,481.20714285714286,756.6866666666666
2020-06-16 12:00:00,4136001,PeE6FRyGXUgsRhN,775.3533333333332,538.1142857142858,775.3533333333332
2020-06-16 12:00:00,4136001,q49J1IKaHRwDQnt,765.92,506.02857142857135,765.92
2020-06-16 12:00:00,4136001,Quc1TzYxW2pYoWX,666.9533333333333,501.95714285714286,666.9533333333333
2020-06-16 12:00:00,4136001,rrq4fwE8jgrTyWY,767.32,479.1928571428572,767.32
2020-06-16 12:00:00,4136001,Et9kgGMDl729KT4,0.0,370.8785714285714,0.0
2020-06-16 12:00:00,4136001,oZ35aAeoifZaQzV,825.7071428571428,589.5133333333333,825.7071428571428
2020-06-16 12:00:00,4136001,Mx2yZCDsyf6DPfv,828.2642857142857,583.62,828.2642857142857
2020-06-16 12:00:00,4136001,mqwcsP2rE7J0TFp,812.8533333333335,554.9133333333333,812.8533333333335
2020-06-16 12:00:00,4136001,oZZkBaNadn6DNKz,792.88,563.9142857142857,792.88
2020-06-16 12:00:00,4136001,81aHJ1q11NBPMrL,762.4,534.6500000000001,762.4
2020-06-16 12:00:00,4136001,Qf4GUc1pJu5T6c6,0.0,379.14,0.0
2020-06-16 12:00:00,4136001,9kRcWv60rDACzjR,740.8933333333333,510.95714285714286,740.8933333333333
2020-06-16 12:00:00,4136001,WcxssY2VbP4hApt,783.88,532.2571428571429,783.88
2020-06-16 12:00:00,4136001,IQ2d7wF4YD8zU1Q,818.24,542.1866666666667,818.24
2020-06-16 12:00:00,4136001,vOuJvMaM2sgwLmb,772.02,540.0285714285714,772.02
2020-06-16 12:00:00,4136001,xoJJ8DcxJEcupym,754.3999999999999,546.4785714285715,754.3999999999999
2020-06-16 12:00:00,4136001,V94E5Ben1TlhnDV,750.42,555.4642857142856,750.42
2020-06-16 12:00:00,4136001,NgDl19wMapZy17u,818.2466666666666,540.24,818.2466666666666
2020-06-16 12:15:00,4136001,Et9kgGMDl729KT4,370.8785714285714,672.7866666666665,370.8785714285714
2020-06-16 12:15:00,4136001,rrq4fwE8jgrTyWY,479.1928571428572,713.7266666666668,479.1928571428572
2020-06-16 12:15:00,4136001,mqwcsP2rE7J0TFp,554.9133333333333,779.0266666666668,554.9133333333333
2020-06-16 12:15:00,4136001,Mx2yZCDsyf6DPfv,583.62,776.6266666666666,583.62
2020-06-16 12:15:00,4136001,xoJJ8DcxJEcupym,546.4785714285715,736.1533333333333,546.4785714285715
2020-06-16 12:15:00,4136001,Quc1TzYxW2pYoWX,501.95714285714286,620.8466666666666,501.95714285714286
2020-06-16 12:15:00,4136001,NgDl19wMapZy17u,540.24,775.8333333333333,540.24
2020-06-16 12:15:00,4136001,q49J1IKaHRwDQnt,506.02857142857135,738.6533333333333,506.02857142857135
2020-06-16 12:15:00,4136001,PeE6FRyGXUgsRhN,538.1142857142858,726.1466666666665,538.1142857142858
2020-06-16 12:15:00,4136001,vOuJvMaM2sgwLmb,540.0285714285714,754.9466666666666,540.0285714285714
2020-06-16 12:15:00,4136001,oZ35aAeoifZaQzV,589.5133333333333,776.0799999999998,589.5133333333333
2020-06-16 12:15:00,4136001,IQ2d7wF4YD8zU1Q,542.1866666666667,778.6333333333331,542.1866666666667
2020-06-16 12:15:00,4136001,4UPUqMRk7TRMgml,377.4266666666666,785.3666666666666,377.4266666666666
2020-06-16 12:15:00,4136001,WcxssY2VbP4hApt,532.2571428571429,765.8133333333334,532.2571428571429
2020-06-16 12:15:00,4136001,LlT2YUhhzqhg5Sw,497.4214285714286,743.68,497.4214285714286
2020-06-16 12:15:00,4136001,81aHJ1q11NBPMrL,534.6500000000001,752.4133333333334,534.6500000000001
2020-06-16 12:15:00,4136001,LYwnQax7tkwH5Cb,481.20714285714286,722.5333333333333,481.20714285714286
2020-06-16 12:15:00,4136001,xMbIugepa2P7lBB,525.6866666666666,765.4533333333335,525.6866666666666
2020-06-16 12:15:00,4136001,Qf4GUc1pJu5T6c6,379.14,787.5733333333335,379.14
2020-06-16 12:15:00,4136001,oZZkBaNadn6DNKz,563.9142857142857,735.1333333333334,563.9142857142857
2020-06-16 12:15:00,4136001,9kRcWv60rDACzjR,510.95714285714286,747.0333333333334,510.95714285714286
2020-06-16 12:15:00,4136001,V94E5Ben1TlhnDV,555.4642857142856,722.7799999999999,555.4642857142856
2020-06-16 12:30:00,4136001,rrq4fwE8jgrTyWY,713.7266666666668,798.08,713.7266666666668
2020-06-16 12:30:00,4136001,mqwcsP2rE7J0TFp,779.0266666666668,813.6928571428573,779.0266666666668
2020-06-16 12:30:00,4136001,IQ2d7wF4YD8zU1Q,778.6333333333331,869.3785714285715,778.6333333333331
2020-06-16 12:30:00,4136001,xMbIugepa2P7lBB,765.4533333333335,843.7357142857143,765.4533333333335
2020-06-16 12:30:00,4136001,81aHJ1q11NBPMrL,752.4133333333334,812.64,752.4133333333334
2020-06-16 12:30:00,4136001,Mx2yZCDsyf6DPfv,776.6266666666666,833.6266666666666,776.6266666666666
2020-06-16 12:30:00,4136001,oZZkBaNadn6DNKz,735.1333333333334,812.6333333333334,735.1333333333334
2020-06-16 12:30:00,4136001,WcxssY2VbP4hApt,765.8133333333334,830.3533333333332,765.8133333333334
2020-06-16 12:30:00,4136001,xoJJ8DcxJEcupym,736.1533333333333,795.3066666666666,736.1533333333333
2020-06-16 12:30:00,4136001,V94E5Ben1TlhnDV,722.7799999999999,789.9799999999999,722.7799999999999
2020-06-16 12:30:00,4136001,Qf4GUc1pJu5T6c6,787.5733333333335,851.7266666666667,787.5733333333335
2020-06-16 12:30:00,4136001,4UPUqMRk7TRMgml,785.3666666666666,845.2199999999998,785.3666666666666
2020-06-16 12:30:00,4136001,9kRcWv60rDACzjR,747.0333333333334,809.4666666666667,747.0333333333334
2020-06-16 12:30:00,4136001,LlT2YUhhzqhg5Sw,743.68,809.2600000000001,743.68
2020-06-16 12:30:00,4136001,Quc1TzYxW2pYoWX,620.8466666666666,674.0866666666667,620.8466666666666
2020-06-16 12:30:00,4136001,vOuJvMaM2sgwLmb,754.9466666666666,818.7533333333333,754.9466666666666
2020-06-16 12:30:00,4136001,oZ35aAeoifZaQzV,776.0799999999998,833.2333333333332,776.0799999999998
2020-06-16 12:30:00,4136001,PeE6FRyGXUgsRhN,726.1466666666665,799.8866666666665,726.1466666666665
2020-06-16 12:30:00,4136001,Et9kgGMDl729KT4,672.7866666666665,736.7533333333333,672.7866666666665
2020-06-16 12:30:00,4136001,q49J1IKaHRwDQnt,738.6533333333333,818.3866666666668,738.6533333333333
2020-06-16 12:30:00,4136001,LYwnQax7tkwH5Cb,722.5333333333333,796.1533333333333,722.5333333333333
2020-06-16 12:30:00,4136001,NgDl19wMapZy17u,775.8333333333333,870.5714285714284,775.8333333333333
2020-06-16 12:45:00,4136001,Quc1TzYxW2pYoWX,674.0866666666667,707.5600000000001,674.0866666666667
2020-06-16 12:45:00,4136001,oZ35aAeoifZaQzV,833.2333333333332,876.5285714285715,833.2333333333332
2020-06-16 12:45:00,4136001,rrq4fwE8jgrTyWY,798.08,840.9133333333334,798.08
2020-06-16 12:45:00,4136001,xoJJ8DcxJEcupym,795.3066666666666,848.22,795.3066666666666
2020-06-16 12:45:00,4136001,Qf4GUc1pJu5T6c6,851.7266666666667,902.7714285714286,851.7266666666667
2020-06-16 12:45:00,4136001,q49J1IKaHRwDQnt,818.3866666666668,860.7933333333333,818.3866666666668
2020-06-16 12:45:00,4136001,9kRcWv60rDACzjR,809.4666666666667,844.4133333333333,809.4666666666667
2020-06-16 12:45:00,4136001,oZZkBaNadn6DNKz,812.6333333333334,835.6599999999999,812.6333333333334
2020-06-16 12:45:00,4136001,NgDl19wMapZy17u,870.5714285714284,902.76,870.5714285714284
2020-06-16 12:45:00,4136001,4UPUqMRk7TRMgml,845.2199999999998,904.1571428571428,845.2199999999998
2020-06-16 12:45:00,4136001,xMbIugepa2P7lBB,843.7357142857143,884.2066666666669,843.7357142857143
2020-06-16 12:45:00,4136001,LlT2YUhhzqhg5Sw,809.2600000000001,850.3466666666667,809.2600000000001
2020-06-16 12:45:00,4136001,PeE6FRyGXUgsRhN,799.8866666666665,826.5666666666666,799.8866666666665
2020-06-16 12:45:00,4136001,vOuJvMaM2sgwLmb,818.7533333333333,867.2666666666665,818.7533333333333
2020-06-16 12:45:00,4136001,WcxssY2VbP4hApt,830.3533333333332,879.9666666666667,830.3533333333332
2020-06-16 12:45:00,4136001,Et9kgGMDl729KT4,736.7533333333333,766.5133333333333,736.7533333333333
2020-06-16 12:45:00,4136001,mqwcsP2rE7J0TFp,813.6928571428573,890.6066666666666,813.6928571428573
2020-06-16 12:45:00,4136001,Mx2yZCDsyf6DPfv,833.6266666666666,885.7857142857142,833.6266666666666
2020-06-16 12:45:00,4136001,81aHJ1q11NBPMrL,812.64,864.8199999999998,812.64
2020-06-16 12:45:00,4136001,IQ2d7wF4YD8zU1Q,869.3785714285715,905.9533333333336,869.3785714285715
2020-06-16 12:45:00,4136001,LYwnQax7tkwH5Cb,796.1533333333333,835.3266666666667,796.1533333333333
2020-06-16 12:45:00,4136001,V94E5Ben1TlhnDV,789.9799999999999,811.0799999999998,789.9799999999999
2020-06-16 13:00:00,4136001,IQ2d7wF4YD8zU1Q,905.9533333333336,843.0,905.9533333333336
2020-06-16 13:00:00,4136001,NgDl19wMapZy17u,902.76,835.0000000000001,902.76
2020-06-16 13:00:00,4136001,WcxssY2VbP4hApt,879.9666666666667,855.6642857142857,879.9666666666667
2020-06-16 13:00:00,4136001,Qf4GUc1pJu5T6c6,902.7714285714286,910.5,902.7714285714286
2020-06-16 13:00:00,4136001,V94E5Ben1TlhnDV,811.0799999999998,839.6733333333333,811.0799999999998
2020-06-16 13:00:00,4136001,LlT2YUhhzqhg5Sw,850.3466666666667,781.08,850.3466666666667
2020-06-16 13:00:00,4136001,mqwcsP2rE7J0TFp,890.6066666666666,831.58,890.6066666666666
2020-06-16 13:00:00,4136001,Mx2yZCDsyf6DPfv,885.7857142857142,907.5,885.7857142857142
2020-06-16 13:00:00,4136001,Quc1TzYxW2pYoWX,707.5600000000001,758.6466666666665,707.5600000000001
2020-06-16 13:00:00,4136001,LYwnQax7tkwH5Cb,835.3266666666667,753.0799999999998,835.3266666666667
2020-06-16 13:00:00,4136001,xMbIugepa2P7lBB,884.2066666666669,829.7266666666668,884.2066666666669
2020-06-16 13:00:00,4136001,rrq4fwE8jgrTyWY,840.9133333333334,752.26,840.9133333333334
2020-06-16 13:00:00,4136001,PeE6FRyGXUgsRhN,826.5666666666666,840.4266666666667,826.5666666666666
2020-06-16 13:00:00,4136001,xoJJ8DcxJEcupym,848.22,836.8066666666667,848.22
2020-06-16 13:00:00,4136001,q49J1IKaHRwDQnt,860.7933333333333,805.7733333333333,860.7933333333333
2020-06-16 13:00:00,4136001,9kRcWv60rDACzjR,844.4133333333333,809.05,844.4133333333333
2020-06-16 13:00:00,4136001,oZZkBaNadn6DNKz,835.6599999999999,874.0266666666665,835.6599999999999
2020-06-16 13:00:00,4136001,oZ35aAeoifZaQzV,876.5285714285715,905.7933333333332,876.5285714285715
2020-06-16 13:00:00,4136001,81aHJ1q11NBPMrL,864.8199999999998,843.442857142857,864.8199999999998
2020-06-16 13:00:00,4136001,vOuJvMaM2sgwLmb,867.2666666666665,845.2285714285714,867.2666666666665
2020-06-16 13:00:00,4136001,Et9kgGMDl729KT4,766.5133333333333,810.2133333333331,766.5133333333333
2020-06-16 13:00:00,4136001,4UPUqMRk7TRMgml,904.1571428571428,918.82,904.1571428571428
2020-06-16 13:15:00,4136001,4UPUqMRk7TRMgml,918.82,554.3933333333333,918.82
2020-06-16 13:15:00,4136001,Qf4GUc1pJu5T6c6,910.5,547.96,910.5
2020-06-16 13:15:00,4136001,oZZkBaNadn6DNKz,874.0266666666665,533.5357142857143,874.0266666666665
2020-06-16 13:15:00,4136001,xMbIugepa2P7lBB,829.7266666666668,483.56666666666666,829.7266666666668
2020-06-16 13:15:00,4136001,q49J1IKaHRwDQnt,805.7733333333333,470.70714285714286,805.7733333333333
2020-06-16 13:15:00,4136001,Quc1TzYxW2pYoWX,758.6466666666665,475.52,758.6466666666665
2020-06-16 13:15:00,4136001,IQ2d7wF4YD8zU1Q,843.0,487.4800000000001,843.0
2020-06-16 13:15:00,4136001,V94E5Ben1TlhnDV,839.6733333333333,523.0357142857142,839.6733333333333
2020-06-16 13:15:00,4136001,LlT2YUhhzqhg5Sw,781.08,463.30000000000007,781.08
2020-06-16 13:15:00,4136001,mqwcsP2rE7J0TFp,831.58,480.2333333333333,831.58
2020-06-16 13:15:00,4136001,9kRcWv60rDACzjR,809.05,497.4,809.05
2020-06-16 13:15:00,4136001,xoJJ8DcxJEcupym,836.8066666666667,515.6,836.8066666666667
2020-06-16 13:15:00,4136001,PeE6FRyGXUgsRhN,840.4266666666667,510.3714285714286,840.4266666666667
2020-06-16 13:15:00,4136001,NgDl19wMapZy17u,835.0000000000001,480.5533333333333,835.0000000000001
2020-06-16 13:15:00,4136001,rrq4fwE8jgrTyWY,752.26,438.53571428571433,752.26
2020-06-16 13:15:00,4136001,oZ35aAeoifZaQzV,905.7933333333332,557.3266666666667,905.7933333333332
2020-06-16 13:15:00,4136001,Mx2yZCDsyf6DPfv,907.5,552.7133333333333,907.5
2020-06-16 13:15:00,4136001,vOuJvMaM2sgwLmb,845.2285714285714,527.1600000000001,845.2285714285714
2020-06-16 13:15:00,4136001,LYwnQax7tkwH5Cb,753.0799999999998,445.36428571428576,753.0799999999998
2020-06-16 13:15:00,4136001,WcxssY2VbP4hApt,855.6642857142857,521.4533333333333,855.6642857142857
2020-06-16 13:15:00,4136001,81aHJ1q11NBPMrL,843.442857142857,519.6533333333333,843.442857142857
2020-06-16 13:15:00,4136001,Et9kgGMDl729KT4,810.2133333333331,508.76666666666654,810.2133333333331
2020-06-16 13:30:00,4136001,Qf4GUc1pJu5T6c6,547.96,668.7666666666668,547.96
2020-06-16 13:30:00,4136001,vOuJvMaM2sgwLmb,527.1600000000001,564.3533333333334,527.1600000000001
2020-06-16 13:30:00,4136001,Quc1TzYxW2pYoWX,475.52,554.9733333333334,475.52
2020-06-16 13:30:00,4136001,q49J1IKaHRwDQnt,470.70714285714286,610.3666666666667,470.70714285714286
2020-06-16 13:30:00,4136001,NgDl19wMapZy17u,480.5533333333333,658.2466666666667,480.5533333333333
2020-06-16 13:30:00,4136001,oZ35aAeoifZaQzV,557.3266666666667,663.1133333333332,557.3266666666667
2020-06-16 13:30:00,4136001,IQ2d7wF4YD8zU1Q,487.4800000000001,659.0266666666668,487.4800000000001
2020-06-16 13:30:00,4136001,LlT2YUhhzqhg5Sw,463.30000000000007,603.8199999999998,463.30000000000007
2020-06-16 13:30:00,4136001,rrq4fwE8jgrTyWY,438.53571428571433,587.1466666666666,438.53571428571433
2020-06-16 13:30:00,4136001,Et9kgGMDl729KT4,508.76666666666654,598.62,508.76666666666654
2020-06-16 13:30:00,4136001,mqwcsP2rE7J0TFp,480.2333333333333,664.9000000000001,480.2333333333333
2020-06-16 13:30:00,4136001,81aHJ1q11NBPMrL,519.6533333333333,620.5866666666667,519.6533333333333
2020-06-16 13:30:00,4136001,xoJJ8DcxJEcupym,515.6,610.46,515.6
2020-06-16 13:30:00,4136001,Mx2yZCDsyf6DPfv,552.7133333333333,662.1866666666667,552.7133333333333
2020-06-16 13:30:00,4136001,xMbIugepa2P7lBB,483.56666666666666,642.3133333333333,483.56666666666666
2020-06-16 13:30:00,4136001,PeE6FRyGXUgsRhN,510.3714285714286,611.9466666666666,510.3714285714286
2020-06-16 13:30:00,4136001,9kRcWv60rDACzjR,497.4,615.6,497.4
2020-06-16 13:30:00,4136001,WcxssY2VbP4hApt,521.4533333333333,636.2733333333333,521.4533333333333
2020-06-16 13:30:00,4136001,V94E5Ben1TlhnDV,523.0357142857142,609.0400000000001,523.0357142857142
2020-06-16 13:30:00,4136001,4UPUqMRk7TRMgml,554.3933333333333,669.1333333333332,554.3933333333333
2020-06-16 13:30:00,4136001,LYwnQax7tkwH5Cb,445.36428571428576,588.8666666666668,445.36428571428576
2020-06-16 13:30:00,4136001,oZZkBaNadn6DNKz,533.5357142857143,627.6933333333334,533.5357142857143
2020-06-16 13:45:00,4136001,rrq4fwE8jgrTyWY,587.1466666666666,623.0666666666667,587.1466666666666
2020-06-16 13:45:00,4136001,Mx2yZCDsyf6DPfv,662.1866666666667,709.0466666666665,662.1866666666667
2020-06-16 13:45:00,4136001,V94E5Ben1TlhnDV,609.0400000000001,666.4133333333333,609.0400000000001
2020-06-16 13:45:00,4136001,xoJJ8DcxJEcupym,610.46,661.5066666666667,610.46
2020-06-16 13:45:00,4136001,LlT2YUhhzqhg5Sw,603.8199999999998,631.7133333333333,603.8199999999998
2020-06-16 13:45:00,4136001,LYwnQax7tkwH5Cb,588.8666666666668,619.9266666666667,588.8666666666668
2020-06-16 13:45:00,4136001,81aHJ1q11NBPMrL,620.5866666666667,653.6666666666667,620.5866666666667
2020-06-16 13:45:00,4136001,9kRcWv60rDACzjR,615.6,640.3666666666668,615.6
2020-06-16 13:45:00,4136001,oZZkBaNadn6DNKz,627.6933333333334,688.0466666666665,627.6933333333334
2020-06-16 13:45:00,4136001,IQ2d7wF4YD8zU1Q,659.0266666666668,693.2642857142856,659.0266666666668
2020-06-16 13:45:00,4136001,NgDl19wMapZy17u,658.2466666666667,691.9285714285713,658.2466666666667
2020-06-16 13:45:00,4136001,PeE6FRyGXUgsRhN,611.9466666666666,667.4200000000001,611.9466666666666
2020-06-16 13:45:00,4136001,Qf4GUc1pJu5T6c6,668.7666666666668,733.0333333333334,668.7666666666668
2020-06-16 13:45:00,4136001,vOuJvMaM2sgwLmb,564.3533333333334,666.0133333333333,564.3533333333334
2020-06-16 13:45:00,4136001,xMbIugepa2P7lBB,642.3133333333333,667.0071428571428,642.3133333333333
2020-06-16 13:45:00,4136001,WcxssY2VbP4hApt,636.2733333333333,669.9333333333333,636.2733333333333
2020-06-16 13:45:00,4136001,Quc1TzYxW2pYoWX,554.9733333333334,594.1133333333332,554.9733333333334
2020-06-16 13:45:00,4136001,q49J1IKaHRwDQnt,610.3666666666667,648.5066666666665,610.3666666666667
2020-06-16 13:45:00,4136001,oZ35aAeoifZaQzV,663.1133333333332,709.8466666666667,663.1133333333332
2020-06-16 13:45:00,4136001,mqwcsP2rE7J0TFp,664.9000000000001,710.8571428571429,664.9000000000001
2020-06-16 13:45:00,4136001,Et9kgGMDl729KT4,598.62,635.7466666666668,598.62
2020-06-16 13:45:00,4136001,4UPUqMRk7TRMgml,669.1333333333332,722.5933333333335,669.1333333333332
2020-06-16 14:00:00,4136001,rrq4fwE8jgrTyWY,623.0666666666667,211.3466666666667,623.0666666666667
2020-06-16 14:00:00,4136001,NgDl19wMapZy17u,691.9285714285713,221.8333333333333,691.9285714285713
2020-06-16 14:00:00,4136001,xoJJ8DcxJEcupym,661.5066666666667,217.85333333333327,661.5066666666667
2020-06-16 14:00:00,4136001,oZZkBaNadn6DNKz,688.0466666666665,216.0533333333333,688.0466666666665
2020-06-16 14:00:00,4136001,PeE6FRyGXUgsRhN,667.4200000000001,213.21333333333328,667.4200000000001
2020-06-16 14:00:00,4136001,vOuJvMaM2sgwLmb,666.0133333333333,222.44000000000003,666.0133333333333
2020-06-16 14:00:00,4136001,Et9kgGMDl729KT4,635.7466666666668,211.4642857142857,635.7466666666668
2020-06-16 14:00:00,4136001,Qf4GUc1pJu5T6c6,733.0333333333334,235.5642857142857,733.0333333333334
2020-06-16 14:00:00,4136001,q49J1IKaHRwDQnt,648.5066666666665,219.46,648.5066666666665
2020-06-16 14:00:00,4136001,9kRcWv60rDACzjR,640.3666666666668,221.8333333333333,640.3666666666668
2020-06-16 14:00:00,4136001,Quc1TzYxW2pYoWX,594.1133333333332,191.8571428571429,594.1133333333332
2020-06-16 14:00:00,4136001,IQ2d7wF4YD8zU1Q,693.2642857142856,221.80666666666664,693.2642857142856
2020-06-16 14:00:00,4136001,WcxssY2VbP4hApt,669.9333333333333,226.0,669.9333333333333
2020-06-16 14:00:00,4136001,Mx2yZCDsyf6DPfv,709.0466666666665,239.0285714285714,709.0466666666665
2020-06-16 14:00:00,4136001,81aHJ1q11NBPMrL,653.6666666666667,223.0066666666667,653.6666666666667
2020-06-16 14:00:00,4136001,xMbIugepa2P7lBB,667.0071428571428,219.08,667.0071428571428
2020-06-16 14:00:00,4136001,LlT2YUhhzqhg5Sw,631.7133333333333,220.4,631.7133333333333
2020-06-16 14:00:00,4136001,V94E5Ben1TlhnDV,666.4133333333333,213.28000000000003,666.4133333333333
2020-06-16 14:00:00,4136001,oZ35aAeoifZaQzV,709.8466666666667,240.55714285714288,709.8466666666667
2020-06-16 14:00:00,4136001,4UPUqMRk7TRMgml,722.5933333333335,239.7071428571429,722.5933333333335
2020-06-16 14:00:00,4136001,LYwnQax7tkwH5Cb,619.9266666666667,213.6866666666667,619.9266666666667
2020-06-16 14:00:00,4136001,mqwcsP2rE7J0TFp,710.8571428571429,220.96666666666667,710.8571428571429
2020-06-16 14:15:00,4136001,xoJJ8DcxJEcupym,217.85333333333327,0.0,217.85333333333327
2020-06-16 14:15:00,4136001,LlT2YUhhzqhg5Sw,220.4,0.0,220.4
2020-06-16 14:15:00,4136001,4UPUqMRk7TRMgml,239.7071428571429,0.0,239.7071428571429
2020-06-16 14:15:00,4136001,Et9kgGMDl729KT4,211.4642857142857,0.0,211.4642857142857
2020-06-16 14:15:00,4136001,oZZkBaNadn6DNKz,216.0533333333333,0.0,216.0533333333333
2020-06-16 14:15:00,4136001,Quc1TzYxW2pYoWX,191.8571428571429,0.0,191.8571428571429
2020-06-16 14:15:00,4136001,NgDl19wMapZy17u,221.8333333333333,0.0,221.8333333333333
2020-06-16 14:15:00,4136001,IQ2d7wF4YD8zU1Q,221.80666666666664,0.0,221.80666666666664
2020-06-16 14:15:00,4136001,LYwnQax7tkwH5Cb,213.6866666666667,0.0,213.6866666666667
2020-06-16 14:15:00,4136001,q49J1IKaHRwDQnt,219.46,0.0,219.46
2020-06-16 14:15:00,4136001,WcxssY2VbP4hApt,226.0,0.0,226.0
2020-06-16 14:15:00,4136001,9kRcWv60rDACzjR,221.8333333333333,0.0,221.8333333333333
2020-06-16 14:15:00,4136001,mqwcsP2rE7J0TFp,220.96666666666667,0.0,220.96666666666667
2020-06-16 14:15:00,4136001,PeE6FRyGXUgsRhN,213.21333333333328,0.0,213.21333333333328
2020-06-16 14:15:00,4136001,rrq4fwE8jgrTyWY,211.3466666666667,0.0,211.3466666666667
2020-06-16 14:15:00,4136001,vOuJvMaM2sgwLmb,222.44000000000003,0.0,222.44000000000003
2020-06-16 14:15:00,4136001,81aHJ1q11NBPMrL,223.0066666666667,0.0,223.0066666666667
2020-06-16 14:15:00,4136001,Mx2yZCDsyf6DPfv,239.0285714285714,0.0,239.0285714285714
2020-06-16 14:15:00,4136001,Qf4GUc1pJu5T6c6,235.5642857142857,0.0,235.5642857142857
2020-06-16 14:15:00,4136001,V94E5Ben1TlhnDV,213.28000000000003,0.0,213.28000000000003
2020-06-16 14:15:00,4136001,oZ35aAeoifZaQzV,240.55714285714288,0.0,240.55714285714288
2020-06-16 14:15:00,4136001,xMbIugepa2P7lBB,219.08,0.0,219.08
2020-06-16 14:30:00,4136001,Et9kgGMDl729KT4,0.0,524.1066666666666,0.0
2020-06-16 14:30:00,4136001,4UPUqMRk7TRMgml,0.0,580.7333333333333,0.0
2020-06-16 14:30:00,4136001,oZZkBaNadn6DNKz,0.0,577.4933333333332,0.0
2020-06-16 14:30:00,4136001,81aHJ1q11NBPMrL,0.0,574.8533333333335,0.0
2020-06-16 14:30:00,4136001,9kRcWv60rDACzjR,0.0,561.4666666666667,0.0
2020-06-16 14:30:00,4136001,PeE6FRyGXUgsRhN,0.0,562.1933333333335,0.0
2020-06-16 14:30:00,4136001,xMbIugepa2P7lBB,0.0,558.32,0.0
2020-06-16 14:30:00,4136001,LYwnQax7tkwH5Cb,0.0,528.9142857142857,0.0
2020-06-16 14:30:00,4136001,Quc1TzYxW2pYoWX,0.0,478.92666666666673,0.0
2020-06-16 14:30:00,4136001,q49J1IKaHRwDQnt,0.0,83.94285714285715,0.0
2020-06-16 14:30:00,4136001,rrq4fwE8jgrTyWY,0.0,519.9928571428571,0.0
2020-06-16 14:30:00,4136001,vOuJvMaM2sgwLmb,0.0,574.7733333333332,0.0
2020-06-16 14:30:00,4136001,LlT2YUhhzqhg5Sw,0.0,547.9714285714288,0.0
2020-06-16 14:30:00,4136001,WcxssY2VbP4hApt,0.0,577.7066666666666,0.0
2020-06-16 14:30:00,4136001,Qf4GUc1pJu5T6c6,0.0,569.8066666666667,0.0
2020-06-16 14:30:00,4136001,oZ35aAeoifZaQzV,0.0,582.72,0.0
2020-06-16 14:30:00,4136001,mqwcsP2rE7J0TFp,0.0,554.2933333333333,0.0
2020-06-16 14:30:00,4136001,V94E5Ben1TlhnDV,0.0,431.9066666666666,0.0
2020-06-16 14:30:00,4136001,IQ2d7wF4YD8zU1Q,0.0,561.5466666666667,0.0
2020-06-16 14:30:00,4136001,xoJJ8DcxJEcupym,0.0,572.7733333333333,0.0
2020-06-16 14:30:00,4136001,Mx2yZCDsyf6DPfv,0.0,579.9066666666665,0.0
2020-06-16 14:30:00,4136001,NgDl19wMapZy17u,0.0,558.6133333333332,0.0
2020-06-16 14:45:00,4136001,81aHJ1q11NBPMrL,574.8533333333335,526.1466666666668,574.8533333333335
2020-06-16 14:45:00,4136001,V94E5Ben1TlhnDV,431.9066666666666,526.9214285714285,431.9066666666666
2020-06-16 14:45:00,4136001,Mx2yZCDsyf6DPfv,579.9066666666665,545.0333333333333,579.9066666666665
2020-06-16 14:45:00,4136001,WcxssY2VbP4hApt,577.7066666666666,531.9733333333334,577.7066666666666
2020-06-16 14:45:00,4136001,xMbIugepa2P7lBB,558.32,519.54,558.32
2020-06-16 14:45:00,4136001,vOuJvMaM2sgwLmb,574.7733333333332,529.66,574.7733333333332
2020-06-16 14:45:00,4136001,rrq4fwE8jgrTyWY,519.9928571428571,488.14666666666665,519.9928571428571
2020-06-16 14:45:00,4136001,9kRcWv60rDACzjR,561.4666666666667,513.4733333333332,561.4666666666667
2020-06-16 14:45:00,4136001,LYwnQax7tkwH5Cb,528.9142857142857,492.5866666666666,528.9142857142857
2020-06-16 14:45:00,4136001,oZZkBaNadn6DNKz,577.4933333333332,536.6642857142857,577.4933333333332
2020-06-16 14:45:00,4136001,4UPUqMRk7TRMgml,580.7333333333333,550.6999999999999,580.7333333333333
2020-06-16 14:45:00,4136001,oZ35aAeoifZaQzV,582.72,550.2133333333334,582.72
2020-06-16 14:45:00,4136001,LlT2YUhhzqhg5Sw,547.9714285714288,506.9866666666666,547.9714285714288
2020-06-16 14:45:00,4136001,xoJJ8DcxJEcupym,572.7733333333333,524.4071428571428,572.7733333333333
2020-06-16 14:45:00,4136001,Quc1TzYxW2pYoWX,478.92666666666673,457.68,478.92666666666673
2020-06-16 14:45:00,4136001,PeE6FRyGXUgsRhN,562.1933333333335,520.9857142857144,562.1933333333335
2020-06-16 14:45:00,4136001,mqwcsP2rE7J0TFp,554.2933333333333,530.6133333333332,554.2933333333333
2020-06-16 14:45:00,4136001,IQ2d7wF4YD8zU1Q,561.5466666666667,528.7666666666667,561.5466666666667
2020-06-16 14:45:00,4136001,Et9kgGMDl729KT4,524.1066666666666,495.08,524.1066666666666
2020-06-16 14:45:00,4136001,Qf4GUc1pJu5T6c6,569.8066666666667,547.3399999999999,569.8066666666667
2020-06-16 14:45:00,4136001,q49J1IKaHRwDQnt,83.94285714285715,512.76,83.94285714285715
2020-06-16 14:45:00,4136001,NgDl19wMapZy17u,558.6133333333332,527.04,558.6133333333332
2020-06-16 15:00:00,4136001,WcxssY2VbP4hApt,531.9733333333334,563.9266666666667,531.9733333333334
2020-06-16 15:00:00,4136001,mqwcsP2rE7J0TFp,530.6133333333332,570.857142857143,530.6133333333332
2020-06-16 15:00:00,4136001,xoJJ8DcxJEcupym,524.4071428571428,541.6533333333333,524.4071428571428
2020-06-16 15:00:00,4136001,PeE6FRyGXUgsRhN,520.9857142857144,534.8466666666666,520.9857142857144
2020-06-16 15:00:00,4136001,Mx2yZCDsyf6DPfv,545.0333333333333,560.6357142857144,545.0333333333333
2020-06-16 15:00:00,4136001,oZ35aAeoifZaQzV,550.2133333333334,560.0214285714286,550.2133333333334
2020-06-16 15:00:00,4136001,Qf4GUc1pJu5T6c6,547.3399999999999,566.4142857142856,547.3399999999999
2020-06-16 15:00:00,4136001,rrq4fwE8jgrTyWY,488.14666666666665,524.44,488.14666666666665
2020-06-16 15:00:00,4136001,xMbIugepa2P7lBB,519.54,556.1928571428571,519.54
2020-06-16 15:00:00,4136001,4UPUqMRk7TRMgml,550.6999999999999,566.8357142857143,550.6999999999999
2020-06-16 15:00:00,4136001,q49J1IKaHRwDQnt,512.76,544.6133333333331,512.76
2020-06-16 15:00:00,4136001,81aHJ1q11NBPMrL,526.1466666666668,556.3133333333333,526.1466666666668
2020-06-16 15:00:00,4136001,IQ2d7wF4YD8zU1Q,528.7666666666667,566.7642857142857,528.7666666666667
2020-06-16 15:00:00,4136001,NgDl19wMapZy17u,527.04,565.9857142857143,527.04
2020-06-16 15:00:00,4136001,vOuJvMaM2sgwLmb,529.66,555.0000000000001,529.66
2020-06-16 15:00:00,4136001,LlT2YUhhzqhg5Sw,506.9866666666666,542.6200000000001,506.9866666666666
2020-06-16 15:00:00,4136001,Quc1TzYxW2pYoWX,457.68,453.63333333333327,457.68
2020-06-16 15:00:00,4136001,LYwnQax7tkwH5Cb,492.5866666666666,527.3533333333334,492.5866666666666
2020-06-16 15:00:00,4136001,oZZkBaNadn6DNKz,536.6642857142857,541.9133333333333,536.6642857142857
2020-06-16 15:00:00,4136001,Et9kgGMDl729KT4,495.08,496.0933333333333,495.08
2020-06-16 15:00:00,4136001,9kRcWv60rDACzjR,513.4733333333332,549.3399999999999,513.4733333333332
2020-06-16 15:00:00,4136001,V94E5Ben1TlhnDV,526.9214285714285,533.4466666666666,526.9214285714285
2020-06-16 15:15:00,4136001,xMbIugepa2P7lBB,556.1928571428571,679.38,556.1928571428571
2020-06-16 15:15:00,4136001,oZ35aAeoifZaQzV,560.0214285714286,652.08,560.0214285714286
2020-06-16 15:15:00,4136001,vOuJvMaM2sgwLmb,555.0000000000001,615.0500000000001,555.0000000000001
2020-06-16 15:15:00,4136001,9kRcWv60rDACzjR,549.3399999999999,594.3571428571429,549.3399999999999
2020-06-16 15:15:00,4136001,4UPUqMRk7TRMgml,566.8357142857143,660.56,566.8357142857143
2020-06-16 15:15:00,4136001,NgDl19wMapZy17u,565.9857142857143,708.2333333333333,565.9857142857143
2020-06-16 15:15:00,4136001,LlT2YUhhzqhg5Sw,542.6200000000001,619.5933333333332,542.6200000000001
2020-06-16 15:15:00,4136001,xoJJ8DcxJEcupym,541.6533333333333,604.3,541.6533333333333
2020-06-16 15:15:00,4136001,rrq4fwE8jgrTyWY,524.44,610.6999999999999,524.44
2020-06-16 15:15:00,4136001,mqwcsP2rE7J0TFp,570.857142857143,701.8266666666666,570.857142857143
2020-06-16 15:15:00,4136001,PeE6FRyGXUgsRhN,534.8466666666666,609.9866666666667,534.8466666666666
2020-06-16 15:15:00,4136001,81aHJ1q11NBPMrL,556.3133333333333,602.5357142857143,556.3133333333333
2020-06-16 15:15:00,4136001,Mx2yZCDsyf6DPfv,560.6357142857144,653.8133333333334,560.6357142857144
2020-06-16 15:15:00,4136001,oZZkBaNadn6DNKz,541.9133333333333,623.1933333333333,541.9133333333333
2020-06-16 15:15:00,4136001,Qf4GUc1pJu5T6c6,566.4142857142856,654.7933333333333,566.4142857142856
2020-06-16 15:15:00,4136001,IQ2d7wF4YD8zU1Q,566.7642857142857,703.6,566.7642857142857
2020-06-16 15:15:00,4136001,V94E5Ben1TlhnDV,533.4466666666666,594.1933333333334,533.4466666666666
2020-06-16 15:15:00,4136001,Quc1TzYxW2pYoWX,453.63333333333327,528.6933333333334,453.63333333333327
2020-06-16 15:15:00,4136001,q49J1IKaHRwDQnt,544.6133333333331,645.72,544.6133333333331
2020-06-16 15:15:00,4136001,Et9kgGMDl729KT4,496.0933333333333,573.3066666666665,496.0933333333333
2020-06-16 15:15:00,4136001,LYwnQax7tkwH5Cb,527.3533333333334,609.2266666666666,527.3533333333334
2020-06-16 15:15:00,4136001,WcxssY2VbP4hApt,563.9266666666667,632.8357142857143,563.9266666666667
2020-06-16 15:30:00,4136001,NgDl19wMapZy17u,708.2333333333333,507.96,708.2333333333333
2020-06-16 15:30:00,4136001,IQ2d7wF4YD8zU1Q,703.6,498.12000000000006,703.6
2020-06-16 15:30:00,4136001,LYwnQax7tkwH5Cb,609.2266666666666,440.4,609.2266666666666
2020-06-16 15:30:00,4136001,oZZkBaNadn6DNKz,623.1933333333333,472.6733333333333,623.1933333333333
2020-06-16 15:30:00,4136001,LlT2YUhhzqhg5Sw,619.5933333333332,453.57857142857137,619.5933333333332
2020-06-16 15:30:00,4136001,Qf4GUc1pJu5T6c6,654.7933333333333,551.1000000000001,654.7933333333333
2020-06-16 15:30:00,4136001,Mx2yZCDsyf6DPfv,653.8133333333334,487.36666666666656,653.8133333333334
2020-06-16 15:30:00,4136001,vOuJvMaM2sgwLmb,615.0500000000001,499.08,615.0500000000001
2020-06-16 15:30:00,4136001,oZ35aAeoifZaQzV,652.08,492.9933333333333,652.08
2020-06-16 15:30:00,4136001,4UPUqMRk7TRMgml,660.56,499.50666666666655,660.56
2020-06-16 15:30:00,4136001,q49J1IKaHRwDQnt,645.72,453.6428571428572,645.72
2020-06-16 15:30:00,4136001,Quc1TzYxW2pYoWX,528.6933333333334,386.1714285714286,528.6933333333334
2020-06-16 15:30:00,4136001,Et9kgGMDl729KT4,573.3066666666665,419.70714285714286,573.3066666666665
2020-06-16 15:30:00,4136001,WcxssY2VbP4hApt,632.8357142857143,492.54666666666657,632.8357142857143
2020-06-16 15:30:00,4136001,mqwcsP2rE7J0TFp,701.8266666666666,545.9066666666665,701.8266666666666
2020-06-16 15:30:00,4136001,V94E5Ben1TlhnDV,594.1933333333334,467.5,594.1933333333334
2020-06-16 15:30:00,4136001,xMbIugepa2P7lBB,679.38,476.86,679.38
2020-06-16 15:30:00,4136001,rrq4fwE8jgrTyWY,610.6999999999999,440.1571428571429,610.6999999999999
2020-06-16 15:30:00,4136001,PeE6FRyGXUgsRhN,609.9866666666667,458.36666666666656,609.9866666666667
2020-06-16 15:30:00,4136001,xoJJ8DcxJEcupym,604.3,471.3733333333333,604.3
2020-06-16 15:30:00,4136001,9kRcWv60rDACzjR,594.3571428571429,481.1,594.3571428571429
2020-06-16 15:30:00,4136001,81aHJ1q11NBPMrL,602.5357142857143,494.7600000000001,602.5357142857143
2020-06-16 15:45:00,4136001,81aHJ1q11NBPMrL,494.7600000000001,260.11333333333334,494.7600000000001
2020-06-16 15:45:00,4136001,mqwcsP2rE7J0TFp,545.9066666666665,279.4285714285714,545.9066666666665
2020-06-16 15:45:00,4136001,Mx2yZCDsyf6DPfv,487.36666666666656,280.7,487.36666666666656
2020-06-16 15:45:00,4136001,Qf4GUc1pJu5T6c6,551.1000000000001,289.0933333333333,551.1000000000001
2020-06-16 15:45:00,4136001,V94E5Ben1TlhnDV,467.5,249.03571428571425,467.5
2020-06-16 15:45:00,4136001,rrq4fwE8jgrTyWY,440.1571428571429,249.35333333333327,440.1571428571429
2020-06-16 15:45:00,4136001,PeE6FRyGXUgsRhN,458.36666666666656,250.07857142857145,458.36666666666656
2020-06-16 15:45:00,4136001,oZZkBaNadn6DNKz,472.6733333333333,257.2071428571428,472.6733333333333
2020-06-16 15:45:00,4136001,oZ35aAeoifZaQzV,492.9933333333333,281.05333333333334,492.9933333333333
2020-06-16 15:45:00,4136001,IQ2d7wF4YD8zU1Q,498.12000000000006,270.35714285714283,498.12000000000006
2020-06-16 15:45:00,4136001,WcxssY2VbP4hApt,492.54666666666657,267.1133333333333,492.54666666666657
2020-06-16 15:45:00,4136001,q49J1IKaHRwDQnt,453.6428571428572,260.6333333333334,453.6428571428572
2020-06-16 15:45:00,4136001,4UPUqMRk7TRMgml,499.50666666666655,285.72666666666663,499.50666666666655
2020-06-16 15:45:00,4136001,xoJJ8DcxJEcupym,471.3733333333333,247.0642857142857,471.3733333333333
2020-06-16 15:45:00,4136001,Quc1TzYxW2pYoWX,386.1714285714286,236.4533333333333,386.1714285714286
2020-06-16 15:45:00,4136001,Et9kgGMDl729KT4,419.70714285714286,252.98666666666665,419.70714285714286
2020-06-16 15:45:00,4136001,vOuJvMaM2sgwLmb,499.08,263.8466666666667,499.08
2020-06-16 15:45:00,4136001,NgDl19wMapZy17u,507.96,270.66428571428565,507.96
2020-06-16 15:45:00,4136001,xMbIugepa2P7lBB,476.86,261.50714285714287,476.86
2020-06-16 15:45:00,4136001,LYwnQax7tkwH5Cb,440.4,248.61333333333337,440.4
2020-06-16 15:45:00,4136001,9kRcWv60rDACzjR,481.1,257.3066666666667,481.1
2020-06-16 15:45:00,4136001,LlT2YUhhzqhg5Sw,453.57857142857137,254.2933333333333,453.57857142857137
2020-06-16 16:00:00,4136001,NgDl19wMapZy17u,270.66428571428565,366.33333333333326,270.66428571428565
2020-06-16 16:00:00,4136001,vOuJvMaM2sgwLmb,263.8466666666667,365.2333333333333,263.8466666666667
2020-06-16 16:00:00,4136001,xMbIugepa2P7lBB,261.50714285714287,364.8466666666666,261.50714285714287
2020-06-16 16:00:00,4136001,Mx2yZCDsyf6DPfv,280.7,380.6071428571429,280.7
2020-06-16 16:00:00,4136001,rrq4fwE8jgrTyWY,249.35333333333327,337.73999999999995,249.35333333333327
2020-06-16 16:00:00,4136001,oZ35aAeoifZaQzV,281.05333333333334,383.242857142857,281.05333333333334
2020-06-16 16:00:00,4136001,PeE6FRyGXUgsRhN,250.07857142857145,363.8133333333333,250.07857142857145
2020-06-16 16:00:00,4136001,oZZkBaNadn6DNKz,257.2071428571428,373.9666666666666,257.2071428571428
2020-06-16 16:00:00,4136001,V94E5Ben1TlhnDV,249.03571428571425,369.1133333333333,249.03571428571425
2020-06-16 16:00:00,4136001,q49J1IKaHRwDQnt,260.6333333333334,354.8933333333334,260.6333333333334
2020-06-16 16:00:00,4136001,9kRcWv60rDACzjR,257.3066666666667,356.4600000000001,257.3066666666667
2020-06-16 16:00:00,4136001,LYwnQax7tkwH5Cb,248.61333333333337,341.24666666666667,248.61333333333337
2020-06-16 16:00:00,4136001,Qf4GUc1pJu5T6c6,289.0933333333333,375.7,289.0933333333333
2020-06-16 16:00:00,4136001,4UPUqMRk7TRMgml,285.72666666666663,381.79285714285714,285.72666666666663
2020-06-16 16:00:00,4136001,WcxssY2VbP4hApt,267.1133333333333,366.82666666666665,267.1133333333333
2020-06-16 16:00:00,4136001,xoJJ8DcxJEcupym,247.0642857142857,368.62666666666655,247.0642857142857
2020-06-16 16:00:00,4136001,mqwcsP2rE7J0TFp,279.4285714285714,365.52,279.4285714285714
2020-06-16 16:00:00,4136001,Quc1TzYxW2pYoWX,236.4533333333333,314.1533333333333,236.4533333333333
2020-06-16 16:00:00,4136001,Et9kgGMDl729KT4,252.98666666666665,341.70666666666665,252.98666666666665
2020-06-16 16:00:00,4136001,IQ2d7wF4YD8zU1Q,270.35714285714283,367.5266666666667,270.35714285714283
2020-06-16 16:00:00,4136001,LlT2YUhhzqhg5Sw,254.2933333333333,352.08666666666664,254.2933333333333
2020-06-16 16:00:00,4136001,81aHJ1q11NBPMrL,260.11333333333334,364.3,260.11333333333334
2020-06-16 16:15:00,4136001,WcxssY2VbP4hApt,366.82666666666665,208.7428571428572,366.82666666666665
2020-06-16 16:15:00,4136001,Et9kgGMDl729KT4,341.70666666666665,195.05333333333328,341.70666666666665
2020-06-16 16:15:00,4136001,NgDl19wMapZy17u,366.33333333333326,213.96,366.33333333333326
2020-06-16 16:15:00,4136001,Mx2yZCDsyf6DPfv,380.6071428571429,219.84,380.6071428571429
2020-06-16 16:15:00,4136001,xoJJ8DcxJEcupym,368.62666666666655,201.56666666666663,368.62666666666655
2020-06-16 16:15:00,4136001,Quc1TzYxW2pYoWX,314.1533333333333,181.24666666666667,314.1533333333333
2020-06-16 16:15:00,4136001,oZZkBaNadn6DNKz,373.9666666666666,208.7266666666667,373.9666666666666
2020-06-16 16:15:00,4136001,q49J1IKaHRwDQnt,354.8933333333334,183.1266666666667,354.8933333333334
2020-06-16 16:15:00,4136001,81aHJ1q11NBPMrL,364.3,204.0642857142857,364.3
2020-06-16 16:15:00,4136001,oZ35aAeoifZaQzV,383.242857142857,221.07333333333327,383.242857142857
2020-06-16 16:15:00,4136001,LYwnQax7tkwH5Cb,341.24666666666667,189.86666666666665,341.24666666666667
2020-06-16 16:15:00,4136001,vOuJvMaM2sgwLmb,365.2333333333333,207.32142857142856,365.2333333333333
2020-06-16 16:15:00,4136001,PeE6FRyGXUgsRhN,363.8133333333333,204.2,363.8133333333333
2020-06-16 16:15:00,4136001,Qf4GUc1pJu5T6c6,375.7,225.06666666666663,375.7
2020-06-16 16:15:00,4136001,V94E5Ben1TlhnDV,369.1133333333333,203.40000000000003,369.1133333333333
2020-06-16 16:15:00,4136001,IQ2d7wF4YD8zU1Q,367.5266666666667,214.04,367.5266666666667
2020-06-16 16:15:00,4136001,9kRcWv60rDACzjR,356.4600000000001,200.02142857142857,356.4600000000001
2020-06-16 16:15:00,4136001,mqwcsP2rE7J0TFp,365.52,217.56666666666663,365.52
2020-06-16 16:15:00,4136001,rrq4fwE8jgrTyWY,337.73999999999995,189.85333333333327,337.73999999999995
2020-06-16 16:15:00,4136001,xMbIugepa2P7lBB,364.8466666666666,209.28,364.8466666666666
2020-06-16 16:15:00,4136001,LlT2YUhhzqhg5Sw,352.08666666666664,194.14666666666665,352.08666666666664
2020-06-16 16:15:00,4136001,4UPUqMRk7TRMgml,381.79285714285714,223.53333333333333,381.79285714285714
2020-06-16 16:30:00,4136001,vOuJvMaM2sgwLmb,207.32142857142856,176.60666666666663,207.32142857142856
2020-06-16 16:30:00,4136001,mqwcsP2rE7J0TFp,217.56666666666663,181.66000000000005,217.56666666666663
2020-06-16 16:30:00,4136001,LlT2YUhhzqhg5Sw,194.14666666666665,174.62857142857143,194.14666666666665
2020-06-16 16:30:00,4136001,Quc1TzYxW2pYoWX,181.24666666666667,145.14666666666668,181.24666666666667
2020-06-16 16:30:00,4136001,Qf4GUc1pJu5T6c6,225.06666666666663,179.3,225.06666666666663
2020-06-16 16:30:00,4136001,V94E5Ben1TlhnDV,203.40000000000003,173.7133333333333,203.40000000000003
2020-06-16 16:30:00,4136001,NgDl19wMapZy17u,213.96,181.0666666666667,213.96
2020-06-16 16:30:00,4136001,q49J1IKaHRwDQnt,183.1266666666667,176.20714285714288,183.1266666666667
2020-06-16 16:30:00,4136001,4UPUqMRk7TRMgml,223.53333333333333,180.75333333333336,223.53333333333333
2020-06-16 16:30:00,4136001,LYwnQax7tkwH5Cb,189.86666666666665,170.22857142857143,189.86666666666665
2020-06-16 16:30:00,4136001,WcxssY2VbP4hApt,208.7428571428572,179.14666666666662,208.7428571428572
2020-06-16 16:30:00,4136001,oZZkBaNadn6DNKz,208.7266666666667,176.21333333333334,208.7266666666667
2020-06-16 16:30:00,4136001,xoJJ8DcxJEcupym,201.56666666666663,175.1266666666667,201.56666666666663
2020-06-16 16:30:00,4136001,81aHJ1q11NBPMrL,204.0642857142857,176.14000000000004,204.0642857142857
2020-06-16 16:30:00,4136001,9kRcWv60rDACzjR,200.02142857142857,174.94000000000003,200.02142857142857
2020-06-16 16:30:00,4136001,Et9kgGMDl729KT4,195.05333333333328,159.34666666666664,195.05333333333328
2020-06-16 16:30:00,4136001,oZ35aAeoifZaQzV,221.07333333333327,179.9466666666667,221.07333333333327
2020-06-16 16:30:00,4136001,Mx2yZCDsyf6DPfv,219.84,181.1733333333333,219.84
2020-06-16 16:30:00,4136001,IQ2d7wF4YD8zU1Q,214.04,180.88666666666663,214.04
2020-06-16 16:30:00,4136001,PeE6FRyGXUgsRhN,204.2,173.89333333333337,204.2
2020-06-16 16:30:00,4136001,xMbIugepa2P7lBB,209.28,179.5,209.28
2020-06-16 16:30:00,4136001,rrq4fwE8jgrTyWY,189.85333333333327,168.93571428571423,189.85333333333327
2020-06-16 16:45:00,4136001,9kRcWv60rDACzjR,174.94000000000003,124.76666666666664,174.94000000000003
2020-06-16 16:45:00,4136001,NgDl19wMapZy17u,181.0666666666667,116.26666666666668,181.0666666666667
2020-06-16 16:45:00,4136001,Quc1TzYxW2pYoWX,145.14666666666668,107.59333333333332,145.14666666666668
2020-06-16 16:45:00,4136001,Et9kgGMDl729KT4,159.34666666666664,117.7,159.34666666666664
2020-06-16 16:45:00,4136001,Mx2yZCDsyf6DPfv,181.1733333333333,128.53333333333333,181.1733333333333
2020-06-16 16:45:00,4136001,IQ2d7wF4YD8zU1Q,180.88666666666663,117.21333333333337,180.88666666666663
2020-06-16 16:45:00,4136001,4UPUqMRk7TRMgml,180.75333333333336,126.93333333333337,180.75333333333336
2020-06-16 16:45:00,4136001,q49J1IKaHRwDQnt,176.20714285714288,125.16,176.20714285714288
2020-06-16 16:45:00,4136001,PeE6FRyGXUgsRhN,173.89333333333337,125.72,173.89333333333337
2020-06-16 16:45:00,4136001,LlT2YUhhzqhg5Sw,174.62857142857143,123.61333333333332,174.62857142857143
2020-06-16 16:45:00,4136001,V94E5Ben1TlhnDV,173.7133333333333,128.7733333333333,173.7133333333333
2020-06-16 16:45:00,4136001,mqwcsP2rE7J0TFp,181.66000000000005,113.80666666666669,181.66000000000005
2020-06-16 16:45:00,4136001,oZZkBaNadn6DNKz,176.21333333333334,129.59333333333333,176.21333333333334
2020-06-16 16:45:00,4136001,oZ35aAeoifZaQzV,179.9466666666667,130.25999999999996,179.9466666666667
2020-06-16 16:45:00,4136001,xMbIugepa2P7lBB,179.5,118.96,179.5
2020-06-16 16:45:00,4136001,rrq4fwE8jgrTyWY,168.93571428571423,116.52,168.93571428571423
2020-06-16 16:45:00,4136001,vOuJvMaM2sgwLmb,176.60666666666663,130.22,176.60666666666663
2020-06-16 16:45:00,4136001,LYwnQax7tkwH5Cb,170.22857142857143,118.88,170.22857142857143
2020-06-16 16:45:00,4136001,xoJJ8DcxJEcupym,175.1266666666667,127.13333333333333,175.1266666666667
2020-06-16 16:45:00,4136001,Qf4GUc1pJu5T6c6,179.3,122.57333333333334,179.3
2020-06-16 16:45:00,4136001,81aHJ1q11NBPMrL,176.14000000000004,129.65333333333334,176.14000000000004
2020-06-16 16:45:00,4136001,WcxssY2VbP4hApt,179.14666666666662,129.16,179.14666666666662
2020-06-16 17:00:00,4136001,Qf4GUc1pJu5T6c6,122.57333333333334,55.133333333333326,122.57333333333334
2020-06-16 17:00:00,4136001,Et9kgGMDl729KT4,117.7,44.38,117.7
2020-06-16 17:00:00,4136001,Quc1TzYxW2pYoWX,107.59333333333332,40.89999999999999,107.59333333333332
2020-06-16 17:00:00,4136001,q49J1IKaHRwDQnt,125.16,47.44,125.16
2020-06-16 17:00:00,4136001,oZ35aAeoifZaQzV,130.25999999999996,52.62666666666667,130.25999999999996
2020-06-16 17:00:00,4136001,rrq4fwE8jgrTyWY,116.52,51.493333333333325,116.52
2020-06-16 17:00:00,4136001,LlT2YUhhzqhg5Sw,123.61333333333332,51.453333333333326,123.61333333333332
2020-06-16 17:00:00,4136001,PeE6FRyGXUgsRhN,125.72,49.10666666666666,125.72
2020-06-16 17:00:00,4136001,9kRcWv60rDACzjR,124.76666666666664,50.84666666666667,124.76666666666664
2020-06-16 17:00:00,4136001,LYwnQax7tkwH5Cb,118.88,50.966666666666654,118.88
2020-06-16 17:00:00,4136001,81aHJ1q11NBPMrL,129.65333333333334,49.493333333333325,129.65333333333334
2020-06-16 17:00:00,4136001,WcxssY2VbP4hApt,129.16,51.82,129.16
2020-06-16 17:00:00,4136001,mqwcsP2rE7J0TFp,113.80666666666669,57.57857142857143,113.80666666666669
2020-06-16 17:00:00,4136001,oZZkBaNadn6DNKz,129.59333333333333,48.18,129.59333333333333
2020-06-16 17:00:00,4136001,xoJJ8DcxJEcupym,127.13333333333333,48.086666666666666,127.13333333333333
2020-06-16 17:00:00,4136001,vOuJvMaM2sgwLmb,130.22,49.84000000000001,130.22
2020-06-16 17:00:00,4136001,xMbIugepa2P7lBB,118.96,52.95,118.96
2020-06-16 17:00:00,4136001,NgDl19wMapZy17u,116.26666666666668,55.364285714285714,116.26666666666668
2020-06-16 17:00:00,4136001,4UPUqMRk7TRMgml,126.93333333333337,53.92666666666666,126.93333333333337
2020-06-16 17:00:00,4136001,V94E5Ben1TlhnDV,128.7733333333333,46.606666666666655,128.7733333333333
2020-06-16 17:00:00,4136001,Mx2yZCDsyf6DPfv,128.53333333333333,52.853333333333325,128.53333333333333
2020-06-16 17:00:00,4136001,IQ2d7wF4YD8zU1Q,117.21333333333337,54.37857142857143,117.21333333333337
2020-06-16 17:15:00,4136001,xMbIugepa2P7lBB,52.95,100.49333333333334,52.95
2020-06-16 17:15:00,4136001,oZ35aAeoifZaQzV,52.62666666666667,104.35714285714286,52.62666666666667
2020-06-16 17:15:00,4136001,Qf4GUc1pJu5T6c6,55.133333333333326,101.62857142857143,55.133333333333326
2020-06-16 17:15:00,4136001,q49J1IKaHRwDQnt,47.44,98.83333333333334,47.44
2020-06-16 17:15:00,4136001,9kRcWv60rDACzjR,50.84666666666667,98.67333333333332,50.84666666666667
2020-06-16 17:15:00,4136001,rrq4fwE8jgrTyWY,51.493333333333325,93.30666666666669,51.493333333333325
2020-06-16 17:15:00,4136001,Et9kgGMDl729KT4,44.38,93.3,44.38
2020-06-16 17:15:00,4136001,vOuJvMaM2sgwLmb,49.84000000000001,101.50666666666667,49.84000000000001
2020-06-16 17:15:00,4136001,LYwnQax7tkwH5Cb,50.966666666666654,94.31333333333332,50.966666666666654
2020-06-16 17:15:00,4136001,LlT2YUhhzqhg5Sw,51.453333333333326,97.32666666666664,51.453333333333326
2020-06-16 17:15:00,4136001,Mx2yZCDsyf6DPfv,52.853333333333325,103.47142857142858,52.853333333333325
2020-06-16 17:15:00,4136001,81aHJ1q11NBPMrL,49.493333333333325,100.73999999999998,49.493333333333325
2020-06-16 17:15:00,4136001,Quc1TzYxW2pYoWX,40.89999999999999,85.77999999999999,40.89999999999999
2020-06-16 17:15:00,4136001,NgDl19wMapZy17u,55.364285714285714,100.52666666666669,55.364285714285714
2020-06-16 17:15:00,4136001,mqwcsP2rE7J0TFp,57.57857142857143,100.42666666666666,57.57857142857143
2020-06-16 17:15:00,4136001,IQ2d7wF4YD8zU1Q,54.37857142857143,100.72,54.37857142857143
2020-06-16 17:15:00,4136001,xoJJ8DcxJEcupym,48.086666666666666,99.43571428571428,48.086666666666666
2020-06-16 17:15:00,4136001,PeE6FRyGXUgsRhN,49.10666666666666,99.27857142857142,49.10666666666666
2020-06-16 17:15:00,4136001,oZZkBaNadn6DNKz,48.18,102.05,48.18
2020-06-16 17:15:00,4136001,4UPUqMRk7TRMgml,53.92666666666666,103.07857142857144,53.92666666666666
2020-06-16 17:15:00,4136001,WcxssY2VbP4hApt,51.82,101.90666666666668,51.82
2020-06-16 17:15:00,4136001,V94E5Ben1TlhnDV,46.606666666666655,100.40714285714289,46.606666666666655
2020-06-16 17:30:00,4136001,oZ35aAeoifZaQzV,104.35714285714286,84.04666666666665,104.35714285714286
2020-06-16 17:30:00,4136001,81aHJ1q11NBPMrL,100.73999999999998,80.53571428571428,100.73999999999998
2020-06-16 17:30:00,4136001,Qf4GUc1pJu5T6c6,101.62857142857143,83.38666666666667,101.62857142857143
2020-06-16 17:30:00,4136001,4UPUqMRk7TRMgml,103.07857142857144,84.00666666666667,103.07857142857144
2020-06-16 17:30:00,4136001,rrq4fwE8jgrTyWY,93.30666666666669,74.2,93.30666666666669
2020-06-16 17:30:00,4136001,q49J1IKaHRwDQnt,98.83333333333334,78.78,98.83333333333334
2020-06-16 17:30:00,4136001,NgDl19wMapZy17u,100.52666666666669,80.29333333333331,100.52666666666669
2020-06-16 17:30:00,4136001,vOuJvMaM2sgwLmb,101.50666666666667,80.75714285714287,101.50666666666667
2020-06-16 17:30:00,4136001,oZZkBaNadn6DNKz,102.05,82.57333333333331,102.05
2020-06-16 17:30:00,4136001,IQ2d7wF4YD8zU1Q,100.72,80.45333333333335,100.72
2020-06-16 17:30:00,4136001,xMbIugepa2P7lBB,100.49333333333334,80.18,100.49333333333334
2020-06-16 17:30:00,4136001,LlT2YUhhzqhg5Sw,97.32666666666664,77.77999999999999,97.32666666666664
2020-06-16 17:30:00,4136001,V94E5Ben1TlhnDV,100.40714285714289,81.08666666666667,100.40714285714289
2020-06-16 17:30:00,4136001,LYwnQax7tkwH5Cb,94.31333333333332,75.14666666666666,94.31333333333332
2020-06-16 17:30:00,4136001,Et9kgGMDl729KT4,93.3,74.33571428571429,93.3
2020-06-16 17:30:00,4136001,mqwcsP2rE7J0TFp,100.42666666666666,80.78666666666666,100.42666666666666
2020-06-16 17:30:00,4136001,Quc1TzYxW2pYoWX,85.77999999999999,68.67857142857143,85.77999999999999
2020-06-16 17:30:00,4136001,9kRcWv60rDACzjR,98.67333333333332,78.77857142857142,98.67333333333332
2020-06-16 17:30:00,4136001,WcxssY2VbP4hApt,101.90666666666668,81.07142857142857,101.90666666666668
2020-06-16 17:30:00,4136001,xoJJ8DcxJEcupym,99.43571428571428,80.53999999999998,99.43571428571428
2020-06-16 17:30:00,4136001,Mx2yZCDsyf6DPfv,103.47142857142858,83.81333333333333,103.47142857142858
2020-06-16 17:30:00,4136001,PeE6FRyGXUgsRhN,99.27857142857142,80.02,99.27857142857142
2020-06-16 17:45:00,4136001,oZZkBaNadn6DNKz,82.57333333333331,39.02,82.57333333333331
2020-06-16 17:45:00,4136001,Mx2yZCDsyf6DPfv,83.81333333333333,36.57333333333333,83.81333333333333
2020-06-16 17:45:00,4136001,LlT2YUhhzqhg5Sw,77.77999999999999,36.75,77.77999999999999
2020-06-16 17:45:00,4136001,mqwcsP2rE7J0TFp,80.78666666666666,34.1,80.78666666666666
2020-06-16 17:45:00,4136001,4UPUqMRk7TRMgml,84.00666666666667,36.626666666666665,84.00666666666667
2020-06-16 17:45:00,4136001,rrq4fwE8jgrTyWY,74.2,33.47142857142857,74.2
2020-06-16 17:45:00,4136001,xMbIugepa2P7lBB,80.18,36.20666666666667,80.18
2020-06-16 17:45:00,4136001,V94E5Ben1TlhnDV,81.08666666666667,40.24,81.08666666666667
2020-06-16 17:45:00,4136001,LYwnQax7tkwH5Cb,75.14666666666666,34.57142857142857,75.14666666666666
2020-06-16 17:45:00,4136001,q49J1IKaHRwDQnt,78.78,36.507142857142846,78.78
2020-06-16 17:45:00,4136001,WcxssY2VbP4hApt,81.07142857142857,39.56666666666667,81.07142857142857
2020-06-16 17:45:00,4136001,IQ2d7wF4YD8zU1Q,80.45333333333335,34.806666666666665,80.45333333333335
2020-06-16 17:45:00,4136001,Quc1TzYxW2pYoWX,68.67857142857143,30.673333333333336,68.67857142857143
2020-06-16 17:45:00,4136001,PeE6FRyGXUgsRhN,80.02,38.22,80.02
2020-06-16 17:45:00,4136001,vOuJvMaM2sgwLmb,80.75714285714287,39.76666666666667,80.75714285714287
2020-06-16 17:45:00,4136001,oZ35aAeoifZaQzV,84.04666666666665,38.41333333333333,84.04666666666665
2020-06-16 17:45:00,4136001,Et9kgGMDl729KT4,74.33571428571429,34.31999999999999,74.33571428571429
2020-06-16 17:45:00,4136001,9kRcWv60rDACzjR,78.77857142857142,38.75333333333333,78.77857142857142
2020-06-16 17:45:00,4136001,NgDl19wMapZy17u,80.29333333333331,34.72666666666667,80.29333333333331
2020-06-16 17:45:00,4136001,81aHJ1q11NBPMrL,80.53571428571428,40.37333333333334,80.53571428571428
2020-06-16 17:45:00,4136001,Qf4GUc1pJu5T6c6,83.38666666666667,34.94,83.38666666666667
2020-06-16 17:45:00,4136001,xoJJ8DcxJEcupym,80.53999999999998,38.966666666666654,80.53999999999998
2020-06-16 18:00:00,4136001,WcxssY2VbP4hApt,39.56666666666667,23.466666666666665,39.56666666666667
2020-06-16 18:00:00,4136001,IQ2d7wF4YD8zU1Q,34.806666666666665,21.97857142857143,34.806666666666665
2020-06-16 18:00:00,4136001,xMbIugepa2P7lBB,36.20666666666667,22.65,36.20666666666667
2020-06-16 18:00:00,4136001,Et9kgGMDl729KT4,34.31999999999999,20.933333333333334,34.31999999999999
2020-06-16 18:00:00,4136001,NgDl19wMapZy17u,34.72666666666667,22.11428571428572,34.72666666666667
2020-06-16 18:00:00,4136001,PeE6FRyGXUgsRhN,38.22,22.83333333333333,38.22
2020-06-16 18:00:00,4136001,oZZkBaNadn6DNKz,39.02,23.36666666666667,39.02
2020-06-16 18:00:00,4136001,rrq4fwE8jgrTyWY,33.47142857142857,21.10666666666667,33.47142857142857
2020-06-16 18:00:00,4136001,LYwnQax7tkwH5Cb,34.57142857142857,21.806666666666665,34.57142857142857
2020-06-16 18:00:00,4136001,vOuJvMaM2sgwLmb,39.76666666666667,23.700000000000003,39.76666666666667
2020-06-16 18:00:00,4136001,Quc1TzYxW2pYoWX,30.673333333333336,18.92,30.673333333333336
2020-06-16 18:00:00,4136001,oZ35aAeoifZaQzV,38.41333333333333,22.56666666666667,38.41333333333333
2020-06-16 18:00:00,4136001,Mx2yZCDsyf6DPfv,36.57333333333333,23.193333333333328,36.57333333333333
2020-06-16 18:00:00,4136001,Qf4GUc1pJu5T6c6,34.94,22.14666666666667,34.94
2020-06-16 18:00:00,4136001,9kRcWv60rDACzjR,38.75333333333333,22.83333333333333,38.75333333333333
2020-06-16 18:00:00,4136001,81aHJ1q11NBPMrL,40.37333333333334,23.873333333333328,40.37333333333334
2020-06-16 18:00:00,4136001,V94E5Ben1TlhnDV,40.24,23.27333333333333,40.24
2020-06-16 18:00:00,4136001,LlT2YUhhzqhg5Sw,36.75,23.01333333333333,36.75
2020-06-16 18:00:00,4136001,4UPUqMRk7TRMgml,36.626666666666665,22.473333333333333,36.626666666666665
2020-06-16 18:00:00,4136001,mqwcsP2rE7J0TFp,34.1,21.878571428571423,34.1
2020-06-16 18:00:00,4136001,q49J1IKaHRwDQnt,36.507142857142846,23.19333333333333,36.507142857142846
2020-06-16 18:00:00,4136001,xoJJ8DcxJEcupym,38.966666666666654,23.326666666666668,38.966666666666654
2020-06-16 18:15:00,4136001,mqwcsP2rE7J0TFp,21.878571428571423,12.246666666666668,21.878571428571423
2020-06-16 18:15:00,4136001,LlT2YUhhzqhg5Sw,23.01333333333333,11.233333333333334,23.01333333333333
2020-06-16 18:15:00,4136001,WcxssY2VbP4hApt,23.466666666666665,11.46,23.466666666666665
2020-06-16 18:15:00,4136001,xoJJ8DcxJEcupym,23.326666666666668,9.735714285714284,23.326666666666668
2020-06-16 18:15:00,4136001,LYwnQax7tkwH5Cb,21.806666666666665,10.713333333333336,21.806666666666665
2020-06-16 18:15:00,4136001,Et9kgGMDl729KT4,20.933333333333334,10.206666666666669,20.933333333333334
2020-06-16 18:15:00,4136001,81aHJ1q11NBPMrL,23.873333333333328,11.52,23.873333333333328
2020-06-16 18:15:00,4136001,IQ2d7wF4YD8zU1Q,21.97857142857143,11.766666666666666,21.97857142857143
2020-06-16 18:15:00,4136001,vOuJvMaM2sgwLmb,23.700000000000003,11.966666666666669,23.700000000000003
2020-06-16 18:15:00,4136001,Quc1TzYxW2pYoWX,18.92,8.846666666666666,18.92
2020-06-16 18:15:00,4136001,oZ35aAeoifZaQzV,22.56666666666667,12.035714285714286,22.56666666666667
2020-06-16 18:15:00,4136001,9kRcWv60rDACzjR,22.83333333333333,11.006666666666668,22.83333333333333
2020-06-16 18:15:00,4136001,V94E5Ben1TlhnDV,23.27333333333333,12.521428571428572,23.27333333333333
2020-06-16 18:15:00,4136001,4UPUqMRk7TRMgml,22.473333333333333,11.8,22.473333333333333
2020-06-16 18:15:00,4136001,oZZkBaNadn6DNKz,23.36666666666667,11.8,23.36666666666667
2020-06-16 18:15:00,4136001,Qf4GUc1pJu5T6c6,22.14666666666667,11.035714285714286,22.14666666666667
2020-06-16 18:15:00,4136001,Mx2yZCDsyf6DPfv,23.193333333333328,11.435714285714283,23.193333333333328
2020-06-16 18:15:00,4136001,xMbIugepa2P7lBB,22.65,12.14,22.65
2020-06-16 18:15:00,4136001,NgDl19wMapZy17u,22.11428571428572,12.006666666666668,22.11428571428572
2020-06-16 18:15:00,4136001,q49J1IKaHRwDQnt,23.19333333333333,12.073333333333332,23.19333333333333
2020-06-16 18:15:00,4136001,PeE6FRyGXUgsRhN,22.83333333333333,11.65,22.83333333333333
2020-06-16 18:15:00,4136001,rrq4fwE8jgrTyWY,21.10666666666667,10.526666666666667,21.10666666666667
2020-06-16 18:30:00,4136001,Mx2yZCDsyf6DPfv,11.435714285714283,0.0,11.435714285714283
2020-06-16 18:30:00,4136001,NgDl19wMapZy17u,12.006666666666668,0.0,12.006666666666668
2020-06-16 18:30:00,4136001,V94E5Ben1TlhnDV,12.521428571428572,0.0,12.521428571428572
2020-06-16 18:30:00,4136001,LlT2YUhhzqhg5Sw,11.233333333333334,0.0,11.233333333333334
2020-06-16 18:30:00,4136001,PeE6FRyGXUgsRhN,11.65,0.0,11.65
2020-06-16 18:30:00,4136001,xoJJ8DcxJEcupym,9.735714285714284,0.0,9.735714285714284
2020-06-16 18:30:00,4136001,9kRcWv60rDACzjR,11.006666666666668,0.0,11.006666666666668
2020-06-16 18:30:00,4136001,IQ2d7wF4YD8zU1Q,11.766666666666666,0.0,11.766666666666666
2020-06-16 18:30:00,4136001,Et9kgGMDl729KT4,10.206666666666669,0.0,10.206666666666669
2020-06-16 18:30:00,4136001,Qf4GUc1pJu5T6c6,11.035714285714286,0.0,11.035714285714286
2020-06-16 18:30:00,4136001,oZ35aAeoifZaQzV,12.035714285714286,0.0,12.035714285714286
2020-06-16 18:30:00,4136001,xMbIugepa2P7lBB,12.14,0.0,12.14
2020-06-16 18:30:00,4136001,rrq4fwE8jgrTyWY,10.526666666666667,0.0,10.526666666666667
2020-06-16 18:30:00,4136001,oZZkBaNadn6DNKz,11.8,0.0,11.8
2020-06-16 18:30:00,4136001,q49J1IKaHRwDQnt,12.073333333333332,0.0,12.073333333333332
2020-06-16 18:30:00,4136001,Quc1TzYxW2pYoWX,8.846666666666666,0.0,8.846666666666666
2020-06-16 18:30:00,4136001,LYwnQax7tkwH5Cb,10.713333333333336,0.0,10.713333333333336
2020-06-16 18:30:00,4136001,81aHJ1q11NBPMrL,11.52,0.0,11.52
2020-06-16 18:30:00,4136001,vOuJvMaM2sgwLmb,11.966666666666669,0.0,11.966666666666669
2020-06-16 18:30:00,4136001,WcxssY2VbP4hApt,11.46,0.0,11.46
2020-06-16 18:30:00,4136001,mqwcsP2rE7J0TFp,12.246666666666668,0.0,12.246666666666668
2020-06-16 18:30:00,4136001,4UPUqMRk7TRMgml,11.8,0.0,11.8
2020-06-16 18:45:00,4136001,xoJJ8DcxJEcupym,0.0,0.0,0.0
2020-06-16 18:45:00,4136001,vOuJvMaM2sgwLmb,0.0,0.0,0.0
2020-06-16 18:45:00,4136001,9kRcWv60rDACzjR,0.0,0.0,0.0
2020-06-16 18:45:00,4136001,LYwnQax7tkwH5Cb,0.0,0.0,0.0
2020-06-16 18:45:00,4136001,Mx2yZCDsyf6DPfv,0.0,0.0,0.0
2020-06-16 18:45:00,4136001,Qf4GUc1pJu5T6c6,0.0,0.0,0.0
2020-06-16 18:45:00,4136001,rrq4fwE8jgrTyWY,0.0,0.0,0.0
2020-06-16 18:45:00,4136001,PeE6FRyGXUgsRhN,0.0,0.0,0.0
2020-06-16 18:45:00,4136001,Et9kgGMDl729KT4,0.0,0.0,0.0
2020-06-16 18:45:00,4136001,WcxssY2VbP4hApt,0.0,0.0,0.0
2020-06-16 18:45:00,4136001,mqwcsP2rE7J0TFp,0.0,0.0,0.0
2020-06-16 18:45:00,4136001,Quc1TzYxW2pYoWX,0.0,0.0,0.0
2020-06-16 18:45:00,4136001,oZ35aAeoifZaQzV,0.0,0.0,0.0
2020-06-16 18:45:00,4136001,oZZkBaNadn6DNKz,0.0,0.0,0.0
2020-06-16 18:45:00,4136001,V94E5Ben1TlhnDV,0.0,0.0,0.0
2020-06-16 18:45:00,4136001,LlT2YUhhzqhg5Sw,0.0,0.0,0.0
2020-06-16 18:45:00,4136001,IQ2d7wF4YD8zU1Q,0.0,0.0,0.0
2020-06-16 18:45:00,4136001,4UPUqMRk7TRMgml,0.0,0.0,0.0
2020-06-16 18:45:00,4136001,81aHJ1q11NBPMrL,0.0,0.0,0.0
2020-06-16 18:45:00,4136001,q49J1IKaHRwDQnt,0.0,0.0,0.0
2020-06-16 18:45:00,4136001,xMbIugepa2P7lBB,0.0,0.0,0.0
2020-06-16 18:45:00,4136001,NgDl19wMapZy17u,0.0,0.0,0.0
2020-06-16 19:00:00,4136001,q49J1IKaHRwDQnt,0.0,0.0,0.0
2020-06-16 19:00:00,4136001,Qf4GUc1pJu5T6c6,0.0,0.0,0.0
2020-06-16 19:00:00,4136001,rrq4fwE8jgrTyWY,0.0,0.0,0.0
2020-06-16 19:00:00,4136001,oZZkBaNadn6DNKz,0.0,0.0,0.0
2020-06-16 19:00:00,4136001,81aHJ1q11NBPMrL,0.0,0.0,0.0
2020-06-16 19:00:00,4136001,Et9kgGMDl729KT4,0.0,0.0,0.0
2020-06-16 19:00:00,4136001,WcxssY2VbP4hApt,0.0,0.0,0.0
2020-06-16 19:00:00,4136001,LYwnQax7tkwH5Cb,0.0,0.0,0.0
2020-06-16 19:00:00,4136001,LlT2YUhhzqhg5Sw,0.0,0.0,0.0
2020-06-16 19:00:00,4136001,mqwcsP2rE7J0TFp,0.0,0.0,0.0
2020-06-16 19:00:00,4136001,PeE6FRyGXUgsRhN,0.0,0.0,0.0
2020-06-16 19:00:00,4136001,Mx2yZCDsyf6DPfv,0.0,0.0,0.0
2020-06-16 19:00:00,4136001,V94E5Ben1TlhnDV,0.0,0.0,0.0
2020-06-16 19:00:00,4136001,9kRcWv60rDACzjR,0.0,0.0,0.0
2020-06-16 19:00:00,4136001,Quc1TzYxW2pYoWX,0.0,0.0,0.0
2020-06-16 19:00:00,4136001,xMbIugepa2P7lBB,0.0,0.0,0.0
2020-06-16 19:00:00,4136001,oZ35aAeoifZaQzV,0.0,0.0,0.0
2020-06-16 19:00:00,4136001,vOuJvMaM2sgwLmb,0.0,0.0,0.0
2020-06-16 19:00:00,4136001,4UPUqMRk7TRMgml,0.0,0.0,0.0
2020-06-16 19:00:00,4136001,xoJJ8DcxJEcupym,0.0,0.0,0.0
2020-06-16 19:00:00,4136001,NgDl19wMapZy17u,0.0,0.0,0.0
2020-06-16 19:00:00,4136001,IQ2d7wF4YD8zU1Q,0.0,0.0,0.0
2020-06-16 19:15:00,4136001,Quc1TzYxW2pYoWX,0.0,0.0,0.0
2020-06-16 19:15:00,4136001,4UPUqMRk7TRMgml,0.0,0.0,0.0
2020-06-16 19:15:00,4136001,LYwnQax7tkwH5Cb,0.0,0.0,0.0
2020-06-16 19:15:00,4136001,IQ2d7wF4YD8zU1Q,0.0,0.0,0.0
2020-06-16 19:15:00,4136001,V94E5Ben1TlhnDV,0.0,0.0,0.0
2020-06-16 19:15:00,4136001,Et9kgGMDl729KT4,0.0,0.0,0.0
2020-06-16 19:15:00,4136001,Mx2yZCDsyf6DPfv,0.0,0.0,0.0
2020-06-16 19:15:00,4136001,81aHJ1q11NBPMrL,0.0,0.0,0.0
2020-06-16 19:15:00,4136001,oZZkBaNadn6DNKz,0.0,0.0,0.0
2020-06-16 19:15:00,4136001,Qf4GUc1pJu5T6c6,0.0,0.0,0.0
2020-06-16 19:15:00,4136001,q49J1IKaHRwDQnt,0.0,0.0,0.0
2020-06-16 19:15:00,4136001,WcxssY2VbP4hApt,0.0,0.0,0.0
2020-06-16 19:15:00,4136001,9kRcWv60rDACzjR,0.0,0.0,0.0
2020-06-16 19:15:00,4136001,mqwcsP2rE7J0TFp,0.0,0.0,0.0
2020-06-16 19:15:00,4136001,xoJJ8DcxJEcupym,0.0,0.0,0.0
2020-06-16 19:15:00,4136001,NgDl19wMapZy17u,0.0,0.0,0.0
2020-06-16 19:15:00,4136001,xMbIugepa2P7lBB,0.0,0.0,0.0
2020-06-16 19:15:00,4136001,LlT2YUhhzqhg5Sw,0.0,0.0,0.0
2020-06-16 19:15:00,4136001,vOuJvMaM2sgwLmb,0.0,0.0,0.0
2020-06-16 19:15:00,4136001,oZ35aAeoifZaQzV,0.0,0.0,0.0
2020-06-16 19:15:00,4136001,PeE6FRyGXUgsRhN,0.0,0.0,0.0
2020-06-16 19:15:00,4136001,rrq4fwE8jgrTyWY,0.0,0.0,0.0
2020-06-16 19:30:00,4136001,oZZkBaNadn6DNKz,0.0,0.0,0.0
2020-06-16 19:30:00,4136001,vOuJvMaM2sgwLmb,0.0,0.0,0.0
2020-06-16 19:30:00,4136001,oZ35aAeoifZaQzV,0.0,0.0,0.0
2020-06-16 19:30:00,4136001,PeE6FRyGXUgsRhN,0.0,0.0,0.0
2020-06-16 19:30:00,4136001,9kRcWv60rDACzjR,0.0,0.0,0.0
2020-06-16 19:30:00,4136001,IQ2d7wF4YD8zU1Q,0.0,0.0,0.0
2020-06-16 19:30:00,4136001,4UPUqMRk7TRMgml,0.0,0.0,0.0
2020-06-16 19:30:00,4136001,xMbIugepa2P7lBB,0.0,0.0,0.0
2020-06-16 19:30:00,4136001,Quc1TzYxW2pYoWX,0.0,0.0,0.0
2020-06-16 19:30:00,4136001,V94E5Ben1TlhnDV,0.0,0.0,0.0
2020-06-16 19:30:00,4136001,Mx2yZCDsyf6DPfv,0.0,0.0,0.0
2020-06-16 19:30:00,4136001,q49J1IKaHRwDQnt,0.0,0.0,0.0
2020-06-16 19:30:00,4136001,NgDl19wMapZy17u,0.0,0.0,0.0
2020-06-16 19:30:00,4136001,Qf4GUc1pJu5T6c6,0.0,0.0,0.0
2020-06-16 19:30:00,4136001,mqwcsP2rE7J0TFp,0.0,0.0,0.0
2020-06-16 19:30:00,4136001,WcxssY2VbP4hApt,0.0,0.0,0.0
2020-06-16 19:30:00,4136001,LlT2YUhhzqhg5Sw,0.0,0.0,0.0
2020-06-16 19:30:00,4136001,81aHJ1q11NBPMrL,0.0,0.0,0.0
2020-06-16 19:30:00,4136001,rrq4fwE8jgrTyWY,0.0,0.0,0.0
2020-06-16 19:30:00,4136001,xoJJ8DcxJEcupym,0.0,0.0,0.0
2020-06-16 19:30:00,4136001,Et9kgGMDl729KT4,0.0,0.0,0.0
2020-06-16 19:30:00,4136001,LYwnQax7tkwH5Cb,0.0,0.0,0.0
2020-06-16 19:45:00,4136001,LlT2YUhhzqhg5Sw,0.0,0.0,0.0
2020-06-16 19:45:00,4136001,q49J1IKaHRwDQnt,0.0,0.0,0.0
2020-06-16 19:45:00,4136001,LYwnQax7tkwH5Cb,0.0,0.0,0.0
2020-06-16 19:45:00,4136001,81aHJ1q11NBPMrL,0.0,0.0,0.0
2020-06-16 19:45:00,4136001,NgDl19wMapZy17u,0.0,0.0,0.0
2020-06-16 19:45:00,4136001,xoJJ8DcxJEcupym,0.0,0.0,0.0
2020-06-16 19:45:00,4136001,Mx2yZCDsyf6DPfv,0.0,0.0,0.0
2020-06-16 19:45:00,4136001,9kRcWv60rDACzjR,0.0,0.0,0.0
2020-06-16 19:45:00,4136001,oZZkBaNadn6DNKz,0.0,0.0,0.0
2020-06-16 19:45:00,4136001,4UPUqMRk7TRMgml,0.0,0.0,0.0
2020-06-16 19:45:00,4136001,xMbIugepa2P7lBB,0.0,0.0,0.0
2020-06-16 19:45:00,4136001,PeE6FRyGXUgsRhN,0.0,0.0,0.0
2020-06-16 19:45:00,4136001,mqwcsP2rE7J0TFp,0.0,0.0,0.0
2020-06-16 19:45:00,4136001,WcxssY2VbP4hApt,0.0,0.0,0.0
2020-06-16 19:45:00,4136001,Et9kgGMDl729KT4,0.0,0.0,0.0
2020-06-16 19:45:00,4136001,rrq4fwE8jgrTyWY,0.0,0.0,0.0
2020-06-16 19:45:00,4136001,Quc1TzYxW2pYoWX,0.0,0.0,0.0
2020-06-16 19:45:00,4136001,Qf4GUc1pJu5T6c6,0.0,0.0,0.0
2020-06-16 19:45:00,4136001,oZ35aAeoifZaQzV,0.0,0.0,0.0
2020-06-16 19:45:00,4136001,V94E5Ben1TlhnDV,0.0,0.0,0.0
2020-06-16 19:45:00,4136001,IQ2d7wF4YD8zU1Q,0.0,0.0,0.0
2020-06-16 19:45:00,4136001,vOuJvMaM2sgwLmb,0.0,0.0,0.0
2020-06-16 20:00:00,4136001,Quc1TzYxW2pYoWX,0.0,0.0,0.0
2020-06-16 20:00:00,4136001,4UPUqMRk7TRMgml,0.0,0.0,0.0
2020-06-16 20:00:00,4136001,Mx2yZCDsyf6DPfv,0.0,0.0,0.0
2020-06-16 20:00:00,4136001,mqwcsP2rE7J0TFp,0.0,0.0,0.0
2020-06-16 20:00:00,4136001,q49J1IKaHRwDQnt,0.0,0.0,0.0
2020-06-16 20:00:00,4136001,WcxssY2VbP4hApt,0.0,0.0,0.0
2020-06-16 20:00:00,4136001,Et9kgGMDl729KT4,0.0,0.0,0.0
2020-06-16 20:00:00,4136001,LlT2YUhhzqhg5Sw,0.0,0.0,0.0
2020-06-16 20:00:00,4136001,vOuJvMaM2sgwLmb,0.0,0.0,0.0
2020-06-16 20:00:00,4136001,LYwnQax7tkwH5Cb,0.0,0.0,0.0
2020-06-16 20:00:00,4136001,rrq4fwE8jgrTyWY,0.0,0.0,0.0
2020-06-16 20:00:00,4136001,Qf4GUc1pJu5T6c6,0.0,0.0,0.0
2020-06-16 20:00:00,4136001,xMbIugepa2P7lBB,0.0,0.0,0.0
2020-06-16 20:00:00,4136001,81aHJ1q11NBPMrL,0.0,0.0,0.0
2020-06-16 20:00:00,4136001,oZ35aAeoifZaQzV,0.0,0.0,0.0
2020-06-16 20:00:00,4136001,xoJJ8DcxJEcupym,0.0,0.0,0.0
2020-06-16 20:00:00,4136001,oZZkBaNadn6DNKz,0.0,0.0,0.0
2020-06-16 20:00:00,4136001,PeE6FRyGXUgsRhN,0.0,0.0,0.0
2020-06-16 20:00:00,4136001,V94E5Ben1TlhnDV,0.0,0.0,0.0
2020-06-16 20:00:00,4136001,IQ2d7wF4YD8zU1Q,0.0,0.0,0.0
2020-06-16 20:00:00,4136001,9kRcWv60rDACzjR,0.0,0.0,0.0
2020-06-16 20:00:00,4136001,NgDl19wMapZy17u,0.0,0.0,0.0
2020-06-16 20:15:00,4136001,IQ2d7wF4YD8zU1Q,0.0,0.0,0.0
2020-06-16 20:15:00,4136001,vOuJvMaM2sgwLmb,0.0,0.0,0.0
2020-06-16 20:15:00,4136001,Mx2yZCDsyf6DPfv,0.0,0.0,0.0
2020-06-16 20:15:00,4136001,rrq4fwE8jgrTyWY,0.0,0.0,0.0
2020-06-16 20:15:00,4136001,Qf4GUc1pJu5T6c6,0.0,0.0,0.0
2020-06-16 20:15:00,4136001,Et9kgGMDl729KT4,0.0,0.0,0.0
2020-06-16 20:15:00,4136001,V94E5Ben1TlhnDV,0.0,0.0,0.0
2020-06-16 20:15:00,4136001,4UPUqMRk7TRMgml,0.0,0.0,0.0
2020-06-16 20:15:00,4136001,oZ35aAeoifZaQzV,0.0,0.0,0.0
2020-06-16 20:15:00,4136001,LYwnQax7tkwH5Cb,0.0,0.0,0.0
2020-06-16 20:15:00,4136001,WcxssY2VbP4hApt,0.0,0.0,0.0
2020-06-16 20:15:00,4136001,q49J1IKaHRwDQnt,0.0,0.0,0.0
2020-06-16 20:15:00,4136001,Quc1TzYxW2pYoWX,0.0,0.0,0.0
2020-06-16 20:15:00,4136001,NgDl19wMapZy17u,0.0,0.0,0.0
2020-06-16 20:15:00,4136001,xoJJ8DcxJEcupym,0.0,0.0,0.0
2020-06-16 20:15:00,4136001,oZZkBaNadn6DNKz,0.0,0.0,0.0
2020-06-16 20:15:00,4136001,LlT2YUhhzqhg5Sw,0.0,0.0,0.0
2020-06-16 20:15:00,4136001,9kRcWv60rDACzjR,0.0,0.0,0.0
2020-06-16 20:15:00,4136001,mqwcsP2rE7J0TFp,0.0,0.0,0.0
2020-06-16 20:15:00,4136001,81aHJ1q11NBPMrL,0.0,0.0,0.0
2020-06-16 20:15:00,4136001,PeE6FRyGXUgsRhN,0.0,0.0,0.0
2020-06-16 20:15:00,4136001,xMbIugepa2P7lBB,0.0,0.0,0.0
2020-06-16 20:30:00,4136001,Mx2yZCDsyf6DPfv,0.0,0.0,0.0
2020-06-16 20:30:00,4136001,xoJJ8DcxJEcupym,0.0,0.0,0.0
2020-06-16 20:30:00,4136001,V94E5Ben1TlhnDV,0.0,0.0,0.0
2020-06-16 20:30:00,4136001,81aHJ1q11NBPMrL,0.0,0.0,0.0
2020-06-16 20:30:00,4136001,oZ35aAeoifZaQzV,0.0,0.0,0.0
2020-06-16 20:30:00,4136001,oZZkBaNadn6DNKz,0.0,0.0,0.0
2020-06-16 20:30:00,4136001,q49J1IKaHRwDQnt,0.0,0.0,0.0
2020-06-16 20:30:00,4136001,vOuJvMaM2sgwLmb,0.0,0.0,0.0
2020-06-16 20:30:00,4136001,9kRcWv60rDACzjR,0.0,0.0,0.0
2020-06-16 20:30:00,4136001,4UPUqMRk7TRMgml,0.0,0.0,0.0
2020-06-16 20:30:00,4136001,NgDl19wMapZy17u,0.0,0.0,0.0
2020-06-16 20:30:00,4136001,mqwcsP2rE7J0TFp,0.0,0.0,0.0
2020-06-16 20:30:00,4136001,LlT2YUhhzqhg5Sw,0.0,0.0,0.0
2020-06-16 20:30:00,4136001,WcxssY2VbP4hApt,0.0,0.0,0.0
2020-06-16 20:30:00,4136001,IQ2d7wF4YD8zU1Q,0.0,0.0,0.0
2020-06-16 20:30:00,4136001,rrq4fwE8jgrTyWY,0.0,0.0,0.0
2020-06-16 20:30:00,4136001,xMbIugepa2P7lBB,0.0,0.0,0.0
2020-06-16 20:30:00,4136001,Qf4GUc1pJu5T6c6,0.0,0.0,0.0
2020-06-16 20:30:00,4136001,Et9kgGMDl729KT4,0.0,0.0,0.0
2020-06-16 20:30:00,4136001,Quc1TzYxW2pYoWX,0.0,0.0,0.0
2020-06-16 20:30:00,4136001,LYwnQax7tkwH5Cb,0.0,0.0,0.0
2020-06-16 20:30:00,4136001,PeE6FRyGXUgsRhN,0.0,0.0,0.0
2020-06-16 20:45:00,4136001,PeE6FRyGXUgsRhN,0.0,0.0,0.0
2020-06-16 20:45:00,4136001,q49J1IKaHRwDQnt,0.0,0.0,0.0
2020-06-16 20:45:00,4136001,81aHJ1q11NBPMrL,0.0,0.0,0.0
2020-06-16 20:45:00,4136001,mqwcsP2rE7J0TFp,0.0,0.0,0.0
2020-06-16 20:45:00,4136001,9kRcWv60rDACzjR,0.0,0.0,0.0
2020-06-16 20:45:00,4136001,oZZkBaNadn6DNKz,0.0,0.0,0.0
2020-06-16 20:45:00,4136001,LlT2YUhhzqhg5Sw,0.0,0.0,0.0
2020-06-16 20:45:00,4136001,xMbIugepa2P7lBB,0.0,0.0,0.0
2020-06-16 20:45:00,4136001,NgDl19wMapZy17u,0.0,0.0,0.0
2020-06-16 20:45:00,4136001,oZ35aAeoifZaQzV,0.0,0.0,0.0
2020-06-16 20:45:00,4136001,LYwnQax7tkwH5Cb,0.0,0.0,0.0
2020-06-16 20:45:00,4136001,xoJJ8DcxJEcupym,0.0,0.0,0.0
2020-06-16 20:45:00,4136001,WcxssY2VbP4hApt,0.0,0.0,0.0
2020-06-16 20:45:00,4136001,Qf4GUc1pJu5T6c6,0.0,0.0,0.0
2020-06-16 20:45:00,4136001,IQ2d7wF4YD8zU1Q,0.0,0.0,0.0
2020-06-16 20:45:00,4136001,4UPUqMRk7TRMgml,0.0,0.0,0.0
2020-06-16 20:45:00,4136001,rrq4fwE8jgrTyWY,0.0,0.0,0.0
2020-06-16 20:45:00,4136001,Mx2yZCDsyf6DPfv,0.0,0.0,0.0
2020-06-16 20:45:00,4136001,Et9kgGMDl729KT4,0.0,0.0,0.0
2020-06-16 20:45:00,4136001,V94E5Ben1TlhnDV,0.0,0.0,0.0
2020-06-16 20:45:00,4136001,Quc1TzYxW2pYoWX,0.0,0.0,0.0
2020-06-16 20:45:00,4136001,vOuJvMaM2sgwLmb,0.0,0.0,0.0
2020-06-16 21:00:00,4136001,Qf4GUc1pJu5T6c6,0.0,0.0,0.0
2020-06-16 21:00:00,4136001,9kRcWv60rDACzjR,0.0,0.0,0.0
2020-06-16 21:00:00,4136001,vOuJvMaM2sgwLmb,0.0,0.0,0.0
2020-06-16 21:00:00,4136001,PeE6FRyGXUgsRhN,0.0,0.0,0.0
2020-06-16 21:00:00,4136001,q49J1IKaHRwDQnt,0.0,0.0,0.0
2020-06-16 21:00:00,4136001,mqwcsP2rE7J0TFp,0.0,0.0,0.0
2020-06-16 21:00:00,4136001,NgDl19wMapZy17u,0.0,0.0,0.0
2020-06-16 21:00:00,4136001,oZ35aAeoifZaQzV,0.0,0.0,0.0
2020-06-16 21:00:00,4136001,WcxssY2VbP4hApt,0.0,0.0,0.0
2020-06-16 21:00:00,4136001,Et9kgGMDl729KT4,0.0,0.0,0.0
2020-06-16 21:00:00,4136001,4UPUqMRk7TRMgml,0.0,0.0,0.0
2020-06-16 21:00:00,4136001,rrq4fwE8jgrTyWY,0.0,0.0,0.0
2020-06-16 21:00:00,4136001,Quc1TzYxW2pYoWX,0.0,0.0,0.0
2020-06-16 21:00:00,4136001,oZZkBaNadn6DNKz,0.0,0.0,0.0
2020-06-16 21:00:00,4136001,V94E5Ben1TlhnDV,0.0,0.0,0.0
2020-06-16 21:00:00,4136001,Mx2yZCDsyf6DPfv,0.0,0.0,0.0
2020-06-16 21:00:00,4136001,LlT2YUhhzqhg5Sw,0.0,0.0,0.0
2020-06-16 21:00:00,4136001,xMbIugepa2P7lBB,0.0,0.0,0.0
2020-06-16 21:00:00,4136001,IQ2d7wF4YD8zU1Q,0.0,0.0,0.0
2020-06-16 21:00:00,4136001,LYwnQax7tkwH5Cb,0.0,0.0,0.0
2020-06-16 21:00:00,4136001,81aHJ1q11NBPMrL,0.0,0.0,0.0
2020-06-16 21:00:00,4136001,xoJJ8DcxJEcupym,0.0,0.0,0.0
2020-06-16 21:15:00,4136001,oZ35aAeoifZaQzV,0.0,0.0,0.0
2020-06-16 21:15:00,4136001,LlT2YUhhzqhg5Sw,0.0,0.0,0.0
2020-06-16 21:15:00,4136001,q49J1IKaHRwDQnt,0.0,0.0,0.0
2020-06-16 21:15:00,4136001,81aHJ1q11NBPMrL,0.0,0.0,0.0
2020-06-16 21:15:00,4136001,Et9kgGMDl729KT4,0.0,0.0,0.0
2020-06-16 21:15:00,4136001,V94E5Ben1TlhnDV,0.0,0.0,0.0
2020-06-16 21:15:00,4136001,NgDl19wMapZy17u,0.0,0.0,0.0
2020-06-16 21:15:00,4136001,4UPUqMRk7TRMgml,0.0,0.0,0.0
2020-06-16 21:15:00,4136001,Mx2yZCDsyf6DPfv,0.0,0.0,0.0
2020-06-16 21:15:00,4136001,IQ2d7wF4YD8zU1Q,0.0,0.0,0.0
2020-06-16 21:15:00,4136001,Qf4GUc1pJu5T6c6,0.0,0.0,0.0
2020-06-16 21:15:00,4136001,xMbIugepa2P7lBB,0.0,0.0,0.0
2020-06-16 21:15:00,4136001,rrq4fwE8jgrTyWY,0.0,0.0,0.0
2020-06-16 21:15:00,4136001,vOuJvMaM2sgwLmb,0.0,0.0,0.0
2020-06-16 21:15:00,4136001,mqwcsP2rE7J0TFp,0.0,0.0,0.0
2020-06-16 21:15:00,4136001,oZZkBaNadn6DNKz,0.0,0.0,0.0
2020-06-16 21:15:00,4136001,PeE6FRyGXUgsRhN,0.0,0.0,0.0
2020-06-16 21:15:00,4136001,WcxssY2VbP4hApt,0.0,0.0,0.0
2020-06-16 21:15:00,4136001,9kRcWv60rDACzjR,0.0,0.0,0.0
2020-06-16 21:15:00,4136001,LYwnQax7tkwH5Cb,0.0,0.0,0.0
2020-06-16 21:15:00,4136001,Quc1TzYxW2pYoWX,0.0,0.0,0.0
2020-06-16 21:15:00,4136001,xoJJ8DcxJEcupym,0.0,0.0,0.0
2020-06-16 21:30:00,4136001,NgDl19wMapZy17u,0.0,0.0,0.0
2020-06-16 21:30:00,4136001,IQ2d7wF4YD8zU1Q,0.0,0.0,0.0
2020-06-16 21:30:00,4136001,4UPUqMRk7TRMgml,0.0,0.0,0.0
2020-06-16 21:30:00,4136001,oZZkBaNadn6DNKz,0.0,0.0,0.0
2020-06-16 21:30:00,4136001,xMbIugepa2P7lBB,0.0,0.0,0.0
2020-06-16 21:30:00,4136001,Et9kgGMDl729KT4,0.0,0.0,0.0
2020-06-16 21:30:00,4136001,Mx2yZCDsyf6DPfv,0.0,0.0,0.0
2020-06-16 21:30:00,4136001,PeE6FRyGXUgsRhN,0.0,0.0,0.0
2020-06-16 21:30:00,4136001,Qf4GUc1pJu5T6c6,0.0,0.0,0.0
2020-06-16 21:30:00,4136001,WcxssY2VbP4hApt,0.0,0.0,0.0
2020-06-16 21:30:00,4136001,LYwnQax7tkwH5Cb,0.0,0.0,0.0
2020-06-16 21:30:00,4136001,V94E5Ben1TlhnDV,0.0,0.0,0.0
2020-06-16 21:30:00,4136001,LlT2YUhhzqhg5Sw,0.0,0.0,0.0
2020-06-16 21:30:00,4136001,xoJJ8DcxJEcupym,0.0,0.0,0.0
2020-06-16 21:30:00,4136001,9kRcWv60rDACzjR,0.0,0.0,0.0
2020-06-16 21:30:00,4136001,mqwcsP2rE7J0TFp,0.0,0.0,0.0
2020-06-16 21:30:00,4136001,Quc1TzYxW2pYoWX,0.0,0.0,0.0
2020-06-16 21:30:00,4136001,oZ35aAeoifZaQzV,0.0,0.0,0.0
2020-06-16 21:30:00,4136001,q49J1IKaHRwDQnt,0.0,0.0,0.0
2020-06-16 21:30:00,4136001,81aHJ1q11NBPMrL,0.0,0.0,0.0
2020-06-16 21:30:00,4136001,vOuJvMaM2sgwLmb,0.0,0.0,0.0
2020-06-16 21:30:00,4136001,rrq4fwE8jgrTyWY,0.0,0.0,0.0
2020-06-16 21:45:00,4136001,Quc1TzYxW2pYoWX,0.0,0.0,0.0
2020-06-16 21:45:00,4136001,IQ2d7wF4YD8zU1Q,0.0,0.0,0.0
2020-06-16 21:45:00,4136001,9kRcWv60rDACzjR,0.0,0.0,0.0
2020-06-16 21:45:00,4136001,xMbIugepa2P7lBB,0.0,0.0,0.0
2020-06-16 21:45:00,4136001,xoJJ8DcxJEcupym,0.0,0.0,0.0
2020-06-16 21:45:00,4136001,LYwnQax7tkwH5Cb,0.0,0.0,0.0
2020-06-16 21:45:00,4136001,WcxssY2VbP4hApt,0.0,0.0,0.0
2020-06-16 21:45:00,4136001,PeE6FRyGXUgsRhN,0.0,0.0,0.0
2020-06-16 21:45:00,4136001,mqwcsP2rE7J0TFp,0.0,0.0,0.0
2020-06-16 21:45:00,4136001,4UPUqMRk7TRMgml,0.0,0.0,0.0
2020-06-16 21:45:00,4136001,LlT2YUhhzqhg5Sw,0.0,0.0,0.0
2020-06-16 21:45:00,4136001,V94E5Ben1TlhnDV,0.0,0.0,0.0
2020-06-16 21:45:00,4136001,81aHJ1q11NBPMrL,0.0,0.0,0.0
2020-06-16 21:45:00,4136001,oZ35aAeoifZaQzV,0.0,0.0,0.0
2020-06-16 21:45:00,4136001,NgDl19wMapZy17u,0.0,0.0,0.0
2020-06-16 21:45:00,4136001,Et9kgGMDl729KT4,0.0,0.0,0.0
2020-06-16 21:45:00,4136001,oZZkBaNadn6DNKz,0.0,0.0,0.0
2020-06-16 21:45:00,4136001,vOuJvMaM2sgwLmb,0.0,0.0,0.0
2020-06-16 21:45:00,4136001,q49J1IKaHRwDQnt,0.0,0.0,0.0
2020-06-16 21:45:00,4136001,Mx2yZCDsyf6DPfv,0.0,0.0,0.0
2020-06-16 21:45:00,4136001,Qf4GUc1pJu5T6c6,0.0,0.0,0.0
2020-06-16 21:45:00,4136001,rrq4fwE8jgrTyWY,0.0,0.0,0.0
2020-06-16 22:00:00,4136001,oZ35aAeoifZaQzV,0.0,0.0,0.0
2020-06-16 22:00:00,4136001,q49J1IKaHRwDQnt,0.0,0.0,0.0
2020-06-16 22:00:00,4136001,rrq4fwE8jgrTyWY,0.0,0.0,0.0
2020-06-16 22:00:00,4136001,vOuJvMaM2sgwLmb,0.0,0.0,0.0
2020-06-16 22:00:00,4136001,xoJJ8DcxJEcupym,0.0,0.0,0.0
2020-06-16 22:00:00,4136001,Quc1TzYxW2pYoWX,0.0,0.0,0.0
2020-06-16 22:00:00,4136001,oZZkBaNadn6DNKz,0.0,0.0,0.0
2020-06-16 22:00:00,4136001,V94E5Ben1TlhnDV,0.0,0.0,0.0
2020-06-16 22:00:00,4136001,81aHJ1q11NBPMrL,0.0,0.0,0.0
2020-06-16 22:00:00,4136001,9kRcWv60rDACzjR,0.0,0.0,0.0
2020-06-16 22:00:00,4136001,IQ2d7wF4YD8zU1Q,0.0,0.0,0.0
2020-06-16 22:00:00,4136001,LlT2YUhhzqhg5Sw,0.0,0.0,0.0
2020-06-16 22:00:00,4136001,Qf4GUc1pJu5T6c6,0.0,0.0,0.0
2020-06-16 22:00:00,4136001,LYwnQax7tkwH5Cb,0.0,0.0,0.0
2020-06-16 22:00:00,4136001,mqwcsP2rE7J0TFp,0.0,0.0,0.0
2020-06-16 22:00:00,4136001,Mx2yZCDsyf6DPfv,0.0,0.0,0.0
2020-06-16 22:00:00,4136001,Et9kgGMDl729KT4,0.0,0.0,0.0
2020-06-16 22:00:00,4136001,PeE6FRyGXUgsRhN,0.0,0.0,0.0
2020-06-16 22:00:00,4136001,xMbIugepa2P7lBB,0.0,0.0,0.0
2020-06-16 22:00:00,4136001,NgDl19wMapZy17u,0.0,0.0,0.0
2020-06-16 22:00:00,4136001,4UPUqMRk7TRMgml,0.0,0.0,0.0
2020-06-16 22:00:00,4136001,WcxssY2VbP4hApt,0.0,0.0,0.0
2020-06-16 22:15:00,4136001,Quc1TzYxW2pYoWX,0.0,0.0,0.0
2020-06-16 22:15:00,4136001,rrq4fwE8jgrTyWY,0.0,0.0,0.0
2020-06-16 22:15:00,4136001,PeE6FRyGXUgsRhN,0.0,0.0,0.0
2020-06-16 22:15:00,4136001,vOuJvMaM2sgwLmb,0.0,0.0,0.0
2020-06-16 22:15:00,4136001,81aHJ1q11NBPMrL,0.0,0.0,0.0
2020-06-16 22:15:00,4136001,WcxssY2VbP4hApt,0.0,0.0,0.0
2020-06-16 22:15:00,4136001,mqwcsP2rE7J0TFp,0.0,0.0,0.0
2020-06-16 22:15:00,4136001,Et9kgGMDl729KT4,0.0,0.0,0.0
2020-06-16 22:15:00,4136001,LYwnQax7tkwH5Cb,0.0,0.0,0.0
2020-06-16 22:15:00,4136001,IQ2d7wF4YD8zU1Q,0.0,0.0,0.0
2020-06-16 22:15:00,4136001,9kRcWv60rDACzjR,0.0,0.0,0.0
2020-06-16 22:15:00,4136001,xMbIugepa2P7lBB,0.0,0.0,0.0
2020-06-16 22:15:00,4136001,V94E5Ben1TlhnDV,0.0,0.0,0.0
2020-06-16 22:15:00,4136001,LlT2YUhhzqhg5Sw,0.0,0.0,0.0
2020-06-16 22:15:00,4136001,Mx2yZCDsyf6DPfv,0.0,0.0,0.0
2020-06-16 22:15:00,4136001,NgDl19wMapZy17u,0.0,0.0,0.0
2020-06-16 22:15:00,4136001,oZ35aAeoifZaQzV,0.0,0.0,0.0
2020-06-16 22:15:00,4136001,Qf4GUc1pJu5T6c6,0.0,0.0,0.0
2020-06-16 22:15:00,4136001,q49J1IKaHRwDQnt,0.0,0.0,0.0
2020-06-16 22:15:00,4136001,4UPUqMRk7TRMgml,0.0,0.0,0.0
2020-06-16 22:15:00,4136001,oZZkBaNadn6DNKz,0.0,0.0,0.0
2020-06-16 22:15:00,4136001,xoJJ8DcxJEcupym,0.0,0.0,0.0
2020-06-16 22:30:00,4136001,xoJJ8DcxJEcupym,0.0,0.0,0.0
2020-06-16 22:30:00,4136001,Mx2yZCDsyf6DPfv,0.0,0.0,0.0
2020-06-16 22:30:00,4136001,LYwnQax7tkwH5Cb,0.0,0.0,0.0
2020-06-16 22:30:00,4136001,Et9kgGMDl729KT4,0.0,0.0,0.0
2020-06-16 22:30:00,4136001,81aHJ1q11NBPMrL,0.0,0.0,0.0
2020-06-16 22:30:00,4136001,xMbIugepa2P7lBB,0.0,0.0,0.0
2020-06-16 22:30:00,4136001,oZZkBaNadn6DNKz,0.0,0.0,0.0
2020-06-16 22:30:00,4136001,mqwcsP2rE7J0TFp,0.0,0.0,0.0
2020-06-16 22:30:00,4136001,WcxssY2VbP4hApt,0.0,0.0,0.0
2020-06-16 22:30:00,4136001,NgDl19wMapZy17u,0.0,0.0,0.0
2020-06-16 22:30:00,4136001,IQ2d7wF4YD8zU1Q,0.0,0.0,0.0
2020-06-16 22:30:00,4136001,LlT2YUhhzqhg5Sw,0.0,0.0,0.0
2020-06-16 22:30:00,4136001,oZ35aAeoifZaQzV,0.0,0.0,0.0
2020-06-16 22:30:00,4136001,PeE6FRyGXUgsRhN,0.0,0.0,0.0
2020-06-16 22:30:00,4136001,9kRcWv60rDACzjR,0.0,0.0,0.0
2020-06-16 22:30:00,4136001,4UPUqMRk7TRMgml,0.0,0.0,0.0
2020-06-16 22:30:00,4136001,vOuJvMaM2sgwLmb,0.0,0.0,0.0
2020-06-16 22:30:00,4136001,Quc1TzYxW2pYoWX,0.0,0.0,0.0
2020-06-16 22:30:00,4136001,Qf4GUc1pJu5T6c6,0.0,0.0,0.0
2020-06-16 22:30:00,4136001,rrq4fwE8jgrTyWY,0.0,0.0,0.0
2020-06-16 22:30:00,4136001,q49J1IKaHRwDQnt,0.0,0.0,0.0
2020-06-16 22:30:00,4136001,V94E5Ben1TlhnDV,0.0,0.0,0.0
2020-06-16 22:45:00,4136001,WcxssY2VbP4hApt,0.0,0.0,0.0
2020-06-16 22:45:00,4136001,Qf4GUc1pJu5T6c6,0.0,0.0,0.0
2020-06-16 22:45:00,4136001,rrq4fwE8jgrTyWY,0.0,0.0,0.0
2020-06-16 22:45:00,4136001,q49J1IKaHRwDQnt,0.0,0.0,0.0
2020-06-16 22:45:00,4136001,xMbIugepa2P7lBB,0.0,0.0,0.0
2020-06-16 22:45:00,4136001,Et9kgGMDl729KT4,0.0,0.0,0.0
2020-06-16 22:45:00,4136001,LlT2YUhhzqhg5Sw,0.0,0.0,0.0
2020-06-16 22:45:00,4136001,NgDl19wMapZy17u,0.0,0.0,0.0
2020-06-16 22:45:00,4136001,4UPUqMRk7TRMgml,0.0,0.0,0.0
2020-06-16 22:45:00,4136001,IQ2d7wF4YD8zU1Q,0.0,0.0,0.0
2020-06-16 22:45:00,4136001,xoJJ8DcxJEcupym,0.0,0.0,0.0
2020-06-16 22:45:00,4136001,Mx2yZCDsyf6DPfv,0.0,0.0,0.0
2020-06-16 22:45:00,4136001,9kRcWv60rDACzjR,0.0,0.0,0.0
2020-06-16 22:45:00,4136001,Quc1TzYxW2pYoWX,0.0,0.0,0.0
2020-06-16 22:45:00,4136001,oZZkBaNadn6DNKz,0.0,0.0,0.0
2020-06-16 22:45:00,4136001,V94E5Ben1TlhnDV,0.0,0.0,0.0
2020-06-16 22:45:00,4136001,vOuJvMaM2sgwLmb,0.0,0.0,0.0
2020-06-16 22:45:00,4136001,PeE6FRyGXUgsRhN,0.0,0.0,0.0
2020-06-16 22:45:00,4136001,LYwnQax7tkwH5Cb,0.0,0.0,0.0
2020-06-16 22:45:00,4136001,mqwcsP2rE7J0TFp,0.0,0.0,0.0
2020-06-16 22:45:00,4136001,81aHJ1q11NBPMrL,0.0,0.0,0.0
2020-06-16 22:45:00,4136001,oZ35aAeoifZaQzV,0.0,0.0,0.0
2020-06-16 23:00:00,4136001,81aHJ1q11NBPMrL,0.0,0.0,0.0
2020-06-16 23:00:00,4136001,oZZkBaNadn6DNKz,0.0,0.0,0.0
2020-06-16 23:00:00,4136001,vOuJvMaM2sgwLmb,0.0,0.0,0.0
2020-06-16 23:00:00,4136001,IQ2d7wF4YD8zU1Q,0.0,0.0,0.0
2020-06-16 23:00:00,4136001,Qf4GUc1pJu5T6c6,0.0,0.0,0.0
2020-06-16 23:00:00,4136001,LlT2YUhhzqhg5Sw,0.0,0.0,0.0
2020-06-16 23:00:00,4136001,rrq4fwE8jgrTyWY,0.0,0.0,0.0
2020-06-16 23:00:00,4136001,q49J1IKaHRwDQnt,0.0,0.0,0.0
2020-06-16 23:00:00,4136001,oZ35aAeoifZaQzV,0.0,0.0,0.0
2020-06-16 23:00:00,4136001,Et9kgGMDl729KT4,0.0,0.0,0.0
2020-06-16 23:00:00,4136001,xMbIugepa2P7lBB,0.0,0.0,0.0
2020-06-16 23:00:00,4136001,mqwcsP2rE7J0TFp,0.0,0.0,0.0
2020-06-16 23:00:00,4136001,LYwnQax7tkwH5Cb,0.0,0.0,0.0
2020-06-16 23:00:00,4136001,PeE6FRyGXUgsRhN,0.0,0.0,0.0
2020-06-16 23:00:00,4136001,NgDl19wMapZy17u,0.0,0.0,0.0
2020-06-16 23:00:00,4136001,V94E5Ben1TlhnDV,0.0,0.0,0.0
2020-06-16 23:00:00,4136001,Mx2yZCDsyf6DPfv,0.0,0.0,0.0
2020-06-16 23:00:00,4136001,Quc1TzYxW2pYoWX,0.0,0.0,0.0
2020-06-16 23:00:00,4136001,xoJJ8DcxJEcupym,0.0,0.0,0.0
2020-06-16 23:00:00,4136001,4UPUqMRk7TRMgml,0.0,0.0,0.0
2020-06-16 23:00:00,4136001,WcxssY2VbP4hApt,0.0,0.0,0.0
2020-06-16 23:00:00,4136001,9kRcWv60rDACzjR,0.0,0.0,0.0
2020-06-16 23:15:00,4136001,9kRcWv60rDACzjR,0.0,0.0,0.0
2020-06-16 23:15:00,4136001,LlT2YUhhzqhg5Sw,0.0,0.0,0.0
2020-06-16 23:15:00,4136001,xoJJ8DcxJEcupym,0.0,0.0,0.0
2020-06-16 23:15:00,4136001,4UPUqMRk7TRMgml,0.0,0.0,0.0
2020-06-16 23:15:00,4136001,q49J1IKaHRwDQnt,0.0,0.0,0.0
2020-06-16 23:15:00,4136001,V94E5Ben1TlhnDV,0.0,0.0,0.0
2020-06-16 23:15:00,4136001,rrq4fwE8jgrTyWY,0.0,0.0,0.0
2020-06-16 23:15:00,4136001,oZ35aAeoifZaQzV,0.0,0.0,0.0
2020-06-16 23:15:00,4136001,Mx2yZCDsyf6DPfv,0.0,0.0,0.0
2020-06-16 23:15:00,4136001,xMbIugepa2P7lBB,0.0,0.0,0.0
2020-06-16 23:15:00,4136001,IQ2d7wF4YD8zU1Q,0.0,0.0,0.0
2020-06-16 23:15:00,4136001,oZZkBaNadn6DNKz,0.0,0.0,0.0
2020-06-16 23:15:00,4136001,NgDl19wMapZy17u,0.0,0.0,0.0
2020-06-16 23:15:00,4136001,Qf4GUc1pJu5T6c6,0.0,0.0,0.0
2020-06-16 23:15:00,4136001,mqwcsP2rE7J0TFp,0.0,0.0,0.0
2020-06-16 23:15:00,4136001,vOuJvMaM2sgwLmb,0.0,0.0,0.0
2020-06-16 23:15:00,4136001,Et9kgGMDl729KT4,0.0,0.0,0.0
2020-06-16 23:15:00,4136001,Quc1TzYxW2pYoWX,0.0,0.0,0.0
2020-06-16 23:15:00,4136001,LYwnQax7tkwH5Cb,0.0,0.0,0.0
2020-06-16 23:15:00,4136001,81aHJ1q11NBPMrL,0.0,0.0,0.0
2020-06-16 23:15:00,4136001,PeE6FRyGXUgsRhN,0.0,0.0,0.0
2020-06-16 23:15:00,4136001,WcxssY2VbP4hApt,0.0,0.0,0.0
2020-06-16 23:30:00,4136001,Mx2yZCDsyf6DPfv,0.0,0.0,0.0
2020-06-16 23:30:00,4136001,9kRcWv60rDACzjR,0.0,0.0,0.0
2020-06-16 23:30:00,4136001,xMbIugepa2P7lBB,0.0,0.0,0.0
2020-06-16 23:30:00,4136001,xoJJ8DcxJEcupym,0.0,0.0,0.0
2020-06-16 23:30:00,4136001,LYwnQax7tkwH5Cb,0.0,0.0,0.0
2020-06-16 23:30:00,4136001,IQ2d7wF4YD8zU1Q,0.0,0.0,0.0
2020-06-16 23:30:00,4136001,V94E5Ben1TlhnDV,0.0,0.0,0.0
2020-06-16 23:30:00,4136001,LlT2YUhhzqhg5Sw,0.0,0.0,0.0
2020-06-16 23:30:00,4136001,81aHJ1q11NBPMrL,0.0,0.0,0.0
2020-06-16 23:30:00,4136001,q49J1IKaHRwDQnt,0.0,0.0,0.0
2020-06-16 23:30:00,4136001,mqwcsP2rE7J0TFp,0.0,0.0,0.0
2020-06-16 23:30:00,4136001,PeE6FRyGXUgsRhN,0.0,0.0,0.0
2020-06-16 23:30:00,4136001,4UPUqMRk7TRMgml,0.0,0.0,0.0
2020-06-16 23:30:00,4136001,oZ35aAeoifZaQzV,0.0,0.0,0.0
2020-06-16 23:30:00,4136001,vOuJvMaM2sgwLmb,0.0,0.0,0.0
2020-06-16 23:30:00,4136001,oZZkBaNadn6DNKz,0.0,0.0,0.0
2020-06-16 23:30:00,4136001,Et9kgGMDl729KT4,0.0,0.0,0.0
2020-06-16 23:30:00,4136001,NgDl19wMapZy17u,0.0,0.0,0.0
2020-06-16 23:30:00,4136001,Quc1TzYxW2pYoWX,0.0,0.0,0.0
2020-06-16 23:30:00,4136001,rrq4fwE8jgrTyWY,0.0,0.0,0.0
2020-06-16 23:30:00,4136001,Qf4GUc1pJu5T6c6,0.0,0.0,0.0
2020-06-16 23:30:00,4136001,WcxssY2VbP4hApt,0.0,0.0,0.0
2020-06-16 23:45:00,4136001,Qf4GUc1pJu5T6c6,0.0,0.0,0.0
2020-06-16 23:45:00,4136001,NgDl19wMapZy17u,0.0,0.0,0.0
2020-06-16 23:45:00,4136001,q49J1IKaHRwDQnt,0.0,0.0,0.0
2020-06-16 23:45:00,4136001,rrq4fwE8jgrTyWY,0.0,0.0,0.0
2020-06-16 23:45:00,4136001,mqwcsP2rE7J0TFp,0.0,0.0,0.0
2020-06-16 23:45:00,4136001,oZ35aAeoifZaQzV,0.0,0.0,0.0
2020-06-16 23:45:00,4136001,V94E5Ben1TlhnDV,0.0,0.0,0.0
2020-06-16 23:45:00,4136001,vOuJvMaM2sgwLmb,0.0,0.0,0.0
2020-06-16 23:45:00,4136001,LlT2YUhhzqhg5Sw,0.0,0.0,0.0
2020-06-16 23:45:00,4136001,IQ2d7wF4YD8zU1Q,0.0,0.0,0.0
2020-06-16 23:45:00,4136001,81aHJ1q11NBPMrL,0.0,0.0,0.0
2020-06-16 23:45:00,4136001,xMbIugepa2P7lBB,0.0,0.0,0.0
2020-06-16 23:45:00,4136001,oZZkBaNadn6DNKz,0.0,0.0,0.0
2020-06-16 23:45:00,4136001,Mx2yZCDsyf6DPfv,0.0,0.0,0.0
2020-06-16 23:45:00,4136001,WcxssY2VbP4hApt,0.0,0.0,0.0
2020-06-16 23:45:00,4136001,4UPUqMRk7TRMgml,0.0,0.0,0.0
2020-06-16 23:45:00,4136001,LYwnQax7tkwH5Cb,0.0,0.0,0.0
2020-06-16 23:45:00,4136001,9kRcWv60rDACzjR,0.0,0.0,0.0
2020-06-16 23:45:00,4136001,Et9kgGMDl729KT4,0.0,0.0,0.0
2020-06-16 23:45:00,4136001,Quc1TzYxW2pYoWX,0.0,0.0,0.0
2020-06-16 23:45:00,4136001,PeE6FRyGXUgsRhN,0.0,0.0,0.0
2020-06-16 23:45:00,4136001,xoJJ8DcxJEcupym,0.0,0.0,0.0
2020-06-17 00:00:00,4136001,rrq4fwE8jgrTyWY,0.0,0.0,0.0
2020-06-17 00:00:00,4136001,9kRcWv60rDACzjR,0.0,0.0,0.0
2020-06-17 00:00:00,4136001,q49J1IKaHRwDQnt,0.0,0.0,0.0
2020-06-17 00:00:00,4136001,mqwcsP2rE7J0TFp,0.0,0.0,0.0
2020-06-17 00:00:00,4136001,Et9kgGMDl729KT4,0.0,0.0,0.0
2020-06-17 00:00:00,4136001,WcxssY2VbP4hApt,0.0,0.0,0.0
2020-06-17 00:00:00,4136001,oZ35aAeoifZaQzV,0.0,0.0,0.0
2020-06-17 00:00:00,4136001,Quc1TzYxW2pYoWX,0.0,0.0,0.0
2020-06-17 00:00:00,4136001,xoJJ8DcxJEcupym,0.0,0.0,0.0
2020-06-17 00:00:00,4136001,vOuJvMaM2sgwLmb,0.0,0.0,0.0
2020-06-17 00:00:00,4136001,LlT2YUhhzqhg5Sw,0.0,0.0,0.0
2020-06-17 00:00:00,4136001,LYwnQax7tkwH5Cb,0.0,0.0,0.0
2020-06-17 00:00:00,4136001,NgDl19wMapZy17u,0.0,0.0,0.0
2020-06-17 00:00:00,4136001,81aHJ1q11NBPMrL,0.0,0.0,0.0
2020-06-17 00:00:00,4136001,Qf4GUc1pJu5T6c6,0.0,0.0,0.0
2020-06-17 00:00:00,4136001,PeE6FRyGXUgsRhN,0.0,0.0,0.0
2020-06-17 00:00:00,4136001,4UPUqMRk7TRMgml,0.0,0.0,0.0
2020-06-17 00:00:00,4136001,oZZkBaNadn6DNKz,0.0,0.0,0.0
2020-06-17 00:00:00,4136001,IQ2d7wF4YD8zU1Q,0.0,0.0,0.0
2020-06-17 00:00:00,4136001,Mx2yZCDsyf6DPfv,0.0,0.0,0.0
2020-06-17 00:00:00,4136001,V94E5Ben1TlhnDV,0.0,0.0,0.0
2020-06-17 00:00:00,4136001,xMbIugepa2P7lBB,0.0,0.0,0.0
2020-06-17 00:15:00,4136001,LlT2YUhhzqhg5Sw,0.0,0.0,0.0
2020-06-17 00:15:00,4136001,IQ2d7wF4YD8zU1Q,0.0,0.0,0.0
2020-06-17 00:15:00,4136001,Qf4GUc1pJu5T6c6,0.0,0.0,0.0
2020-06-17 00:15:00,4136001,Quc1TzYxW2pYoWX,0.0,0.0,0.0
2020-06-17 00:15:00,4136001,PeE6FRyGXUgsRhN,0.0,0.0,0.0
2020-06-17 00:15:00,4136001,81aHJ1q11NBPMrL,0.0,0.0,0.0
2020-06-17 00:15:00,4136001,WcxssY2VbP4hApt,0.0,0.0,0.0
2020-06-17 00:15:00,4136001,oZ35aAeoifZaQzV,0.0,0.0,0.0
2020-06-17 00:15:00,4136001,V94E5Ben1TlhnDV,0.0,0.0,0.0
2020-06-17 00:15:00,4136001,xMbIugepa2P7lBB,0.0,0.0,0.0
2020-06-17 00:15:00,4136001,Et9kgGMDl729KT4,0.0,0.0,0.0
2020-06-17 00:15:00,4136001,vOuJvMaM2sgwLmb,0.0,0.0,0.0
2020-06-17 00:15:00,4136001,rrq4fwE8jgrTyWY,0.0,0.0,0.0
2020-06-17 00:15:00,4136001,LYwnQax7tkwH5Cb,0.0,0.0,0.0
2020-06-17 00:15:00,4136001,oZZkBaNadn6DNKz,0.0,0.0,0.0
2020-06-17 00:15:00,4136001,xoJJ8DcxJEcupym,0.0,0.0,0.0
2020-06-17 00:15:00,4136001,9kRcWv60rDACzjR,0.0,0.0,0.0
2020-06-17 00:15:00,4136001,4UPUqMRk7TRMgml,0.0,0.0,0.0
2020-06-17 00:15:00,4136001,q49J1IKaHRwDQnt,0.0,0.0,0.0
2020-06-17 00:15:00,4136001,Mx2yZCDsyf6DPfv,0.0,0.0,0.0
2020-06-17 00:15:00,4136001,mqwcsP2rE7J0TFp,0.0,0.0,0.0
2020-06-17 00:15:00,4136001,NgDl19wMapZy17u,0.0,0.0,0.0
2020-06-17 00:30:00,4136001,Et9kgGMDl729KT4,0.0,0.0,0.0
2020-06-17 00:30:00,4136001,9kRcWv60rDACzjR,0.0,0.0,0.0
2020-06-17 00:30:00,4136001,WcxssY2VbP4hApt,0.0,0.0,0.0
2020-06-17 00:30:00,4136001,81aHJ1q11NBPMrL,0.0,0.0,0.0
2020-06-17 00:30:00,4136001,Mx2yZCDsyf6DPfv,0.0,0.0,0.0
2020-06-17 00:30:00,4136001,4UPUqMRk7TRMgml,0.0,0.0,0.0
2020-06-17 00:30:00,4136001,xoJJ8DcxJEcupym,0.0,0.0,0.0
2020-06-17 00:30:00,4136001,LYwnQax7tkwH5Cb,0.0,0.0,0.0
2020-06-17 00:30:00,4136001,LlT2YUhhzqhg5Sw,0.0,0.0,0.0
2020-06-17 00:30:00,4136001,PeE6FRyGXUgsRhN,0.0,0.0,0.0
2020-06-17 00:30:00,4136001,xMbIugepa2P7lBB,0.0,0.0,0.0
2020-06-17 00:30:00,4136001,rrq4fwE8jgrTyWY,0.0,0.0,0.0
2020-06-17 00:30:00,4136001,oZZkBaNadn6DNKz,0.0,0.0,0.0
2020-06-17 00:30:00,4136001,oZ35aAeoifZaQzV,0.0,0.0,0.0
2020-06-17 00:30:00,4136001,vOuJvMaM2sgwLmb,0.0,0.0,0.0
2020-06-17 00:30:00,4136001,Quc1TzYxW2pYoWX,0.0,0.0,0.0
2020-06-17 00:30:00,4136001,V94E5Ben1TlhnDV,0.0,0.0,0.0
2020-06-17 00:30:00,4136001,q49J1IKaHRwDQnt,0.0,0.0,0.0
2020-06-17 00:30:00,4136001,NgDl19wMapZy17u,0.0,0.0,0.0
2020-06-17 00:30:00,4136001,Qf4GUc1pJu5T6c6,0.0,0.0,0.0
2020-06-17 00:30:00,4136001,mqwcsP2rE7J0TFp,0.0,0.0,0.0
2020-06-17 00:30:00,4136001,IQ2d7wF4YD8zU1Q,0.0,0.0,0.0
2020-06-17 00:45:00,4136001,q49J1IKaHRwDQnt,0.0,0.0,0.0
2020-06-17 00:45:00,4136001,4UPUqMRk7TRMgml,0.0,0.0,0.0
2020-06-17 00:45:00,4136001,xMbIugepa2P7lBB,0.0,0.0,0.0
2020-06-17 00:45:00,4136001,V94E5Ben1TlhnDV,0.0,0.0,0.0
2020-06-17 00:45:00,4136001,rrq4fwE8jgrTyWY,0.0,0.0,0.0
2020-06-17 00:45:00,4136001,mqwcsP2rE7J0TFp,0.0,0.0,0.0
2020-06-17 00:45:00,4136001,NgDl19wMapZy17u,0.0,0.0,0.0
2020-06-17 00:45:00,4136001,Et9kgGMDl729KT4,0.0,0.0,0.0
2020-06-17 00:45:00,4136001,oZZkBaNadn6DNKz,0.0,0.0,0.0
2020-06-17 00:45:00,4136001,LYwnQax7tkwH5Cb,0.0,0.0,0.0
2020-06-17 00:45:00,4136001,Mx2yZCDsyf6DPfv,0.0,0.0,0.0
2020-06-17 00:45:00,4136001,81aHJ1q11NBPMrL,0.0,0.0,0.0
2020-06-17 00:45:00,4136001,PeE6FRyGXUgsRhN,0.0,0.0,0.0
2020-06-17 00:45:00,4136001,9kRcWv60rDACzjR,0.0,0.0,0.0
2020-06-17 00:45:00,4136001,Quc1TzYxW2pYoWX,0.0,0.0,0.0
2020-06-17 00:45:00,4136001,vOuJvMaM2sgwLmb,0.0,0.0,0.0
2020-06-17 00:45:00,4136001,WcxssY2VbP4hApt,0.0,0.0,0.0
2020-06-17 00:45:00,4136001,Qf4GUc1pJu5T6c6,0.0,0.0,0.0
2020-06-17 00:45:00,4136001,IQ2d7wF4YD8zU1Q,0.0,0.0,0.0
2020-06-17 00:45:00,4136001,LlT2YUhhzqhg5Sw,0.0,0.0,0.0
2020-06-17 00:45:00,4136001,oZ35aAeoifZaQzV,0.0,0.0,0.0
2020-06-17 00:45:00,4136001,xoJJ8DcxJEcupym,0.0,0.0,0.0
2020-06-17 01:00:00,4136001,Mx2yZCDsyf6DPfv,0.0,0.0,0.0
2020-06-17 01:00:00,4136001,mqwcsP2rE7J0TFp,0.0,0.0,0.0
2020-06-17 01:00:00,4136001,LlT2YUhhzqhg5Sw,0.0,0.0,0.0
2020-06-17 01:00:00,4136001,NgDl19wMapZy17u,0.0,0.0,0.0
2020-06-17 01:00:00,4136001,V94E5Ben1TlhnDV,0.0,0.0,0.0
2020-06-17 01:00:00,4136001,xoJJ8DcxJEcupym,0.0,0.0,0.0
2020-06-17 01:00:00,4136001,4UPUqMRk7TRMgml,0.0,0.0,0.0
2020-06-17 01:00:00,4136001,rrq4fwE8jgrTyWY,0.0,0.0,0.0
2020-06-17 01:00:00,4136001,oZ35aAeoifZaQzV,0.0,0.0,0.0
2020-06-17 01:00:00,4136001,IQ2d7wF4YD8zU1Q,0.0,0.0,0.0
2020-06-17 01:00:00,4136001,PeE6FRyGXUgsRhN,0.0,0.0,0.0
2020-06-17 01:00:00,4136001,vOuJvMaM2sgwLmb,0.0,0.0,0.0
2020-06-17 01:00:00,4136001,xMbIugepa2P7lBB,0.0,0.0,0.0
2020-06-17 01:00:00,4136001,9kRcWv60rDACzjR,0.0,0.0,0.0
2020-06-17 01:00:00,4136001,Qf4GUc1pJu5T6c6,0.0,0.0,0.0
2020-06-17 01:00:00,4136001,oZZkBaNadn6DNKz,0.0,0.0,0.0
2020-06-17 01:00:00,4136001,Et9kgGMDl729KT4,0.0,0.0,0.0
2020-06-17 01:00:00,4136001,81aHJ1q11NBPMrL,0.0,0.0,0.0
2020-06-17 01:00:00,4136001,Quc1TzYxW2pYoWX,0.0,0.0,0.0
2020-06-17 01:00:00,4136001,q49J1IKaHRwDQnt,0.0,0.0,0.0
2020-06-17 01:00:00,4136001,LYwnQax7tkwH5Cb,0.0,0.0,0.0
2020-06-17 01:00:00,4136001,WcxssY2VbP4hApt,0.0,0.0,0.0
2020-06-17 01:15:00,4136001,oZZkBaNadn6DNKz,0.0,0.0,0.0
2020-06-17 01:15:00,4136001,NgDl19wMapZy17u,0.0,0.0,0.0
2020-06-17 01:15:00,4136001,81aHJ1q11NBPMrL,0.0,0.0,0.0
2020-06-17 01:15:00,4136001,xoJJ8DcxJEcupym,0.0,0.0,0.0
2020-06-17 01:15:00,4136001,mqwcsP2rE7J0TFp,0.0,0.0,0.0
2020-06-17 01:15:00,4136001,q49J1IKaHRwDQnt,0.0,0.0,0.0
2020-06-17 01:15:00,4136001,oZ35aAeoifZaQzV,0.0,0.0,0.0
2020-06-17 01:15:00,4136001,WcxssY2VbP4hApt,0.0,0.0,0.0
2020-06-17 01:15:00,4136001,Quc1TzYxW2pYoWX,0.0,0.0,0.0
2020-06-17 01:15:00,4136001,PeE6FRyGXUgsRhN,0.0,0.0,0.0
2020-06-17 01:15:00,4136001,LlT2YUhhzqhg5Sw,0.0,0.0,0.0
2020-06-17 01:15:00,4136001,vOuJvMaM2sgwLmb,0.0,0.0,0.0
2020-06-17 01:15:00,4136001,V94E5Ben1TlhnDV,0.0,0.0,0.0
2020-06-17 01:15:00,4136001,IQ2d7wF4YD8zU1Q,0.0,0.0,0.0
2020-06-17 01:15:00,4136001,Qf4GUc1pJu5T6c6,0.0,0.0,0.0
2020-06-17 01:15:00,4136001,xMbIugepa2P7lBB,0.0,0.0,0.0
2020-06-17 01:15:00,4136001,9kRcWv60rDACzjR,0.0,0.0,0.0
2020-06-17 01:15:00,4136001,LYwnQax7tkwH5Cb,0.0,0.0,0.0
2020-06-17 01:15:00,4136001,Mx2yZCDsyf6DPfv,0.0,0.0,0.0
2020-06-17 01:15:00,4136001,Et9kgGMDl729KT4,0.0,0.0,0.0
2020-06-17 01:15:00,4136001,rrq4fwE8jgrTyWY,0.0,0.0,0.0
2020-06-17 01:15:00,4136001,4UPUqMRk7TRMgml,0.0,0.0,0.0
2020-06-17 01:30:00,4136001,Et9kgGMDl729KT4,0.0,0.0,0.0
2020-06-17 01:30:00,4136001,mqwcsP2rE7J0TFp,0.0,0.0,0.0
2020-06-17 01:30:00,4136001,oZ35aAeoifZaQzV,0.0,0.0,0.0
2020-06-17 01:30:00,4136001,Mx2yZCDsyf6DPfv,0.0,0.0,0.0
2020-06-17 01:30:00,4136001,q49J1IKaHRwDQnt,0.0,0.0,0.0
2020-06-17 01:30:00,4136001,PeE6FRyGXUgsRhN,0.0,0.0,0.0
2020-06-17 01:30:00,4136001,xoJJ8DcxJEcupym,0.0,0.0,0.0
2020-06-17 01:30:00,4136001,LlT2YUhhzqhg5Sw,0.0,0.0,0.0
2020-06-17 01:30:00,4136001,4UPUqMRk7TRMgml,0.0,0.0,0.0
2020-06-17 01:30:00,4136001,Quc1TzYxW2pYoWX,0.0,0.0,0.0
2020-06-17 01:30:00,4136001,WcxssY2VbP4hApt,0.0,0.0,0.0
2020-06-17 01:30:00,4136001,vOuJvMaM2sgwLmb,0.0,0.0,0.0
2020-06-17 01:30:00,4136001,9kRcWv60rDACzjR,0.0,0.0,0.0
2020-06-17 01:30:00,4136001,IQ2d7wF4YD8zU1Q,0.0,0.0,0.0
2020-06-17 01:30:00,4136001,xMbIugepa2P7lBB,0.0,0.0,0.0
2020-06-17 01:30:00,4136001,V94E5Ben1TlhnDV,0.0,0.0,0.0
2020-06-17 01:30:00,4136001,rrq4fwE8jgrTyWY,0.0,0.0,0.0
2020-06-17 01:30:00,4136001,oZZkBaNadn6DNKz,0.0,0.0,0.0
2020-06-17 01:30:00,4136001,NgDl19wMapZy17u,0.0,0.0,0.0
2020-06-17 01:30:00,4136001,Qf4GUc1pJu5T6c6,0.0,0.0,0.0
2020-06-17 01:30:00,4136001,LYwnQax7tkwH5Cb,0.0,0.0,0.0
2020-06-17 01:30:00,4136001,81aHJ1q11NBPMrL,0.0,0.0,0.0
2020-06-17 01:45:00,4136001,xMbIugepa2P7lBB,0.0,0.0,0.0
2020-06-17 01:45:00,4136001,oZ35aAeoifZaQzV,0.0,0.0,0.0
2020-06-17 01:45:00,4136001,oZZkBaNadn6DNKz,0.0,0.0,0.0
2020-06-17 01:45:00,4136001,NgDl19wMapZy17u,0.0,0.0,0.0
2020-06-17 01:45:00,4136001,V94E5Ben1TlhnDV,0.0,0.0,0.0
2020-06-17 01:45:00,4136001,81aHJ1q11NBPMrL,0.0,0.0,0.0
2020-06-17 01:45:00,4136001,q49J1IKaHRwDQnt,0.0,0.0,0.0
2020-06-17 01:45:00,4136001,Quc1TzYxW2pYoWX,0.0,0.0,0.0
2020-06-17 01:45:00,4136001,LlT2YUhhzqhg5Sw,0.0,0.0,0.0
2020-06-17 01:45:00,4136001,IQ2d7wF4YD8zU1Q,0.0,0.0,0.0
2020-06-17 01:45:00,4136001,rrq4fwE8jgrTyWY,0.0,0.0,0.0
2020-06-17 01:45:00,4136001,4UPUqMRk7TRMgml,0.0,0.0,0.0
2020-06-17 01:45:00,4136001,vOuJvMaM2sgwLmb,0.0,0.0,0.0
2020-06-17 01:45:00,4136001,Qf4GUc1pJu5T6c6,0.0,0.0,0.0
2020-06-17 01:45:00,4136001,Mx2yZCDsyf6DPfv,0.0,0.0,0.0
2020-06-17 01:45:00,4136001,Et9kgGMDl729KT4,0.0,0.0,0.0
2020-06-17 01:45:00,4136001,mqwcsP2rE7J0TFp,0.0,0.0,0.0
2020-06-17 01:45:00,4136001,PeE6FRyGXUgsRhN,0.0,0.0,0.0
2020-06-17 01:45:00,4136001,9kRcWv60rDACzjR,0.0,0.0,0.0
2020-06-17 01:45:00,4136001,WcxssY2VbP4hApt,0.0,0.0,0.0
2020-06-17 01:45:00,4136001,xoJJ8DcxJEcupym,0.0,0.0,0.0
2020-06-17 01:45:00,4136001,LYwnQax7tkwH5Cb,0.0,0.0,0.0
2020-06-17 02:00:00,4136001,9kRcWv60rDACzjR,0.0,0.0,0.0
2020-06-17 02:00:00,4136001,Et9kgGMDl729KT4,0.0,0.0,0.0
2020-06-17 02:00:00,4136001,Quc1TzYxW2pYoWX,0.0,0.0,0.0
2020-06-17 02:00:00,4136001,mqwcsP2rE7J0TFp,0.0,0.0,0.0
2020-06-17 02:00:00,4136001,4UPUqMRk7TRMgml,0.0,0.0,0.0
2020-06-17 02:00:00,4136001,xoJJ8DcxJEcupym,0.0,0.0,0.0
2020-06-17 02:00:00,4136001,PeE6FRyGXUgsRhN,0.0,0.0,0.0
2020-06-17 02:00:00,4136001,LlT2YUhhzqhg5Sw,0.0,0.0,0.0
2020-06-17 02:00:00,4136001,Mx2yZCDsyf6DPfv,0.0,0.0,0.0
2020-06-17 02:00:00,4136001,oZ35aAeoifZaQzV,0.0,0.0,0.0
2020-06-17 02:00:00,4136001,rrq4fwE8jgrTyWY,0.0,0.0,0.0
2020-06-17 02:00:00,4136001,WcxssY2VbP4hApt,0.0,0.0,0.0
2020-06-17 02:00:00,4136001,q49J1IKaHRwDQnt,0.0,0.0,0.0
2020-06-17 02:00:00,4136001,NgDl19wMapZy17u,0.0,0.0,0.0
2020-06-17 02:00:00,4136001,vOuJvMaM2sgwLmb,0.0,0.0,0.0
2020-06-17 02:00:00,4136001,V94E5Ben1TlhnDV,0.0,0.0,0.0
2020-06-17 02:00:00,4136001,LYwnQax7tkwH5Cb,0.0,0.0,0.0
2020-06-17 02:00:00,4136001,oZZkBaNadn6DNKz,0.0,0.0,0.0
2020-06-17 02:00:00,4136001,Qf4GUc1pJu5T6c6,0.0,0.0,0.0
2020-06-17 02:00:00,4136001,IQ2d7wF4YD8zU1Q,0.0,0.0,0.0
2020-06-17 02:00:00,4136001,xMbIugepa2P7lBB,0.0,0.0,0.0
2020-06-17 02:00:00,4136001,81aHJ1q11NBPMrL,0.0,0.0,0.0
2020-06-17 02:15:00,4136001,IQ2d7wF4YD8zU1Q,0.0,0.0,0.0
2020-06-17 02:15:00,4136001,LlT2YUhhzqhg5Sw,0.0,0.0,0.0
2020-06-17 02:15:00,4136001,oZ35aAeoifZaQzV,0.0,0.0,0.0
2020-06-17 02:15:00,4136001,LYwnQax7tkwH5Cb,0.0,0.0,0.0
2020-06-17 02:15:00,4136001,PeE6FRyGXUgsRhN,0.0,0.0,0.0
2020-06-17 02:15:00,4136001,81aHJ1q11NBPMrL,0.0,0.0,0.0
2020-06-17 02:15:00,4136001,Quc1TzYxW2pYoWX,0.0,0.0,0.0
2020-06-17 02:15:00,4136001,xMbIugepa2P7lBB,0.0,0.0,0.0
2020-06-17 02:15:00,4136001,xoJJ8DcxJEcupym,0.0,0.0,0.0
2020-06-17 02:15:00,4136001,rrq4fwE8jgrTyWY,0.0,0.0,0.0
2020-06-17 02:15:00,4136001,oZZkBaNadn6DNKz,0.0,0.0,0.0
2020-06-17 02:15:00,4136001,4UPUqMRk7TRMgml,0.0,0.0,0.0
2020-06-17 02:15:00,4136001,Mx2yZCDsyf6DPfv,0.0,0.0,0.0
2020-06-17 02:15:00,4136001,mqwcsP2rE7J0TFp,0.0,0.0,0.0
2020-06-17 02:15:00,4136001,WcxssY2VbP4hApt,0.0,0.0,0.0
2020-06-17 02:15:00,4136001,V94E5Ben1TlhnDV,0.0,0.0,0.0
2020-06-17 02:15:00,4136001,vOuJvMaM2sgwLmb,0.0,0.0,0.0
2020-06-17 02:15:00,4136001,Et9kgGMDl729KT4,0.0,0.0,0.0
2020-06-17 02:15:00,4136001,9kRcWv60rDACzjR,0.0,0.0,0.0
2020-06-17 02:15:00,4136001,Qf4GUc1pJu5T6c6,0.0,0.0,0.0
2020-06-17 02:15:00,4136001,NgDl19wMapZy17u,0.0,0.0,0.0
2020-06-17 02:15:00,4136001,q49J1IKaHRwDQnt,0.0,0.0,0.0
2020-06-17 02:30:00,4136001,Qf4GUc1pJu5T6c6,0.0,0.0,0.0
2020-06-17 02:30:00,4136001,oZ35aAeoifZaQzV,0.0,0.0,0.0
2020-06-17 02:30:00,4136001,LYwnQax7tkwH5Cb,0.0,0.0,0.0
2020-06-17 02:30:00,4136001,xMbIugepa2P7lBB,0.0,0.0,0.0
2020-06-17 02:30:00,4136001,IQ2d7wF4YD8zU1Q,0.0,0.0,0.0
2020-06-17 02:30:00,4136001,q49J1IKaHRwDQnt,0.0,0.0,0.0
2020-06-17 02:30:00,4136001,oZZkBaNadn6DNKz,0.0,0.0,0.0
2020-06-17 02:30:00,4136001,mqwcsP2rE7J0TFp,0.0,0.0,0.0
2020-06-17 02:30:00,4136001,9kRcWv60rDACzjR,0.0,0.0,0.0
2020-06-17 02:30:00,4136001,V94E5Ben1TlhnDV,0.0,0.0,0.0
2020-06-17 02:30:00,4136001,Et9kgGMDl729KT4,0.0,0.0,0.0
2020-06-17 02:30:00,4136001,NgDl19wMapZy17u,0.0,0.0,0.0
2020-06-17 02:30:00,4136001,Mx2yZCDsyf6DPfv,0.0,0.0,0.0
2020-06-17 02:30:00,4136001,xoJJ8DcxJEcupym,0.0,0.0,0.0
2020-06-17 02:30:00,4136001,81aHJ1q11NBPMrL,0.0,0.0,0.0
2020-06-17 02:30:00,4136001,rrq4fwE8jgrTyWY,0.0,0.0,0.0
2020-06-17 02:30:00,4136001,PeE6FRyGXUgsRhN,0.0,0.0,0.0
2020-06-17 02:30:00,4136001,WcxssY2VbP4hApt,0.0,0.0,0.0
2020-06-17 02:30:00,4136001,Quc1TzYxW2pYoWX,0.0,0.0,0.0
2020-06-17 02:30:00,4136001,4UPUqMRk7TRMgml,0.0,0.0,0.0
2020-06-17 02:30:00,4136001,vOuJvMaM2sgwLmb,0.0,0.0,0.0
2020-06-17 02:30:00,4136001,LlT2YUhhzqhg5Sw,0.0,0.0,0.0
2020-06-17 02:45:00,4136001,IQ2d7wF4YD8zU1Q,0.0,0.0,0.0
2020-06-17 02:45:00,4136001,q49J1IKaHRwDQnt,0.0,0.0,0.0
2020-06-17 02:45:00,4136001,Quc1TzYxW2pYoWX,0.0,0.0,0.0
2020-06-17 02:45:00,4136001,PeE6FRyGXUgsRhN,0.0,0.0,0.0
2020-06-17 02:45:00,4136001,9kRcWv60rDACzjR,0.0,0.0,0.0
2020-06-17 02:45:00,4136001,vOuJvMaM2sgwLmb,0.0,0.0,0.0
2020-06-17 02:45:00,4136001,oZZkBaNadn6DNKz,0.0,0.0,0.0
2020-06-17 02:45:00,4136001,Et9kgGMDl729KT4,0.0,0.0,0.0
2020-06-17 02:45:00,4136001,rrq4fwE8jgrTyWY,0.0,0.0,0.0
2020-06-17 02:45:00,4136001,NgDl19wMapZy17u,0.0,0.0,0.0
2020-06-17 02:45:00,4136001,V94E5Ben1TlhnDV,0.0,0.0,0.0
2020-06-17 02:45:00,4136001,xMbIugepa2P7lBB,0.0,0.0,0.0
2020-06-17 02:45:00,4136001,mqwcsP2rE7J0TFp,0.0,0.0,0.0
2020-06-17 02:45:00,4136001,LlT2YUhhzqhg5Sw,0.0,0.0,0.0
2020-06-17 02:45:00,4136001,4UPUqMRk7TRMgml,0.0,0.0,0.0
2020-06-17 02:45:00,4136001,Mx2yZCDsyf6DPfv,0.0,0.0,0.0
2020-06-17 02:45:00,4136001,81aHJ1q11NBPMrL,0.0,0.0,0.0
2020-06-17 02:45:00,4136001,oZ35aAeoifZaQzV,0.0,0.0,0.0
2020-06-17 02:45:00,4136001,WcxssY2VbP4hApt,0.0,0.0,0.0
2020-06-17 02:45:00,4136001,xoJJ8DcxJEcupym,0.0,0.0,0.0
2020-06-17 02:45:00,4136001,Qf4GUc1pJu5T6c6,0.0,0.0,0.0
2020-06-17 02:45:00,4136001,LYwnQax7tkwH5Cb,0.0,0.0,0.0
2020-06-17 03:00:00,4136001,PeE6FRyGXUgsRhN,0.0,0.0,0.0
2020-06-17 03:00:00,4136001,LlT2YUhhzqhg5Sw,0.0,0.0,0.0
2020-06-17 03:00:00,4136001,vOuJvMaM2sgwLmb,0.0,0.0,0.0
2020-06-17 03:00:00,4136001,oZZkBaNadn6DNKz,0.0,0.0,0.0
2020-06-17 03:00:00,4136001,Et9kgGMDl729KT4,0.0,0.0,0.0
2020-06-17 03:00:00,4136001,rrq4fwE8jgrTyWY,0.0,0.0,0.0
2020-06-17 03:00:00,4136001,4UPUqMRk7TRMgml,0.0,0.0,0.0
2020-06-17 03:00:00,4136001,LYwnQax7tkwH5Cb,0.0,0.0,0.0
2020-06-17 03:00:00,4136001,81aHJ1q11NBPMrL,0.0,0.0,0.0
2020-06-17 03:00:00,4136001,NgDl19wMapZy17u,0.0,0.0,0.0
2020-06-17 03:00:00,4136001,xMbIugepa2P7lBB,0.0,0.0,0.0
2020-06-17 03:00:00,4136001,V94E5Ben1TlhnDV,0.0,0.0,0.0
2020-06-17 03:00:00,4136001,oZ35aAeoifZaQzV,0.0,0.0,0.0
2020-06-17 03:00:00,4136001,9kRcWv60rDACzjR,0.0,0.0,0.0
2020-06-17 03:00:00,4136001,Qf4GUc1pJu5T6c6,0.0,0.0,0.0
2020-06-17 03:00:00,4136001,q49J1IKaHRwDQnt,0.0,0.0,0.0
2020-06-17 03:00:00,4136001,IQ2d7wF4YD8zU1Q,0.0,0.0,0.0
2020-06-17 03:00:00,4136001,Mx2yZCDsyf6DPfv,0.0,0.0,0.0
2020-06-17 03:00:00,4136001,xoJJ8DcxJEcupym,0.0,0.0,0.0
2020-06-17 03:00:00,4136001,Quc1TzYxW2pYoWX,0.0,0.0,0.0
2020-06-17 03:00:00,4136001,mqwcsP2rE7J0TFp,0.0,0.0,0.0
2020-06-17 03:00:00,4136001,WcxssY2VbP4hApt,0.0,0.0,0.0
2020-06-17 03:15:00,4136001,q49J1IKaHRwDQnt,0.0,0.0,0.0
2020-06-17 03:15:00,4136001,xoJJ8DcxJEcupym,0.0,0.0,0.0
2020-06-17 03:15:00,4136001,xMbIugepa2P7lBB,0.0,0.0,0.0
2020-06-17 03:15:00,4136001,4UPUqMRk7TRMgml,0.0,0.0,0.0
2020-06-17 03:15:00,4136001,LYwnQax7tkwH5Cb,0.0,0.0,0.0
2020-06-17 03:15:00,4136001,NgDl19wMapZy17u,0.0,0.0,0.0
2020-06-17 03:15:00,4136001,Mx2yZCDsyf6DPfv,0.0,0.0,0.0
2020-06-17 03:15:00,4136001,LlT2YUhhzqhg5Sw,0.0,0.0,0.0
2020-06-17 03:15:00,4136001,V94E5Ben1TlhnDV,0.0,0.0,0.0
2020-06-17 03:15:00,4136001,81aHJ1q11NBPMrL,0.0,0.0,0.0
2020-06-17 03:15:00,4136001,rrq4fwE8jgrTyWY,0.0,0.0,0.0
2020-06-17 03:15:00,4136001,Quc1TzYxW2pYoWX,0.0,0.0,0.0
2020-06-17 03:15:00,4136001,IQ2d7wF4YD8zU1Q,0.0,0.0,0.0
2020-06-17 03:15:00,4136001,Et9kgGMDl729KT4,0.0,0.0,0.0
2020-06-17 03:15:00,4136001,Qf4GUc1pJu5T6c6,0.0,0.0,0.0
2020-06-17 03:15:00,4136001,9kRcWv60rDACzjR,0.0,0.0,0.0
2020-06-17 03:15:00,4136001,oZZkBaNadn6DNKz,0.0,0.0,0.0
2020-06-17 03:15:00,4136001,mqwcsP2rE7J0TFp,0.0,0.0,0.0
2020-06-17 03:15:00,4136001,vOuJvMaM2sgwLmb,0.0,0.0,0.0
2020-06-17 03:15:00,4136001,PeE6FRyGXUgsRhN,0.0,0.0,0.0
2020-06-17 03:15:00,4136001,WcxssY2VbP4hApt,0.0,0.0,0.0
2020-06-17 03:15:00,4136001,oZ35aAeoifZaQzV,0.0,0.0,0.0
2020-06-17 03:30:00,4136001,81aHJ1q11NBPMrL,0.0,0.0,0.0
2020-06-17 03:30:00,4136001,V94E5Ben1TlhnDV,0.0,0.0,0.0
2020-06-17 03:30:00,4136001,PeE6FRyGXUgsRhN,0.0,0.0,0.0
2020-06-17 03:30:00,4136001,xoJJ8DcxJEcupym,0.0,0.0,0.0
2020-06-17 03:30:00,4136001,LYwnQax7tkwH5Cb,0.0,0.0,0.0
2020-06-17 03:30:00,4136001,IQ2d7wF4YD8zU1Q,0.0,0.0,0.0
2020-06-17 03:30:00,4136001,oZZkBaNadn6DNKz,0.0,0.0,0.0
2020-06-17 03:30:00,4136001,9kRcWv60rDACzjR,0.0,0.0,0.0
2020-06-17 03:30:00,4136001,4UPUqMRk7TRMgml,0.0,0.0,0.0
2020-06-17 03:30:00,4136001,Quc1TzYxW2pYoWX,0.0,0.0,0.0
2020-06-17 03:30:00,4136001,mqwcsP2rE7J0TFp,0.0,0.0,0.0
2020-06-17 03:30:00,4136001,q49J1IKaHRwDQnt,0.0,0.0,0.0
2020-06-17 03:30:00,4136001,vOuJvMaM2sgwLmb,0.0,0.0,0.0
2020-06-17 03:30:00,4136001,LlT2YUhhzqhg5Sw,0.0,0.0,0.0
2020-06-17 03:30:00,4136001,Et9kgGMDl729KT4,0.0,0.0,0.0
2020-06-17 03:30:00,4136001,oZ35aAeoifZaQzV,0.0,0.0,0.0
2020-06-17 03:30:00,4136001,NgDl19wMapZy17u,0.0,0.0,0.0
2020-06-17 03:30:00,4136001,rrq4fwE8jgrTyWY,0.0,0.0,0.0
2020-06-17 03:30:00,4136001,xMbIugepa2P7lBB,0.0,0.0,0.0
2020-06-17 03:30:00,4136001,WcxssY2VbP4hApt,0.0,0.0,0.0
2020-06-17 03:30:00,4136001,Qf4GUc1pJu5T6c6,0.0,0.0,0.0
2020-06-17 03:30:00,4136001,Mx2yZCDsyf6DPfv,0.0,0.0,0.0
2020-06-17 03:45:00,4136001,oZZkBaNadn6DNKz,0.0,0.0,0.0
2020-06-17 03:45:00,4136001,Quc1TzYxW2pYoWX,0.0,0.0,0.0
2020-06-17 03:45:00,4136001,oZ35aAeoifZaQzV,0.0,0.0,0.0
2020-06-17 03:45:00,4136001,81aHJ1q11NBPMrL,0.0,0.0,0.0
2020-06-17 03:45:00,4136001,LlT2YUhhzqhg5Sw,0.0,0.0,0.0
2020-06-17 03:45:00,4136001,Mx2yZCDsyf6DPfv,0.0,0.0,0.0
2020-06-17 03:45:00,4136001,q49J1IKaHRwDQnt,0.0,0.0,0.0
2020-06-17 03:45:00,4136001,9kRcWv60rDACzjR,0.0,0.0,0.0
2020-06-17 03:45:00,4136001,rrq4fwE8jgrTyWY,0.0,0.0,0.0
2020-06-17 03:45:00,4136001,4UPUqMRk7TRMgml,0.0,0.0,0.0
2020-06-17 03:45:00,4136001,LYwnQax7tkwH5Cb,0.0,0.0,0.0
2020-06-17 03:45:00,4136001,Qf4GUc1pJu5T6c6,0.0,0.0,0.0
2020-06-17 03:45:00,4136001,xoJJ8DcxJEcupym,0.0,0.0,0.0
2020-06-17 03:45:00,4136001,mqwcsP2rE7J0TFp,0.0,0.0,0.0
2020-06-17 03:45:00,4136001,Et9kgGMDl729KT4,0.0,0.0,0.0
2020-06-17 03:45:00,4136001,vOuJvMaM2sgwLmb,0.0,0.0,0.0
2020-06-17 03:45:00,4136001,V94E5Ben1TlhnDV,0.0,0.0,0.0
2020-06-17 03:45:00,4136001,NgDl19wMapZy17u,0.0,0.0,0.0
2020-06-17 03:45:00,4136001,IQ2d7wF4YD8zU1Q,0.0,0.0,0.0
2020-06-17 03:45:00,4136001,PeE6FRyGXUgsRhN,0.0,0.0,0.0
2020-06-17 03:45:00,4136001,xMbIugepa2P7lBB,0.0,0.0,0.0
2020-06-17 03:45:00,4136001,WcxssY2VbP4hApt,0.0,0.0,0.0
2020-06-17 04:00:00,4136001,rrq4fwE8jgrTyWY,0.0,0.0,0.0
2020-06-17 04:00:00,4136001,4UPUqMRk7TRMgml,0.0,0.0,0.0
2020-06-17 04:00:00,4136001,Mx2yZCDsyf6DPfv,0.0,0.0,0.0
2020-06-17 04:00:00,4136001,Qf4GUc1pJu5T6c6,0.0,0.0,0.0
2020-06-17 04:00:00,4136001,xMbIugepa2P7lBB,0.0,0.0,0.0
2020-06-17 04:00:00,4136001,9kRcWv60rDACzjR,0.0,0.0,0.0
2020-06-17 04:00:00,4136001,81aHJ1q11NBPMrL,0.0,0.0,0.0
2020-06-17 04:00:00,4136001,NgDl19wMapZy17u,0.0,0.0,0.0
2020-06-17 04:00:00,4136001,oZ35aAeoifZaQzV,0.0,0.0,0.0
2020-06-17 04:00:00,4136001,PeE6FRyGXUgsRhN,0.0,0.0,0.0
2020-06-17 04:00:00,4136001,mqwcsP2rE7J0TFp,0.0,0.0,0.0
2020-06-17 04:00:00,4136001,Quc1TzYxW2pYoWX,0.0,0.0,0.0
2020-06-17 04:00:00,4136001,Et9kgGMDl729KT4,0.0,0.0,0.0
2020-06-17 04:00:00,4136001,vOuJvMaM2sgwLmb,0.0,0.0,0.0
2020-06-17 04:00:00,4136001,WcxssY2VbP4hApt,0.0,0.0,0.0
2020-06-17 04:00:00,4136001,LYwnQax7tkwH5Cb,0.0,0.0,0.0
2020-06-17 04:00:00,4136001,LlT2YUhhzqhg5Sw,0.0,0.0,0.0
2020-06-17 04:00:00,4136001,q49J1IKaHRwDQnt,0.0,0.0,0.0
2020-06-17 04:00:00,4136001,IQ2d7wF4YD8zU1Q,0.0,0.0,0.0
2020-06-17 04:00:00,4136001,oZZkBaNadn6DNKz,0.0,0.0,0.0
2020-06-17 04:00:00,4136001,xoJJ8DcxJEcupym,0.0,0.0,0.0
2020-06-17 04:00:00,4136001,V94E5Ben1TlhnDV,0.0,0.0,0.0
2020-06-17 04:15:00,4136001,q49J1IKaHRwDQnt,0.0,0.0,0.0
2020-06-17 04:15:00,4136001,Mx2yZCDsyf6DPfv,0.0,0.0,0.0
2020-06-17 04:15:00,4136001,LYwnQax7tkwH5Cb,0.0,0.0,0.0
2020-06-17 04:15:00,4136001,oZ35aAeoifZaQzV,0.0,0.0,0.0
2020-06-17 04:15:00,4136001,9kRcWv60rDACzjR,0.0,0.0,0.0
2020-06-17 04:15:00,4136001,WcxssY2VbP4hApt,0.0,0.0,0.0
2020-06-17 04:15:00,4136001,Quc1TzYxW2pYoWX,0.0,0.0,0.0
2020-06-17 04:15:00,4136001,vOuJvMaM2sgwLmb,0.0,0.0,0.0
2020-06-17 04:15:00,4136001,4UPUqMRk7TRMgml,0.0,0.0,0.0
2020-06-17 04:15:00,4136001,Qf4GUc1pJu5T6c6,0.0,0.0,0.0
2020-06-17 04:15:00,4136001,xoJJ8DcxJEcupym,0.0,0.0,0.0
2020-06-17 04:15:00,4136001,rrq4fwE8jgrTyWY,0.0,0.0,0.0
2020-06-17 04:15:00,4136001,LlT2YUhhzqhg5Sw,0.0,0.0,0.0
2020-06-17 04:15:00,4136001,mqwcsP2rE7J0TFp,0.0,0.0,0.0
2020-06-17 04:15:00,4136001,PeE6FRyGXUgsRhN,0.0,0.0,0.0
2020-06-17 04:15:00,4136001,V94E5Ben1TlhnDV,0.0,0.0,0.0
2020-06-17 04:15:00,4136001,oZZkBaNadn6DNKz,0.0,0.0,0.0
2020-06-17 04:15:00,4136001,xMbIugepa2P7lBB,0.0,0.0,0.0
2020-06-17 04:15:00,4136001,Et9kgGMDl729KT4,0.0,0.0,0.0
2020-06-17 04:15:00,4136001,81aHJ1q11NBPMrL,0.0,0.0,0.0
2020-06-17 04:15:00,4136001,NgDl19wMapZy17u,0.0,0.0,0.0
2020-06-17 04:15:00,4136001,IQ2d7wF4YD8zU1Q,0.0,0.0,0.0
2020-06-17 04:30:00,4136001,xoJJ8DcxJEcupym,0.0,0.0,0.0
2020-06-17 04:30:00,4136001,WcxssY2VbP4hApt,0.0,0.0,0.0
2020-06-17 04:30:00,4136001,NgDl19wMapZy17u,0.0,0.0,0.0
2020-06-17 04:30:00,4136001,mqwcsP2rE7J0TFp,0.0,0.0,0.0
2020-06-17 04:30:00,4136001,Qf4GUc1pJu5T6c6,0.0,0.0,0.0
2020-06-17 04:30:00,4136001,Quc1TzYxW2pYoWX,0.0,0.0,0.0
2020-06-17 04:30:00,4136001,4UPUqMRk7TRMgml,0.0,0.0,0.0
2020-06-17 04:30:00,4136001,V94E5Ben1TlhnDV,0.0,0.0,0.0
2020-06-17 04:30:00,4136001,9kRcWv60rDACzjR,0.0,0.0,0.0
2020-06-17 04:30:00,4136001,xMbIugepa2P7lBB,0.0,0.0,0.0
2020-06-17 04:30:00,4136001,IQ2d7wF4YD8zU1Q,0.0,0.0,0.0
2020-06-17 04:30:00,4136001,vOuJvMaM2sgwLmb,0.0,0.0,0.0
2020-06-17 04:30:00,4136001,Mx2yZCDsyf6DPfv,0.0,0.0,0.0
2020-06-17 04:30:00,4136001,oZ35aAeoifZaQzV,0.0,0.0,0.0
2020-06-17 04:30:00,4136001,81aHJ1q11NBPMrL,0.0,0.0,0.0
2020-06-17 04:30:00,4136001,rrq4fwE8jgrTyWY,0.0,0.0,0.0
2020-06-17 04:30:00,4136001,LYwnQax7tkwH5Cb,0.0,0.0,0.0
2020-06-17 04:30:00,4136001,oZZkBaNadn6DNKz,0.0,0.0,0.0
2020-06-17 04:30:00,4136001,q49J1IKaHRwDQnt,0.0,0.0,0.0
2020-06-17 04:30:00,4136001,Et9kgGMDl729KT4,0.0,0.0,0.0
2020-06-17 04:30:00,4136001,PeE6FRyGXUgsRhN,0.0,0.0,0.0
2020-06-17 04:30:00,4136001,LlT2YUhhzqhg5Sw,0.0,0.0,0.0
2020-06-17 04:45:00,4136001,rrq4fwE8jgrTyWY,0.0,0.0,0.0
2020-06-17 04:45:00,4136001,xoJJ8DcxJEcupym,0.0,0.0,0.0
2020-06-17 04:45:00,4136001,PeE6FRyGXUgsRhN,0.0,0.0,0.0
2020-06-17 04:45:00,4136001,4UPUqMRk7TRMgml,0.0,0.0,0.0
2020-06-17 04:45:00,4136001,mqwcsP2rE7J0TFp,0.0,0.0,0.0
2020-06-17 04:45:00,4136001,9kRcWv60rDACzjR,0.0,0.0,0.0
2020-06-17 04:45:00,4136001,vOuJvMaM2sgwLmb,0.0,0.0,0.0
2020-06-17 04:45:00,4136001,V94E5Ben1TlhnDV,0.0,0.0,0.0
2020-06-17 04:45:00,4136001,Quc1TzYxW2pYoWX,0.0,0.0,0.0
2020-06-17 04:45:00,4136001,IQ2d7wF4YD8zU1Q,0.0,0.0,0.0
2020-06-17 04:45:00,4136001,NgDl19wMapZy17u,0.0,0.0,0.0
2020-06-17 04:45:00,4136001,WcxssY2VbP4hApt,0.0,0.0,0.0
2020-06-17 04:45:00,4136001,LlT2YUhhzqhg5Sw,0.0,0.0,0.0
2020-06-17 04:45:00,4136001,oZ35aAeoifZaQzV,0.0,0.0,0.0
2020-06-17 04:45:00,4136001,Mx2yZCDsyf6DPfv,0.0,0.0,0.0
2020-06-17 04:45:00,4136001,xMbIugepa2P7lBB,0.0,0.0,0.0
2020-06-17 04:45:00,4136001,LYwnQax7tkwH5Cb,0.0,0.0,0.0
2020-06-17 04:45:00,4136001,q49J1IKaHRwDQnt,0.0,0.0,0.0
2020-06-17 04:45:00,4136001,81aHJ1q11NBPMrL,0.0,0.0,0.0
2020-06-17 04:45:00,4136001,Et9kgGMDl729KT4,0.0,0.0,0.0
2020-06-17 04:45:00,4136001,Qf4GUc1pJu5T6c6,0.0,0.0,0.0
2020-06-17 04:45:00,4136001,oZZkBaNadn6DNKz,0.0,0.0,0.0
2020-06-17 05:00:00,4136001,9kRcWv60rDACzjR,0.0,0.0,0.0
2020-06-17 05:00:00,4136001,LlT2YUhhzqhg5Sw,0.0,0.0,0.0
2020-06-17 05:00:00,4136001,Et9kgGMDl729KT4,0.0,0.0,0.0
2020-06-17 05:00:00,4136001,LYwnQax7tkwH5Cb,0.0,0.0,0.0
2020-06-17 05:00:00,4136001,NgDl19wMapZy17u,0.0,0.0,0.0
2020-06-17 05:00:00,4136001,Quc1TzYxW2pYoWX,0.0,0.0,0.0
2020-06-17 05:00:00,4136001,PeE6FRyGXUgsRhN,0.0,0.0,0.0
2020-06-17 05:00:00,4136001,xoJJ8DcxJEcupym,0.0,0.0,0.0
2020-06-17 05:00:00,4136001,vOuJvMaM2sgwLmb,0.0,0.0,0.0
2020-06-17 05:00:00,4136001,rrq4fwE8jgrTyWY,0.0,0.0,0.0
2020-06-17 05:00:00,4136001,oZ35aAeoifZaQzV,0.0,0.0,0.0
2020-06-17 05:00:00,4136001,q49J1IKaHRwDQnt,0.0,0.0,0.0
2020-06-17 05:00:00,4136001,mqwcsP2rE7J0TFp,0.0,0.0,0.0
2020-06-17 05:00:00,4136001,IQ2d7wF4YD8zU1Q,0.0,0.0,0.0
2020-06-17 05:00:00,4136001,V94E5Ben1TlhnDV,0.0,0.0,0.0
2020-06-17 05:00:00,4136001,oZZkBaNadn6DNKz,0.0,0.0,0.0
2020-06-17 05:00:00,4136001,xMbIugepa2P7lBB,0.0,0.0,0.0
2020-06-17 05:00:00,4136001,81aHJ1q11NBPMrL,0.0,0.0,0.0
2020-06-17 05:00:00,4136001,Mx2yZCDsyf6DPfv,0.0,0.0,0.0
2020-06-17 05:00:00,4136001,WcxssY2VbP4hApt,0.0,0.0,0.0
2020-06-17 05:00:00,4136001,4UPUqMRk7TRMgml,0.0,0.0,0.0
2020-06-17 05:00:00,4136001,Qf4GUc1pJu5T6c6,0.0,0.0,0.0
2020-06-17 05:15:00,4136001,vOuJvMaM2sgwLmb,0.0,0.0,0.0
2020-06-17 05:15:00,4136001,Mx2yZCDsyf6DPfv,0.0,0.0,0.0
2020-06-17 05:15:00,4136001,xoJJ8DcxJEcupym,0.0,0.0,0.0
2020-06-17 05:15:00,4136001,81aHJ1q11NBPMrL,0.0,0.0,0.0
2020-06-17 05:15:00,4136001,Quc1TzYxW2pYoWX,0.0,0.0,0.0
2020-06-17 05:15:00,4136001,rrq4fwE8jgrTyWY,0.0,0.0,0.0
2020-06-17 05:15:00,4136001,NgDl19wMapZy17u,0.0,0.0,0.0
2020-06-17 05:15:00,4136001,WcxssY2VbP4hApt,0.0,0.0,0.0
2020-06-17 05:15:00,4136001,oZ35aAeoifZaQzV,0.0,0.0,0.0
2020-06-17 05:15:00,4136001,mqwcsP2rE7J0TFp,0.0,0.0,0.0
2020-06-17 05:15:00,4136001,4UPUqMRk7TRMgml,0.0,0.0,0.0
2020-06-17 05:15:00,4136001,V94E5Ben1TlhnDV,0.0,0.0,0.0
2020-06-17 05:15:00,4136001,xMbIugepa2P7lBB,0.0,0.0,0.0
2020-06-17 05:15:00,4136001,IQ2d7wF4YD8zU1Q,0.0,0.0,0.0
2020-06-17 05:15:00,4136001,q49J1IKaHRwDQnt,0.0,0.0,0.0
2020-06-17 05:15:00,4136001,PeE6FRyGXUgsRhN,0.0,0.0,0.0
2020-06-17 05:15:00,4136001,9kRcWv60rDACzjR,0.0,0.0,0.0
2020-06-17 05:15:00,4136001,LlT2YUhhzqhg5Sw,0.0,0.0,0.0
2020-06-17 05:15:00,4136001,oZZkBaNadn6DNKz,0.0,0.0,0.0
2020-06-17 05:15:00,4136001,Qf4GUc1pJu5T6c6,0.0,0.0,0.0
2020-06-17 05:15:00,4136001,LYwnQax7tkwH5Cb,0.0,0.0,0.0
2020-06-17 05:15:00,4136001,Et9kgGMDl729KT4,0.0,0.0,0.0
2020-06-17 05:30:00,4136001,Et9kgGMDl729KT4,0.0,0.0,0.0
2020-06-17 05:30:00,4136001,oZ35aAeoifZaQzV,0.0,0.0,0.0
2020-06-17 05:30:00,4136001,mqwcsP2rE7J0TFp,0.0,0.0,0.0
2020-06-17 05:30:00,4136001,IQ2d7wF4YD8zU1Q,0.0,0.0,0.0
2020-06-17 05:30:00,4136001,oZZkBaNadn6DNKz,0.0,0.0,0.0
2020-06-17 05:30:00,4136001,xMbIugepa2P7lBB,0.0,0.0,0.0
2020-06-17 05:30:00,4136001,LYwnQax7tkwH5Cb,0.0,0.0,0.0
2020-06-17 05:30:00,4136001,81aHJ1q11NBPMrL,0.0,0.0,0.0
2020-06-17 05:30:00,4136001,4UPUqMRk7TRMgml,0.0,0.0,0.0
2020-06-17 05:30:00,4136001,PeE6FRyGXUgsRhN,0.0,0.0,0.0
2020-06-17 05:30:00,4136001,rrq4fwE8jgrTyWY,0.0,0.0,0.0
2020-06-17 05:30:00,4136001,NgDl19wMapZy17u,0.0,0.0,0.0
2020-06-17 05:30:00,4136001,xoJJ8DcxJEcupym,0.0,0.0,0.0
2020-06-17 05:30:00,4136001,LlT2YUhhzqhg5Sw,0.0,0.0,0.0
2020-06-17 05:30:00,4136001,9kRcWv60rDACzjR,0.0,0.0,0.0
2020-06-17 05:30:00,4136001,q49J1IKaHRwDQnt,0.0,0.0,0.0
2020-06-17 05:30:00,4136001,Qf4GUc1pJu5T6c6,0.0,0.0,0.0
2020-06-17 05:30:00,4136001,WcxssY2VbP4hApt,0.0,0.0,0.0
2020-06-17 05:30:00,4136001,Mx2yZCDsyf6DPfv,0.0,0.0,0.0
2020-06-17 05:30:00,4136001,vOuJvMaM2sgwLmb,0.0,0.0,0.0
2020-06-17 05:30:00,4136001,V94E5Ben1TlhnDV,0.0,0.0,0.0
2020-06-17 05:30:00,4136001,Quc1TzYxW2pYoWX,0.0,0.0,0.0
2020-06-17 05:45:00,4136001,V94E5Ben1TlhnDV,0.0,1.893333333333333,0.0
2020-06-17 05:45:00,4136001,9kRcWv60rDACzjR,0.0,1.38,0.0
2020-06-17 05:45:00,4136001,mqwcsP2rE7J0TFp,0.0,1.8533333333333333,0.0
2020-06-17 05:45:00,4136001,Et9kgGMDl729KT4,0.0,1.12,0.0
2020-06-17 05:45:00,4136001,vOuJvMaM2sgwLmb,0.0,1.9733333333333336,0.0
2020-06-17 05:45:00,4136001,PeE6FRyGXUgsRhN,0.0,1.0799999999999998,0.0
2020-06-17 05:45:00,4136001,LlT2YUhhzqhg5Sw,0.0,1.34,0.0
2020-06-17 05:45:00,4136001,LYwnQax7tkwH5Cb,0.0,1.7933333333333337,0.0
2020-06-17 05:45:00,4136001,oZ35aAeoifZaQzV,0.0,1.2071428571428573,0.0
2020-06-17 05:45:00,4136001,xoJJ8DcxJEcupym,0.0,1.86,0.0
2020-06-17 05:45:00,4136001,xMbIugepa2P7lBB,0.0,1.8733333333333333,0.0
2020-06-17 05:45:00,4136001,4UPUqMRk7TRMgml,0.0,1.3357142857142856,0.0
2020-06-17 05:45:00,4136001,NgDl19wMapZy17u,0.0,1.3266666666666664,0.0
2020-06-17 05:45:00,4136001,oZZkBaNadn6DNKz,0.0,2.1466666666666665,0.0
2020-06-17 05:45:00,4136001,Qf4GUc1pJu5T6c6,0.0,0.6428571428571427,0.0
2020-06-17 05:45:00,4136001,Mx2yZCDsyf6DPfv,0.0,1.4428571428571428,0.0
2020-06-17 05:45:00,4136001,Quc1TzYxW2pYoWX,0.0,0.0,0.0
2020-06-17 05:45:00,4136001,IQ2d7wF4YD8zU1Q,0.0,1.7933333333333332,0.0
2020-06-17 05:45:00,4136001,rrq4fwE8jgrTyWY,0.0,1.26,0.0
2020-06-17 05:45:00,4136001,q49J1IKaHRwDQnt,0.0,1.9200000000000008,0.0
2020-06-17 05:45:00,4136001,81aHJ1q11NBPMrL,0.0,2.0,0.0
2020-06-17 05:45:00,4136001,WcxssY2VbP4hApt,0.0,1.413333333333333,0.0
2020-06-17 06:00:00,4136001,WcxssY2VbP4hApt,1.413333333333333,24.457142857142856,1.413333333333333
2020-06-17 06:00:00,4136001,Mx2yZCDsyf6DPfv,1.4428571428571428,23.73333333333333,1.4428571428571428
2020-06-17 06:00:00,4136001,V94E5Ben1TlhnDV,1.893333333333333,24.63571428571429,1.893333333333333
2020-06-17 06:00:00,4136001,rrq4fwE8jgrTyWY,1.26,23.02,1.26
2020-06-17 06:00:00,4136001,q49J1IKaHRwDQnt,1.9200000000000008,24.813333333333333,1.9200000000000008
2020-06-17 06:00:00,4136001,Quc1TzYxW2pYoWX,0.0,20.27333333333334,0.0
2020-06-17 06:00:00,4136001,LlT2YUhhzqhg5Sw,1.34,24.36666666666667,1.34
2020-06-17 06:00:00,4136001,NgDl19wMapZy17u,1.3266666666666664,24.21333333333333,1.3266666666666664
2020-06-17 06:00:00,4136001,PeE6FRyGXUgsRhN,1.0799999999999998,24.3,1.0799999999999998
2020-06-17 06:00:00,4136001,9kRcWv60rDACzjR,1.38,23.75,1.38
2020-06-17 06:00:00,4136001,vOuJvMaM2sgwLmb,1.9733333333333336,24.52142857142857,1.9733333333333336
2020-06-17 06:00:00,4136001,Qf4GUc1pJu5T6c6,0.6428571428571427,23.63333333333333,0.6428571428571427
2020-06-17 06:00:00,4136001,xoJJ8DcxJEcupym,1.86,23.735714285714284,1.86
2020-06-17 06:00:00,4136001,LYwnQax7tkwH5Cb,1.7933333333333337,23.373333333333328,1.7933333333333337
2020-06-17 06:00:00,4136001,4UPUqMRk7TRMgml,1.3357142857142856,23.986666666666668,1.3357142857142856
2020-06-17 06:00:00,4136001,oZ35aAeoifZaQzV,1.2071428571428573,24.933333333333334,1.2071428571428573
2020-06-17 06:00:00,4136001,81aHJ1q11NBPMrL,2.0,24.62142857142857,2.0
2020-06-17 06:00:00,4136001,xMbIugepa2P7lBB,1.8733333333333333,24.493333333333336,1.8733333333333333
2020-06-17 06:00:00,4136001,IQ2d7wF4YD8zU1Q,1.7933333333333332,24.02,1.7933333333333332
2020-06-17 06:00:00,4136001,oZZkBaNadn6DNKz,2.1466666666666665,24.242857142857144,2.1466666666666665
2020-06-17 06:00:00,4136001,mqwcsP2rE7J0TFp,1.8533333333333333,24.39333333333333,1.8533333333333333
2020-06-17 06:00:00,4136001,Et9kgGMDl729KT4,1.12,22.313333333333336,1.12
2020-06-17 06:15:00,4136001,PeE6FRyGXUgsRhN,24.3,53.06666666666668,24.3
2020-06-17 06:15:00,4136001,LYwnQax7tkwH5Cb,23.373333333333328,50.135714285714286,23.373333333333328
2020-06-17 06:15:00,4136001,LlT2YUhhzqhg5Sw,24.36666666666667,51.87857142857143,24.36666666666667
2020-06-17 06:15:00,4136001,WcxssY2VbP4hApt,24.457142857142856,53.746666666666655,24.457142857142856
2020-06-17 06:15:00,4136001,Qf4GUc1pJu5T6c6,23.63333333333333,53.866666666666674,23.63333333333333
2020-06-17 06:15:00,4136001,Et9kgGMDl729KT4,22.313333333333336,50.28666666666666,22.313333333333336
2020-06-17 06:15:00,4136001,81aHJ1q11NBPMrL,24.62142857142857,53.86000000000001,24.62142857142857
2020-06-17 06:15:00,4136001,9kRcWv60rDACzjR,23.75,52.126666666666665,23.75
2020-06-17 06:15:00,4136001,oZZkBaNadn6DNKz,24.242857142857144,54.32666666666666,24.242857142857144
2020-06-17 06:15:00,4136001,Quc1TzYxW2pYoWX,20.27333333333334,46.22,20.27333333333334
2020-06-17 06:15:00,4136001,q49J1IKaHRwDQnt,24.813333333333333,52.81428571428572,24.813333333333333
2020-06-17 06:15:00,4136001,oZ35aAeoifZaQzV,24.933333333333334,55.586666666666666,24.933333333333334
2020-06-17 06:15:00,4136001,NgDl19wMapZy17u,24.21333333333333,52.60000000000001,24.21333333333333
2020-06-17 06:15:00,4136001,4UPUqMRk7TRMgml,23.986666666666668,55.24,23.986666666666668
2020-06-17 06:15:00,4136001,mqwcsP2rE7J0TFp,24.39333333333333,52.86,24.39333333333333
2020-06-17 06:15:00,4136001,xMbIugepa2P7lBB,24.493333333333336,53.01333333333333,24.493333333333336
2020-06-17 06:15:00,4136001,V94E5Ben1TlhnDV,24.63571428571429,53.50666666666666,24.63571428571429
2020-06-17 06:15:00,4136001,IQ2d7wF4YD8zU1Q,24.02,52.653333333333336,24.02
2020-06-17 06:15:00,4136001,xoJJ8DcxJEcupym,23.735714285714284,53.64666666666666,23.735714285714284
2020-06-17 06:15:00,4136001,rrq4fwE8jgrTyWY,23.02,49.457142857142856,23.02
2020-06-17 06:15:00,4136001,Mx2yZCDsyf6DPfv,23.73333333333333,55.44,23.73333333333333
2020-06-17 06:15:00,4136001,vOuJvMaM2sgwLmb,24.52142857142857,53.91333333333333,24.52142857142857
2020-06-17 06:30:00,4136001,4UPUqMRk7TRMgml,55.24,59.426666666666655,55.24
2020-06-17 06:30:00,4136001,mqwcsP2rE7J0TFp,52.86,57.66,52.86
2020-06-17 06:30:00,4136001,Mx2yZCDsyf6DPfv,55.44,60.580000000000005,55.44
2020-06-17 06:30:00,4136001,rrq4fwE8jgrTyWY,49.457142857142856,53.04,49.457142857142856
2020-06-17 06:30:00,4136001,WcxssY2VbP4hApt,53.746666666666655,58.353333333333325,53.746666666666655
2020-06-17 06:30:00,4136001,Et9kgGMDl729KT4,50.28666666666666,53.926666666666655,50.28666666666666
2020-06-17 06:30:00,4136001,IQ2d7wF4YD8zU1Q,52.653333333333336,57.21333333333333,52.653333333333336
2020-06-17 06:30:00,4136001,oZZkBaNadn6DNKz,54.32666666666666,58.58,54.32666666666666
2020-06-17 06:30:00,4136001,Qf4GUc1pJu5T6c6,53.866666666666674,58.78,53.866666666666674
2020-06-17 06:30:00,4136001,xMbIugepa2P7lBB,53.01333333333333,57.51333333333333,53.01333333333333
2020-06-17 06:30:00,4136001,81aHJ1q11NBPMrL,53.86000000000001,57.986666666666665,53.86000000000001
2020-06-17 06:30:00,4136001,LYwnQax7tkwH5Cb,50.135714285714286,53.760000000000005,50.135714285714286
2020-06-17 06:30:00,4136001,oZ35aAeoifZaQzV,55.586666666666666,59.153333333333336,55.586666666666666
2020-06-17 06:30:00,4136001,xoJJ8DcxJEcupym,53.64666666666666,57.60666666666666,53.64666666666666
2020-06-17 06:30:00,4136001,V94E5Ben1TlhnDV,53.50666666666666,57.76,53.50666666666666
2020-06-17 06:30:00,4136001,NgDl19wMapZy17u,52.60000000000001,57.25333333333333,52.60000000000001
2020-06-17 06:30:00,4136001,LlT2YUhhzqhg5Sw,51.87857142857143,55.553333333333335,51.87857142857143
2020-06-17 06:30:00,4136001,q49J1IKaHRwDQnt,52.81428571428572,56.453333333333326,52.81428571428572
2020-06-17 06:30:00,4136001,Quc1TzYxW2pYoWX,46.22,49.72,46.22
2020-06-17 06:30:00,4136001,9kRcWv60rDACzjR,52.126666666666665,56.466666666666654,52.126666666666665
2020-06-17 06:30:00,4136001,PeE6FRyGXUgsRhN,53.06666666666668,57.31333333333334,53.06666666666668
2020-06-17 06:30:00,4136001,vOuJvMaM2sgwLmb,53.91333333333333,58.286666666666655,53.91333333333333
2020-06-17 06:45:00,4136001,LlT2YUhhzqhg5Sw,55.553333333333335,61.06666666666667,55.553333333333335
2020-06-17 06:45:00,4136001,oZZkBaNadn6DNKz,58.58,63.52666666666666,58.58
2020-06-17 06:45:00,4136001,4UPUqMRk7TRMgml,59.426666666666655,63.886666666666656,59.426666666666655
2020-06-17 06:45:00,4136001,WcxssY2VbP4hApt,58.353333333333325,63.52,58.353333333333325
2020-06-17 06:45:00,4136001,IQ2d7wF4YD8zU1Q,57.21333333333333,62.12857142857143,57.21333333333333
2020-06-17 06:45:00,4136001,xoJJ8DcxJEcupym,57.60666666666666,63.2,57.60666666666666
2020-06-17 06:45:00,4136001,xMbIugepa2P7lBB,57.51333333333333,62.26428571428572,57.51333333333333
2020-06-17 06:45:00,4136001,Qf4GUc1pJu5T6c6,58.78,63.066666666666656,58.78
2020-06-17 06:45:00,4136001,PeE6FRyGXUgsRhN,57.31333333333334,62.48,57.31333333333334
2020-06-17 06:45:00,4136001,NgDl19wMapZy17u,57.25333333333333,62.171428571428585,57.25333333333333
2020-06-17 06:45:00,4136001,Quc1TzYxW2pYoWX,49.72,53.25333333333333,49.72
2020-06-17 06:45:00,4136001,81aHJ1q11NBPMrL,57.986666666666665,63.4,57.986666666666665
2020-06-17 06:45:00,4136001,oZ35aAeoifZaQzV,59.153333333333336,65.63333333333334,59.153333333333336
2020-06-17 06:45:00,4136001,Mx2yZCDsyf6DPfv,60.580000000000005,63.26,60.580000000000005
2020-06-17 06:45:00,4136001,Et9kgGMDl729KT4,53.926666666666655,57.8,53.926666666666655
2020-06-17 06:45:00,4136001,9kRcWv60rDACzjR,56.466666666666654,61.96666666666668,56.466666666666654
2020-06-17 06:45:00,4136001,q49J1IKaHRwDQnt,56.453333333333326,61.906666666666666,56.453333333333326
2020-06-17 06:45:00,4136001,rrq4fwE8jgrTyWY,53.04,58.16,53.04
2020-06-17 06:45:00,4136001,mqwcsP2rE7J0TFp,57.66,62.43571428571428,57.66
2020-06-17 06:45:00,4136001,vOuJvMaM2sgwLmb,58.286666666666655,63.50666666666665,58.286666666666655
2020-06-17 06:45:00,4136001,LYwnQax7tkwH5Cb,53.760000000000005,59.18666666666668,53.760000000000005
2020-06-17 06:45:00,4136001,V94E5Ben1TlhnDV,57.76,62.99333333333334,57.76
2020-06-17 07:00:00,4136001,q49J1IKaHRwDQnt,61.906666666666666,74.09999999999998,61.906666666666666
2020-06-17 07:00:00,4136001,WcxssY2VbP4hApt,63.52,76.19333333333331,63.52
2020-06-17 07:00:00,4136001,4UPUqMRk7TRMgml,63.886666666666656,75.32142857142857,63.886666666666656
2020-06-17 07:00:00,4136001,Quc1TzYxW2pYoWX,53.25333333333333,61.842857142857135,53.25333333333333
2020-06-17 07:00:00,4136001,Qf4GUc1pJu5T6c6,63.066666666666656,74.0142857142857,63.066666666666656
2020-06-17 07:00:00,4136001,Mx2yZCDsyf6DPfv,63.26,75.92142857142859,63.26
2020-06-17 07:00:00,4136001,NgDl19wMapZy17u,62.171428571428585,73.74,62.171428571428585
2020-06-17 07:00:00,4136001,IQ2d7wF4YD8zU1Q,62.12857142857143,73.64,62.12857142857143
2020-06-17 07:00:00,4136001,9kRcWv60rDACzjR,61.96666666666668,74.71333333333331,61.96666666666668
2020-06-17 07:00:00,4136001,LlT2YUhhzqhg5Sw,61.06666666666667,73.69333333333334,61.06666666666667
2020-06-17 07:00:00,4136001,xMbIugepa2P7lBB,62.26428571428572,74.28666666666666,62.26428571428572
2020-06-17 07:00:00,4136001,oZZkBaNadn6DNKz,63.52666666666666,74.82142857142857,63.52666666666666
2020-06-17 07:00:00,4136001,PeE6FRyGXUgsRhN,62.48,74.19285714285715,62.48
2020-06-17 07:00:00,4136001,xoJJ8DcxJEcupym,63.2,75.05,63.2
2020-06-17 07:00:00,4136001,V94E5Ben1TlhnDV,62.99333333333334,74.77857142857142,62.99333333333334
2020-06-17 07:00:00,4136001,LYwnQax7tkwH5Cb,59.18666666666668,70.97333333333333,59.18666666666668
2020-06-17 07:00:00,4136001,oZ35aAeoifZaQzV,65.63333333333334,76.25714285714285,65.63333333333334
2020-06-17 07:00:00,4136001,vOuJvMaM2sgwLmb,63.50666666666665,75.72666666666667,63.50666666666665
2020-06-17 07:00:00,4136001,mqwcsP2rE7J0TFp,62.43571428571428,73.64666666666666,62.43571428571428
2020-06-17 07:00:00,4136001,rrq4fwE8jgrTyWY,58.16,69.91333333333334,58.16
2020-06-17 07:00:00,4136001,Et9kgGMDl729KT4,57.8,67.8142857142857,57.8
2020-06-17 07:00:00,4136001,81aHJ1q11NBPMrL,63.4,75.93333333333332,63.4
2020-06-17 07:15:00,4136001,oZ35aAeoifZaQzV,76.25714285714285,101.34666666666666,76.25714285714285
2020-06-17 07:15:00,4136001,81aHJ1q11NBPMrL,75.93333333333332,100.2714285714286,75.93333333333332
2020-06-17 07:15:00,4136001,PeE6FRyGXUgsRhN,74.19285714285715,97.25333333333334,74.19285714285715
2020-06-17 07:15:00,4136001,xoJJ8DcxJEcupym,75.05,98.58666666666667,75.05
2020-06-17 07:15:00,4136001,vOuJvMaM2sgwLmb,75.72666666666667,99.8857142857143,75.72666666666667
2020-06-17 07:15:00,4136001,Et9kgGMDl729KT4,67.8142857142857,89.87333333333333,67.8142857142857
2020-06-17 07:15:00,4136001,Mx2yZCDsyf6DPfv,75.92142857142859,100.12,75.92142857142859
2020-06-17 07:15:00,4136001,xMbIugepa2P7lBB,74.28666666666666,98.57333333333332,74.28666666666666
2020-06-17 07:15:00,4136001,mqwcsP2rE7J0TFp,73.64666666666666,97.91333333333333,73.64666666666666
2020-06-17 07:15:00,4136001,Qf4GUc1pJu5T6c6,74.0142857142857,98.4,74.0142857142857
2020-06-17 07:15:00,4136001,IQ2d7wF4YD8zU1Q,73.64,98.11333333333334,73.64
2020-06-17 07:15:00,4136001,WcxssY2VbP4hApt,76.19333333333331,100.3285714285714,76.19333333333331
2020-06-17 07:15:00,4136001,oZZkBaNadn6DNKz,74.82142857142857,99.39333333333332,74.82142857142857
2020-06-17 07:15:00,4136001,NgDl19wMapZy17u,73.74,98.12,73.74
2020-06-17 07:15:00,4136001,q49J1IKaHRwDQnt,74.09999999999998,98.36,74.09999999999998
2020-06-17 07:15:00,4136001,LYwnQax7tkwH5Cb,70.97333333333333,94.19333333333334,70.97333333333333
2020-06-17 07:15:00,4136001,LlT2YUhhzqhg5Sw,73.69333333333334,97.79333333333332,73.69333333333334
2020-06-17 07:15:00,4136001,9kRcWv60rDACzjR,74.71333333333331,98.25714285714288,74.71333333333331
2020-06-17 07:15:00,4136001,rrq4fwE8jgrTyWY,69.91333333333334,92.78,69.91333333333334
2020-06-17 07:15:00,4136001,4UPUqMRk7TRMgml,75.32142857142857,99.95333333333332,75.32142857142857
2020-06-17 07:15:00,4136001,V94E5Ben1TlhnDV,74.77857142857142,99.25333333333332,74.77857142857142
2020-06-17 07:15:00,4136001,Quc1TzYxW2pYoWX,61.842857142857135,82.06666666666666,61.842857142857135
2020-06-17 07:30:00,4136001,4UPUqMRk7TRMgml,99.95333333333332,130.33333333333331,99.95333333333332
2020-06-17 07:30:00,4136001,WcxssY2VbP4hApt,100.3285714285714,129.50666666666666,100.3285714285714
2020-06-17 07:30:00,4136001,NgDl19wMapZy17u,98.12,128.5533333333333,98.12
2020-06-17 07:30:00,4136001,xoJJ8DcxJEcupym,98.58666666666667,128.16666666666666,98.58666666666667
2020-06-17 07:30:00,4136001,9kRcWv60rDACzjR,98.25714285714288,126.71999999999998,98.25714285714288
2020-06-17 07:30:00,4136001,oZZkBaNadn6DNKz,99.39333333333332,129.68,99.39333333333332
2020-06-17 07:30:00,4136001,IQ2d7wF4YD8zU1Q,98.11333333333334,128.65333333333334,98.11333333333334
2020-06-17 07:30:00,4136001,vOuJvMaM2sgwLmb,99.8857142857143,128.45333333333335,99.8857142857143
2020-06-17 07:30:00,4136001,Mx2yZCDsyf6DPfv,100.12,130.5,100.12
2020-06-17 07:30:00,4136001,xMbIugepa2P7lBB,98.57333333333332,128.85333333333332,98.57333333333332
2020-06-17 07:30:00,4136001,V94E5Ben1TlhnDV,99.25333333333332,128.39333333333337,99.25333333333332
2020-06-17 07:30:00,4136001,Et9kgGMDl729KT4,89.87333333333333,116.50666666666667,89.87333333333333
2020-06-17 07:30:00,4136001,LYwnQax7tkwH5Cb,94.19333333333334,121.48571428571428,94.19333333333334
2020-06-17 07:30:00,4136001,mqwcsP2rE7J0TFp,97.91333333333333,128.58,97.91333333333333
2020-06-17 07:30:00,4136001,rrq4fwE8jgrTyWY,92.78,119.92142857142856,92.78
2020-06-17 07:30:00,4136001,81aHJ1q11NBPMrL,100.2714285714286,128.75333333333333,100.2714285714286
2020-06-17 07:30:00,4136001,oZ35aAeoifZaQzV,101.34666666666666,131.76,101.34666666666666
2020-06-17 07:30:00,4136001,PeE6FRyGXUgsRhN,97.25333333333334,125.79333333333334,97.25333333333334
2020-06-17 07:30:00,4136001,LlT2YUhhzqhg5Sw,97.79333333333332,125.6642857142857,97.79333333333332
2020-06-17 07:30:00,4136001,Qf4GUc1pJu5T6c6,98.4,128.28666666666666,98.4
2020-06-17 07:30:00,4136001,q49J1IKaHRwDQnt,98.36,126.69285714285716,98.36
2020-06-17 07:30:00,4136001,Quc1TzYxW2pYoWX,82.06666666666666,106.52666666666669,82.06666666666666
2020-06-17 07:45:00,4136001,9kRcWv60rDACzjR,126.71999999999998,180.00000000000003,126.71999999999998
2020-06-17 07:45:00,4136001,NgDl19wMapZy17u,128.5533333333333,183.45714285714288,128.5533333333333
2020-06-17 07:45:00,4136001,Qf4GUc1pJu5T6c6,128.28666666666666,185.0133333333333,128.28666666666666
2020-06-17 07:45:00,4136001,4UPUqMRk7TRMgml,130.33333333333331,186.98,130.33333333333331
2020-06-17 07:45:00,4136001,Et9kgGMDl729KT4,116.50666666666667,165.78000000000003,116.50666666666667
2020-06-17 07:45:00,4136001,xMbIugepa2P7lBB,128.85333333333332,182.48571428571427,128.85333333333332
2020-06-17 07:45:00,4136001,xoJJ8DcxJEcupym,128.16666666666666,181.5133333333333,128.16666666666666
2020-06-17 07:45:00,4136001,Mx2yZCDsyf6DPfv,130.5,186.66,130.5
2020-06-17 07:45:00,4136001,mqwcsP2rE7J0TFp,128.58,184.19285714285715,128.58
2020-06-17 07:45:00,4136001,rrq4fwE8jgrTyWY,119.92142857142856,169.95333333333335,119.92142857142856
2020-06-17 07:45:00,4136001,oZ35aAeoifZaQzV,131.76,188.0266666666667,131.76
2020-06-17 07:45:00,4136001,81aHJ1q11NBPMrL,128.75333333333333,182.1,128.75333333333333
2020-06-17 07:45:00,4136001,q49J1IKaHRwDQnt,126.69285714285716,178.77333333333334,126.69285714285716
2020-06-17 07:45:00,4136001,Quc1TzYxW2pYoWX,106.52666666666669,151.42000000000002,106.52666666666669
2020-06-17 07:45:00,4136001,LlT2YUhhzqhg5Sw,125.6642857142857,177.1,125.6642857142857
2020-06-17 07:45:00,4136001,V94E5Ben1TlhnDV,128.39333333333337,181.08666666666664,128.39333333333337
2020-06-17 07:45:00,4136001,IQ2d7wF4YD8zU1Q,128.65333333333334,183.3642857142857,128.65333333333334
2020-06-17 07:45:00,4136001,oZZkBaNadn6DNKz,129.68,183.1266666666667,129.68
2020-06-17 07:45:00,4136001,LYwnQax7tkwH5Cb,121.48571428571428,171.84666666666666,121.48571428571428
2020-06-17 07:45:00,4136001,WcxssY2VbP4hApt,129.50666666666666,184.08,129.50666666666666
2020-06-17 07:45:00,4136001,PeE6FRyGXUgsRhN,125.79333333333334,179.6933333333333,125.79333333333334
2020-06-17 07:45:00,4136001,vOuJvMaM2sgwLmb,128.45333333333335,182.42666666666668,128.45333333333335
2020-06-17 08:00:00,4136001,oZZkBaNadn6DNKz,183.1266666666667,184.5133333333333,183.1266666666667
2020-06-17 08:00:00,4136001,81aHJ1q11NBPMrL,182.1,181.8,182.1
2020-06-17 08:00:00,4136001,4UPUqMRk7TRMgml,186.98,186.45,186.98
2020-06-17 08:00:00,4136001,vOuJvMaM2sgwLmb,182.42666666666668,182.2933333333333,182.42666666666668
2020-06-17 08:00:00,4136001,LlT2YUhhzqhg5Sw,177.1,175.52666666666667,177.1
2020-06-17 08:00:00,4136001,9kRcWv60rDACzjR,180.00000000000003,178.03333333333333,180.00000000000003
2020-06-17 08:00:00,4136001,mqwcsP2rE7J0TFp,184.19285714285715,179.9266666666667,184.19285714285715
2020-06-17 08:00:00,4136001,xMbIugepa2P7lBB,182.48571428571427,179.66000000000005,182.48571428571427
2020-06-17 08:00:00,4136001,Qf4GUc1pJu5T6c6,185.0133333333333,184.45714285714288,185.0133333333333
2020-06-17 08:00:00,4136001,xoJJ8DcxJEcupym,181.5133333333333,181.2333333333333,181.5133333333333
2020-06-17 08:00:00,4136001,PeE6FRyGXUgsRhN,179.6933333333333,178.53333333333336,179.6933333333333
2020-06-17 08:00:00,4136001,IQ2d7wF4YD8zU1Q,183.3642857142857,180.14,183.3642857142857
2020-06-17 08:00:00,4136001,V94E5Ben1TlhnDV,181.08666666666664,182.0,181.08666666666664
2020-06-17 08:00:00,4136001,oZ35aAeoifZaQzV,188.0266666666667,187.54285714285712,188.0266666666667
2020-06-17 08:00:00,4136001,rrq4fwE8jgrTyWY,169.95333333333335,167.27333333333334,169.95333333333335
2020-06-17 08:00:00,4136001,LYwnQax7tkwH5Cb,171.84666666666666,169.36666666666665,171.84666666666666
2020-06-17 08:00:00,4136001,Mx2yZCDsyf6DPfv,186.66,186.78571428571428,186.66
2020-06-17 08:00:00,4136001,Et9kgGMDl729KT4,165.78000000000003,167.97333333333333,165.78000000000003
2020-06-17 08:00:00,4136001,Quc1TzYxW2pYoWX,151.42000000000002,154.24,151.42000000000002
2020-06-17 08:00:00,4136001,NgDl19wMapZy17u,183.45714285714288,179.68666666666667,183.45714285714288
2020-06-17 08:00:00,4136001,q49J1IKaHRwDQnt,178.77333333333334,177.35333333333335,178.77333333333334
2020-06-17 08:00:00,4136001,WcxssY2VbP4hApt,184.08,183.02666666666667,184.08
2020-06-17 08:15:00,4136001,mqwcsP2rE7J0TFp,179.9266666666667,210.48666666666668,179.9266666666667
2020-06-17 08:15:00,4136001,9kRcWv60rDACzjR,178.03333333333333,209.87857142857143,178.03333333333333
2020-06-17 08:15:00,4136001,PeE6FRyGXUgsRhN,178.53333333333336,206.44285714285712,178.53333333333336
2020-06-17 08:15:00,4136001,xoJJ8DcxJEcupym,181.2333333333333,210.62857142857143,181.2333333333333
2020-06-17 08:15:00,4136001,Mx2yZCDsyf6DPfv,186.78571428571428,210.14666666666665,186.78571428571428
2020-06-17 08:15:00,4136001,WcxssY2VbP4hApt,183.02666666666667,213.26428571428568,183.02666666666667
2020-06-17 08:15:00,4136001,LlT2YUhhzqhg5Sw,175.52666666666667,210.80666666666667,175.52666666666667
2020-06-17 08:15:00,4136001,NgDl19wMapZy17u,179.68666666666667,210.8333333333333,179.68666666666667
2020-06-17 08:15:00,4136001,LYwnQax7tkwH5Cb,169.36666666666665,204.44666666666663,169.36666666666665
2020-06-17 08:15:00,4136001,xMbIugepa2P7lBB,179.66000000000005,210.94,179.66000000000005
2020-06-17 08:15:00,4136001,Et9kgGMDl729KT4,167.97333333333333,190.6133333333333,167.97333333333333
2020-06-17 08:15:00,4136001,81aHJ1q11NBPMrL,181.8,211.47142857142853,181.8
2020-06-17 08:15:00,4136001,vOuJvMaM2sgwLmb,182.2933333333333,210.4214285714285,182.2933333333333
2020-06-17 08:15:00,4136001,IQ2d7wF4YD8zU1Q,180.14,210.88,180.14
2020-06-17 08:15:00,4136001,Quc1TzYxW2pYoWX,154.24,172.73333333333335,154.24
2020-06-17 08:15:00,4136001,4UPUqMRk7TRMgml,186.45,210.14,186.45
2020-06-17 08:15:00,4136001,rrq4fwE8jgrTyWY,167.27333333333334,201.80666666666667,167.27333333333334
2020-06-17 08:15:00,4136001,Qf4GUc1pJu5T6c6,184.45714285714288,206.6533333333333,184.45714285714288
2020-06-17 08:15:00,4136001,oZ35aAeoifZaQzV,187.54285714285712,212.2666666666667,187.54285714285712
2020-06-17 08:15:00,4136001,V94E5Ben1TlhnDV,182.0,208.30714285714285,182.0
2020-06-17 08:15:00,4136001,oZZkBaNadn6DNKz,184.5133333333333,209.72142857142856,184.5133333333333
2020-06-17 08:15:00,4136001,q49J1IKaHRwDQnt,177.35333333333335,210.94,177.35333333333335
2020-06-17 08:30:00,4136001,Quc1TzYxW2pYoWX,172.73333333333335,229.8642857142857,172.73333333333335
2020-06-17 08:30:00,4136001,mqwcsP2rE7J0TFp,210.48666666666668,266.56666666666666,210.48666666666668
2020-06-17 08:30:00,4136001,Et9kgGMDl729KT4,190.6133333333333,250.7928571428572,190.6133333333333
2020-06-17 08:30:00,4136001,xMbIugepa2P7lBB,210.94,266.2533333333334,210.94
2020-06-17 08:30:00,4136001,rrq4fwE8jgrTyWY,201.80666666666667,252.2,201.80666666666667
2020-06-17 08:30:00,4136001,NgDl19wMapZy17u,210.8333333333333,266.43333333333334,210.8333333333333
2020-06-17 08:30:00,4136001,q49J1IKaHRwDQnt,210.94,265.91428571428565,210.94
2020-06-17 08:30:00,4136001,LlT2YUhhzqhg5Sw,210.80666666666667,263.1,210.80666666666667
2020-06-17 08:30:00,4136001,oZ35aAeoifZaQzV,212.2666666666667,278.8533333333333,212.2666666666667
2020-06-17 08:30:00,4136001,Qf4GUc1pJu5T6c6,206.6533333333333,272.91333333333336,206.6533333333333
2020-06-17 08:30:00,4136001,V94E5Ben1TlhnDV,208.30714285714285,271.00000000000006,208.30714285714285
2020-06-17 08:30:00,4136001,xoJJ8DcxJEcupym,210.62857142857143,272.0133333333334,210.62857142857143
2020-06-17 08:30:00,4136001,PeE6FRyGXUgsRhN,206.44285714285712,267.9533333333334,206.44285714285712
2020-06-17 08:30:00,4136001,IQ2d7wF4YD8zU1Q,210.88,267.0199999999999,210.88
2020-06-17 08:30:00,4136001,vOuJvMaM2sgwLmb,210.4214285714285,273.6266666666666,210.4214285714285
2020-06-17 08:30:00,4136001,WcxssY2VbP4hApt,213.26428571428568,275.21333333333325,213.26428571428568
2020-06-17 08:30:00,4136001,9kRcWv60rDACzjR,209.87857142857143,268.01333333333326,209.87857142857143
2020-06-17 08:30:00,4136001,Mx2yZCDsyf6DPfv,210.14666666666665,277.6533333333333,210.14666666666665
2020-06-17 08:30:00,4136001,81aHJ1q11NBPMrL,211.47142857142853,273.03333333333325,211.47142857142853
2020-06-17 08:30:00,4136001,LYwnQax7tkwH5Cb,204.44666666666663,255.3785714285714,204.44666666666663
2020-06-17 08:30:00,4136001,oZZkBaNadn6DNKz,209.72142857142856,273.8533333333333,209.72142857142856
2020-06-17 08:30:00,4136001,4UPUqMRk7TRMgml,210.14,277.81333333333333,210.14
2020-06-17 08:45:00,4136001,Mx2yZCDsyf6DPfv,277.6533333333333,192.4466666666667,277.6533333333333
2020-06-17 08:45:00,4136001,NgDl19wMapZy17u,266.43333333333334,185.32142857142856,266.43333333333334
2020-06-17 08:45:00,4136001,xoJJ8DcxJEcupym,272.0133333333334,187.62000000000003,272.0133333333334
2020-06-17 08:45:00,4136001,PeE6FRyGXUgsRhN,267.9533333333334,185.58,267.9533333333334
2020-06-17 08:45:00,4136001,xMbIugepa2P7lBB,266.2533333333334,184.65,266.2533333333334
2020-06-17 08:45:00,4136001,oZ35aAeoifZaQzV,278.8533333333333,194.60666666666663,278.8533333333333
2020-06-17 08:45:00,4136001,WcxssY2VbP4hApt,275.21333333333325,189.6,275.21333333333325
2020-06-17 08:45:00,4136001,mqwcsP2rE7J0TFp,266.56666666666666,186.35,266.56666666666666
2020-06-17 08:45:00,4136001,oZZkBaNadn6DNKz,273.8533333333333,190.2933333333333,273.8533333333333
2020-06-17 08:45:00,4136001,Quc1TzYxW2pYoWX,229.8642857142857,161.36666666666665,229.8642857142857
2020-06-17 08:45:00,4136001,Et9kgGMDl729KT4,250.7928571428572,175.36,250.7928571428572
2020-06-17 08:45:00,4136001,LYwnQax7tkwH5Cb,255.3785714285714,175.78666666666666,255.3785714285714
2020-06-17 08:45:00,4136001,4UPUqMRk7TRMgml,277.81333333333333,193.14,277.81333333333333
2020-06-17 08:45:00,4136001,IQ2d7wF4YD8zU1Q,267.0199999999999,185.55,267.0199999999999
2020-06-17 08:45:00,4136001,LlT2YUhhzqhg5Sw,263.1,180.76666666666665,263.1
2020-06-17 08:45:00,4136001,Qf4GUc1pJu5T6c6,272.91333333333336,190.1466666666667,272.91333333333336
2020-06-17 08:45:00,4136001,q49J1IKaHRwDQnt,265.91428571428565,183.22,265.91428571428565
2020-06-17 08:45:00,4136001,rrq4fwE8jgrTyWY,252.2,173.9466666666667,252.2
2020-06-17 08:45:00,4136001,9kRcWv60rDACzjR,268.01333333333326,184.25333333333333,268.01333333333326
2020-06-17 08:45:00,4136001,81aHJ1q11NBPMrL,273.03333333333325,187.8333333333333,273.03333333333325
2020-06-17 08:45:00,4136001,vOuJvMaM2sgwLmb,273.6266666666666,188.8933333333333,273.6266666666666
2020-06-17 08:45:00,4136001,V94E5Ben1TlhnDV,271.00000000000006,187.6733333333333,271.00000000000006
2020-06-17 09:00:00,4136001,LlT2YUhhzqhg5Sw,180.76666666666665,187.7,180.76666666666665
2020-06-17 09:00:00,4136001,PeE6FRyGXUgsRhN,185.58,191.38666666666663,185.58
2020-06-17 09:00:00,4136001,Quc1TzYxW2pYoWX,161.36666666666665,162.24,161.36666666666665
2020-06-17 09:00:00,4136001,IQ2d7wF4YD8zU1Q,185.55,194.24666666666667,185.55
2020-06-17 09:00:00,4136001,vOuJvMaM2sgwLmb,188.8933333333333,194.44000000000003,188.8933333333333
2020-06-17 09:00:00,4136001,Mx2yZCDsyf6DPfv,192.4466666666667,199.6133333333333,192.4466666666667
2020-06-17 09:00:00,4136001,WcxssY2VbP4hApt,189.6,196.22,189.6
2020-06-17 09:00:00,4136001,V94E5Ben1TlhnDV,187.6733333333333,192.34666666666664,187.6733333333333
2020-06-17 09:00:00,4136001,NgDl19wMapZy17u,185.32142857142856,194.26666666666668,185.32142857142856
2020-06-17 09:00:00,4136001,LYwnQax7tkwH5Cb,175.78666666666666,183.08666666666667,175.78666666666666
2020-06-17 09:00:00,4136001,oZZkBaNadn6DNKz,190.2933333333333,194.3533333333333,190.2933333333333
2020-06-17 09:00:00,4136001,q49J1IKaHRwDQnt,183.22,189.64666666666668,183.22
2020-06-17 09:00:00,4136001,4UPUqMRk7TRMgml,193.14,200.4533333333333,193.14
2020-06-17 09:00:00,4136001,xMbIugepa2P7lBB,184.65,192.6133333333333,184.65
2020-06-17 09:00:00,4136001,9kRcWv60rDACzjR,184.25333333333333,191.8,184.25333333333333
2020-06-17 09:00:00,4136001,81aHJ1q11NBPMrL,187.8333333333333,194.08,187.8333333333333
2020-06-17 09:00:00,4136001,rrq4fwE8jgrTyWY,173.9466666666667,181.41333333333336,173.9466666666667
2020-06-17 09:00:00,4136001,xoJJ8DcxJEcupym,187.62000000000003,192.78,187.62000000000003
2020-06-17 09:00:00,4136001,Et9kgGMDl729KT4,175.36,176.65333333333334,175.36
2020-06-17 09:00:00,4136001,oZ35aAeoifZaQzV,194.60666666666663,200.9,194.60666666666663
2020-06-17 09:00:00,4136001,Qf4GUc1pJu5T6c6,190.1466666666667,198.1,190.1466666666667
2020-06-17 09:00:00,4136001,mqwcsP2rE7J0TFp,186.35,195.78666666666663,186.35
2020-06-17 09:15:00,4136001,rrq4fwE8jgrTyWY,181.41333333333336,340.22,181.41333333333336
2020-06-17 09:15:00,4136001,mqwcsP2rE7J0TFp,195.78666666666663,354.0333333333333,195.78666666666663
2020-06-17 09:15:00,4136001,Qf4GUc1pJu5T6c6,198.1,346.40714285714284,198.1
2020-06-17 09:15:00,4136001,IQ2d7wF4YD8zU1Q,194.24666666666667,354.7933333333333,194.24666666666667
2020-06-17 09:15:00,4136001,9kRcWv60rDACzjR,191.8,362.1066666666666,191.8
2020-06-17 09:15:00,4136001,oZZkBaNadn6DNKz,194.3533333333333,346.05,194.3533333333333
2020-06-17 09:15:00,4136001,4UPUqMRk7TRMgml,200.4533333333333,352.9142857142856,200.4533333333333
2020-06-17 09:15:00,4136001,oZ35aAeoifZaQzV,200.9,354.75714285714287,200.9
2020-06-17 09:15:00,4136001,Quc1TzYxW2pYoWX,162.24,278.64666666666665,162.24
2020-06-17 09:15:00,4136001,q49J1IKaHRwDQnt,189.64666666666668,353.0,189.64666666666668
2020-06-17 09:15:00,4136001,LlT2YUhhzqhg5Sw,187.7,354.57333333333327,187.7
2020-06-17 09:15:00,4136001,vOuJvMaM2sgwLmb,194.44000000000003,361.2533333333333,194.44000000000003
2020-06-17 09:15:00,4136001,Mx2yZCDsyf6DPfv,199.6133333333333,353.2642857142857,199.6133333333333
2020-06-17 09:15:00,4136001,V94E5Ben1TlhnDV,192.34666666666664,344.8285714285714,192.34666666666664
2020-06-17 09:15:00,4136001,xoJJ8DcxJEcupym,192.78,351.91428571428565,192.78
2020-06-17 09:15:00,4136001,PeE6FRyGXUgsRhN,191.38666666666663,342.1428571428571,191.38666666666663
2020-06-17 09:15:00,4136001,NgDl19wMapZy17u,194.26666666666668,354.9866666666667,194.26666666666668
2020-06-17 09:15:00,4136001,Et9kgGMDl729KT4,176.65333333333334,308.08,176.65333333333334
2020-06-17 09:15:00,4136001,LYwnQax7tkwH5Cb,183.08666666666667,344.47333333333336,183.08666666666667
2020-06-17 09:15:00,4136001,xMbIugepa2P7lBB,192.6133333333333,353.92,192.6133333333333
2020-06-17 09:15:00,4136001,81aHJ1q11NBPMrL,194.08,364.06666666666655,194.08
2020-06-17 09:15:00,4136001,WcxssY2VbP4hApt,196.22,366.7933333333333,196.22
2020-06-17 09:30:00,4136001,vOuJvMaM2sgwLmb,361.2533333333333,585.8642857142856,361.2533333333333
2020-06-17 09:30:00,4136001,Et9kgGMDl729KT4,308.08,530.1933333333334,308.08
2020-06-17 09:30:00,4136001,PeE6FRyGXUgsRhN,342.1428571428571,572.1533333333332,342.1428571428571
2020-06-17 09:30:00,4136001,xoJJ8DcxJEcupym,351.91428571428565,579.5,351.91428571428565
2020-06-17 09:30:00,4136001,IQ2d7wF4YD8zU1Q,354.7933333333333,575.8533333333334,354.7933333333333
2020-06-17 09:30:00,4136001,LYwnQax7tkwH5Cb,344.47333333333336,546.9933333333332,344.47333333333336
2020-06-17 09:30:00,4136001,9kRcWv60rDACzjR,362.1066666666666,572.3928571428572,362.1066666666666
2020-06-17 09:30:00,4136001,Qf4GUc1pJu5T6c6,346.40714285714284,575.0,346.40714285714284
2020-06-17 09:30:00,4136001,oZZkBaNadn6DNKz,346.05,584.5466666666667,346.05
2020-06-17 09:30:00,4136001,oZ35aAeoifZaQzV,354.75714285714287,595.58,354.75714285714287
2020-06-17 09:30:00,4136001,WcxssY2VbP4hApt,366.7933333333333,589.8142857142856,366.7933333333333
2020-06-17 09:30:00,4136001,mqwcsP2rE7J0TFp,354.0333333333333,567.3399999999999,354.0333333333333
2020-06-17 09:30:00,4136001,q49J1IKaHRwDQnt,353.0,565.5400000000001,353.0
2020-06-17 09:30:00,4136001,Mx2yZCDsyf6DPfv,353.2642857142857,592.9133333333334,353.2642857142857
2020-06-17 09:30:00,4136001,LlT2YUhhzqhg5Sw,354.57333333333327,559.8066666666667,354.57333333333327
2020-06-17 09:30:00,4136001,V94E5Ben1TlhnDV,344.8285714285714,574.5266666666665,344.8285714285714
2020-06-17 09:30:00,4136001,rrq4fwE8jgrTyWY,340.22,540.4733333333332,340.22
2020-06-17 09:30:00,4136001,xMbIugepa2P7lBB,353.92,572.8866666666667,353.92
2020-06-17 09:30:00,4136001,Quc1TzYxW2pYoWX,278.64666666666665,481.5,278.64666666666665
2020-06-17 09:30:00,4136001,NgDl19wMapZy17u,354.9866666666667,573.6133333333332,354.9866666666667
2020-06-17 09:30:00,4136001,4UPUqMRk7TRMgml,352.9142857142856,591.9066666666668,352.9142857142856
2020-06-17 09:30:00,4136001,81aHJ1q11NBPMrL,364.06666666666655,584.5714285714286,364.06666666666655
2020-06-17 09:45:00,4136001,Mx2yZCDsyf6DPfv,592.9133333333334,584.8000000000001,592.9133333333334
2020-06-17 09:45:00,4136001,rrq4fwE8jgrTyWY,540.4733333333332,499.6357142857143,540.4733333333332
2020-06-17 09:45:00,4136001,NgDl19wMapZy17u,573.6133333333332,550.6333333333332,573.6133333333332
2020-06-17 09:45:00,4136001,Et9kgGMDl729KT4,530.1933333333334,533.3866666666667,530.1933333333334
2020-06-17 09:45:00,4136001,xMbIugepa2P7lBB,572.8866666666667,542.0400000000001,572.8866666666667
2020-06-17 09:45:00,4136001,oZ35aAeoifZaQzV,595.58,588.2600000000001,595.58
2020-06-17 09:45:00,4136001,Qf4GUc1pJu5T6c6,575.0,584.2266666666667,575.0
2020-06-17 09:45:00,4136001,oZZkBaNadn6DNKz,584.5466666666667,568.3266666666667,584.5466666666667
2020-06-17 09:45:00,4136001,q49J1IKaHRwDQnt,565.5400000000001,529.2857142857142,565.5400000000001
2020-06-17 09:45:00,4136001,mqwcsP2rE7J0TFp,567.3399999999999,553.62,567.3399999999999
2020-06-17 09:45:00,4136001,WcxssY2VbP4hApt,589.8142857142856,552.9133333333334,589.8142857142856
2020-06-17 09:45:00,4136001,PeE6FRyGXUgsRhN,572.1533333333332,549.8466666666668,572.1533333333332
2020-06-17 09:45:00,4136001,xoJJ8DcxJEcupym,579.5,546.7733333333333,579.5
2020-06-17 09:45:00,4136001,LlT2YUhhzqhg5Sw,559.8066666666667,517.8499999999999,559.8066666666667
2020-06-17 09:45:00,4136001,Quc1TzYxW2pYoWX,481.5,494.76666666666665,481.5
2020-06-17 09:45:00,4136001,4UPUqMRk7TRMgml,591.9066666666668,591.0533333333334,591.9066666666668
2020-06-17 09:45:00,4136001,vOuJvMaM2sgwLmb,585.8642857142856,553.3866666666668,585.8642857142856
2020-06-17 09:45:00,4136001,V94E5Ben1TlhnDV,574.5266666666665,555.2733333333333,574.5266666666665
2020-06-17 09:45:00,4136001,LYwnQax7tkwH5Cb,546.9933333333332,502.22857142857146,546.9933333333332
2020-06-17 09:45:00,4136001,9kRcWv60rDACzjR,572.3928571428572,531.1000000000001,572.3928571428572
2020-06-17 09:45:00,4136001,81aHJ1q11NBPMrL,584.5714285714286,545.9933333333332,584.5714285714286
2020-06-17 09:45:00,4136001,IQ2d7wF4YD8zU1Q,575.8533333333334,552.6866666666667,575.8533333333334
2020-06-17 10:00:00,4136001,mqwcsP2rE7J0TFp,553.62,459.1928571428571,553.62
2020-06-17 10:00:00,4136001,q49J1IKaHRwDQnt,529.2857142857142,448.14,529.2857142857142
2020-06-17 10:00:00,4136001,Qf4GUc1pJu5T6c6,584.2266666666667,482.9666666666666,584.2266666666667
2020-06-17 10:00:00,4136001,81aHJ1q11NBPMrL,545.9933333333332,461.3,545.9933333333332
2020-06-17 10:00:00,4136001,xoJJ8DcxJEcupym,546.7733333333333,461.9533333333334,546.7733333333333
2020-06-17 10:00:00,4136001,xMbIugepa2P7lBB,542.0400000000001,453.4928571428573,542.0400000000001
2020-06-17 10:00:00,4136001,LlT2YUhhzqhg5Sw,517.8499999999999,440.83333333333326,517.8499999999999
2020-06-17 10:00:00,4136001,NgDl19wMapZy17u,550.6333333333332,457.3928571428571,550.6333333333332
2020-06-17 10:00:00,4136001,Quc1TzYxW2pYoWX,494.76666666666665,408.56000000000006,494.76666666666665
2020-06-17 10:00:00,4136001,oZ35aAeoifZaQzV,588.2600000000001,487.24,588.2600000000001
2020-06-17 10:00:00,4136001,4UPUqMRk7TRMgml,591.0533333333334,486.3933333333334,591.0533333333334
2020-06-17 10:00:00,4136001,rrq4fwE8jgrTyWY,499.6357142857143,422.66,499.6357142857143
2020-06-17 10:00:00,4136001,IQ2d7wF4YD8zU1Q,552.6866666666667,459.0214285714285,552.6866666666667
2020-06-17 10:00:00,4136001,PeE6FRyGXUgsRhN,549.8466666666668,459.8200000000001,549.8466666666668
2020-06-17 10:00:00,4136001,oZZkBaNadn6DNKz,568.3266666666667,476.97333333333336,568.3266666666667
2020-06-17 10:00:00,4136001,vOuJvMaM2sgwLmb,553.3866666666668,465.10666666666657,553.3866666666668
2020-06-17 10:00:00,4136001,Mx2yZCDsyf6DPfv,584.8000000000001,482.65333333333336,584.8000000000001
2020-06-17 10:00:00,4136001,Et9kgGMDl729KT4,533.3866666666667,440.94,533.3866666666667
2020-06-17 10:00:00,4136001,9kRcWv60rDACzjR,531.1000000000001,448.5466666666666,531.1000000000001
2020-06-17 10:00:00,4136001,LYwnQax7tkwH5Cb,502.22857142857146,426.7600000000001,502.22857142857146
2020-06-17 10:00:00,4136001,WcxssY2VbP4hApt,552.9133333333334,465.51333333333326,552.9133333333334
2020-06-17 10:00:00,4136001,V94E5Ben1TlhnDV,555.2733333333333,468.6066666666666,555.2733333333333
2020-06-17 10:15:00,4136001,Qf4GUc1pJu5T6c6,482.9666666666666,463.3571428571429,482.9666666666666
2020-06-17 10:15:00,4136001,PeE6FRyGXUgsRhN,459.8200000000001,447.0533333333333,459.8200000000001
2020-06-17 10:15:00,4136001,mqwcsP2rE7J0TFp,459.1928571428571,447.1000000000001,459.1928571428571
2020-06-17 10:15:00,4136001,LlT2YUhhzqhg5Sw,440.83333333333326,434.16,440.83333333333326
2020-06-17 10:15:00,4136001,NgDl19wMapZy17u,457.3928571428571,446.06000000000006,457.3928571428571
2020-06-17 10:15:00,4136001,Mx2yZCDsyf6DPfv,482.65333333333336,464.6285714285714,482.65333333333336
2020-06-17 10:15:00,4136001,IQ2d7wF4YD8zU1Q,459.0214285714285,446.7866666666666,459.0214285714285
2020-06-17 10:15:00,4136001,xMbIugepa2P7lBB,453.4928571428573,441.07333333333327,453.4928571428573
2020-06-17 10:15:00,4136001,4UPUqMRk7TRMgml,486.3933333333334,466.8071428571429,486.3933333333334
2020-06-17 10:15:00,4136001,q49J1IKaHRwDQnt,448.14,437.91333333333336,448.14
2020-06-17 10:15:00,4136001,81aHJ1q11NBPMrL,461.3,451.8,461.3
2020-06-17 10:15:00,4136001,rrq4fwE8jgrTyWY,422.66,414.48,422.66
2020-06-17 10:15:00,4136001,oZZkBaNadn6DNKz,476.97333333333336,460.7866666666666,476.97333333333336
2020-06-17 10:15:00,4136001,WcxssY2VbP4hApt,465.51333333333326,455.5066666666667,465.51333333333326
2020-06-17 10:15:00,4136001,oZ35aAeoifZaQzV,487.24,467.4714285714285,487.24
2020-06-17 10:15:00,4136001,9kRcWv60rDACzjR,448.5466666666666,442.23333333333335,448.5466666666666
2020-06-17 10:15:00,4136001,LYwnQax7tkwH5Cb,426.7600000000001,419.98666666666657,426.7600000000001
2020-06-17 10:15:00,4136001,Quc1TzYxW2pYoWX,408.56000000000006,387.16,408.56000000000006
2020-06-17 10:15:00,4136001,xoJJ8DcxJEcupym,461.9533333333334,452.9333333333333,461.9533333333334
2020-06-17 10:15:00,4136001,vOuJvMaM2sgwLmb,465.10666666666657,452.9,465.10666666666657
2020-06-17 10:15:00,4136001,Et9kgGMDl729KT4,440.94,420.58,440.94
2020-06-17 10:15:00,4136001,V94E5Ben1TlhnDV,468.6066666666666,453.8,468.6066666666666
2020-06-17 10:30:00,4136001,vOuJvMaM2sgwLmb,452.9,494.44999999999993,452.9
2020-06-17 10:30:00,4136001,WcxssY2VbP4hApt,455.5066666666667,495.6714285714286,455.5066666666667
2020-06-17 10:30:00,4136001,LlT2YUhhzqhg5Sw,434.16,473.13999999999993,434.16
2020-06-17 10:30:00,4136001,xoJJ8DcxJEcupym,452.9333333333333,494.3785714285714,452.9333333333333
2020-06-17 10:30:00,4136001,81aHJ1q11NBPMrL,451.8,492.0142857142857,451.8
2020-06-17 10:30:00,4136001,Et9kgGMDl729KT4,420.58,469.8071428571429,420.58
2020-06-17 10:30:00,4136001,xMbIugepa2P7lBB,441.07333333333327,483.4666666666666,441.07333333333327
2020-06-17 10:30:00,4136001,NgDl19wMapZy17u,446.06000000000006,488.74,446.06000000000006
2020-06-17 10:30:00,4136001,Qf4GUc1pJu5T6c6,463.3571428571429,511.5266666666666,463.3571428571429
2020-06-17 10:30:00,4136001,LYwnQax7tkwH5Cb,419.98666666666657,458.4333333333333,419.98666666666657
2020-06-17 10:30:00,4136001,PeE6FRyGXUgsRhN,447.0533333333333,489.87142857142857,447.0533333333333
2020-06-17 10:30:00,4136001,9kRcWv60rDACzjR,442.23333333333335,479.5214285714285,442.23333333333335
2020-06-17 10:30:00,4136001,oZZkBaNadn6DNKz,460.7866666666666,505.9071428571429,460.7866666666666
2020-06-17 10:30:00,4136001,V94E5Ben1TlhnDV,453.8,497.7000000000001,453.8
2020-06-17 10:30:00,4136001,q49J1IKaHRwDQnt,437.91333333333336,478.42,437.91333333333336
2020-06-17 10:30:00,4136001,Mx2yZCDsyf6DPfv,464.6285714285714,515.2466666666667,464.6285714285714
2020-06-17 10:30:00,4136001,Quc1TzYxW2pYoWX,387.16,434.70714285714286,387.16
2020-06-17 10:30:00,4136001,mqwcsP2rE7J0TFp,447.1000000000001,489.8,447.1000000000001
2020-06-17 10:30:00,4136001,oZ35aAeoifZaQzV,467.4714285714285,518.6933333333333,467.4714285714285
2020-06-17 10:30:00,4136001,IQ2d7wF4YD8zU1Q,446.7866666666666,489.39333333333326,446.7866666666666
2020-06-17 10:30:00,4136001,4UPUqMRk7TRMgml,466.8071428571429,518.7666666666668,466.8071428571429
2020-06-17 10:30:00,4136001,rrq4fwE8jgrTyWY,414.48,453.32666666666665,414.48
2020-06-17 10:45:00,4136001,rrq4fwE8jgrTyWY,453.32666666666665,453.85333333333335,453.32666666666665
2020-06-17 10:45:00,4136001,Quc1TzYxW2pYoWX,434.70714285714286,457.7933333333333,434.70714285714286
2020-06-17 10:45:00,4136001,xMbIugepa2P7lBB,483.4666666666666,491.44,483.4666666666666
2020-06-17 10:45:00,4136001,NgDl19wMapZy17u,488.74,501.6066666666666,488.74
2020-06-17 10:45:00,4136001,Et9kgGMDl729KT4,469.8071428571429,490.5666666666667,469.8071428571429
2020-06-17 10:45:00,4136001,mqwcsP2rE7J0TFp,489.8,510.34,489.8
2020-06-17 10:45:00,4136001,LYwnQax7tkwH5Cb,458.4333333333333,454.95333333333326,458.4333333333333
2020-06-17 10:45:00,4136001,Mx2yZCDsyf6DPfv,515.2466666666667,528.5800000000002,515.2466666666667
2020-06-17 10:45:00,4136001,PeE6FRyGXUgsRhN,489.87142857142857,500.66,489.87142857142857
2020-06-17 10:45:00,4136001,V94E5Ben1TlhnDV,497.7000000000001,513.9599999999999,497.7000000000001
2020-06-17 10:45:00,4136001,4UPUqMRk7TRMgml,518.7666666666668,534.6466666666666,518.7666666666668
2020-06-17 10:45:00,4136001,81aHJ1q11NBPMrL,492.0142857142857,499.00666666666666,492.0142857142857
2020-06-17 10:45:00,4136001,oZ35aAeoifZaQzV,518.6933333333333,536.1800000000001,518.6933333333333
2020-06-17 10:45:00,4136001,vOuJvMaM2sgwLmb,494.44999999999993,504.12666666666667,494.44999999999993
2020-06-17 10:45:00,4136001,oZZkBaNadn6DNKz,505.9071428571429,522.4066666666665,505.9071428571429
2020-06-17 10:45:00,4136001,IQ2d7wF4YD8zU1Q,489.39333333333326,502.17333333333335,489.39333333333326
2020-06-17 10:45:00,4136001,Qf4GUc1pJu5T6c6,511.5266666666666,533.3333333333333,511.5266666666666
2020-06-17 10:45:00,4136001,q49J1IKaHRwDQnt,478.42,477.54,478.42
2020-06-17 10:45:00,4136001,LlT2YUhhzqhg5Sw,473.13999999999993,467.95333333333326,473.13999999999993
2020-06-17 10:45:00,4136001,9kRcWv60rDACzjR,479.5214285714285,482.5533333333334,479.5214285714285
2020-06-17 10:45:00,4136001,xoJJ8DcxJEcupym,494.3785714285714,503.19333333333327,494.3785714285714
2020-06-17 10:45:00,4136001,WcxssY2VbP4hApt,495.6714285714286,502.41333333333336,495.6714285714286
2020-06-17 11:00:00,4136001,oZZkBaNadn6DNKz,522.4066666666665,351.7933333333333,522.4066666666665
2020-06-17 11:00:00,4136001,LYwnQax7tkwH5Cb,454.95333333333326,289.0785714285714,454.95333333333326
2020-06-17 11:00:00,4136001,9kRcWv60rDACzjR,482.5533333333334,312.87333333333333,482.5533333333334
2020-06-17 11:00:00,4136001,PeE6FRyGXUgsRhN,500.66,331.96,500.66
2020-06-17 11:00:00,4136001,mqwcsP2rE7J0TFp,510.34,357.38,510.34
2020-06-17 11:00:00,4136001,NgDl19wMapZy17u,501.6066666666666,340.29999999999995,501.6066666666666
2020-06-17 11:00:00,4136001,Mx2yZCDsyf6DPfv,528.5800000000002,360.68,528.5800000000002
2020-06-17 11:00:00,4136001,xMbIugepa2P7lBB,491.44,324.95333333333326,491.44
2020-06-17 11:00:00,4136001,rrq4fwE8jgrTyWY,453.85333333333335,289.82142857142856,453.85333333333335
2020-06-17 11:00:00,4136001,Qf4GUc1pJu5T6c6,533.3333333333333,375.14666666666665,533.3333333333333
2020-06-17 11:00:00,4136001,4UPUqMRk7TRMgml,534.6466666666666,366.83333333333326,534.6466666666666
2020-06-17 11:00:00,4136001,V94E5Ben1TlhnDV,513.9599999999999,344.64666666666665,513.9599999999999
2020-06-17 11:00:00,4136001,q49J1IKaHRwDQnt,477.54,305.1428571428571,477.54
2020-06-17 11:00:00,4136001,81aHJ1q11NBPMrL,499.00666666666666,326.28666666666663,499.00666666666666
2020-06-17 11:00:00,4136001,xoJJ8DcxJEcupym,503.19333333333327,330.6266666666666,503.19333333333327
2020-06-17 11:00:00,4136001,vOuJvMaM2sgwLmb,504.12666666666667,332.2800000000001,504.12666666666667
2020-06-17 11:00:00,4136001,oZ35aAeoifZaQzV,536.1800000000001,362.71333333333325,536.1800000000001
2020-06-17 11:00:00,4136001,Quc1TzYxW2pYoWX,457.7933333333333,326.34000000000003,457.7933333333333
2020-06-17 11:00:00,4136001,IQ2d7wF4YD8zU1Q,502.17333333333335,338.88,502.17333333333335
2020-06-17 11:00:00,4136001,Et9kgGMDl729KT4,490.5666666666667,341.61333333333334,490.5666666666667
2020-06-17 11:00:00,4136001,WcxssY2VbP4hApt,502.41333333333336,328.42,502.41333333333336
2020-06-17 11:00:00,4136001,LlT2YUhhzqhg5Sw,467.95333333333326,297.0928571428572,467.95333333333326
2020-06-17 11:15:00,4136001,xoJJ8DcxJEcupym,330.6266666666666,619.0666666666667,330.6266666666666
2020-06-17 11:15:00,4136001,9kRcWv60rDACzjR,312.87333333333333,592.1466666666666,312.87333333333333
2020-06-17 11:15:00,4136001,81aHJ1q11NBPMrL,326.28666666666663,612.5933333333335,326.28666666666663
2020-06-17 11:15:00,4136001,IQ2d7wF4YD8zU1Q,338.88,615.3142857142858,338.88
2020-06-17 11:15:00,4136001,q49J1IKaHRwDQnt,305.1428571428571,585.1399999999999,305.1428571428571
2020-06-17 11:15:00,4136001,vOuJvMaM2sgwLmb,332.2800000000001,621.24,332.2800000000001
2020-06-17 11:15:00,4136001,rrq4fwE8jgrTyWY,289.82142857142856,556.6933333333333,289.82142857142856
2020-06-17 11:15:00,4136001,oZZkBaNadn6DNKz,351.7933333333333,644.8733333333333,351.7933333333333
2020-06-17 11:15:00,4136001,Mx2yZCDsyf6DPfv,360.68,657.7533333333333,360.68
2020-06-17 11:15:00,4136001,LlT2YUhhzqhg5Sw,297.0928571428572,574.96,297.0928571428572
2020-06-17 11:15:00,4136001,LYwnQax7tkwH5Cb,289.0785714285714,559.4333333333333,289.0785714285714
2020-06-17 11:15:00,4136001,PeE6FRyGXUgsRhN,331.96,620.6866666666666,331.96
2020-06-17 11:15:00,4136001,V94E5Ben1TlhnDV,344.64666666666665,630.2666666666667,344.64666666666665
2020-06-17 11:15:00,4136001,Quc1TzYxW2pYoWX,326.34000000000003,545.8933333333333,326.34000000000003
2020-06-17 11:15:00,4136001,Et9kgGMDl729KT4,341.61333333333334,589.2333333333332,341.61333333333334
2020-06-17 11:15:00,4136001,oZ35aAeoifZaQzV,362.71333333333325,661.4266666666667,362.71333333333325
2020-06-17 11:15:00,4136001,NgDl19wMapZy17u,340.29999999999995,613.4714285714285,340.29999999999995
2020-06-17 11:15:00,4136001,mqwcsP2rE7J0TFp,357.38,616.1642857142857,357.38
2020-06-17 11:15:00,4136001,4UPUqMRk7TRMgml,366.83333333333326,664.4266666666665,366.83333333333326
2020-06-17 11:15:00,4136001,xMbIugepa2P7lBB,324.95333333333326,607.6571428571428,324.95333333333326
2020-06-17 11:15:00,4136001,Qf4GUc1pJu5T6c6,375.14666666666665,660.9733333333334,375.14666666666665
2020-06-17 11:15:00,4136001,WcxssY2VbP4hApt,328.42,617.2,328.42
2020-06-17 11:30:00,4136001,Qf4GUc1pJu5T6c6,660.9733333333334,823.1357142857142,660.9733333333334
2020-06-17 11:30:00,4136001,NgDl19wMapZy17u,613.4714285714285,715.36,613.4714285714285
2020-06-17 11:30:00,4136001,WcxssY2VbP4hApt,617.2,739.5466666666665,617.2
2020-06-17 11:30:00,4136001,Mx2yZCDsyf6DPfv,657.7533333333333,814.1142857142858,657.7533333333333
2020-06-17 11:30:00,4136001,Quc1TzYxW2pYoWX,545.8933333333333,693.2666666666667,545.8933333333333
2020-06-17 11:30:00,4136001,4UPUqMRk7TRMgml,664.4266666666665,828.1214285714286,664.4266666666665
2020-06-17 11:30:00,4136001,oZZkBaNadn6DNKz,644.8733333333333,791.1642857142857,644.8733333333333
2020-06-17 11:30:00,4136001,LlT2YUhhzqhg5Sw,574.96,670.9533333333333,574.96
2020-06-17 11:30:00,4136001,vOuJvMaM2sgwLmb,621.24,747.3133333333332,621.24
2020-06-17 11:30:00,4136001,PeE6FRyGXUgsRhN,620.6866666666666,754.4785714285714,620.6866666666666
2020-06-17 11:30:00,4136001,V94E5Ben1TlhnDV,630.2666666666667,777.3142857142855,630.2666666666667
2020-06-17 11:30:00,4136001,rrq4fwE8jgrTyWY,556.6933333333333,637.7866666666667,556.6933333333333
2020-06-17 11:30:00,4136001,IQ2d7wF4YD8zU1Q,615.3142857142858,722.6533333333333,615.3142857142858
2020-06-17 11:30:00,4136001,81aHJ1q11NBPMrL,612.5933333333335,738.1733333333332,612.5933333333335
2020-06-17 11:30:00,4136001,xMbIugepa2P7lBB,607.6571428571428,712.64,607.6571428571428
2020-06-17 11:30:00,4136001,xoJJ8DcxJEcupym,619.0666666666667,758.4714285714285,619.0666666666667
2020-06-17 11:30:00,4136001,9kRcWv60rDACzjR,592.1466666666666,699.9466666666666,592.1466666666666
2020-06-17 11:30:00,4136001,oZ35aAeoifZaQzV,661.4266666666667,818.8142857142858,661.4266666666667
2020-06-17 11:30:00,4136001,Et9kgGMDl729KT4,589.2333333333332,748.2333333333331,589.2333333333332
2020-06-17 11:30:00,4136001,mqwcsP2rE7J0TFp,616.1642857142857,715.2333333333331,616.1642857142857
2020-06-17 11:30:00,4136001,q49J1IKaHRwDQnt,585.1399999999999,693.0333333333334,585.1399999999999
2020-06-17 11:30:00,4136001,LYwnQax7tkwH5Cb,559.4333333333333,644.9866666666667,559.4333333333333
2020-06-17 11:45:00,4136001,xoJJ8DcxJEcupym,758.4714285714285,536.0266666666668,758.4714285714285
2020-06-17 11:45:00,4136001,rrq4fwE8jgrTyWY,637.7866666666667,424.2,637.7866666666667
2020-06-17 11:45:00,4136001,IQ2d7wF4YD8zU1Q,722.6533333333333,480.8733333333333,722.6533333333333
2020-06-17 11:45:00,4136001,oZ35aAeoifZaQzV,818.8142857142858,580.7933333333333,818.8142857142858
2020-06-17 11:45:00,4136001,mqwcsP2rE7J0TFp,715.2333333333331,477.7533333333333,715.2333333333331
2020-06-17 11:45:00,4136001,vOuJvMaM2sgwLmb,747.3133333333332,523.6857142857143,747.3133333333332
2020-06-17 11:45:00,4136001,V94E5Ben1TlhnDV,777.3142857142855,560.2199999999999,777.3142857142855
2020-06-17 11:45:00,4136001,81aHJ1q11NBPMrL,738.1733333333332,515.2642857142857,738.1733333333332
2020-06-17 11:45:00,4136001,WcxssY2VbP4hApt,739.5466666666665,508.45,739.5466666666665
2020-06-17 11:45:00,4136001,oZZkBaNadn6DNKz,791.1642857142857,570.14,791.1642857142857
2020-06-17 11:45:00,4136001,Quc1TzYxW2pYoWX,693.2666666666667,513.9066666666668,693.2666666666667
2020-06-17 11:45:00,4136001,xMbIugepa2P7lBB,712.64,477.92,712.64
2020-06-17 11:45:00,4136001,4UPUqMRk7TRMgml,828.1214285714286,573.7466666666668,828.1214285714286
2020-06-17 11:45:00,4136001,NgDl19wMapZy17u,715.36,475.04666666666657,715.36
2020-06-17 11:45:00,4136001,Qf4GUc1pJu5T6c6,823.1357142857142,571.9066666666669,823.1357142857142
2020-06-17 11:45:00,4136001,PeE6FRyGXUgsRhN,754.4785714285714,538.0133333333333,754.4785714285714
2020-06-17 11:45:00,4136001,LYwnQax7tkwH5Cb,644.9866666666667,432.68666666666667,644.9866666666667
2020-06-17 11:45:00,4136001,Mx2yZCDsyf6DPfv,814.1142857142858,572.9866666666666,814.1142857142858
2020-06-17 11:45:00,4136001,9kRcWv60rDACzjR,699.9466666666666,478.6214285714286,699.9466666666666
2020-06-17 11:45:00,4136001,q49J1IKaHRwDQnt,693.0333333333334,470.9733333333334,693.0333333333334
2020-06-17 11:45:00,4136001,Et9kgGMDl729KT4,748.2333333333331,545.34,748.2333333333331
2020-06-17 11:45:00,4136001,LlT2YUhhzqhg5Sw,670.9533333333333,454.9266666666666,670.9533333333333
2020-06-17 12:00:00,4136001,Qf4GUc1pJu5T6c6,571.9066666666669,808.1266666666666,571.9066666666669
2020-06-17 12:00:00,4136001,q49J1IKaHRwDQnt,470.9733333333334,766.55,470.9733333333334
2020-06-17 12:00:00,4136001,Mx2yZCDsyf6DPfv,572.9866666666666,820.6466666666665,572.9866666666666
2020-06-17 12:00:00,4136001,NgDl19wMapZy17u,475.04666666666657,746.9866666666669,475.04666666666657
2020-06-17 12:00:00,4136001,PeE6FRyGXUgsRhN,538.0133333333333,797.7266666666666,538.0133333333333
2020-06-17 12:00:00,4136001,xMbIugepa2P7lBB,477.92,766.6933333333335,477.92
2020-06-17 12:00:00,4136001,IQ2d7wF4YD8zU1Q,480.8733333333333,755.7466666666666,480.8733333333333
2020-06-17 12:00:00,4136001,mqwcsP2rE7J0TFp,477.7533333333333,738.8266666666667,477.7533333333333
2020-06-17 12:00:00,4136001,oZ35aAeoifZaQzV,580.7933333333333,829.2933333333333,580.7933333333333
2020-06-17 12:00:00,4136001,Et9kgGMDl729KT4,545.34,761.692857142857,545.34
2020-06-17 12:00:00,4136001,LYwnQax7tkwH5Cb,432.68666666666667,727.4928571428572,432.68666666666667
2020-06-17 12:00:00,4136001,WcxssY2VbP4hApt,508.45,791.16,508.45
2020-06-17 12:00:00,4136001,9kRcWv60rDACzjR,478.6214285714286,762.1333333333333,478.6214285714286
2020-06-17 12:00:00,4136001,V94E5Ben1TlhnDV,560.2199999999999,816.4266666666665,560.2199999999999
2020-06-17 12:00:00,4136001,4UPUqMRk7TRMgml,573.7466666666668,822.5466666666667,573.7466666666668
2020-06-17 12:00:00,4136001,oZZkBaNadn6DNKz,570.14,824.5733333333332,570.14
2020-06-17 12:00:00,4136001,LlT2YUhhzqhg5Sw,454.9266666666666,759.8214285714287,454.9266666666666
2020-06-17 12:00:00,4136001,vOuJvMaM2sgwLmb,523.6857142857143,801.6333333333331,523.6857142857143
2020-06-17 12:00:00,4136001,rrq4fwE8jgrTyWY,424.2,715.0785714285713,424.2
2020-06-17 12:00:00,4136001,xoJJ8DcxJEcupym,536.0266666666668,810.7666666666665,536.0266666666668
2020-06-17 12:00:00,4136001,Quc1TzYxW2pYoWX,513.9066666666668,704.6285714285715,513.9066666666668
2020-06-17 12:00:00,4136001,81aHJ1q11NBPMrL,515.2642857142857,794.3666666666666,515.2642857142857
2020-06-17 12:15:00,4136001,NgDl19wMapZy17u,746.9866666666669,704.7266666666667,746.9866666666669
2020-06-17 12:15:00,4136001,PeE6FRyGXUgsRhN,797.7266666666666,713.3266666666667,797.7266666666666
2020-06-17 12:15:00,4136001,vOuJvMaM2sgwLmb,801.6333333333331,722.8066666666666,801.6333333333331
2020-06-17 12:15:00,4136001,xMbIugepa2P7lBB,766.6933333333335,703.5799999999999,766.6933333333335
2020-06-17 12:15:00,4136001,IQ2d7wF4YD8zU1Q,755.7466666666666,707.8866666666668,755.7466666666666
2020-06-17 12:15:00,4136001,xoJJ8DcxJEcupym,810.7666666666665,716.7466666666667,810.7666666666665
2020-06-17 12:15:00,4136001,mqwcsP2rE7J0TFp,738.8266666666667,699.3400000000001,738.8266666666667
2020-06-17 12:15:00,4136001,Quc1TzYxW2pYoWX,704.6285714285715,627.1466666666666,704.6285714285715
2020-06-17 12:15:00,4136001,4UPUqMRk7TRMgml,822.5466666666667,748.7266666666667,822.5466666666667
2020-06-17 12:15:00,4136001,Qf4GUc1pJu5T6c6,808.1266666666666,740.2533333333333,808.1266666666666
2020-06-17 12:15:00,4136001,Et9kgGMDl729KT4,761.692857142857,680.6333333333333,761.692857142857
2020-06-17 12:15:00,4136001,81aHJ1q11NBPMrL,794.3666666666666,717.7266666666666,794.3666666666666
2020-06-17 12:15:00,4136001,rrq4fwE8jgrTyWY,715.0785714285713,656.04,715.0785714285713
2020-06-17 12:15:00,4136001,LYwnQax7tkwH5Cb,727.4928571428572,659.4200000000001,727.4928571428572
2020-06-17 12:15:00,4136001,Mx2yZCDsyf6DPfv,820.6466666666665,746.12,820.6466666666665
2020-06-17 12:15:00,4136001,oZZkBaNadn6DNKz,824.5733333333332,736.3133333333332,824.5733333333332
2020-06-17 12:15:00,4136001,WcxssY2VbP4hApt,791.16,724.46,791.16
2020-06-17 12:15:00,4136001,q49J1IKaHRwDQnt,766.55,695.7666666666667,766.55
2020-06-17 12:15:00,4136001,9kRcWv60rDACzjR,762.1333333333333,698.5466666666665,762.1333333333333
2020-06-17 12:15:00,4136001,LlT2YUhhzqhg5Sw,759.8214285714287,686.7666666666667,759.8214285714287
2020-06-17 12:15:00,4136001,V94E5Ben1TlhnDV,816.4266666666665,723.3800000000001,816.4266666666665
2020-06-17 12:15:00,4136001,oZ35aAeoifZaQzV,829.2933333333333,749.5333333333333,829.2933333333333
2020-06-17 12:30:00,4136001,PeE6FRyGXUgsRhN,713.3266666666667,762.0999999999998,713.3266666666667
2020-06-17 12:30:00,4136001,NgDl19wMapZy17u,704.7266666666667,743.7142857142854,704.7266666666667
2020-06-17 12:30:00,4136001,Qf4GUc1pJu5T6c6,740.2533333333333,774.5571428571427,740.2533333333333
2020-06-17 12:30:00,4136001,xoJJ8DcxJEcupym,716.7466666666667,775.3933333333333,716.7466666666667
2020-06-17 12:30:00,4136001,xMbIugepa2P7lBB,703.5799999999999,744.2071428571429,703.5799999999999
2020-06-17 12:30:00,4136001,oZ35aAeoifZaQzV,749.5333333333333,791.6857142857142,749.5333333333333
2020-06-17 12:30:00,4136001,LYwnQax7tkwH5Cb,659.4200000000001,700.7333333333332,659.4200000000001
2020-06-17 12:30:00,4136001,vOuJvMaM2sgwLmb,722.8066666666666,772.5066666666665,722.8066666666666
2020-06-17 12:30:00,4136001,mqwcsP2rE7J0TFp,699.3400000000001,736.4,699.3400000000001
2020-06-17 12:30:00,4136001,oZZkBaNadn6DNKz,736.3133333333332,786.7133333333331,736.3133333333332
2020-06-17 12:30:00,4136001,Et9kgGMDl729KT4,680.6333333333333,713.1333333333332,680.6333333333333
2020-06-17 12:30:00,4136001,WcxssY2VbP4hApt,724.46,772.4266666666665,724.46
2020-06-17 12:30:00,4136001,rrq4fwE8jgrTyWY,656.04,694.6933333333333,656.04
2020-06-17 12:30:00,4136001,V94E5Ben1TlhnDV,723.3800000000001,779.8600000000001,723.3800000000001
2020-06-17 12:30:00,4136001,q49J1IKaHRwDQnt,695.7666666666667,739.3466666666666,695.7666666666667
2020-06-17 12:30:00,4136001,Mx2yZCDsyf6DPfv,746.12,786.6785714285716,746.12
2020-06-17 12:30:00,4136001,Quc1TzYxW2pYoWX,627.1466666666666,653.6733333333333,627.1466666666666
2020-06-17 12:30:00,4136001,9kRcWv60rDACzjR,698.5466666666665,746.58,698.5466666666665
2020-06-17 12:30:00,4136001,4UPUqMRk7TRMgml,748.7266666666667,787.8785714285715,748.7266666666667
2020-06-17 12:30:00,4136001,81aHJ1q11NBPMrL,717.7266666666666,771.3266666666666,717.7266666666666
2020-06-17 12:30:00,4136001,LlT2YUhhzqhg5Sw,686.7666666666667,733.7133333333333,686.7666666666667
2020-06-17 12:30:00,4136001,IQ2d7wF4YD8zU1Q,707.8866666666668,746.8928571428571,707.8866666666668
2020-06-17 12:45:00,4136001,LlT2YUhhzqhg5Sw,733.7133333333333,725.8,733.7133333333333
2020-06-17 12:45:00,4136001,V94E5Ben1TlhnDV,779.8600000000001,770.6857142857142,779.8600000000001
2020-06-17 12:45:00,4136001,LYwnQax7tkwH5Cb,700.7333333333332,691.64,700.7333333333332
2020-06-17 12:45:00,4136001,rrq4fwE8jgrTyWY,694.6933333333333,684.5533333333334,694.6933333333333
2020-06-17 12:45:00,4136001,IQ2d7wF4YD8zU1Q,746.8928571428571,734.7000000000002,746.8928571428571
2020-06-17 12:45:00,4136001,q49J1IKaHRwDQnt,739.3466666666666,729.6733333333333,739.3466666666666
2020-06-17 12:45:00,4136001,mqwcsP2rE7J0TFp,736.4,724.2666666666665,736.4
2020-06-17 12:45:00,4136001,81aHJ1q11NBPMrL,771.3266666666666,763.4733333333331,771.3266666666666
2020-06-17 12:45:00,4136001,xMbIugepa2P7lBB,744.2071428571429,732.86,744.2071428571429
2020-06-17 12:45:00,4136001,oZ35aAeoifZaQzV,791.6857142857142,784.9266666666668,791.6857142857142
2020-06-17 12:45:00,4136001,vOuJvMaM2sgwLmb,772.5066666666665,763.5,772.5066666666665
2020-06-17 12:45:00,4136001,oZZkBaNadn6DNKz,786.7133333333331,777.3785714285711,786.7133333333331
2020-06-17 12:45:00,4136001,PeE6FRyGXUgsRhN,762.0999999999998,755.8571428571429,762.0999999999998
2020-06-17 12:45:00,4136001,Et9kgGMDl729KT4,713.1333333333332,707.2600000000001,713.1333333333332
2020-06-17 12:45:00,4136001,4UPUqMRk7TRMgml,787.8785714285715,780.4733333333331,787.8785714285715
2020-06-17 12:45:00,4136001,WcxssY2VbP4hApt,772.4266666666665,762.74,772.4266666666665
2020-06-17 12:45:00,4136001,9kRcWv60rDACzjR,746.58,737.4933333333332,746.58
2020-06-17 12:45:00,4136001,NgDl19wMapZy17u,743.7142857142854,731.5533333333332,743.7142857142854
2020-06-17 12:45:00,4136001,xoJJ8DcxJEcupym,775.3933333333333,771.95,775.3933333333333
2020-06-17 12:45:00,4136001,Qf4GUc1pJu5T6c6,774.5571428571427,766.3333333333335,774.5571428571427
2020-06-17 12:45:00,4136001,Mx2yZCDsyf6DPfv,786.6785714285716,779.46,786.6785714285716
2020-06-17 12:45:00,4136001,Quc1TzYxW2pYoWX,653.6733333333333,648.94,653.6733333333333
2020-06-17 13:00:00,4136001,xoJJ8DcxJEcupym,771.95,698.76,771.95
2020-06-17 13:00:00,4136001,Quc1TzYxW2pYoWX,648.94,606.5133333333334,648.94
2020-06-17 13:00:00,4136001,81aHJ1q11NBPMrL,763.4733333333331,693.0857142857143,763.4733333333331
2020-06-17 13:00:00,4136001,NgDl19wMapZy17u,731.5533333333332,658.8866666666665,731.5533333333332
2020-06-17 13:00:00,4136001,Mx2yZCDsyf6DPfv,779.46,714.1333333333332,779.46
2020-06-17 13:00:00,4136001,Et9kgGMDl729KT4,707.2600000000001,656.8933333333334,707.2600000000001
2020-06-17 13:00:00,4136001,rrq4fwE8jgrTyWY,684.5533333333334,615.1666666666665,684.5533333333334
2020-06-17 13:00:00,4136001,IQ2d7wF4YD8zU1Q,734.7000000000002,662.86,734.7000000000002
2020-06-17 13:00:00,4136001,q49J1IKaHRwDQnt,729.6733333333333,657.7733333333333,729.6733333333333
2020-06-17 13:00:00,4136001,oZZkBaNadn6DNKz,777.3785714285711,715.2866666666665,777.3785714285711
2020-06-17 13:00:00,4136001,xMbIugepa2P7lBB,732.86,662.2533333333334,732.86
2020-06-17 13:00:00,4136001,oZ35aAeoifZaQzV,784.9266666666668,719.3399999999999,784.9266666666668
2020-06-17 13:00:00,4136001,4UPUqMRk7TRMgml,780.4733333333331,712.0599999999998,780.4733333333331
2020-06-17 13:00:00,4136001,9kRcWv60rDACzjR,737.4933333333332,667.8000000000001,737.4933333333332
2020-06-17 13:00:00,4136001,LYwnQax7tkwH5Cb,691.64,621.0333333333334,691.64
2020-06-17 13:00:00,4136001,mqwcsP2rE7J0TFp,724.2666666666665,648.38,724.2666666666665
2020-06-17 13:00:00,4136001,Qf4GUc1pJu5T6c6,766.3333333333335,692.58,766.3333333333335
2020-06-17 13:00:00,4136001,LlT2YUhhzqhg5Sw,725.8,651.0466666666667,725.8
2020-06-17 13:00:00,4136001,V94E5Ben1TlhnDV,770.6857142857142,707.4800000000001,770.6857142857142
2020-06-17 13:00:00,4136001,vOuJvMaM2sgwLmb,763.5,695.5857142857143,763.5
2020-06-17 13:00:00,4136001,PeE6FRyGXUgsRhN,755.8571428571429,689.1333333333333,755.8571428571429
2020-06-17 13:00:00,4136001,WcxssY2VbP4hApt,762.74,692.6714285714287,762.74
2020-06-17 13:15:00,4136001,oZZkBaNadn6DNKz,715.2866666666665,679.7800000000001,715.2866666666665
2020-06-17 13:15:00,4136001,PeE6FRyGXUgsRhN,689.1333333333333,660.5466666666665,689.1333333333333
2020-06-17 13:15:00,4136001,oZ35aAeoifZaQzV,719.3399999999999,681.98,719.3399999999999
2020-06-17 13:15:00,4136001,Et9kgGMDl729KT4,656.8933333333334,604.3785714285714,656.8933333333334
2020-06-17 13:15:00,4136001,xoJJ8DcxJEcupym,698.76,678.9266666666665,698.76
2020-06-17 13:15:00,4136001,Mx2yZCDsyf6DPfv,714.1333333333332,677.84,714.1333333333332
2020-06-17 13:15:00,4136001,Qf4GUc1pJu5T6c6,692.58,658.3666666666667,692.58
2020-06-17 13:15:00,4136001,9kRcWv60rDACzjR,667.8000000000001,658.8333333333333,667.8000000000001
2020-06-17 13:15:00,4136001,Quc1TzYxW2pYoWX,606.5133333333334,550.8071428571428,606.5133333333334
2020-06-17 13:15:00,4136001,xMbIugepa2P7lBB,662.2533333333334,658.7533333333332,662.2533333333334
2020-06-17 13:15:00,4136001,WcxssY2VbP4hApt,692.6714285714287,675.0666666666666,692.6714285714287
2020-06-17 13:15:00,4136001,vOuJvMaM2sgwLmb,695.5857142857143,672.3199999999998,695.5857142857143
2020-06-17 13:15:00,4136001,4UPUqMRk7TRMgml,712.0599999999998,675.8866666666667,712.0599999999998
2020-06-17 13:15:00,4136001,mqwcsP2rE7J0TFp,648.38,649.5266666666665,648.38
2020-06-17 13:15:00,4136001,IQ2d7wF4YD8zU1Q,662.86,658.2466666666667,662.86
2020-06-17 13:15:00,4136001,NgDl19wMapZy17u,658.8866666666665,656.2866666666667,658.8866666666665
2020-06-17 13:15:00,4136001,rrq4fwE8jgrTyWY,615.1666666666665,613.7857142857142,615.1666666666665
2020-06-17 13:15:00,4136001,81aHJ1q11NBPMrL,693.0857142857143,675.7466666666666,693.0857142857143
2020-06-17 13:15:00,4136001,q49J1IKaHRwDQnt,657.7733333333333,644.5214285714286,657.7733333333333
2020-06-17 13:15:00,4136001,LlT2YUhhzqhg5Sw,651.0466666666667,647.6071428571429,651.0466666666667
2020-06-17 13:15:00,4136001,LYwnQax7tkwH5Cb,621.0333333333334,619.2642857142856,621.0333333333334
2020-06-17 13:15:00,4136001,V94E5Ben1TlhnDV,707.4800000000001,676.2533333333333,707.4800000000001
2020-06-17 13:30:00,4136001,q49J1IKaHRwDQnt,644.5214285714286,112.32000000000002,644.5214285714286
2020-06-17 13:30:00,4136001,LlT2YUhhzqhg5Sw,647.6071428571429,112.96,647.6071428571429
2020-06-17 13:30:00,4136001,WcxssY2VbP4hApt,675.0666666666666,119.28,675.0666666666666
2020-06-17 13:30:00,4136001,V94E5Ben1TlhnDV,676.2533333333333,56.02,676.2533333333333
2020-06-17 13:30:00,4136001,Et9kgGMDl729KT4,604.3785714285714,102.30666666666669,604.3785714285714
2020-06-17 13:30:00,4136001,mqwcsP2rE7J0TFp,649.5266666666665,59.70000000000002,649.5266666666665
2020-06-17 13:30:00,4136001,rrq4fwE8jgrTyWY,613.7857142857142,105.45333333333332,613.7857142857142
2020-06-17 13:30:00,4136001,LYwnQax7tkwH5Cb,619.2642857142856,107.06000000000004,619.2642857142856
2020-06-17 13:30:00,4136001,IQ2d7wF4YD8zU1Q,658.2466666666667,61.2142857142857,658.2466666666667
2020-06-17 13:30:00,4136001,9kRcWv60rDACzjR,658.8333333333333,57.220000000000006,658.8333333333333
2020-06-17 13:30:00,4136001,NgDl19wMapZy17u,656.2866666666667,60.93571428571428,656.2866666666667
2020-06-17 13:30:00,4136001,oZZkBaNadn6DNKz,679.7800000000001,56.49333333333334,679.7800000000001
2020-06-17 13:30:00,4136001,4UPUqMRk7TRMgml,675.8866666666667,57.453333333333326,675.8866666666667
2020-06-17 13:30:00,4136001,vOuJvMaM2sgwLmb,672.3199999999998,117.32000000000002,672.3199999999998
2020-06-17 13:30:00,4136001,PeE6FRyGXUgsRhN,660.5466666666665,55.546666666666674,660.5466666666665
2020-06-17 13:30:00,4136001,Mx2yZCDsyf6DPfv,677.84,57.34,677.84
2020-06-17 13:30:00,4136001,Quc1TzYxW2pYoWX,550.8071428571428,93.26666666666668,550.8071428571428
2020-06-17 13:30:00,4136001,xoJJ8DcxJEcupym,678.9266666666665,56.833333333333336,678.9266666666665
2020-06-17 13:30:00,4136001,81aHJ1q11NBPMrL,675.7466666666666,118.96666666666668,675.7466666666666
2020-06-17 13:30:00,4136001,xMbIugepa2P7lBB,658.7533333333332,61.36428571428572,658.7533333333332
2020-06-17 13:30:00,4136001,Qf4GUc1pJu5T6c6,658.3666666666667,56.8,658.3666666666667
2020-06-17 13:30:00,4136001,oZ35aAeoifZaQzV,681.98,57.760000000000026,681.98
2020-06-17 13:45:00,4136001,q49J1IKaHRwDQnt,112.32000000000002,315.2933333333333,112.32000000000002
2020-06-17 13:45:00,4136001,LYwnQax7tkwH5Cb,107.06000000000004,302.74,107.06000000000004
2020-06-17 13:45:00,4136001,PeE6FRyGXUgsRhN,55.546666666666674,362.6666666666666,55.546666666666674
2020-06-17 13:45:00,4136001,V94E5Ben1TlhnDV,56.02,319.1,56.02
2020-06-17 13:45:00,4136001,rrq4fwE8jgrTyWY,105.45333333333332,300.26666666666665,105.45333333333332
2020-06-17 13:45:00,4136001,vOuJvMaM2sgwLmb,117.32000000000002,371.35333333333335,117.32000000000002
2020-06-17 13:45:00,4136001,xoJJ8DcxJEcupym,56.833333333333336,373.83333333333326,56.833333333333336
2020-06-17 13:45:00,4136001,mqwcsP2rE7J0TFp,59.70000000000002,317.39333333333326,59.70000000000002
2020-06-17 13:45:00,4136001,81aHJ1q11NBPMrL,118.96666666666668,374.2133333333334,118.96666666666668
2020-06-17 13:45:00,4136001,LlT2YUhhzqhg5Sw,112.96,316.6,112.96
2020-06-17 13:45:00,4136001,4UPUqMRk7TRMgml,57.453333333333326,295.33571428571435,57.453333333333326
2020-06-17 13:45:00,4136001,xMbIugepa2P7lBB,61.36428571428572,318.76,61.36428571428572
2020-06-17 13:45:00,4136001,WcxssY2VbP4hApt,119.28,374.2333333333333,119.28
2020-06-17 13:45:00,4136001,oZZkBaNadn6DNKz,56.49333333333334,371.19999999999993,56.49333333333334
2020-06-17 13:45:00,4136001,Mx2yZCDsyf6DPfv,57.34,348.46428571428567,57.34
2020-06-17 13:45:00,4136001,Quc1TzYxW2pYoWX,93.26666666666668,264.1133333333333,93.26666666666668
2020-06-17 13:45:00,4136001,NgDl19wMapZy17u,60.93571428571428,319.4733333333333,60.93571428571428
2020-06-17 13:45:00,4136001,9kRcWv60rDACzjR,57.220000000000006,366.13333333333327,57.220000000000006
2020-06-17 13:45:00,4136001,Qf4GUc1pJu5T6c6,56.8,344.97142857142853,56.8
2020-06-17 13:45:00,4136001,oZ35aAeoifZaQzV,57.760000000000026,351.54999999999995,57.760000000000026
2020-06-17 13:45:00,4136001,Et9kgGMDl729KT4,102.30666666666669,290.6333333333333,102.30666666666669
2020-06-17 13:45:00,4136001,IQ2d7wF4YD8zU1Q,61.2142857142857,320.45333333333326,61.2142857142857
2020-06-17 14:00:00,4136001,81aHJ1q11NBPMrL,374.2133333333334,608.1666666666667,374.2133333333334
2020-06-17 14:00:00,4136001,q49J1IKaHRwDQnt,315.2933333333333,592.5933333333334,315.2933333333333
2020-06-17 14:00:00,4136001,Quc1TzYxW2pYoWX,264.1133333333333,490.16,264.1133333333333
2020-06-17 14:00:00,4136001,vOuJvMaM2sgwLmb,371.35333333333335,603.8,371.35333333333335
2020-06-17 14:00:00,4136001,PeE6FRyGXUgsRhN,362.6666666666666,591.4785714285715,362.6666666666666
2020-06-17 14:00:00,4136001,V94E5Ben1TlhnDV,319.1,601.55,319.1
2020-06-17 14:00:00,4136001,mqwcsP2rE7J0TFp,317.39333333333326,593.5866666666667,317.39333333333326
2020-06-17 14:00:00,4136001,LYwnQax7tkwH5Cb,302.74,570.5799999999999,302.74
2020-06-17 14:00:00,4136001,4UPUqMRk7TRMgml,295.33571428571435,604.6733333333333,295.33571428571435
2020-06-17 14:00:00,4136001,xMbIugepa2P7lBB,318.76,596.3866666666667,318.76
2020-06-17 14:00:00,4136001,WcxssY2VbP4hApt,374.2333333333333,609.5733333333334,374.2333333333333
2020-06-17 14:00:00,4136001,9kRcWv60rDACzjR,366.13333333333327,598.9466666666666,366.13333333333327
2020-06-17 14:00:00,4136001,Qf4GUc1pJu5T6c6,344.97142857142853,593.38,344.97142857142853
2020-06-17 14:00:00,4136001,xoJJ8DcxJEcupym,373.83333333333326,611.6500000000001,373.83333333333326
2020-06-17 14:00:00,4136001,rrq4fwE8jgrTyWY,300.26666666666665,564.66,300.26666666666665
2020-06-17 14:00:00,4136001,LlT2YUhhzqhg5Sw,316.6,596.3933333333333,316.6
2020-06-17 14:00:00,4136001,IQ2d7wF4YD8zU1Q,320.45333333333326,599.5066666666668,320.45333333333326
2020-06-17 14:00:00,4136001,Mx2yZCDsyf6DPfv,348.46428571428567,604.2800000000001,348.46428571428567
2020-06-17 14:00:00,4136001,NgDl19wMapZy17u,319.4733333333333,598.3133333333333,319.4733333333333
2020-06-17 14:00:00,4136001,oZ35aAeoifZaQzV,351.54999999999995,607.2133333333333,351.54999999999995
2020-06-17 14:00:00,4136001,oZZkBaNadn6DNKz,371.19999999999993,604.1642857142857,371.19999999999993
2020-06-17 14:00:00,4136001,Et9kgGMDl729KT4,290.6333333333333,539.0000000000001,290.6333333333333
2020-06-17 14:15:00,4136001,LlT2YUhhzqhg5Sw,596.3933333333333,482.9666666666667,596.3933333333333
2020-06-17 14:15:00,4136001,xoJJ8DcxJEcupym,611.6500000000001,498.44666666666666,611.6500000000001
2020-06-17 14:15:00,4136001,oZ35aAeoifZaQzV,607.2133333333333,503.3133333333333,607.2133333333333
2020-06-17 14:15:00,4136001,xMbIugepa2P7lBB,596.3866666666667,490.7466666666666,596.3866666666667
2020-06-17 14:15:00,4136001,Et9kgGMDl729KT4,539.0000000000001,446.52,539.0000000000001
2020-06-17 14:15:00,4136001,WcxssY2VbP4hApt,609.5733333333334,499.0142857142857,609.5733333333334
2020-06-17 14:15:00,4136001,V94E5Ben1TlhnDV,601.55,492.9266666666666,601.55
2020-06-17 14:15:00,4136001,4UPUqMRk7TRMgml,604.6733333333333,501.1133333333333,604.6733333333333
2020-06-17 14:15:00,4136001,mqwcsP2rE7J0TFp,593.5866666666667,491.4666666666667,593.5866666666667
2020-06-17 14:15:00,4136001,LYwnQax7tkwH5Cb,570.5799999999999,465.8533333333333,570.5799999999999
2020-06-17 14:15:00,4136001,Mx2yZCDsyf6DPfv,604.2800000000001,501.18,604.2800000000001
2020-06-17 14:15:00,4136001,PeE6FRyGXUgsRhN,591.4785714285715,487.71333333333325,591.4785714285715
2020-06-17 14:15:00,4136001,q49J1IKaHRwDQnt,592.5933333333334,484.5266666666667,592.5933333333334
2020-06-17 14:15:00,4136001,Quc1TzYxW2pYoWX,490.16,407.33333333333337,490.16
2020-06-17 14:15:00,4136001,vOuJvMaM2sgwLmb,603.8,495.1571428571429,603.8
2020-06-17 14:15:00,4136001,Qf4GUc1pJu5T6c6,593.38,492.09333333333336,593.38
2020-06-17 14:15:00,4136001,rrq4fwE8jgrTyWY,564.66,462.7666666666667,564.66
2020-06-17 14:15:00,4136001,81aHJ1q11NBPMrL,608.1666666666667,496.0571428571428,608.1666666666667
2020-06-17 14:15:00,4136001,NgDl19wMapZy17u,598.3133333333333,492.7533333333333,598.3133333333333
2020-06-17 14:15:00,4136001,9kRcWv60rDACzjR,598.9466666666666,489.5785714285714,598.9466666666666
2020-06-17 14:15:00,4136001,IQ2d7wF4YD8zU1Q,599.5066666666668,493.62,599.5066666666668
2020-06-17 14:15:00,4136001,oZZkBaNadn6DNKz,604.1642857142857,497.12000000000006,604.1642857142857
2020-06-17 14:30:00,4136001,81aHJ1q11NBPMrL,496.0571428571428,519.1466666666666,496.0571428571428
2020-06-17 14:30:00,4136001,V94E5Ben1TlhnDV,492.9266666666666,509.5266666666666,492.9266666666666
2020-06-17 14:30:00,4136001,4UPUqMRk7TRMgml,501.1133333333333,530.9066666666665,501.1133333333333
2020-06-17 14:30:00,4136001,mqwcsP2rE7J0TFp,491.4666666666667,526.5533333333333,491.4666666666667
2020-06-17 14:30:00,4136001,oZZkBaNadn6DNKz,497.12000000000006,517.3933333333333,497.12000000000006
2020-06-17 14:30:00,4136001,LYwnQax7tkwH5Cb,465.8533333333333,491.45714285714286,465.8533333333333
2020-06-17 14:30:00,4136001,rrq4fwE8jgrTyWY,462.7666666666667,489.8428571428572,462.7666666666667
2020-06-17 14:30:00,4136001,Mx2yZCDsyf6DPfv,501.18,528.92,501.18
2020-06-17 14:30:00,4136001,Qf4GUc1pJu5T6c6,492.09333333333336,524.3666666666667,492.09333333333336
2020-06-17 14:30:00,4136001,Quc1TzYxW2pYoWX,407.33333333333337,429.34,407.33333333333337
2020-06-17 14:30:00,4136001,q49J1IKaHRwDQnt,484.5266666666667,510.67142857142863,484.5266666666667
2020-06-17 14:30:00,4136001,oZ35aAeoifZaQzV,503.3133333333333,530.7666666666667,503.3133333333333
2020-06-17 14:30:00,4136001,xMbIugepa2P7lBB,490.7466666666666,521.4733333333331,490.7466666666666
2020-06-17 14:30:00,4136001,9kRcWv60rDACzjR,489.5785714285714,514.2933333333334,489.5785714285714
2020-06-17 14:30:00,4136001,NgDl19wMapZy17u,492.7533333333333,525.9666666666668,492.7533333333333
2020-06-17 14:30:00,4136001,xoJJ8DcxJEcupym,498.44666666666666,517.5733333333335,498.44666666666666
2020-06-17 14:30:00,4136001,vOuJvMaM2sgwLmb,495.1571428571429,519.6533333333333,495.1571428571429
2020-06-17 14:30:00,4136001,Et9kgGMDl729KT4,446.52,470.29333333333335,446.52
2020-06-17 14:30:00,4136001,PeE6FRyGXUgsRhN,487.71333333333325,507.86,487.71333333333325
2020-06-17 14:30:00,4136001,LlT2YUhhzqhg5Sw,482.9666666666667,507.0928571428572,482.9666666666667
2020-06-17 14:30:00,4136001,WcxssY2VbP4hApt,499.0142857142857,525.2266666666667,499.0142857142857
2020-06-17 14:30:00,4136001,IQ2d7wF4YD8zU1Q,493.62,526.7266666666666,493.62
2020-06-17 14:45:00,4136001,Mx2yZCDsyf6DPfv,528.92,575.5133333333333,528.92
2020-06-17 14:45:00,4136001,WcxssY2VbP4hApt,525.2266666666667,570.68,525.2266666666667
2020-06-17 14:45:00,4136001,xMbIugepa2P7lBB,521.4733333333331,557.4857142857144,521.4733333333331
2020-06-17 14:45:00,4136001,Et9kgGMDl729KT4,470.29333333333335,514.3933333333333,470.29333333333335
2020-06-17 14:45:00,4136001,4UPUqMRk7TRMgml,530.9066666666665,576.3866666666665,530.9066666666665
2020-06-17 14:45:00,4136001,Quc1TzYxW2pYoWX,429.34,470.2533333333333,429.34
2020-06-17 14:45:00,4136001,9kRcWv60rDACzjR,514.2933333333334,557.5933333333334,514.2933333333334
2020-06-17 14:45:00,4136001,Qf4GUc1pJu5T6c6,524.3666666666667,567.1866666666668,524.3666666666667
2020-06-17 14:45:00,4136001,LYwnQax7tkwH5Cb,491.45714285714286,526.9666666666666,491.45714285714286
2020-06-17 14:45:00,4136001,rrq4fwE8jgrTyWY,489.8428571428572,523.7133333333333,489.8428571428572
2020-06-17 14:45:00,4136001,vOuJvMaM2sgwLmb,519.6533333333333,567.1466666666668,519.6533333333333
2020-06-17 14:45:00,4136001,IQ2d7wF4YD8zU1Q,526.7266666666666,560.45,526.7266666666666
2020-06-17 14:45:00,4136001,V94E5Ben1TlhnDV,509.5266666666666,560.9266666666667,509.5266666666666
2020-06-17 14:45:00,4136001,LlT2YUhhzqhg5Sw,507.0928571428572,547.7399999999999,507.0928571428572
2020-06-17 14:45:00,4136001,81aHJ1q11NBPMrL,519.1466666666666,566.9399999999998,519.1466666666666
2020-06-17 14:45:00,4136001,PeE6FRyGXUgsRhN,507.86,556.68,507.86
2020-06-17 14:45:00,4136001,mqwcsP2rE7J0TFp,526.5533333333333,555.9785714285713,526.5533333333333
2020-06-17 14:45:00,4136001,oZ35aAeoifZaQzV,530.7666666666667,578.3866666666668,530.7666666666667
2020-06-17 14:45:00,4136001,NgDl19wMapZy17u,525.9666666666668,558.9857142857142,525.9666666666668
2020-06-17 14:45:00,4136001,q49J1IKaHRwDQnt,510.67142857142863,551.1266666666667,510.67142857142863
2020-06-17 14:45:00,4136001,xoJJ8DcxJEcupym,517.5733333333335,566.9,517.5733333333335
2020-06-17 14:45:00,4136001,oZZkBaNadn6DNKz,517.3933333333333,566.98,517.3933333333333
2020-06-17 15:00:00,4136001,Quc1TzYxW2pYoWX,470.2533333333333,527.6714285714285,470.2533333333333
2020-06-17 15:00:00,4136001,q49J1IKaHRwDQnt,551.1266666666667,554.5200000000001,551.1266666666667
2020-06-17 15:00:00,4136001,Et9kgGMDl729KT4,514.3933333333333,568.8571428571429,514.3933333333333
2020-06-17 15:00:00,4136001,WcxssY2VbP4hApt,570.68,581.2466666666668,570.68
2020-06-17 15:00:00,4136001,xoJJ8DcxJEcupym,566.9,585.5733333333333,566.9
2020-06-17 15:00:00,4136001,Mx2yZCDsyf6DPfv,575.5133333333333,614.4714285714288,575.5133333333333
2020-06-17 15:00:00,4136001,PeE6FRyGXUgsRhN,556.68,575.6533333333335,556.68
2020-06-17 15:00:00,4136001,LlT2YUhhzqhg5Sw,547.7399999999999,552.8600000000001,547.7399999999999
2020-06-17 15:00:00,4136001,oZ35aAeoifZaQzV,578.3866666666668,618.7214285714284,578.3866666666668
2020-06-17 15:00:00,4136001,V94E5Ben1TlhnDV,560.9266666666667,592.8133333333334,560.9266666666667
2020-06-17 15:00:00,4136001,oZZkBaNadn6DNKz,566.98,600.0000000000001,566.98
2020-06-17 15:00:00,4136001,mqwcsP2rE7J0TFp,555.9785714285713,560.44,555.9785714285713
2020-06-17 15:00:00,4136001,4UPUqMRk7TRMgml,576.3866666666665,611.5785714285713,576.3866666666665
2020-06-17 15:00:00,4136001,xMbIugepa2P7lBB,557.4857142857144,564.9466666666666,557.4857142857144
2020-06-17 15:00:00,4136001,81aHJ1q11NBPMrL,566.9399999999998,581.6466666666668,566.9399999999998
2020-06-17 15:00:00,4136001,LYwnQax7tkwH5Cb,526.9666666666666,523.3333333333333,526.9666666666666
2020-06-17 15:00:00,4136001,rrq4fwE8jgrTyWY,523.7133333333333,514.52,523.7133333333333
2020-06-17 15:00:00,4136001,NgDl19wMapZy17u,558.9857142857142,567.9933333333332,558.9857142857142
2020-06-17 15:00:00,4136001,Qf4GUc1pJu5T6c6,567.1866666666668,592.5071428571429,567.1866666666668
2020-06-17 15:00:00,4136001,vOuJvMaM2sgwLmb,567.1466666666668,584.9933333333332,567.1466666666668
2020-06-17 15:00:00,4136001,9kRcWv60rDACzjR,557.5933333333334,564.5400000000001,557.5933333333334
2020-06-17 15:00:00,4136001,IQ2d7wF4YD8zU1Q,560.45,571.5266666666668,560.45
2020-06-17 15:15:00,4136001,oZZkBaNadn6DNKz,600.0000000000001,369.1428571428572,600.0000000000001
2020-06-17 15:15:00,4136001,PeE6FRyGXUgsRhN,575.6533333333335,358.21428571428567,575.6533333333335
2020-06-17 15:15:00,4136001,q49J1IKaHRwDQnt,554.5200000000001,354.5533333333333,554.5200000000001
2020-06-17 15:15:00,4136001,Et9kgGMDl729KT4,568.8571428571429,344.06,568.8571428571429
2020-06-17 15:15:00,4136001,mqwcsP2rE7J0TFp,560.44,374.7533333333333,560.44
2020-06-17 15:15:00,4136001,9kRcWv60rDACzjR,564.5400000000001,355.8428571428572,564.5400000000001
2020-06-17 15:15:00,4136001,LYwnQax7tkwH5Cb,523.3333333333333,337.40666666666664,523.3333333333333
2020-06-17 15:15:00,4136001,oZ35aAeoifZaQzV,618.7214285714284,383.12,618.7214285714284
2020-06-17 15:15:00,4136001,xMbIugepa2P7lBB,564.9466666666666,363.36666666666656,564.9466666666666
2020-06-17 15:15:00,4136001,IQ2d7wF4YD8zU1Q,571.5266666666668,370.5,571.5266666666668
2020-06-17 15:15:00,4136001,NgDl19wMapZy17u,567.9933333333332,370.4066666666666,567.9933333333332
2020-06-17 15:15:00,4136001,Qf4GUc1pJu5T6c6,592.5071428571429,383.46,592.5071428571429
2020-06-17 15:15:00,4136001,LlT2YUhhzqhg5Sw,552.8600000000001,348.56,552.8600000000001
2020-06-17 15:15:00,4136001,vOuJvMaM2sgwLmb,584.9933333333332,364.4357142857143,584.9933333333332
2020-06-17 15:15:00,4136001,4UPUqMRk7TRMgml,611.5785714285713,384.66,611.5785714285713
2020-06-17 15:15:00,4136001,xoJJ8DcxJEcupym,585.5733333333333,358.0357142857142,585.5733333333333
2020-06-17 15:15:00,4136001,WcxssY2VbP4hApt,581.2466666666668,367.44999999999993,581.2466666666668
2020-06-17 15:15:00,4136001,V94E5Ben1TlhnDV,592.8133333333334,360.53571428571433,592.8133333333334
2020-06-17 15:15:00,4136001,Mx2yZCDsyf6DPfv,614.4714285714288,381.9733333333334,614.4714285714288
2020-06-17 15:15:00,4136001,Quc1TzYxW2pYoWX,527.6714285714285,318.9866666666666,527.6714285714285
2020-06-17 15:15:00,4136001,rrq4fwE8jgrTyWY,514.52,338.67333333333335,514.52
2020-06-17 15:15:00,4136001,81aHJ1q11NBPMrL,581.6466666666668,360.24285714285713,581.6466666666668
2020-06-17 15:30:00,4136001,81aHJ1q11NBPMrL,360.24285714285713,327.0,360.24285714285713
2020-06-17 15:30:00,4136001,q49J1IKaHRwDQnt,354.5533333333333,321.88666666666666,354.5533333333333
2020-06-17 15:30:00,4136001,Quc1TzYxW2pYoWX,318.9866666666666,275.8533333333333,318.9866666666666
2020-06-17 15:30:00,4136001,LYwnQax7tkwH5Cb,337.40666666666664,307.62,337.40666666666664
2020-06-17 15:30:00,4136001,LlT2YUhhzqhg5Sw,348.56,318.88000000000005,348.56
2020-06-17 15:30:00,4136001,PeE6FRyGXUgsRhN,358.21428571428567,321.61999999999995,358.21428571428567
2020-06-17 15:30:00,4136001,oZ35aAeoifZaQzV,383.12,337.9,383.12
2020-06-17 15:30:00,4136001,mqwcsP2rE7J0TFp,374.7533333333333,332.3933333333334,374.7533333333333
2020-06-17 15:30:00,4136001,vOuJvMaM2sgwLmb,364.4357142857143,328.6,364.4357142857143
2020-06-17 15:30:00,4136001,Et9kgGMDl729KT4,344.06,300.32666666666665,344.06
2020-06-17 15:30:00,4136001,4UPUqMRk7TRMgml,384.66,337.73999999999995,384.66
2020-06-17 15:30:00,4136001,9kRcWv60rDACzjR,355.8428571428572,323.5866666666667,355.8428571428572
2020-06-17 15:30:00,4136001,Mx2yZCDsyf6DPfv,381.9733333333334,336.22666666666663,381.9733333333334
2020-06-17 15:30:00,4136001,WcxssY2VbP4hApt,367.44999999999993,331.62666666666667,367.44999999999993
2020-06-17 15:30:00,4136001,xoJJ8DcxJEcupym,358.0357142857142,325.64666666666665,358.0357142857142
2020-06-17 15:30:00,4136001,IQ2d7wF4YD8zU1Q,370.5,330.76,370.5
2020-06-17 15:30:00,4136001,NgDl19wMapZy17u,370.4066666666666,330.4933333333333,370.4066666666666
2020-06-17 15:30:00,4136001,oZZkBaNadn6DNKz,369.1428571428572,331.28666666666663,369.1428571428572
2020-06-17 15:30:00,4136001,Qf4GUc1pJu5T6c6,383.46,335.4,383.46
2020-06-17 15:30:00,4136001,rrq4fwE8jgrTyWY,338.67333333333335,306.94,338.67333333333335
2020-06-17 15:30:00,4136001,xMbIugepa2P7lBB,363.36666666666656,326.6866666666667,363.36666666666656
2020-06-17 15:30:00,4136001,V94E5Ben1TlhnDV,360.53571428571433,325.3,360.53571428571433
2020-06-17 15:45:00,4136001,Mx2yZCDsyf6DPfv,336.22666666666663,305.25333333333333,336.22666666666663
2020-06-17 15:45:00,4136001,V94E5Ben1TlhnDV,325.3,295.7533333333334,325.3
2020-06-17 15:45:00,4136001,4UPUqMRk7TRMgml,337.73999999999995,306.2,337.73999999999995
2020-06-17 15:45:00,4136001,9kRcWv60rDACzjR,323.5866666666667,296.71333333333337,323.5866666666667
2020-06-17 15:45:00,4136001,Quc1TzYxW2pYoWX,275.8533333333333,249.82666666666665,275.8533333333333
2020-06-17 15:45:00,4136001,q49J1IKaHRwDQnt,321.88666666666666,294.1428571428572,321.88666666666666
2020-06-17 15:45:00,4136001,LlT2YUhhzqhg5Sw,318.88000000000005,291.70714285714286,318.88000000000005
2020-06-17 15:45:00,4136001,Et9kgGMDl729KT4,300.32666666666665,272.3533333333333,300.32666666666665
2020-06-17 15:45:00,4136001,81aHJ1q11NBPMrL,327.0,298.8866666666667,327.0
2020-06-17 15:45:00,4136001,xoJJ8DcxJEcupym,325.64666666666665,296.8533333333333,325.64666666666665
2020-06-17 15:45:00,4136001,oZZkBaNadn6DNKz,331.28666666666663,300.2866666666667,331.28666666666663
2020-06-17 15:45:00,4136001,IQ2d7wF4YD8zU1Q,330.76,301.6466666666667,330.76
2020-06-17 15:45:00,4136001,rrq4fwE8jgrTyWY,306.94,280.8642857142857,306.94
2020-06-17 15:45:00,4136001,mqwcsP2rE7J0TFp,332.3933333333334,282.34666666666664,332.3933333333334
2020-06-17 15:45:00,4136001,LYwnQax7tkwH5Cb,307.62,281.47857142857146,307.62
2020-06-17 15:45:00,4136001,NgDl19wMapZy17u,330.4933333333333,301.6066666666666,330.4933333333333
2020-06-17 15:45:00,4136001,WcxssY2VbP4hApt,331.62666666666667,303.4,331.62666666666667
2020-06-17 15:45:00,4136001,vOuJvMaM2sgwLmb,328.6,299.99333333333334,328.6
2020-06-17 15:45:00,4136001,oZ35aAeoifZaQzV,337.9,306.8066666666667,337.9
2020-06-17 15:45:00,4136001,xMbIugepa2P7lBB,326.6866666666667,298.46666666666664,326.6866666666667
2020-06-17 15:45:00,4136001,PeE6FRyGXUgsRhN,321.61999999999995,293.01333333333326,321.61999999999995
2020-06-17 15:45:00,4136001,Qf4GUc1pJu5T6c6,335.4,304.25333333333333,335.4
2020-06-17 16:00:00,4136001,81aHJ1q11NBPMrL,298.8866666666667,294.2333333333333,298.8866666666667
2020-06-17 16:00:00,4136001,xoJJ8DcxJEcupym,296.8533333333333,291.3066666666667,296.8533333333333
2020-06-17 16:00:00,4136001,V94E5Ben1TlhnDV,295.7533333333334,289.72666666666663,295.7533333333334
2020-06-17 16:00:00,4136001,Et9kgGMDl729KT4,272.3533333333333,263.79999999999995,272.3533333333333
2020-06-17 16:00:00,4136001,PeE6FRyGXUgsRhN,293.01333333333326,287.0933333333333,293.01333333333326
2020-06-17 16:00:00,4136001,oZ35aAeoifZaQzV,306.8066666666667,299.7066666666667,306.8066666666667
2020-06-17 16:00:00,4136001,mqwcsP2rE7J0TFp,282.34666666666664,302.08571428571435,282.34666666666664
2020-06-17 16:00:00,4136001,LlT2YUhhzqhg5Sw,291.70714285714286,291.88000000000005,291.70714285714286
2020-06-17 16:00:00,4136001,9kRcWv60rDACzjR,296.71333333333337,294.18,296.71333333333337
2020-06-17 16:00:00,4136001,Quc1TzYxW2pYoWX,249.82666666666665,240.89333333333337,249.82666666666665
2020-06-17 16:00:00,4136001,xMbIugepa2P7lBB,298.46666666666664,298.00714285714287,298.46666666666664
2020-06-17 16:00:00,4136001,vOuJvMaM2sgwLmb,299.99333333333334,294.96,299.99333333333334
2020-06-17 16:00:00,4136001,q49J1IKaHRwDQnt,294.1428571428572,292.06666666666666,294.1428571428572
2020-06-17 16:00:00,4136001,Qf4GUc1pJu5T6c6,304.25333333333333,297.18666666666667,304.25333333333333
2020-06-17 16:00:00,4136001,NgDl19wMapZy17u,301.6066666666666,301.1571428571429,301.6066666666666
2020-06-17 16:00:00,4136001,WcxssY2VbP4hApt,303.4,298.96000000000004,303.4
2020-06-17 16:00:00,4136001,LYwnQax7tkwH5Cb,281.47857142857146,281.66666666666663,281.47857142857146
2020-06-17 16:00:00,4136001,Mx2yZCDsyf6DPfv,305.25333333333333,298.8533333333334,305.25333333333333
2020-06-17 16:00:00,4136001,oZZkBaNadn6DNKz,300.2866666666667,293.44666666666666,300.2866666666667
2020-06-17 16:00:00,4136001,IQ2d7wF4YD8zU1Q,301.6466666666667,300.90714285714284,301.6466666666667
2020-06-17 16:00:00,4136001,rrq4fwE8jgrTyWY,280.8642857142857,281.66,280.8642857142857
2020-06-17 16:00:00,4136001,4UPUqMRk7TRMgml,306.2,299.25333333333333,306.2
2020-06-17 16:15:00,4136001,9kRcWv60rDACzjR,294.18,279.7,294.18
2020-06-17 16:15:00,4136001,IQ2d7wF4YD8zU1Q,300.90714285714284,290.58000000000004,300.90714285714284
2020-06-17 16:15:00,4136001,rrq4fwE8jgrTyWY,281.66,270.82666666666665,281.66
2020-06-17 16:15:00,4136001,xoJJ8DcxJEcupym,291.3066666666667,276.05000000000007,291.3066666666667
2020-06-17 16:15:00,4136001,81aHJ1q11NBPMrL,294.2333333333333,278.14,294.2333333333333
2020-06-17 16:15:00,4136001,Qf4GUc1pJu5T6c6,297.18666666666667,278.21428571428567,297.18666666666667
2020-06-17 16:15:00,4136001,xMbIugepa2P7lBB,298.00714285714287,286.9066666666667,298.00714285714287
2020-06-17 16:15:00,4136001,oZZkBaNadn6DNKz,293.44666666666666,272.65714285714284,293.44666666666666
2020-06-17 16:15:00,4136001,WcxssY2VbP4hApt,298.96000000000004,283.2333333333333,298.96000000000004
2020-06-17 16:15:00,4136001,LlT2YUhhzqhg5Sw,291.88000000000005,280.2466666666666,291.88000000000005
2020-06-17 16:15:00,4136001,LYwnQax7tkwH5Cb,281.66666666666663,270.46666666666664,281.66666666666663
2020-06-17 16:15:00,4136001,q49J1IKaHRwDQnt,292.06666666666666,280.26666666666665,292.06666666666666
2020-06-17 16:15:00,4136001,mqwcsP2rE7J0TFp,302.08571428571435,293.02666666666664,302.08571428571435
2020-06-17 16:15:00,4136001,NgDl19wMapZy17u,301.1571428571429,291.61333333333334,301.1571428571429
2020-06-17 16:15:00,4136001,V94E5Ben1TlhnDV,289.72666666666663,270.36428571428576,289.72666666666663
2020-06-17 16:15:00,4136001,Et9kgGMDl729KT4,263.79999999999995,240.78666666666663,263.79999999999995
2020-06-17 16:15:00,4136001,PeE6FRyGXUgsRhN,287.0933333333333,270.3142857142857,287.0933333333333
2020-06-17 16:15:00,4136001,oZ35aAeoifZaQzV,299.7066666666667,279.90714285714284,299.7066666666667
2020-06-17 16:15:00,4136001,vOuJvMaM2sgwLmb,294.96,277.56,294.96
2020-06-17 16:15:00,4136001,Quc1TzYxW2pYoWX,240.89333333333337,217.92666666666665,240.89333333333337
2020-06-17 16:15:00,4136001,Mx2yZCDsyf6DPfv,298.8533333333334,278.06428571428575,298.8533333333334
2020-06-17 16:15:00,4136001,4UPUqMRk7TRMgml,299.25333333333333,279.91428571428565,299.25333333333333
2020-06-17 16:30:00,4136001,4UPUqMRk7TRMgml,279.91428571428565,192.24,279.91428571428565
2020-06-17 16:30:00,4136001,Qf4GUc1pJu5T6c6,278.21428571428567,194.16666666666669,278.21428571428567
2020-06-17 16:30:00,4136001,WcxssY2VbP4hApt,283.2333333333333,184.4642857142857,283.2333333333333
2020-06-17 16:30:00,4136001,IQ2d7wF4YD8zU1Q,290.58000000000004,197.76666666666665,290.58000000000004
2020-06-17 16:30:00,4136001,Et9kgGMDl729KT4,240.78666666666663,163.05714285714285,240.78666666666663
2020-06-17 16:30:00,4136001,oZZkBaNadn6DNKz,272.65714285714284,180.6133333333333,272.65714285714284
2020-06-17 16:30:00,4136001,rrq4fwE8jgrTyWY,270.82666666666665,178.02,270.82666666666665
2020-06-17 16:30:00,4136001,NgDl19wMapZy17u,291.61333333333334,199.22666666666663,291.61333333333334
2020-06-17 16:30:00,4136001,Mx2yZCDsyf6DPfv,278.06428571428575,189.63333333333333,278.06428571428575
2020-06-17 16:30:00,4136001,q49J1IKaHRwDQnt,280.26666666666665,181.7,280.26666666666665
2020-06-17 16:30:00,4136001,81aHJ1q11NBPMrL,278.14,177.51428571428573,278.14
2020-06-17 16:30:00,4136001,mqwcsP2rE7J0TFp,293.02666666666664,204.34666666666664,293.02666666666664
2020-06-17 16:30:00,4136001,LYwnQax7tkwH5Cb,270.46666666666664,175.19333333333336,270.46666666666664
2020-06-17 16:30:00,4136001,V94E5Ben1TlhnDV,270.36428571428576,174.74,270.36428571428576
2020-06-17 16:30:00,4136001,xoJJ8DcxJEcupym,276.05000000000007,177.9,276.05000000000007
2020-06-17 16:30:00,4136001,Quc1TzYxW2pYoWX,217.92666666666665,150.14999999999998,217.92666666666665
2020-06-17 16:30:00,4136001,9kRcWv60rDACzjR,279.7,180.98571428571427,279.7
2020-06-17 16:30:00,4136001,vOuJvMaM2sgwLmb,277.56,180.1071428571429,277.56
2020-06-17 16:30:00,4136001,xMbIugepa2P7lBB,286.9066666666667,191.64666666666668,286.9066666666667
2020-06-17 16:30:00,4136001,PeE6FRyGXUgsRhN,270.3142857142857,177.80000000000004,270.3142857142857
2020-06-17 16:30:00,4136001,LlT2YUhhzqhg5Sw,280.2466666666666,179.04666666666668,280.2466666666666
2020-06-17 16:30:00,4136001,oZ35aAeoifZaQzV,279.90714285714284,189.12,279.90714285714284
2020-06-17 16:45:00,4136001,oZ35aAeoifZaQzV,189.12,53.07333333333334,189.12
2020-06-17 16:45:00,4136001,Mx2yZCDsyf6DPfv,189.63333333333333,52.39333333333334,189.63333333333333
2020-06-17 16:45:00,4136001,Quc1TzYxW2pYoWX,150.14999999999998,43.2,150.14999999999998
2020-06-17 16:45:00,4136001,vOuJvMaM2sgwLmb,180.1071428571429,51.633333333333326,180.1071428571429
2020-06-17 16:45:00,4136001,Qf4GUc1pJu5T6c6,194.16666666666669,55.053333333333335,194.16666666666669
2020-06-17 16:45:00,4136001,NgDl19wMapZy17u,199.22666666666663,58.12666666666666,199.22666666666663
2020-06-17 16:45:00,4136001,xMbIugepa2P7lBB,191.64666666666668,55.266666666666666,191.64666666666668
2020-06-17 16:45:00,4136001,PeE6FRyGXUgsRhN,177.80000000000004,49.673333333333325,177.80000000000004
2020-06-17 16:45:00,4136001,81aHJ1q11NBPMrL,177.51428571428573,50.900000000000006,177.51428571428573
2020-06-17 16:45:00,4136001,Et9kgGMDl729KT4,163.05714285714285,46.54666666666667,163.05714285714285
2020-06-17 16:45:00,4136001,IQ2d7wF4YD8zU1Q,197.76666666666665,57.53333333333334,197.76666666666665
2020-06-17 16:45:00,4136001,rrq4fwE8jgrTyWY,178.02,52.306666666666665,178.02
2020-06-17 16:45:00,4136001,mqwcsP2rE7J0TFp,204.34666666666664,61.18666666666667,204.34666666666664
2020-06-17 16:45:00,4136001,4UPUqMRk7TRMgml,192.24,53.813333333333325,192.24
2020-06-17 16:45:00,4136001,q49J1IKaHRwDQnt,181.7,52.92666666666666,181.7
2020-06-17 16:45:00,4136001,9kRcWv60rDACzjR,180.98571428571427,51.76,180.98571428571427
2020-06-17 16:45:00,4136001,WcxssY2VbP4hApt,184.4642857142857,52.566666666666656,184.4642857142857
2020-06-17 16:45:00,4136001,oZZkBaNadn6DNKz,180.6133333333333,49.78666666666666,180.6133333333333
2020-06-17 16:45:00,4136001,LlT2YUhhzqhg5Sw,179.04666666666668,51.98,179.04666666666668
2020-06-17 16:45:00,4136001,V94E5Ben1TlhnDV,174.74,47.98,174.74
2020-06-17 16:45:00,4136001,LYwnQax7tkwH5Cb,175.19333333333336,51.39333333333333,175.19333333333336
2020-06-17 16:45:00,4136001,xoJJ8DcxJEcupym,177.9,49.57333333333333,177.9
2020-06-17 17:00:00,4136001,PeE6FRyGXUgsRhN,49.673333333333325,128.54666666666665,49.673333333333325
2020-06-17 17:00:00,4136001,Quc1TzYxW2pYoWX,43.2,102.9,43.2
2020-06-17 17:00:00,4136001,LlT2YUhhzqhg5Sw,51.98,133.65,51.98
2020-06-17 17:00:00,4136001,NgDl19wMapZy17u,58.12666666666666,138.97142857142856,58.12666666666666
2020-06-17 17:00:00,4136001,4UPUqMRk7TRMgml,53.813333333333325,134.60666666666668,53.813333333333325
2020-06-17 17:00:00,4136001,xMbIugepa2P7lBB,55.266666666666666,137.10714285714286,55.266666666666666
2020-06-17 17:00:00,4136001,oZ35aAeoifZaQzV,53.07333333333334,134.02000000000004,53.07333333333334
2020-06-17 17:00:00,4136001,Mx2yZCDsyf6DPfv,52.39333333333334,135.33333333333334,52.39333333333334
2020-06-17 17:00:00,4136001,q49J1IKaHRwDQnt,52.92666666666666,134.9,52.92666666666666
2020-06-17 17:00:00,4136001,81aHJ1q11NBPMrL,50.900000000000006,131.96666666666667,50.900000000000006
2020-06-17 17:00:00,4136001,vOuJvMaM2sgwLmb,51.633333333333326,132.36666666666665,51.633333333333326
2020-06-17 17:00:00,4136001,Et9kgGMDl729KT4,46.54666666666667,113.73333333333332,46.54666666666667
2020-06-17 17:00:00,4136001,9kRcWv60rDACzjR,51.76,133.36666666666667,51.76
2020-06-17 17:00:00,4136001,IQ2d7wF4YD8zU1Q,57.53333333333334,138.65714285714284,57.53333333333334
2020-06-17 17:00:00,4136001,V94E5Ben1TlhnDV,47.98,126.50666666666665,47.98
2020-06-17 17:00:00,4136001,WcxssY2VbP4hApt,52.566666666666656,134.90666666666667,52.566666666666656
2020-06-17 17:00:00,4136001,Qf4GUc1pJu5T6c6,55.053333333333335,133.59333333333333,55.053333333333335
2020-06-17 17:00:00,4136001,oZZkBaNadn6DNKz,49.78666666666666,129.49333333333334,49.78666666666666
2020-06-17 17:00:00,4136001,LYwnQax7tkwH5Cb,51.39333333333333,129.82857142857142,51.39333333333333
2020-06-17 17:00:00,4136001,rrq4fwE8jgrTyWY,52.306666666666665,130.45,52.306666666666665
2020-06-17 17:00:00,4136001,xoJJ8DcxJEcupym,49.57333333333333,131.28,49.57333333333333
2020-06-17 17:00:00,4136001,mqwcsP2rE7J0TFp,61.18666666666667,140.12857142857143,61.18666666666667
2020-06-17 17:15:00,4136001,Et9kgGMDl729KT4,113.73333333333332,126.14,113.73333333333332
2020-06-17 17:15:00,4136001,oZ35aAeoifZaQzV,134.02000000000004,139.73999999999998,134.02000000000004
2020-06-17 17:15:00,4136001,LlT2YUhhzqhg5Sw,133.65,131.39,133.65
2020-06-17 17:15:00,4136001,mqwcsP2rE7J0TFp,140.12857142857143,135.82,140.12857142857143
2020-06-17 17:15:00,4136001,V94E5Ben1TlhnDV,126.50666666666665,134.95000000000002,126.50666666666665
2020-06-17 17:15:00,4136001,4UPUqMRk7TRMgml,134.60666666666668,136.82999999999998,134.60666666666668
2020-06-17 17:15:00,4136001,xMbIugepa2P7lBB,137.10714285714286,135.13,137.10714285714286
2020-06-17 17:15:00,4136001,IQ2d7wF4YD8zU1Q,138.65714285714284,135.68,138.65714285714284
2020-06-17 17:15:00,4136001,Quc1TzYxW2pYoWX,102.9,116.09,102.9
2020-06-17 17:15:00,4136001,WcxssY2VbP4hApt,134.90666666666667,135.91,134.90666666666667
2020-06-17 17:15:00,4136001,Qf4GUc1pJu5T6c6,133.59333333333333,134.92,133.59333333333333
2020-06-17 17:15:00,4136001,oZZkBaNadn6DNKz,129.49333333333334,136.95,129.49333333333334
2020-06-17 17:15:00,4136001,rrq4fwE8jgrTyWY,130.45,125.85,130.45
2020-06-17 17:15:00,4136001,xoJJ8DcxJEcupym,131.28,135.79000000000002,131.28
2020-06-17 17:15:00,4136001,9kRcWv60rDACzjR,133.36666666666667,133.03000000000003,133.36666666666667
2020-06-17 17:15:00,4136001,LYwnQax7tkwH5Cb,129.82857142857142,126.51,129.82857142857142
2020-06-17 17:15:00,4136001,PeE6FRyGXUgsRhN,128.54666666666665,132.85,128.54666666666665
2020-06-17 17:15:00,4136001,Mx2yZCDsyf6DPfv,135.33333333333334,135.83999999999995,135.33333333333334
2020-06-17 17:15:00,4136001,81aHJ1q11NBPMrL,131.96666666666667,135.29000000000002,131.96666666666667
2020-06-17 17:15:00,4136001,q49J1IKaHRwDQnt,134.9,133.07,134.9
2020-06-17 17:15:00,4136001,NgDl19wMapZy17u,138.97142857142856,135.41999999999996,138.97142857142856
2020-06-17 17:15:00,4136001,vOuJvMaM2sgwLmb,132.36666666666665,135.95,132.36666666666665
2020-06-17 17:30:00,4136001,PeE6FRyGXUgsRhN,132.85,94.21333333333332,132.85
2020-06-17 17:30:00,4136001,vOuJvMaM2sgwLmb,135.95,96.69333333333334,135.95
2020-06-17 17:30:00,4136001,9kRcWv60rDACzjR,133.03000000000003,95.64,133.03000000000003
2020-06-17 17:30:00,4136001,q49J1IKaHRwDQnt,133.07,94.7,133.07
2020-06-17 17:30:00,4136001,oZ35aAeoifZaQzV,139.73999999999998,96.65333333333336,139.73999999999998
2020-06-17 17:30:00,4136001,Qf4GUc1pJu5T6c6,134.92,95.20666666666664,134.92
2020-06-17 17:30:00,4136001,Mx2yZCDsyf6DPfv,135.83999999999995,98.06666666666666,135.83999999999995
2020-06-17 17:30:00,4136001,LYwnQax7tkwH5Cb,126.51,90.38,126.51
2020-06-17 17:30:00,4136001,WcxssY2VbP4hApt,135.91,97.04666666666668,135.91
2020-06-17 17:30:00,4136001,IQ2d7wF4YD8zU1Q,135.68,95.96,135.68
2020-06-17 17:30:00,4136001,NgDl19wMapZy17u,135.41999999999996,95.82,135.41999999999996
2020-06-17 17:30:00,4136001,Et9kgGMDl729KT4,126.14,86.44000000000001,126.14
2020-06-17 17:30:00,4136001,4UPUqMRk7TRMgml,136.82999999999998,96.98666666666664,136.82999999999998
2020-06-17 17:30:00,4136001,mqwcsP2rE7J0TFp,135.82,96.10666666666664,135.82
2020-06-17 17:30:00,4136001,rrq4fwE8jgrTyWY,125.85,89.68,125.85
2020-06-17 17:30:00,4136001,Quc1TzYxW2pYoWX,116.09,79.28666666666666,116.09
2020-06-17 17:30:00,4136001,xMbIugepa2P7lBB,135.13,95.3,135.13
2020-06-17 17:30:00,4136001,V94E5Ben1TlhnDV,134.95000000000002,95.10666666666668,134.95000000000002
2020-06-17 17:30:00,4136001,oZZkBaNadn6DNKz,136.95,96.61999999999996,136.95
2020-06-17 17:30:00,4136001,LlT2YUhhzqhg5Sw,131.39,93.95333333333336,131.39
2020-06-17 17:30:00,4136001,81aHJ1q11NBPMrL,135.29000000000002,96.38666666666664,135.29000000000002
2020-06-17 17:30:00,4136001,xoJJ8DcxJEcupym,135.79000000000002,96.41333333333334,135.79000000000002
2020-06-17 17:45:00,4136001,PeE6FRyGXUgsRhN,94.21333333333332,58.06000000000001,94.21333333333332
2020-06-17 17:45:00,4136001,vOuJvMaM2sgwLmb,96.69333333333334,60.193333333333335,96.69333333333334
2020-06-17 17:45:00,4136001,LYwnQax7tkwH5Cb,90.38,56.00666666666668,90.38
2020-06-17 17:45:00,4136001,Mx2yZCDsyf6DPfv,98.06666666666666,59.48,98.06666666666666
2020-06-17 17:45:00,4136001,81aHJ1q11NBPMrL,96.38666666666664,59.90666666666667,96.38666666666664
2020-06-17 17:45:00,4136001,LlT2YUhhzqhg5Sw,93.95333333333336,58.226666666666674,93.95333333333336
2020-06-17 17:45:00,4136001,q49J1IKaHRwDQnt,94.7,58.886666666666656,94.7
2020-06-17 17:45:00,4136001,xMbIugepa2P7lBB,95.3,59.48,95.3
2020-06-17 17:45:00,4136001,Quc1TzYxW2pYoWX,79.28666666666666,49.16666666666667,79.28666666666666
2020-06-17 17:45:00,4136001,xoJJ8DcxJEcupym,96.41333333333334,59.453333333333326,96.41333333333334
2020-06-17 17:45:00,4136001,oZ35aAeoifZaQzV,96.65333333333336,60.86666666666667,96.65333333333336
2020-06-17 17:45:00,4136001,mqwcsP2rE7J0TFp,96.10666666666664,59.67333333333335,96.10666666666664
2020-06-17 17:45:00,4136001,9kRcWv60rDACzjR,95.64,59.38666666666667,95.64
2020-06-17 17:45:00,4136001,WcxssY2VbP4hApt,97.04666666666668,60.1,97.04666666666668
2020-06-17 17:45:00,4136001,rrq4fwE8jgrTyWY,89.68,55.56666666666667,89.68
2020-06-17 17:45:00,4136001,IQ2d7wF4YD8zU1Q,95.96,59.440000000000005,95.96
2020-06-17 17:45:00,4136001,V94E5Ben1TlhnDV,95.10666666666668,59.08666666666667,95.10666666666668
2020-06-17 17:45:00,4136001,Qf4GUc1pJu5T6c6,95.20666666666664,58.68,95.20666666666664
2020-06-17 17:45:00,4136001,Et9kgGMDl729KT4,86.44000000000001,53.66,86.44000000000001
2020-06-17 17:45:00,4136001,oZZkBaNadn6DNKz,96.61999999999996,60.04666666666667,96.61999999999996
2020-06-17 17:45:00,4136001,NgDl19wMapZy17u,95.82,59.51333333333334,95.82
2020-06-17 17:45:00,4136001,4UPUqMRk7TRMgml,96.98666666666664,59.66666666666666,96.98666666666664
2020-06-17 18:00:00,4136001,oZZkBaNadn6DNKz,60.04666666666667,30.96666666666667,60.04666666666667
2020-06-17 18:00:00,4136001,IQ2d7wF4YD8zU1Q,59.440000000000005,31.926666666666662,59.440000000000005
2020-06-17 18:00:00,4136001,vOuJvMaM2sgwLmb,60.193333333333335,31.986666666666668,60.193333333333335
2020-06-17 18:00:00,4136001,9kRcWv60rDACzjR,59.38666666666667,31.75333333333333,59.38666666666667
2020-06-17 18:00:00,4136001,81aHJ1q11NBPMrL,59.90666666666667,31.72,59.90666666666667
2020-06-17 18:00:00,4136001,Qf4GUc1pJu5T6c6,58.68,30.28,58.68
2020-06-17 18:00:00,4136001,q49J1IKaHRwDQnt,58.886666666666656,31.706666666666667,58.886666666666656
2020-06-17 18:00:00,4136001,rrq4fwE8jgrTyWY,55.56666666666667,29.98,55.56666666666667
2020-06-17 18:00:00,4136001,PeE6FRyGXUgsRhN,58.06000000000001,30.25333333333333,58.06000000000001
2020-06-17 18:00:00,4136001,xoJJ8DcxJEcupym,59.453333333333326,31.29333333333333,59.453333333333326
2020-06-17 18:00:00,4136001,4UPUqMRk7TRMgml,59.66666666666666,31.053333333333327,59.66666666666666
2020-06-17 18:00:00,4136001,oZ35aAeoifZaQzV,60.86666666666667,31.28,60.86666666666667
2020-06-17 18:00:00,4136001,V94E5Ben1TlhnDV,59.08666666666667,30.386666666666667,59.08666666666667
2020-06-17 18:00:00,4136001,NgDl19wMapZy17u,59.51333333333334,32.1,59.51333333333334
2020-06-17 18:00:00,4136001,mqwcsP2rE7J0TFp,59.67333333333335,32.26666666666667,59.67333333333335
2020-06-17 18:00:00,4136001,Et9kgGMDl729KT4,53.66,27.32,53.66
2020-06-17 18:00:00,4136001,xMbIugepa2P7lBB,59.48,31.9,59.48
2020-06-17 18:00:00,4136001,LlT2YUhhzqhg5Sw,58.226666666666674,31.346666666666668,58.226666666666674
2020-06-17 18:00:00,4136001,LYwnQax7tkwH5Cb,56.00666666666668,30.36,56.00666666666668
2020-06-17 18:00:00,4136001,WcxssY2VbP4hApt,60.1,32.06,60.1
2020-06-17 18:00:00,4136001,Quc1TzYxW2pYoWX,49.16666666666667,24.846666666666668,49.16666666666667
2020-06-17 18:00:00,4136001,Mx2yZCDsyf6DPfv,59.48,31.206666666666663,59.48
2020-06-17 18:15:00,4136001,PeE6FRyGXUgsRhN,30.25333333333333,18.366666666666667,30.25333333333333
2020-06-17 18:15:00,4136001,V94E5Ben1TlhnDV,30.386666666666667,18.660000000000004,30.386666666666667
2020-06-17 18:15:00,4136001,vOuJvMaM2sgwLmb,31.986666666666668,19.57333333333333,31.986666666666668
2020-06-17 18:15:00,4136001,IQ2d7wF4YD8zU1Q,31.926666666666662,18.84,31.926666666666662
2020-06-17 18:15:00,4136001,LlT2YUhhzqhg5Sw,31.346666666666668,18.613333333333337,31.346666666666668
2020-06-17 18:15:00,4136001,WcxssY2VbP4hApt,32.06,19.39333333333333,32.06
2020-06-17 18:15:00,4136001,NgDl19wMapZy17u,32.1,19.03333333333333,32.1
2020-06-17 18:15:00,4136001,mqwcsP2rE7J0TFp,32.26666666666667,19.193333333333328,32.26666666666667
2020-06-17 18:15:00,4136001,oZZkBaNadn6DNKz,30.96666666666667,19.42,30.96666666666667
2020-06-17 18:15:00,4136001,Et9kgGMDl729KT4,27.32,17.21333333333334,27.32
2020-06-17 18:15:00,4136001,Qf4GUc1pJu5T6c6,30.28,18.41333333333333,30.28
2020-06-17 18:15:00,4136001,LYwnQax7tkwH5Cb,30.36,17.759999999999998,30.36
2020-06-17 18:15:00,4136001,rrq4fwE8jgrTyWY,29.98,17.506666666666668,29.98
2020-06-17 18:15:00,4136001,Mx2yZCDsyf6DPfv,31.206666666666663,19.633333333333336,31.206666666666663
2020-06-17 18:15:00,4136001,xoJJ8DcxJEcupym,31.29333333333333,19.326666666666664,31.29333333333333
2020-06-17 18:15:00,4136001,81aHJ1q11NBPMrL,31.72,19.346666666666668,31.72
2020-06-17 18:15:00,4136001,xMbIugepa2P7lBB,31.9,19.19333333333333,31.9
2020-06-17 18:15:00,4136001,Quc1TzYxW2pYoWX,24.846666666666668,14.88,24.846666666666668
2020-06-17 18:15:00,4136001,9kRcWv60rDACzjR,31.75333333333333,19.02,31.75333333333333
2020-06-17 18:15:00,4136001,q49J1IKaHRwDQnt,31.706666666666667,18.986666666666668,31.706666666666667
2020-06-17 18:15:00,4136001,4UPUqMRk7TRMgml,31.053333333333327,18.82,31.053333333333327
2020-06-17 18:15:00,4136001,oZ35aAeoifZaQzV,31.28,18.80666666666667,31.28
2020-06-17 18:30:00,4136001,9kRcWv60rDACzjR,19.02,3.3999999999999995,19.02
2020-06-17 18:30:00,4136001,q49J1IKaHRwDQnt,18.986666666666668,3.635714285714285,18.986666666666668
2020-06-17 18:30:00,4136001,rrq4fwE8jgrTyWY,17.506666666666668,2.7571428571428567,17.506666666666668
2020-06-17 18:30:00,4136001,4UPUqMRk7TRMgml,18.82,3.492857142857143,18.82
2020-06-17 18:30:00,4136001,Et9kgGMDl729KT4,17.21333333333334,3.3000000000000003,17.21333333333334
2020-06-17 18:30:00,4136001,vOuJvMaM2sgwLmb,19.57333333333333,3.6333333333333337,19.57333333333333
2020-06-17 18:30:00,4136001,oZZkBaNadn6DNKz,19.42,3.5785714285714283,19.42
2020-06-17 18:30:00,4136001,81aHJ1q11NBPMrL,19.346666666666668,3.4733333333333336,19.346666666666668
2020-06-17 18:30:00,4136001,oZ35aAeoifZaQzV,18.80666666666667,3.421428571428572,18.80666666666667
2020-06-17 18:30:00,4136001,IQ2d7wF4YD8zU1Q,18.84,3.36,18.84
2020-06-17 18:30:00,4136001,xMbIugepa2P7lBB,19.19333333333333,3.453333333333334,19.19333333333333
2020-06-17 18:30:00,4136001,LlT2YUhhzqhg5Sw,18.613333333333337,3.5071428571428567,18.613333333333337
2020-06-17 18:30:00,4136001,mqwcsP2rE7J0TFp,19.193333333333328,3.54,19.193333333333328
2020-06-17 18:30:00,4136001,LYwnQax7tkwH5Cb,17.759999999999998,2.807142857142857,17.759999999999998
2020-06-17 18:30:00,4136001,Mx2yZCDsyf6DPfv,19.633333333333336,3.471428571428572,19.633333333333336
2020-06-17 18:30:00,4136001,xoJJ8DcxJEcupym,19.326666666666664,3.757142857142858,19.326666666666664
2020-06-17 18:30:00,4136001,Qf4GUc1pJu5T6c6,18.41333333333333,2.992857142857144,18.41333333333333
2020-06-17 18:30:00,4136001,Quc1TzYxW2pYoWX,14.88,2.557142857142857,14.88
2020-06-17 18:30:00,4136001,PeE6FRyGXUgsRhN,18.366666666666667,3.1214285714285714,18.366666666666667
2020-06-17 18:30:00,4136001,V94E5Ben1TlhnDV,18.660000000000004,2.9,18.660000000000004
2020-06-17 18:30:00,4136001,NgDl19wMapZy17u,19.03333333333333,3.4866666666666672,19.03333333333333
2020-06-17 18:30:00,4136001,WcxssY2VbP4hApt,19.39333333333333,3.42,19.39333333333333
2020-06-17 18:45:00,4136001,4UPUqMRk7TRMgml,3.492857142857143,0.0,3.492857142857143
2020-06-17 18:45:00,4136001,xoJJ8DcxJEcupym,3.757142857142858,0.0,3.757142857142858
2020-06-17 18:45:00,4136001,Mx2yZCDsyf6DPfv,3.471428571428572,0.0,3.471428571428572
2020-06-17 18:45:00,4136001,Quc1TzYxW2pYoWX,2.557142857142857,0.0,2.557142857142857
2020-06-17 18:45:00,4136001,PeE6FRyGXUgsRhN,3.1214285714285714,0.0,3.1214285714285714
2020-06-17 18:45:00,4136001,NgDl19wMapZy17u,3.4866666666666672,0.0,3.4866666666666672
2020-06-17 18:45:00,4136001,xMbIugepa2P7lBB,3.453333333333334,0.0,3.453333333333334
2020-06-17 18:45:00,4136001,q49J1IKaHRwDQnt,3.635714285714285,0.0,3.635714285714285
2020-06-17 18:45:00,4136001,81aHJ1q11NBPMrL,3.4733333333333336,0.0,3.4733333333333336
2020-06-17 18:45:00,4136001,IQ2d7wF4YD8zU1Q,3.36,0.0,3.36
2020-06-17 18:45:00,4136001,LYwnQax7tkwH5Cb,2.807142857142857,0.0,2.807142857142857
2020-06-17 18:45:00,4136001,mqwcsP2rE7J0TFp,3.54,0.0,3.54
2020-06-17 18:45:00,4136001,oZZkBaNadn6DNKz,3.5785714285714283,0.0,3.5785714285714283
2020-06-17 18:45:00,4136001,rrq4fwE8jgrTyWY,2.7571428571428567,0.0,2.7571428571428567
2020-06-17 18:45:00,4136001,LlT2YUhhzqhg5Sw,3.5071428571428567,0.0,3.5071428571428567
2020-06-17 18:45:00,4136001,V94E5Ben1TlhnDV,2.9,0.0,2.9
2020-06-17 18:45:00,4136001,Et9kgGMDl729KT4,3.3000000000000003,0.0,3.3000000000000003
2020-06-17 18:45:00,4136001,WcxssY2VbP4hApt,3.42,0.0,3.42
2020-06-17 18:45:00,4136001,vOuJvMaM2sgwLmb,3.6333333333333337,0.0,3.6333333333333337
2020-06-17 18:45:00,4136001,Qf4GUc1pJu5T6c6,2.992857142857144,0.0,2.992857142857144
2020-06-17 18:45:00,4136001,oZ35aAeoifZaQzV,3.421428571428572,0.0,3.421428571428572
2020-06-17 18:45:00,4136001,9kRcWv60rDACzjR,3.3999999999999995,0.0,3.3999999999999995
2020-06-17 19:00:00,4136001,81aHJ1q11NBPMrL,0.0,0.0,0.0
2020-06-17 19:00:00,4136001,4UPUqMRk7TRMgml,0.0,0.0,0.0
2020-06-17 19:00:00,4136001,Quc1TzYxW2pYoWX,0.0,0.0,0.0
2020-06-17 19:00:00,4136001,Qf4GUc1pJu5T6c6,0.0,0.0,0.0
2020-06-17 19:00:00,4136001,vOuJvMaM2sgwLmb,0.0,0.0,0.0
2020-06-17 19:00:00,4136001,Mx2yZCDsyf6DPfv,0.0,0.0,0.0
2020-06-17 19:00:00,4136001,LlT2YUhhzqhg5Sw,0.0,0.0,0.0
2020-06-17 19:00:00,4136001,IQ2d7wF4YD8zU1Q,0.0,0.0,0.0
2020-06-17 19:00:00,4136001,xMbIugepa2P7lBB,0.0,0.0,0.0
2020-06-17 19:00:00,4136001,LYwnQax7tkwH5Cb,0.0,0.0,0.0
2020-06-17 19:00:00,4136001,xoJJ8DcxJEcupym,0.0,0.0,0.0
2020-06-17 19:00:00,4136001,q49J1IKaHRwDQnt,0.0,0.0,0.0
2020-06-17 19:00:00,4136001,oZ35aAeoifZaQzV,0.0,0.0,0.0
2020-06-17 19:00:00,4136001,V94E5Ben1TlhnDV,0.0,0.0,0.0
2020-06-17 19:00:00,4136001,mqwcsP2rE7J0TFp,0.0,0.0,0.0
2020-06-17 19:00:00,4136001,Et9kgGMDl729KT4,0.0,0.0,0.0
2020-06-17 19:00:00,4136001,WcxssY2VbP4hApt,0.0,0.0,0.0
2020-06-17 19:00:00,4136001,NgDl19wMapZy17u,0.0,0.0,0.0
2020-06-17 19:00:00,4136001,oZZkBaNadn6DNKz,0.0,0.0,0.0
2020-06-17 19:00:00,4136001,PeE6FRyGXUgsRhN,0.0,0.0,0.0
2020-06-17 19:00:00,4136001,9kRcWv60rDACzjR,0.0,0.0,0.0
2020-06-17 19:00:00,4136001,rrq4fwE8jgrTyWY,0.0,0.0,0.0
2020-06-17 19:15:00,4136001,Qf4GUc1pJu5T6c6,0.0,0.0,0.0
2020-06-17 19:15:00,4136001,oZ35aAeoifZaQzV,0.0,0.0,0.0
2020-06-17 19:15:00,4136001,q49J1IKaHRwDQnt,0.0,0.0,0.0
2020-06-17 19:15:00,4136001,xMbIugepa2P7lBB,0.0,0.0,0.0
2020-06-17 19:15:00,4136001,WcxssY2VbP4hApt,0.0,0.0,0.0
2020-06-17 19:15:00,4136001,LYwnQax7tkwH5Cb,0.0,0.0,0.0
2020-06-17 19:15:00,4136001,IQ2d7wF4YD8zU1Q,0.0,0.0,0.0
2020-06-17 19:15:00,4136001,81aHJ1q11NBPMrL,0.0,0.0,0.0
2020-06-17 19:15:00,4136001,mqwcsP2rE7J0TFp,0.0,0.0,0.0
2020-06-17 19:15:00,4136001,LlT2YUhhzqhg5Sw,0.0,0.0,0.0
2020-06-17 19:15:00,4136001,PeE6FRyGXUgsRhN,0.0,0.0,0.0
2020-06-17 19:15:00,4136001,oZZkBaNadn6DNKz,0.0,0.0,0.0
2020-06-17 19:15:00,4136001,Quc1TzYxW2pYoWX,0.0,0.0,0.0
2020-06-17 19:15:00,4136001,NgDl19wMapZy17u,0.0,0.0,0.0
2020-06-17 19:15:00,4136001,rrq4fwE8jgrTyWY,0.0,0.0,0.0
2020-06-17 19:15:00,4136001,9kRcWv60rDACzjR,0.0,0.0,0.0
2020-06-17 19:15:00,4136001,Mx2yZCDsyf6DPfv,0.0,0.0,0.0
2020-06-17 19:15:00,4136001,4UPUqMRk7TRMgml,0.0,0.0,0.0
2020-06-17 19:15:00,4136001,Et9kgGMDl729KT4,0.0,0.0,0.0
2020-06-17 19:15:00,4136001,V94E5Ben1TlhnDV,0.0,0.0,0.0
2020-06-17 19:15:00,4136001,vOuJvMaM2sgwLmb,0.0,0.0,0.0
2020-06-17 19:15:00,4136001,xoJJ8DcxJEcupym,0.0,0.0,0.0
2020-06-17 19:30:00,4136001,NgDl19wMapZy17u,0.0,0.0,0.0
2020-06-17 19:30:00,4136001,Mx2yZCDsyf6DPfv,0.0,0.0,0.0
2020-06-17 19:30:00,4136001,WcxssY2VbP4hApt,0.0,0.0,0.0
2020-06-17 19:30:00,4136001,xoJJ8DcxJEcupym,0.0,0.0,0.0
2020-06-17 19:30:00,4136001,IQ2d7wF4YD8zU1Q,0.0,0.0,0.0
2020-06-17 19:30:00,4136001,81aHJ1q11NBPMrL,0.0,0.0,0.0
2020-06-17 19:30:00,4136001,PeE6FRyGXUgsRhN,0.0,0.0,0.0
2020-06-17 19:30:00,4136001,V94E5Ben1TlhnDV,0.0,0.0,0.0
2020-06-17 19:30:00,4136001,mqwcsP2rE7J0TFp,0.0,0.0,0.0
2020-06-17 19:30:00,4136001,9kRcWv60rDACzjR,0.0,0.0,0.0
2020-06-17 19:30:00,4136001,oZZkBaNadn6DNKz,0.0,0.0,0.0
2020-06-17 19:30:00,4136001,LlT2YUhhzqhg5Sw,0.0,0.0,0.0
2020-06-17 19:30:00,4136001,vOuJvMaM2sgwLmb,0.0,0.0,0.0
2020-06-17 19:30:00,4136001,LYwnQax7tkwH5Cb,0.0,0.0,0.0
2020-06-17 19:30:00,4136001,oZ35aAeoifZaQzV,0.0,0.0,0.0
2020-06-17 19:30:00,4136001,Et9kgGMDl729KT4,0.0,0.0,0.0
2020-06-17 19:30:00,4136001,Qf4GUc1pJu5T6c6,0.0,0.0,0.0
2020-06-17 19:30:00,4136001,rrq4fwE8jgrTyWY,0.0,0.0,0.0
2020-06-17 19:30:00,4136001,4UPUqMRk7TRMgml,0.0,0.0,0.0
2020-06-17 19:30:00,4136001,q49J1IKaHRwDQnt,0.0,0.0,0.0
2020-06-17 19:30:00,4136001,Quc1TzYxW2pYoWX,0.0,0.0,0.0
2020-06-17 19:30:00,4136001,xMbIugepa2P7lBB,0.0,0.0,0.0
2020-06-17 19:45:00,4136001,LlT2YUhhzqhg5Sw,0.0,0.0,0.0
2020-06-17 19:45:00,4136001,oZZkBaNadn6DNKz,0.0,0.0,0.0
2020-06-17 19:45:00,4136001,LYwnQax7tkwH5Cb,0.0,0.0,0.0
2020-06-17 19:45:00,4136001,oZ35aAeoifZaQzV,0.0,0.0,0.0
2020-06-17 19:45:00,4136001,Qf4GUc1pJu5T6c6,0.0,0.0,0.0
2020-06-17 19:45:00,4136001,9kRcWv60rDACzjR,0.0,0.0,0.0
2020-06-17 19:45:00,4136001,V94E5Ben1TlhnDV,0.0,0.0,0.0
2020-06-17 19:45:00,4136001,mqwcsP2rE7J0TFp,0.0,0.0,0.0
2020-06-17 19:45:00,4136001,rrq4fwE8jgrTyWY,0.0,0.0,0.0
2020-06-17 19:45:00,4136001,xoJJ8DcxJEcupym,0.0,0.0,0.0
2020-06-17 19:45:00,4136001,IQ2d7wF4YD8zU1Q,0.0,0.0,0.0
2020-06-17 19:45:00,4136001,81aHJ1q11NBPMrL,0.0,0.0,0.0
2020-06-17 19:45:00,4136001,Quc1TzYxW2pYoWX,0.0,0.0,0.0
2020-06-17 19:45:00,4136001,Mx2yZCDsyf6DPfv,0.0,0.0,0.0
2020-06-17 19:45:00,4136001,4UPUqMRk7TRMgml,0.0,0.0,0.0
2020-06-17 19:45:00,4136001,Et9kgGMDl729KT4,0.0,0.0,0.0
2020-06-17 19:45:00,4136001,WcxssY2VbP4hApt,0.0,0.0,0.0
2020-06-17 19:45:00,4136001,NgDl19wMapZy17u,0.0,0.0,0.0
2020-06-17 19:45:00,4136001,q49J1IKaHRwDQnt,0.0,0.0,0.0
2020-06-17 19:45:00,4136001,vOuJvMaM2sgwLmb,0.0,0.0,0.0
2020-06-17 19:45:00,4136001,xMbIugepa2P7lBB,0.0,0.0,0.0
2020-06-17 19:45:00,4136001,PeE6FRyGXUgsRhN,0.0,0.0,0.0
2020-06-17 20:00:00,4136001,WcxssY2VbP4hApt,0.0,0.0,0.0
2020-06-17 20:00:00,4136001,9kRcWv60rDACzjR,0.0,0.0,0.0
2020-06-17 20:00:00,4136001,4UPUqMRk7TRMgml,0.0,0.0,0.0
2020-06-17 20:00:00,4136001,mqwcsP2rE7J0TFp,0.0,0.0,0.0
2020-06-17 20:00:00,4136001,LlT2YUhhzqhg5Sw,0.0,0.0,0.0
2020-06-17 20:00:00,4136001,xoJJ8DcxJEcupym,0.0,0.0,0.0
2020-06-17 20:00:00,4136001,q49J1IKaHRwDQnt,0.0,0.0,0.0
2020-06-17 20:00:00,4136001,V94E5Ben1TlhnDV,0.0,0.0,0.0
2020-06-17 20:00:00,4136001,LYwnQax7tkwH5Cb,0.0,0.0,0.0
2020-06-17 20:00:00,4136001,81aHJ1q11NBPMrL,0.0,0.0,0.0
2020-06-17 20:00:00,4136001,PeE6FRyGXUgsRhN,0.0,0.0,0.0
2020-06-17 20:00:00,4136001,IQ2d7wF4YD8zU1Q,0.0,0.0,0.0
2020-06-17 20:00:00,4136001,Qf4GUc1pJu5T6c6,0.0,0.0,0.0
2020-06-17 20:00:00,4136001,xMbIugepa2P7lBB,0.0,0.0,0.0
2020-06-17 20:00:00,4136001,NgDl19wMapZy17u,0.0,0.0,0.0
2020-06-17 20:00:00,4136001,vOuJvMaM2sgwLmb,0.0,0.0,0.0
2020-06-17 20:00:00,4136001,oZ35aAeoifZaQzV,0.0,0.0,0.0
2020-06-17 20:00:00,4136001,oZZkBaNadn6DNKz,0.0,0.0,0.0
2020-06-17 20:00:00,4136001,rrq4fwE8jgrTyWY,0.0,0.0,0.0
2020-06-17 20:00:00,4136001,Quc1TzYxW2pYoWX,0.0,0.0,0.0
2020-06-17 20:00:00,4136001,Mx2yZCDsyf6DPfv,0.0,0.0,0.0
2020-06-17 20:00:00,4136001,Et9kgGMDl729KT4,0.0,0.0,0.0
2020-06-17 20:15:00,4136001,rrq4fwE8jgrTyWY,0.0,0.0,0.0
2020-06-17 20:15:00,4136001,xMbIugepa2P7lBB,0.0,0.0,0.0
2020-06-17 20:15:00,4136001,q49J1IKaHRwDQnt,0.0,0.0,0.0
2020-06-17 20:15:00,4136001,NgDl19wMapZy17u,0.0,0.0,0.0
2020-06-17 20:15:00,4136001,Mx2yZCDsyf6DPfv,0.0,0.0,0.0
2020-06-17 20:15:00,4136001,xoJJ8DcxJEcupym,0.0,0.0,0.0
2020-06-17 20:15:00,4136001,9kRcWv60rDACzjR,0.0,0.0,0.0
2020-06-17 20:15:00,4136001,vOuJvMaM2sgwLmb,0.0,0.0,0.0
2020-06-17 20:15:00,4136001,oZ35aAeoifZaQzV,0.0,0.0,0.0
2020-06-17 20:15:00,4136001,V94E5Ben1TlhnDV,0.0,0.0,0.0
2020-06-17 20:15:00,4136001,Qf4GUc1pJu5T6c6,0.0,0.0,0.0
2020-06-17 20:15:00,4136001,PeE6FRyGXUgsRhN,0.0,0.0,0.0
2020-06-17 20:15:00,4136001,WcxssY2VbP4hApt,0.0,0.0,0.0
2020-06-17 20:15:00,4136001,Et9kgGMDl729KT4,0.0,0.0,0.0
2020-06-17 20:15:00,4136001,LYwnQax7tkwH5Cb,0.0,0.0,0.0
2020-06-17 20:15:00,4136001,4UPUqMRk7TRMgml,0.0,0.0,0.0
2020-06-17 20:15:00,4136001,mqwcsP2rE7J0TFp,0.0,0.0,0.0
2020-06-17 20:15:00,4136001,LlT2YUhhzqhg5Sw,0.0,0.0,0.0
2020-06-17 20:15:00,4136001,81aHJ1q11NBPMrL,0.0,0.0,0.0
2020-06-17 20:15:00,4136001,IQ2d7wF4YD8zU1Q,0.0,0.0,0.0
2020-06-17 20:15:00,4136001,oZZkBaNadn6DNKz,0.0,0.0,0.0
2020-06-17 20:15:00,4136001,Quc1TzYxW2pYoWX,0.0,0.0,0.0
2020-06-17 20:30:00,4136001,Et9kgGMDl729KT4,0.0,0.0,0.0
2020-06-17 20:30:00,4136001,Qf4GUc1pJu5T6c6,0.0,0.0,0.0
2020-06-17 20:30:00,4136001,Mx2yZCDsyf6DPfv,0.0,0.0,0.0
2020-06-17 20:30:00,4136001,PeE6FRyGXUgsRhN,0.0,0.0,0.0
2020-06-17 20:30:00,4136001,9kRcWv60rDACzjR,0.0,0.0,0.0
2020-06-17 20:30:00,4136001,xoJJ8DcxJEcupym,0.0,0.0,0.0
2020-06-17 20:30:00,4136001,mqwcsP2rE7J0TFp,0.0,0.0,0.0
2020-06-17 20:30:00,4136001,oZ35aAeoifZaQzV,0.0,0.0,0.0
2020-06-17 20:30:00,4136001,oZZkBaNadn6DNKz,0.0,0.0,0.0
2020-06-17 20:30:00,4136001,LYwnQax7tkwH5Cb,0.0,0.0,0.0
2020-06-17 20:30:00,4136001,V94E5Ben1TlhnDV,0.0,0.0,0.0
2020-06-17 20:30:00,4136001,vOuJvMaM2sgwLmb,0.0,0.0,0.0
2020-06-17 20:30:00,4136001,rrq4fwE8jgrTyWY,0.0,0.0,0.0
2020-06-17 20:30:00,4136001,Quc1TzYxW2pYoWX,0.0,0.0,0.0
2020-06-17 20:30:00,4136001,81aHJ1q11NBPMrL,0.0,0.0,0.0
2020-06-17 20:30:00,4136001,xMbIugepa2P7lBB,0.0,0.0,0.0
2020-06-17 20:30:00,4136001,WcxssY2VbP4hApt,0.0,0.0,0.0
2020-06-17 20:30:00,4136001,IQ2d7wF4YD8zU1Q,0.0,0.0,0.0
2020-06-17 20:30:00,4136001,q49J1IKaHRwDQnt,0.0,0.0,0.0
2020-06-17 20:30:00,4136001,NgDl19wMapZy17u,0.0,0.0,0.0
2020-06-17 20:30:00,4136001,LlT2YUhhzqhg5Sw,0.0,0.0,0.0
2020-06-17 20:30:00,4136001,4UPUqMRk7TRMgml,0.0,0.0,0.0
2020-06-17 20:45:00,4136001,Mx2yZCDsyf6DPfv,0.0,0.0,0.0
2020-06-17 20:45:00,4136001,LlT2YUhhzqhg5Sw,0.0,0.0,0.0
2020-06-17 20:45:00,4136001,V94E5Ben1TlhnDV,0.0,0.0,0.0
2020-06-17 20:45:00,4136001,Quc1TzYxW2pYoWX,0.0,0.0,0.0
2020-06-17 20:45:00,4136001,xMbIugepa2P7lBB,0.0,0.0,0.0
2020-06-17 20:45:00,4136001,Qf4GUc1pJu5T6c6,0.0,0.0,0.0
2020-06-17 20:45:00,4136001,PeE6FRyGXUgsRhN,0.0,0.0,0.0
2020-06-17 20:45:00,4136001,LYwnQax7tkwH5Cb,0.0,0.0,0.0
2020-06-17 20:45:00,4136001,xoJJ8DcxJEcupym,0.0,0.0,0.0
2020-06-17 20:45:00,4136001,NgDl19wMapZy17u,0.0,0.0,0.0
2020-06-17 20:45:00,4136001,Et9kgGMDl729KT4,0.0,0.0,0.0
2020-06-17 20:45:00,4136001,rrq4fwE8jgrTyWY,0.0,0.0,0.0
2020-06-17 20:45:00,4136001,IQ2d7wF4YD8zU1Q,0.0,0.0,0.0
2020-06-17 20:45:00,4136001,oZ35aAeoifZaQzV,0.0,0.0,0.0
2020-06-17 20:45:00,4136001,81aHJ1q11NBPMrL,0.0,0.0,0.0
2020-06-17 20:45:00,4136001,oZZkBaNadn6DNKz,0.0,0.0,0.0
2020-06-17 20:45:00,4136001,q49J1IKaHRwDQnt,0.0,0.0,0.0
2020-06-17 20:45:00,4136001,9kRcWv60rDACzjR,0.0,0.0,0.0
2020-06-17 20:45:00,4136001,WcxssY2VbP4hApt,0.0,0.0,0.0
2020-06-17 20:45:00,4136001,vOuJvMaM2sgwLmb,0.0,0.0,0.0
2020-06-17 20:45:00,4136001,4UPUqMRk7TRMgml,0.0,0.0,0.0
2020-06-17 20:45:00,4136001,mqwcsP2rE7J0TFp,0.0,0.0,0.0
2020-06-17 21:00:00,4136001,LlT2YUhhzqhg5Sw,0.0,0.0,0.0
2020-06-17 21:00:00,4136001,vOuJvMaM2sgwLmb,0.0,0.0,0.0
2020-06-17 21:00:00,4136001,Qf4GUc1pJu5T6c6,0.0,0.0,0.0
2020-06-17 21:00:00,4136001,Mx2yZCDsyf6DPfv,0.0,0.0,0.0
2020-06-17 21:00:00,4136001,rrq4fwE8jgrTyWY,0.0,0.0,0.0
2020-06-17 21:00:00,4136001,81aHJ1q11NBPMrL,0.0,0.0,0.0
2020-06-17 21:00:00,4136001,4UPUqMRk7TRMgml,0.0,0.0,0.0
2020-06-17 21:00:00,4136001,Quc1TzYxW2pYoWX,0.0,0.0,0.0
2020-06-17 21:00:00,4136001,V94E5Ben1TlhnDV,0.0,0.0,0.0
2020-06-17 21:00:00,4136001,WcxssY2VbP4hApt,0.0,0.0,0.0
2020-06-17 21:00:00,4136001,LYwnQax7tkwH5Cb,0.0,0.0,0.0
2020-06-17 21:00:00,4136001,Et9kgGMDl729KT4,0.0,0.0,0.0
2020-06-17 21:00:00,4136001,IQ2d7wF4YD8zU1Q,0.0,0.0,0.0
2020-06-17 21:00:00,4136001,xMbIugepa2P7lBB,0.0,0.0,0.0
2020-06-17 21:00:00,4136001,xoJJ8DcxJEcupym,0.0,0.0,0.0
2020-06-17 21:00:00,4136001,9kRcWv60rDACzjR,0.0,0.0,0.0
2020-06-17 21:00:00,4136001,q49J1IKaHRwDQnt,0.0,0.0,0.0
2020-06-17 21:00:00,4136001,oZ35aAeoifZaQzV,0.0,0.0,0.0
2020-06-17 21:00:00,4136001,NgDl19wMapZy17u,0.0,0.0,0.0
2020-06-17 21:00:00,4136001,mqwcsP2rE7J0TFp,0.0,0.0,0.0
2020-06-17 21:00:00,4136001,PeE6FRyGXUgsRhN,0.0,0.0,0.0
2020-06-17 21:00:00,4136001,oZZkBaNadn6DNKz,0.0,0.0,0.0
2020-06-17 21:15:00,4136001,rrq4fwE8jgrTyWY,0.0,0.0,0.0
2020-06-17 21:15:00,4136001,Quc1TzYxW2pYoWX,0.0,0.0,0.0
2020-06-17 21:15:00,4136001,IQ2d7wF4YD8zU1Q,0.0,0.0,0.0
2020-06-17 21:15:00,4136001,xMbIugepa2P7lBB,0.0,0.0,0.0
2020-06-17 21:15:00,4136001,PeE6FRyGXUgsRhN,0.0,0.0,0.0
2020-06-17 21:15:00,4136001,Et9kgGMDl729KT4,0.0,0.0,0.0
2020-06-17 21:15:00,4136001,81aHJ1q11NBPMrL,0.0,0.0,0.0
2020-06-17 21:15:00,4136001,Mx2yZCDsyf6DPfv,0.0,0.0,0.0
2020-06-17 21:15:00,4136001,xoJJ8DcxJEcupym,0.0,0.0,0.0
2020-06-17 21:15:00,4136001,q49J1IKaHRwDQnt,0.0,0.0,0.0
2020-06-17 21:15:00,4136001,LlT2YUhhzqhg5Sw,0.0,0.0,0.0
2020-06-17 21:15:00,4136001,oZZkBaNadn6DNKz,0.0,0.0,0.0
2020-06-17 21:15:00,4136001,9kRcWv60rDACzjR,0.0,0.0,0.0
2020-06-17 21:15:00,4136001,Qf4GUc1pJu5T6c6,0.0,0.0,0.0
2020-06-17 21:15:00,4136001,NgDl19wMapZy17u,0.0,0.0,0.0
2020-06-17 21:15:00,4136001,oZ35aAeoifZaQzV,0.0,0.0,0.0
2020-06-17 21:15:00,4136001,WcxssY2VbP4hApt,0.0,0.0,0.0
2020-06-17 21:15:00,4136001,LYwnQax7tkwH5Cb,0.0,0.0,0.0
2020-06-17 21:15:00,4136001,V94E5Ben1TlhnDV,0.0,0.0,0.0
2020-06-17 21:15:00,4136001,4UPUqMRk7TRMgml,0.0,0.0,0.0
2020-06-17 21:15:00,4136001,mqwcsP2rE7J0TFp,0.0,0.0,0.0
2020-06-17 21:15:00,4136001,vOuJvMaM2sgwLmb,0.0,0.0,0.0
2020-06-17 21:30:00,4136001,mqwcsP2rE7J0TFp,0.0,0.0,0.0
2020-06-17 21:30:00,4136001,IQ2d7wF4YD8zU1Q,0.0,0.0,0.0
2020-06-17 21:30:00,4136001,xoJJ8DcxJEcupym,0.0,0.0,0.0
2020-06-17 21:30:00,4136001,LlT2YUhhzqhg5Sw,0.0,0.0,0.0
2020-06-17 21:30:00,4136001,4UPUqMRk7TRMgml,0.0,0.0,0.0
2020-06-17 21:30:00,4136001,rrq4fwE8jgrTyWY,0.0,0.0,0.0
2020-06-17 21:30:00,4136001,81aHJ1q11NBPMrL,0.0,0.0,0.0
2020-06-17 21:30:00,4136001,oZZkBaNadn6DNKz,0.0,0.0,0.0
2020-06-17 21:30:00,4136001,WcxssY2VbP4hApt,0.0,0.0,0.0
2020-06-17 21:30:00,4136001,V94E5Ben1TlhnDV,0.0,0.0,0.0
2020-06-17 21:30:00,4136001,oZ35aAeoifZaQzV,0.0,0.0,0.0
2020-06-17 21:30:00,4136001,q49J1IKaHRwDQnt,0.0,0.0,0.0
2020-06-17 21:30:00,4136001,Qf4GUc1pJu5T6c6,0.0,0.0,0.0
2020-06-17 21:30:00,4136001,vOuJvMaM2sgwLmb,0.0,0.0,0.0
2020-06-17 21:30:00,4136001,LYwnQax7tkwH5Cb,0.0,0.0,0.0
2020-06-17 21:30:00,4136001,9kRcWv60rDACzjR,0.0,0.0,0.0
2020-06-17 21:30:00,4136001,PeE6FRyGXUgsRhN,0.0,0.0,0.0
2020-06-17 21:30:00,4136001,Et9kgGMDl729KT4,0.0,0.0,0.0
2020-06-17 21:30:00,4136001,Quc1TzYxW2pYoWX,0.0,0.0,0.0
2020-06-17 21:30:00,4136001,xMbIugepa2P7lBB,0.0,0.0,0.0
2020-06-17 21:30:00,4136001,Mx2yZCDsyf6DPfv,0.0,0.0,0.0
2020-06-17 21:30:00,4136001,NgDl19wMapZy17u,0.0,0.0,0.0
2020-06-17 21:45:00,4136001,PeE6FRyGXUgsRhN,0.0,0.0,0.0
2020-06-17 21:45:00,4136001,Mx2yZCDsyf6DPfv,0.0,0.0,0.0
2020-06-17 21:45:00,4136001,oZZkBaNadn6DNKz,0.0,0.0,0.0
2020-06-17 21:45:00,4136001,Qf4GUc1pJu5T6c6,0.0,0.0,0.0
2020-06-17 21:45:00,4136001,xMbIugepa2P7lBB,0.0,0.0,0.0
2020-06-17 21:45:00,4136001,rrq4fwE8jgrTyWY,0.0,0.0,0.0
2020-06-17 21:45:00,4136001,81aHJ1q11NBPMrL,0.0,0.0,0.0
2020-06-17 21:45:00,4136001,oZ35aAeoifZaQzV,0.0,0.0,0.0
2020-06-17 21:45:00,4136001,vOuJvMaM2sgwLmb,0.0,0.0,0.0
2020-06-17 21:45:00,4136001,Et9kgGMDl729KT4,0.0,0.0,0.0
2020-06-17 21:45:00,4136001,IQ2d7wF4YD8zU1Q,0.0,0.0,0.0
2020-06-17 21:45:00,4136001,NgDl19wMapZy17u,0.0,0.0,0.0
2020-06-17 21:45:00,4136001,Quc1TzYxW2pYoWX,0.0,0.0,0.0
2020-06-17 21:45:00,4136001,xoJJ8DcxJEcupym,0.0,0.0,0.0
2020-06-17 21:45:00,4136001,V94E5Ben1TlhnDV,0.0,0.0,0.0
2020-06-17 21:45:00,4136001,WcxssY2VbP4hApt,0.0,0.0,0.0
2020-06-17 21:45:00,4136001,q49J1IKaHRwDQnt,0.0,0.0,0.0
2020-06-17 21:45:00,4136001,mqwcsP2rE7J0TFp,0.0,0.0,0.0
2020-06-17 21:45:00,4136001,9kRcWv60rDACzjR,0.0,0.0,0.0
2020-06-17 21:45:00,4136001,LlT2YUhhzqhg5Sw,0.0,0.0,0.0
2020-06-17 21:45:00,4136001,4UPUqMRk7TRMgml,0.0,0.0,0.0
2020-06-17 21:45:00,4136001,LYwnQax7tkwH5Cb,0.0,0.0,0.0
2020-06-17 22:00:00,4136001,Mx2yZCDsyf6DPfv,0.0,0.0,0.0
2020-06-17 22:00:00,4136001,mqwcsP2rE7J0TFp,0.0,0.0,0.0
2020-06-17 22:00:00,4136001,4UPUqMRk7TRMgml,0.0,0.0,0.0
2020-06-17 22:00:00,4136001,rrq4fwE8jgrTyWY,0.0,0.0,0.0
2020-06-17 22:00:00,4136001,IQ2d7wF4YD8zU1Q,0.0,0.0,0.0
2020-06-17 22:00:00,4136001,Et9kgGMDl729KT4,0.0,0.0,0.0
2020-06-17 22:00:00,4136001,81aHJ1q11NBPMrL,0.0,0.0,0.0
2020-06-17 22:00:00,4136001,LYwnQax7tkwH5Cb,0.0,0.0,0.0
2020-06-17 22:00:00,4136001,xoJJ8DcxJEcupym,0.0,0.0,0.0
2020-06-17 22:00:00,4136001,V94E5Ben1TlhnDV,0.0,0.0,0.0
2020-06-17 22:00:00,4136001,NgDl19wMapZy17u,0.0,0.0,0.0
2020-06-17 22:00:00,4136001,vOuJvMaM2sgwLmb,0.0,0.0,0.0
2020-06-17 22:00:00,4136001,Qf4GUc1pJu5T6c6,0.0,0.0,0.0
2020-06-17 22:00:00,4136001,xMbIugepa2P7lBB,0.0,0.0,0.0
2020-06-17 22:00:00,4136001,LlT2YUhhzqhg5Sw,0.0,0.0,0.0
2020-06-17 22:00:00,4136001,q49J1IKaHRwDQnt,0.0,0.0,0.0
2020-06-17 22:00:00,4136001,oZZkBaNadn6DNKz,0.0,0.0,0.0
2020-06-17 22:00:00,4136001,9kRcWv60rDACzjR,0.0,0.0,0.0
2020-06-17 22:00:00,4136001,Quc1TzYxW2pYoWX,0.0,0.0,0.0
2020-06-17 22:00:00,4136001,PeE6FRyGXUgsRhN,0.0,0.0,0.0
2020-06-17 22:00:00,4136001,WcxssY2VbP4hApt,0.0,0.0,0.0
2020-06-17 22:00:00,4136001,oZ35aAeoifZaQzV,0.0,0.0,0.0
2020-06-17 22:15:00,4136001,oZ35aAeoifZaQzV,0.0,0.0,0.0
2020-06-17 22:15:00,4136001,xMbIugepa2P7lBB,0.0,0.0,0.0
2020-06-17 22:15:00,4136001,9kRcWv60rDACzjR,0.0,0.0,0.0
2020-06-17 22:15:00,4136001,vOuJvMaM2sgwLmb,0.0,0.0,0.0
2020-06-17 22:15:00,4136001,q49J1IKaHRwDQnt,0.0,0.0,0.0
2020-06-17 22:15:00,4136001,IQ2d7wF4YD8zU1Q,0.0,0.0,0.0
2020-06-17 22:15:00,4136001,4UPUqMRk7TRMgml,0.0,0.0,0.0
2020-06-17 22:15:00,4136001,Et9kgGMDl729KT4,0.0,0.0,0.0
2020-06-17 22:15:00,4136001,V94E5Ben1TlhnDV,0.0,0.0,0.0
2020-06-17 22:15:00,4136001,Quc1TzYxW2pYoWX,0.0,0.0,0.0
2020-06-17 22:15:00,4136001,WcxssY2VbP4hApt,0.0,0.0,0.0
2020-06-17 22:15:00,4136001,oZZkBaNadn6DNKz,0.0,0.0,0.0
2020-06-17 22:15:00,4136001,PeE6FRyGXUgsRhN,0.0,0.0,0.0
2020-06-17 22:15:00,4136001,LlT2YUhhzqhg5Sw,0.0,0.0,0.0
2020-06-17 22:15:00,4136001,LYwnQax7tkwH5Cb,0.0,0.0,0.0
2020-06-17 22:15:00,4136001,mqwcsP2rE7J0TFp,0.0,0.0,0.0
2020-06-17 22:15:00,4136001,Qf4GUc1pJu5T6c6,0.0,0.0,0.0
2020-06-17 22:15:00,4136001,Mx2yZCDsyf6DPfv,0.0,0.0,0.0
2020-06-17 22:15:00,4136001,xoJJ8DcxJEcupym,0.0,0.0,0.0
2020-06-17 22:15:00,4136001,NgDl19wMapZy17u,0.0,0.0,0.0
2020-06-17 22:15:00,4136001,81aHJ1q11NBPMrL,0.0,0.0,0.0
2020-06-17 22:15:00,4136001,rrq4fwE8jgrTyWY,0.0,0.0,0.0
2020-06-17 22:30:00,4136001,Mx2yZCDsyf6DPfv,0.0,0.0,0.0
2020-06-17 22:30:00,4136001,Qf4GUc1pJu5T6c6,0.0,0.0,0.0
2020-06-17 22:30:00,4136001,PeE6FRyGXUgsRhN,0.0,0.0,0.0
2020-06-17 22:30:00,4136001,NgDl19wMapZy17u,0.0,0.0,0.0
2020-06-17 22:30:00,4136001,vOuJvMaM2sgwLmb,0.0,0.0,0.0
2020-06-17 22:30:00,4136001,WcxssY2VbP4hApt,0.0,0.0,0.0
2020-06-17 22:30:00,4136001,LYwnQax7tkwH5Cb,0.0,0.0,0.0
2020-06-17 22:30:00,4136001,oZ35aAeoifZaQzV,0.0,0.0,0.0
2020-06-17 22:30:00,4136001,V94E5Ben1TlhnDV,0.0,0.0,0.0
2020-06-17 22:30:00,4136001,9kRcWv60rDACzjR,0.0,0.0,0.0
2020-06-17 22:30:00,4136001,81aHJ1q11NBPMrL,0.0,0.0,0.0
2020-06-17 22:30:00,4136001,Quc1TzYxW2pYoWX,0.0,0.0,0.0
2020-06-17 22:30:00,4136001,Et9kgGMDl729KT4,0.0,0.0,0.0
2020-06-17 22:30:00,4136001,xoJJ8DcxJEcupym,0.0,0.0,0.0
2020-06-17 22:30:00,4136001,oZZkBaNadn6DNKz,0.0,0.0,0.0
2020-06-17 22:30:00,4136001,LlT2YUhhzqhg5Sw,0.0,0.0,0.0
2020-06-17 22:30:00,4136001,IQ2d7wF4YD8zU1Q,0.0,0.0,0.0
2020-06-17 22:30:00,4136001,4UPUqMRk7TRMgml,0.0,0.0,0.0
2020-06-17 22:30:00,4136001,mqwcsP2rE7J0TFp,0.0,0.0,0.0
2020-06-17 22:30:00,4136001,rrq4fwE8jgrTyWY,0.0,0.0,0.0
2020-06-17 22:30:00,4136001,xMbIugepa2P7lBB,0.0,0.0,0.0
2020-06-17 22:30:00,4136001,q49J1IKaHRwDQnt,0.0,0.0,0.0
2020-06-17 22:45:00,4136001,LYwnQax7tkwH5Cb,0.0,0.0,0.0
2020-06-17 22:45:00,4136001,rrq4fwE8jgrTyWY,0.0,0.0,0.0
2020-06-17 22:45:00,4136001,Et9kgGMDl729KT4,0.0,0.0,0.0
2020-06-17 22:45:00,4136001,81aHJ1q11NBPMrL,0.0,0.0,0.0
2020-06-17 22:45:00,4136001,WcxssY2VbP4hApt,0.0,0.0,0.0
2020-06-17 22:45:00,4136001,NgDl19wMapZy17u,0.0,0.0,0.0
2020-06-17 22:45:00,4136001,PeE6FRyGXUgsRhN,0.0,0.0,0.0
2020-06-17 22:45:00,4136001,mqwcsP2rE7J0TFp,0.0,0.0,0.0
2020-06-17 22:45:00,4136001,oZZkBaNadn6DNKz,0.0,0.0,0.0
2020-06-17 22:45:00,4136001,LlT2YUhhzqhg5Sw,0.0,0.0,0.0
2020-06-17 22:45:00,4136001,Mx2yZCDsyf6DPfv,0.0,0.0,0.0
2020-06-17 22:45:00,4136001,Qf4GUc1pJu5T6c6,0.0,0.0,0.0
2020-06-17 22:45:00,4136001,Quc1TzYxW2pYoWX,0.0,0.0,0.0
2020-06-17 22:45:00,4136001,vOuJvMaM2sgwLmb,0.0,0.0,0.0
2020-06-17 22:45:00,4136001,V94E5Ben1TlhnDV,0.0,0.0,0.0
2020-06-17 22:45:00,4136001,9kRcWv60rDACzjR,0.0,0.0,0.0
2020-06-17 22:45:00,4136001,q49J1IKaHRwDQnt,0.0,0.0,0.0
2020-06-17 22:45:00,4136001,xMbIugepa2P7lBB,0.0,0.0,0.0
2020-06-17 22:45:00,4136001,oZ35aAeoifZaQzV,0.0,0.0,0.0
2020-06-17 22:45:00,4136001,xoJJ8DcxJEcupym,0.0,0.0,0.0
2020-06-17 22:45:00,4136001,IQ2d7wF4YD8zU1Q,0.0,0.0,0.0
2020-06-17 22:45:00,4136001,4UPUqMRk7TRMgml,0.0,0.0,0.0
2020-06-17 23:00:00,4136001,LlT2YUhhzqhg5Sw,0.0,0.0,0.0
2020-06-17 23:00:00,4136001,Quc1TzYxW2pYoWX,0.0,0.0,0.0
2020-06-17 23:00:00,4136001,9kRcWv60rDACzjR,0.0,0.0,0.0
2020-06-17 23:00:00,4136001,q49J1IKaHRwDQnt,0.0,0.0,0.0
2020-06-17 23:00:00,4136001,PeE6FRyGXUgsRhN,0.0,0.0,0.0
2020-06-17 23:00:00,4136001,NgDl19wMapZy17u,0.0,0.0,0.0
2020-06-17 23:00:00,4136001,Et9kgGMDl729KT4,0.0,0.0,0.0
2020-06-17 23:00:00,4136001,oZ35aAeoifZaQzV,0.0,0.0,0.0
2020-06-17 23:00:00,4136001,V94E5Ben1TlhnDV,0.0,0.0,0.0
2020-06-17 23:00:00,4136001,LYwnQax7tkwH5Cb,0.0,0.0,0.0
2020-06-17 23:00:00,4136001,mqwcsP2rE7J0TFp,0.0,0.0,0.0
2020-06-17 23:00:00,4136001,oZZkBaNadn6DNKz,0.0,0.0,0.0
2020-06-17 23:00:00,4136001,xoJJ8DcxJEcupym,0.0,0.0,0.0
2020-06-17 23:00:00,4136001,vOuJvMaM2sgwLmb,0.0,0.0,0.0
2020-06-17 23:00:00,4136001,Qf4GUc1pJu5T6c6,0.0,0.0,0.0
2020-06-17 23:00:00,4136001,Mx2yZCDsyf6DPfv,0.0,0.0,0.0
2020-06-17 23:00:00,4136001,xMbIugepa2P7lBB,0.0,0.0,0.0
2020-06-17 23:00:00,4136001,rrq4fwE8jgrTyWY,0.0,0.0,0.0
2020-06-17 23:00:00,4136001,IQ2d7wF4YD8zU1Q,0.0,0.0,0.0
2020-06-17 23:00:00,4136001,4UPUqMRk7TRMgml,0.0,0.0,0.0
2020-06-17 23:00:00,4136001,WcxssY2VbP4hApt,0.0,0.0,0.0
2020-06-17 23:00:00,4136001,81aHJ1q11NBPMrL,0.0,0.0,0.0
2020-06-17 23:15:00,4136001,mqwcsP2rE7J0TFp,0.0,0.0,0.0
2020-06-17 23:15:00,4136001,rrq4fwE8jgrTyWY,0.0,0.0,0.0
2020-06-17 23:15:00,4136001,q49J1IKaHRwDQnt,0.0,0.0,0.0
2020-06-17 23:15:00,4136001,oZ35aAeoifZaQzV,0.0,0.0,0.0
2020-06-17 23:15:00,4136001,xMbIugepa2P7lBB,0.0,0.0,0.0
2020-06-17 23:15:00,4136001,PeE6FRyGXUgsRhN,0.0,0.0,0.0
2020-06-17 23:15:00,4136001,IQ2d7wF4YD8zU1Q,0.0,0.0,0.0
2020-06-17 23:15:00,4136001,9kRcWv60rDACzjR,0.0,0.0,0.0
2020-06-17 23:15:00,4136001,LYwnQax7tkwH5Cb,0.0,0.0,0.0
2020-06-17 23:15:00,4136001,4UPUqMRk7TRMgml,0.0,0.0,0.0
2020-06-17 23:15:00,4136001,WcxssY2VbP4hApt,0.0,0.0,0.0
2020-06-17 23:15:00,4136001,Et9kgGMDl729KT4,0.0,0.0,0.0
2020-06-17 23:15:00,4136001,V94E5Ben1TlhnDV,0.0,0.0,0.0
2020-06-17 23:15:00,4136001,oZZkBaNadn6DNKz,0.0,0.0,0.0
2020-06-17 23:15:00,4136001,Quc1TzYxW2pYoWX,0.0,0.0,0.0
2020-06-17 23:15:00,4136001,Mx2yZCDsyf6DPfv,0.0,0.0,0.0
2020-06-17 23:15:00,4136001,81aHJ1q11NBPMrL,0.0,0.0,0.0
2020-06-17 23:15:00,4136001,xoJJ8DcxJEcupym,0.0,0.0,0.0
2020-06-17 23:15:00,4136001,Qf4GUc1pJu5T6c6,0.0,0.0,0.0
2020-06-17 23:15:00,4136001,NgDl19wMapZy17u,0.0,0.0,0.0
2020-06-17 23:15:00,4136001,vOuJvMaM2sgwLmb,0.0,0.0,0.0
2020-06-17 23:15:00,4136001,LlT2YUhhzqhg5Sw,0.0,0.0,0.0
2020-06-17 23:30:00,4136001,rrq4fwE8jgrTyWY,0.0,0.0,0.0
2020-06-17 23:30:00,4136001,81aHJ1q11NBPMrL,0.0,0.0,0.0
2020-06-17 23:30:00,4136001,4UPUqMRk7TRMgml,0.0,0.0,0.0
2020-06-17 23:30:00,4136001,9kRcWv60rDACzjR,0.0,0.0,0.0
2020-06-17 23:30:00,4136001,vOuJvMaM2sgwLmb,0.0,0.0,0.0
2020-06-17 23:30:00,4136001,q49J1IKaHRwDQnt,0.0,0.0,0.0
2020-06-17 23:30:00,4136001,PeE6FRyGXUgsRhN,0.0,0.0,0.0
2020-06-17 23:30:00,4136001,xMbIugepa2P7lBB,0.0,0.0,0.0
2020-06-17 23:30:00,4136001,Et9kgGMDl729KT4,0.0,0.0,0.0
2020-06-17 23:30:00,4136001,oZ35aAeoifZaQzV,0.0,0.0,0.0
2020-06-17 23:30:00,4136001,IQ2d7wF4YD8zU1Q,0.0,0.0,0.0
2020-06-17 23:30:00,4136001,mqwcsP2rE7J0TFp,0.0,0.0,0.0
2020-06-17 23:30:00,4136001,LYwnQax7tkwH5Cb,0.0,0.0,0.0
2020-06-17 23:30:00,4136001,WcxssY2VbP4hApt,0.0,0.0,0.0
2020-06-17 23:30:00,4136001,V94E5Ben1TlhnDV,0.0,0.0,0.0
2020-06-17 23:30:00,4136001,LlT2YUhhzqhg5Sw,0.0,0.0,0.0
2020-06-17 23:30:00,4136001,Quc1TzYxW2pYoWX,0.0,0.0,0.0
2020-06-17 23:30:00,4136001,Mx2yZCDsyf6DPfv,0.0,0.0,0.0
2020-06-17 23:30:00,4136001,Qf4GUc1pJu5T6c6,0.0,0.0,0.0
2020-06-17 23:30:00,4136001,NgDl19wMapZy17u,0.0,0.0,0.0
2020-06-17 23:30:00,4136001,oZZkBaNadn6DNKz,0.0,0.0,0.0
2020-06-17 23:30:00,4136001,xoJJ8DcxJEcupym,0.0,0.0,0.0
