DATE_TIME,PLANT_ID,SOURCE_KEY,AC_POWER,TARGET_AC_POWER,PERSISTENCE_PREDICTION
2020-06-13 04:30:00,4135001,1BY6WEcLGh8j5v7,0.0,0.0,0.0
2020-06-13 04:30:00,4135001,YxYtjZvoooNbGkE,0.0,0.0,0.0
2020-06-13 04:30:00,4135001,McdE0feGgRqW7Ca,0.0,0.0,0.0
2020-06-13 04:30:00,4135001,wCURE6d3bPkepu2,0.0,0.0,0.0
2020-06-13 04:30:00,4135001,bvBOhCH3iADSZry,0.0,0.0,0.0
2020-06-13 04:30:00,4135001,ih0vzX44oOqAx2f,0.0,0.0,0.0
2020-06-13 04:30:00,4135001,pkci93gMrogZuBj,0.0,0.0,0.0
2020-06-13 04:30:00,4135001,iCRJl6heRkivqQ3,0.0,0.0,0.0
2020-06-13 04:30:00,4135001,ZoEaEvLYb1n2sOq,0.0,0.0,0.0
2020-06-13 04:30:00,4135001,1IF53ai7Xc0U56Y,0.0,0.0,0.0
2020-06-13 04:30:00,4135001,VHMLBKoKgIrUVDU,0.0,0.0,0.0
2020-06-13 04:30:00,4135001,adLQvlD726eNBSB,0.0,0.0,0.0
2020-06-13 04:30:00,4135001,uHbuxQJl8lW7ozc,0.0,0.0,0.0
2020-06-13 04:30:00,4135001,WRmjgnKYAwPKWDb,0.0,0.0,0.0
2020-06-13 04:30:00,4135001,z9Y9gH1T5YWrNuG,0.0,0.0,0.0
2020-06-13 04:30:00,4135001,3PZuoBAID5Wc2HD,0.0,0.0,0.0
2020-06-13 04:30:00,4135001,ZnxXDlPa8U1GXgE,0.0,0.0,0.0
2020-06-13 04:30:00,4135001,zVJPv84UY57bAof,0.0,0.0,0.0
2020-06-13 04:30:00,4135001,7JYdWkrLSPkdwr4,0.0,0.0,0.0
2020-06-13 04:30:00,4135001,zBIq5rxdHJRwDNY,0.0,0.0,0.0
2020-06-13 04:30:00,4135001,rGa61gmuvPhdLxV,0.0,0.0,0.0
2020-06-13 04:30:00,4135001,sjndEbLyjtCKgGv,0.0,0.0,0.0
2020-06-13 04:45:00,4135001,sjndEbLyjtCKgGv,0.0,0.0,0.0
2020-06-13 04:45:00,4135001,ZoEaEvLYb1n2sOq,0.0,0.0,0.0
2020-06-13 04:45:00,4135001,uHbuxQJl8lW7ozc,0.0,0.0,0.0
2020-06-13 04:45:00,4135001,adLQvlD726eNBSB,0.0,0.0,0.0
2020-06-13 04:45:00,4135001,z9Y9gH1T5YWrNuG,0.0,0.0,0.0
2020-06-13 04:45:00,4135001,wCURE6d3bPkepu2,0.0,0.0,0.0
2020-06-13 04:45:00,4135001,iCRJl6heRkivqQ3,0.0,0.0,0.0
2020-06-13 04:45:00,4135001,WRmjgnKYAwPKWDb,0.0,0.0,0.0
2020-06-13 04:45:00,4135001,McdE0feGgRqW7Ca,0.0,0.0,0.0
2020-06-13 04:45:00,4135001,zBIq5rxdHJRwDNY,0.0,0.0,0.0
2020-06-13 04:45:00,4135001,ZnxXDlPa8U1GXgE,0.0,0.0,0.0
2020-06-13 04:45:00,4135001,VHMLBKoKgIrUVDU,0.0,0.0,0.0
2020-06-13 04:45:00,4135001,YxYtjZvoooNbGkE,0.0,0.0,0.0
2020-06-13 04:45:00,4135001,1IF53ai7Xc0U56Y,0.0,0.0,0.0
2020-06-13 04:45:00,4135001,zVJPv84UY57bAof,0.0,0.0,0.0
2020-06-13 04:45:00,4135001,bvBOhCH3iADSZry,0.0,0.0,0.0
2020-06-13 04:45:00,4135001,pkci93gMrogZuBj,0.0,0.0,0.0
2020-06-13 04:45:00,4135001,rGa61gmuvPhdLxV,0.0,0.0,0.0
2020-06-13 04:45:00,4135001,1BY6WEcLGh8j5v7,0.0,0.0,0.0
2020-06-13 04:45:00,4135001,3PZuoBAID5Wc2HD,0.0,0.0,0.0
2020-06-13 04:45:00,4135001,7JYdWkrLSPkdwr4,0.0,0.0,0.0
2020-06-13 04:45:00,4135001,ih0vzX44oOqAx2f,0.0,0.0,0.0
2020-06-13 05:00:00,4135001,zBIq5rxdHJRwDNY,0.0,0.0,0.0
2020-06-13 05:00:00,4135001,YxYtjZvoooNbGkE,0.0,0.0,0.0
2020-06-13 05:00:00,4135001,uHbuxQJl8lW7ozc,0.0,0.0,0.0
2020-06-13 05:00:00,4135001,rGa61gmuvPhdLxV,0.0,0.0,0.0
2020-06-13 05:00:00,4135001,WRmjgnKYAwPKWDb,0.0,0.0,0.0
2020-06-13 05:00:00,4135001,1IF53ai7Xc0U56Y,0.0,0.0,0.0
2020-06-13 05:00:00,4135001,McdE0feGgRqW7Ca,0.0,0.0,0.0
2020-06-13 05:00:00,4135001,bvBOhCH3iADSZry,0.0,0.0,0.0
2020-06-13 05:00:00,4135001,adLQvlD726eNBSB,0.0,0.0,0.0
2020-06-13 05:00:00,4135001,ZoEaEvLYb1n2sOq,0.0,0.0,0.0
2020-06-13 05:00:00,4135001,zVJPv84UY57bAof,0.0,0.0,0.0
2020-06-13 05:00:00,4135001,1BY6WEcLGh8j5v7,0.0,0.0,0.0
2020-06-13 05:00:00,4135001,wCURE6d3bPkepu2,0.0,0.0,0.0
2020-06-13 05:00:00,4135001,sjndEbLyjtCKgGv,0.0,0.0,0.0
2020-06-13 05:00:00,4135001,ih0vzX44oOqAx2f,0.0,0.0,0.0
2020-06-13 05:00:00,4135001,VHMLBKoKgIrUVDU,0.0,0.0,0.0
2020-06-13 05:00:00,4135001,z9Y9gH1T5YWrNuG,0.0,0.0,0.0
2020-06-13 05:00:00,4135001,7JYdWkrLSPkdwr4,0.0,0.0,0.0
2020-06-13 05:00:00,4135001,ZnxXDlPa8U1GXgE,0.0,0.0,0.0
2020-06-13 05:00:00,4135001,3PZuoBAID5Wc2HD,0.0,0.0,0.0
2020-06-13 05:00:00,4135001,pkci93gMrogZuBj,0.0,0.0,0.0
2020-06-13 05:00:00,4135001,iCRJl6heRkivqQ3,0.0,0.0,0.0
2020-06-13 05:15:00,4135001,3PZuoBAID5Wc2HD,0.0,0.0,0.0
2020-06-13 05:15:00,4135001,zVJPv84UY57bAof,0.0,0.0,0.0
2020-06-13 05:15:00,4135001,rGa61gmuvPhdLxV,0.0,0.0,0.0
2020-06-13 05:15:00,4135001,1IF53ai7Xc0U56Y,0.0,0.0,0.0
2020-06-13 05:15:00,4135001,ih0vzX44oOqAx2f,0.0,0.0,0.0
2020-06-13 05:15:00,4135001,ZnxXDlPa8U1GXgE,0.0,0.0,0.0
2020-06-13 05:15:00,4135001,pkci93gMrogZuBj,0.0,0.0,0.0
2020-06-13 05:15:00,4135001,VHMLBKoKgIrUVDU,0.0,0.0,0.0
2020-06-13 05:15:00,4135001,YxYtjZvoooNbGkE,0.0,0.0,0.0
2020-06-13 05:15:00,4135001,ZoEaEvLYb1n2sOq,0.0,0.0,0.0
2020-06-13 05:15:00,4135001,wCURE6d3bPkepu2,0.0,0.0,0.0
2020-06-13 05:15:00,4135001,bvBOhCH3iADSZry,0.0,0.0,0.0
2020-06-13 05:15:00,4135001,iCRJl6heRkivqQ3,0.0,0.0,0.0
2020-06-13 05:15:00,4135001,zBIq5rxdHJRwDNY,0.0,0.0,0.0
2020-06-13 05:15:00,4135001,uHbuxQJl8lW7ozc,0.0,0.0,0.0
2020-06-13 05:15:00,4135001,1BY6WEcLGh8j5v7,0.0,0.0,0.0
2020-06-13 05:15:00,4135001,sjndEbLyjtCKgGv,0.0,0.0,0.0
2020-06-13 05:15:00,4135001,adLQvlD726eNBSB,0.0,0.0,0.0
2020-06-13 05:15:00,4135001,z9Y9gH1T5YWrNuG,0.0,0.0,0.0
2020-06-13 05:15:00,4135001,McdE0feGgRqW7Ca,0.0,0.0,0.0
2020-06-13 05:15:00,4135001,7JYdWkrLSPkdwr4,0.0,0.0,0.0
2020-06-13 05:15:00,4135001,WRmjgnKYAwPKWDb,0.0,0.0,0.0
2020-06-13 05:30:00,4135001,ZnxXDlPa8U1GXgE,0.0,0.0,0.0
2020-06-13 05:30:00,4135001,3PZuoBAID5Wc2HD,0.0,0.0,0.0
2020-06-13 05:30:00,4135001,McdE0feGgRqW7Ca,0.0,0.0,0.0
2020-06-13 05:30:00,4135001,ZoEaEvLYb1n2sOq,0.0,0.0,0.0
2020-06-13 05:30:00,4135001,sjndEbLyjtCKgGv,0.0,0.0,0.0
2020-06-13 05:30:00,4135001,1IF53ai7Xc0U56Y,0.0,0.0,0.0
2020-06-13 05:30:00,4135001,uHbuxQJl8lW7ozc,0.0,0.0,0.0
2020-06-13 05:30:00,4135001,zBIq5rxdHJRwDNY,0.0,0.0,0.0
2020-06-13 05:30:00,4135001,1BY6WEcLGh8j5v7,0.0,0.0,0.0
2020-06-13 05:30:00,4135001,VHMLBKoKgIrUVDU,0.0,0.0,0.0
2020-06-13 05:30:00,4135001,YxYtjZvoooNbGkE,0.0,0.0,0.0
2020-06-13 05:30:00,4135001,iCRJl6heRkivqQ3,0.0,0.0,0.0
2020-06-13 05:30:00,4135001,z9Y9gH1T5YWrNuG,0.0,0.0,0.0
2020-06-13 05:30:00,4135001,wCURE6d3bPkepu2,0.0,0.0,0.0
2020-06-13 05:30:00,4135001,rGa61gmuvPhdLxV,0.0,0.0,0.0
2020-06-13 05:30:00,4135001,pkci93gMrogZuBj,0.0,0.0,0.0
2020-06-13 05:30:00,4135001,bvBOhCH3iADSZry,0.0,0.0,0.0
2020-06-13 05:30:00,4135001,zVJPv84UY57bAof,0.0,0.0,0.0
2020-06-13 05:30:00,4135001,ih0vzX44oOqAx2f,0.0,0.0,0.0
2020-06-13 05:30:00,4135001,adLQvlD726eNBSB,0.0,0.0,0.0
2020-06-13 05:30:00,4135001,WRmjgnKYAwPKWDb,0.0,0.0,0.0
2020-06-13 05:30:00,4135001,7JYdWkrLSPkdwr4,0.0,0.0,0.0
2020-06-13 05:45:00,4135001,ih0vzX44oOqAx2f,0.0,9.9375,0.0
2020-06-13 05:45:00,4135001,bvBOhCH3iADSZry,0.0,8.7,0.0
2020-06-13 05:45:00,4135001,McdE0feGgRqW7Ca,0.0,8.128571429,0.0
2020-06-13 05:45:00,4135001,WRmjgnKYAwPKWDb,0.0,8.957142857,0.0
2020-06-13 05:45:00,4135001,sjndEbLyjtCKgGv,0.0,8.185714286,0.0
2020-06-13 05:45:00,4135001,z9Y9gH1T5YWrNuG,0.0,8.3,0.0
2020-06-13 05:45:00,4135001,7JYdWkrLSPkdwr4,0.0,10.425,0.0
2020-06-13 05:45:00,4135001,uHbuxQJl8lW7ozc,0.0,9.157142857,0.0
2020-06-13 05:45:00,4135001,adLQvlD726eNBSB,0.0,10.425,0.0
2020-06-13 05:45:00,4135001,wCURE6d3bPkepu2,0.0,8.114285714,0.0
2020-06-13 05:45:00,4135001,ZnxXDlPa8U1GXgE,0.0,10.85,0.0
2020-06-13 05:45:00,4135001,ZoEaEvLYb1n2sOq,0.0,7.975,0.0
2020-06-13 05:45:00,4135001,rGa61gmuvPhdLxV,0.0,8.0,0.0
2020-06-13 05:45:00,4135001,1IF53ai7Xc0U56Y,0.0,9.975,0.0
2020-06-13 05:45:00,4135001,iCRJl6heRkivqQ3,0.0,8.3,0.0
2020-06-13 05:45:00,4135001,YxYtjZvoooNbGkE,0.0,8.9,0.0
2020-06-13 05:45:00,4135001,VHMLBKoKgIrUVDU,0.0,10.5125,0.0
2020-06-13 05:45:00,4135001,3PZuoBAID5Wc2HD,0.0,9.014285714,0.0
2020-06-13 05:45:00,4135001,zBIq5rxdHJRwDNY,0.0,9.15,0.0
2020-06-13 05:45:00,4135001,zVJPv84UY57bAof,0.0,7.8375,0.0
2020-06-13 05:45:00,4135001,pkci93gMrogZuBj,0.0,8.857142857,0.0
2020-06-13 05:45:00,4135001,1BY6WEcLGh8j5v7,0.0,9.1625,0.0
2020-06-13 06:00:00,4135001,3PZuoBAID5Wc2HD,9.014285714,36.775,9.014285714
2020-06-13 06:00:00,4135001,ih0vzX44oOqAx2f,9.9375,35.41428571,9.9375
2020-06-13 06:00:00,4135001,VHMLBKoKgIrUVDU,10.5125,37.18571429,10.5125
2020-06-13 06:00:00,4135001,wCURE6d3bPkepu2,8.114285714,33.9375,8.114285714
2020-06-13 06:00:00,4135001,z9Y9gH1T5YWrNuG,8.3,34.2375,8.3
2020-06-13 06:00:00,4135001,ZoEaEvLYb1n2sOq,7.975,33.94285714,7.975
2020-06-13 06:00:00,4135001,pkci93gMrogZuBj,8.857142857,33.7,8.857142857
2020-06-13 06:00:00,4135001,WRmjgnKYAwPKWDb,8.957142857,36.075,8.957142857
2020-06-13 06:00:00,4135001,iCRJl6heRkivqQ3,8.3,34.68571429,8.3
2020-06-13 06:00:00,4135001,bvBOhCH3iADSZry,8.7,32.35714286,8.7
2020-06-13 06:00:00,4135001,1IF53ai7Xc0U56Y,9.975,36.88571429,9.975
2020-06-13 06:00:00,4135001,YxYtjZvoooNbGkE,8.9,33.84285714,8.9
2020-06-13 06:00:00,4135001,zBIq5rxdHJRwDNY,9.15,34.32857143,9.15
2020-06-13 06:00:00,4135001,rGa61gmuvPhdLxV,8.0,34.0,8.0
2020-06-13 06:00:00,4135001,1BY6WEcLGh8j5v7,9.1625,33.22857143,9.1625
2020-06-13 06:00:00,4135001,uHbuxQJl8lW7ozc,9.157142857,34.14285714,9.157142857
2020-06-13 06:00:00,4135001,zVJPv84UY57bAof,7.8375,33.82857143,7.8375
2020-06-13 06:00:00,4135001,adLQvlD726eNBSB,10.425,37.92857143,10.425
2020-06-13 06:00:00,4135001,7JYdWkrLSPkdwr4,10.425,36.64285714,10.425
2020-06-13 06:00:00,4135001,McdE0feGgRqW7Ca,8.128571429,34.475,8.128571429
2020-06-13 06:00:00,4135001,sjndEbLyjtCKgGv,8.185714286,34.3375,8.185714286
2020-06-13 06:00:00,4135001,ZnxXDlPa8U1GXgE,10.85,36.41428571,10.85
2020-06-13 06:15:00,4135001,ih0vzX44oOqAx2f,35.41428571,57.75,35.41428571
2020-06-13 06:15:00,4135001,rGa61gmuvPhdLxV,34.0,56.3625,34.0
2020-06-13 06:15:00,4135001,wCURE6d3bPkepu2,33.9375,55.3,33.9375
2020-06-13 06:15:00,4135001,McdE0feGgRqW7Ca,34.475,56.65714286,34.475
2020-06-13 06:15:00,4135001,1IF53ai7Xc0U56Y,36.88571429,62.325,36.88571429
2020-06-13 06:15:00,4135001,YxYtjZvoooNbGkE,33.84285714,56.25,33.84285714
2020-06-13 06:15:00,4135001,zBIq5rxdHJRwDNY,34.32857143,56.7875,34.32857143
2020-06-13 06:15:00,4135001,sjndEbLyjtCKgGv,34.3375,55.92857143,34.3375
2020-06-13 06:15:00,4135001,VHMLBKoKgIrUVDU,37.18571429,59.08571429,37.18571429
2020-06-13 06:15:00,4135001,iCRJl6heRkivqQ3,34.68571429,57.375,34.68571429
2020-06-13 06:15:00,4135001,zVJPv84UY57bAof,33.82857143,56.1375,33.82857143
2020-06-13 06:15:00,4135001,pkci93gMrogZuBj,33.7,55.875,33.7
2020-06-13 06:15:00,4135001,adLQvlD726eNBSB,37.92857143,63.9625,37.92857143
2020-06-13 06:15:00,4135001,ZoEaEvLYb1n2sOq,33.94285714,56.475,33.94285714
2020-06-13 06:15:00,4135001,uHbuxQJl8lW7ozc,34.14285714,56.6375,34.14285714
2020-06-13 06:15:00,4135001,1BY6WEcLGh8j5v7,33.22857143,55.0375,33.22857143
2020-06-13 06:15:00,4135001,z9Y9gH1T5YWrNuG,34.2375,55.58571429,34.2375
2020-06-13 06:15:00,4135001,bvBOhCH3iADSZry,32.35714286,54.05,32.35714286
2020-06-13 06:15:00,4135001,WRmjgnKYAwPKWDb,36.075,60.67142857,36.075
2020-06-13 06:15:00,4135001,7JYdWkrLSPkdwr4,36.64285714,58.32857143,36.64285714
2020-06-13 06:15:00,4135001,ZnxXDlPa8U1GXgE,36.41428571,60.325,36.41428571
2020-06-13 06:15:00,4135001,3PZuoBAID5Wc2HD,36.775,61.95714286,36.775
2020-06-13 06:30:00,4135001,uHbuxQJl8lW7ozc,56.6375,99.31428571,56.6375
2020-06-13 06:30:00,4135001,zBIq5rxdHJRwDNY,56.7875,98.25714286,56.7875
2020-06-13 06:30:00,4135001,1BY6WEcLGh8j5v7,55.0375,102.1428571,55.0375
2020-06-13 06:30:00,4135001,bvBOhCH3iADSZry,54.05,98.84285714,54.05
2020-06-13 06:30:00,4135001,YxYtjZvoooNbGkE,56.25,100.9714286,56.25
2020-06-13 06:30:00,4135001,ZnxXDlPa8U1GXgE,60.325,110.3142857,60.325
2020-06-13 06:30:00,4135001,rGa61gmuvPhdLxV,56.3625,96.67142857,56.3625
2020-06-13 06:30:00,4135001,McdE0feGgRqW7Ca,56.65714286,102.3625,56.65714286
2020-06-13 06:30:00,4135001,7JYdWkrLSPkdwr4,58.32857143,109.625,58.32857143
2020-06-13 06:30:00,4135001,iCRJl6heRkivqQ3,57.375,100.5857143,57.375
2020-06-13 06:30:00,4135001,WRmjgnKYAwPKWDb,60.67142857,116.4625,60.67142857
2020-06-13 06:30:00,4135001,zVJPv84UY57bAof,56.1375,100.1285714,56.1375
2020-06-13 06:30:00,4135001,z9Y9gH1T5YWrNuG,55.58571429,100.75,55.58571429
2020-06-13 06:30:00,4135001,ih0vzX44oOqAx2f,57.75,104.1142857,57.75
2020-06-13 06:30:00,4135001,wCURE6d3bPkepu2,55.3,97.6125,55.3
2020-06-13 06:30:00,4135001,ZoEaEvLYb1n2sOq,56.475,100.2142857,56.475
2020-06-13 06:30:00,4135001,adLQvlD726eNBSB,63.9625,123.4714286,63.9625
2020-06-13 06:30:00,4135001,1IF53ai7Xc0U56Y,62.325,120.4142857,62.325
2020-06-13 06:30:00,4135001,sjndEbLyjtCKgGv,55.92857143,100.35,55.92857143
2020-06-13 06:30:00,4135001,pkci93gMrogZuBj,55.875,96.87142857,55.875
2020-06-13 06:30:00,4135001,3PZuoBAID5Wc2HD,61.95714286,121.2625,61.95714286
2020-06-13 06:30:00,4135001,VHMLBKoKgIrUVDU,59.08571429,110.9125,59.08571429
2020-06-13 06:45:00,4135001,rGa61gmuvPhdLxV,96.67142857,163.6875,96.67142857
2020-06-13 06:45:00,4135001,zBIq5rxdHJRwDNY,98.25714286,165.575,98.25714286
2020-06-13 06:45:00,4135001,1BY6WEcLGh8j5v7,102.1428571,170.95,102.1428571
2020-06-13 06:45:00,4135001,bvBOhCH3iADSZry,98.84285714,165.4,98.84285714
2020-06-13 06:45:00,4135001,sjndEbLyjtCKgGv,100.35,169.3142857,100.35
2020-06-13 06:45:00,4135001,YxYtjZvoooNbGkE,100.9714286,169.6125,100.9714286
2020-06-13 06:45:00,4135001,3PZuoBAID5Wc2HD,121.2625,199.8714286,121.2625
2020-06-13 06:45:00,4135001,VHMLBKoKgIrUVDU,110.9125,184.1285714,110.9125
2020-06-13 06:45:00,4135001,iCRJl6heRkivqQ3,100.5857143,169.5375,100.5857143
2020-06-13 06:45:00,4135001,WRmjgnKYAwPKWDb,116.4625,194.0857143,116.4625
2020-06-13 06:45:00,4135001,zVJPv84UY57bAof,100.1285714,169.1,100.1285714
2020-06-13 06:45:00,4135001,ih0vzX44oOqAx2f,104.1142857,175.0,104.1142857
2020-06-13 06:45:00,4135001,z9Y9gH1T5YWrNuG,100.75,169.9142857,100.75
2020-06-13 06:45:00,4135001,wCURE6d3bPkepu2,97.6125,163.1714286,97.6125
2020-06-13 06:45:00,4135001,ZnxXDlPa8U1GXgE,110.3142857,182.3,110.3142857
2020-06-13 06:45:00,4135001,ZoEaEvLYb1n2sOq,100.2142857,167.9875,100.2142857
2020-06-13 06:45:00,4135001,pkci93gMrogZuBj,96.87142857,163.05,96.87142857
2020-06-13 06:45:00,4135001,7JYdWkrLSPkdwr4,109.625,179.8,109.625
2020-06-13 06:45:00,4135001,uHbuxQJl8lW7ozc,99.31428571,167.9875,99.31428571
2020-06-13 06:45:00,4135001,adLQvlD726eNBSB,123.4714286,201.975,123.4714286
2020-06-13 06:45:00,4135001,McdE0feGgRqW7Ca,102.3625,172.6285714,102.3625
2020-06-13 06:45:00,4135001,1IF53ai7Xc0U56Y,120.4142857,196.5875,120.4142857
2020-06-13 07:00:00,4135001,wCURE6d3bPkepu2,163.1714286,243.25,163.1714286
2020-06-13 07:00:00,4135001,adLQvlD726eNBSB,201.975,292.4714286,201.975
2020-06-13 07:00:00,4135001,sjndEbLyjtCKgGv,169.3142857,251.875,169.3142857
2020-06-13 07:00:00,4135001,bvBOhCH3iADSZry,165.4,242.0857143,165.4
2020-06-13 07:00:00,4135001,ZoEaEvLYb1n2sOq,167.9875,249.5285714,167.9875
2020-06-13 07:00:00,4135001,YxYtjZvoooNbGkE,169.6125,251.3285714,169.6125
2020-06-13 07:00:00,4135001,McdE0feGgRqW7Ca,172.6285714,257.725,172.6285714
2020-06-13 07:00:00,4135001,1BY6WEcLGh8j5v7,170.95,249.2428571,170.95
2020-06-13 07:00:00,4135001,rGa61gmuvPhdLxV,163.6875,246.4714286,163.6875
2020-06-13 07:00:00,4135001,3PZuoBAID5Wc2HD,199.8714286,283.6571429,199.8714286
2020-06-13 07:00:00,4135001,1IF53ai7Xc0U56Y,196.5875,285.2714286,196.5875
2020-06-13 07:00:00,4135001,z9Y9gH1T5YWrNuG,169.9142857,251.875,169.9142857
2020-06-13 07:00:00,4135001,uHbuxQJl8lW7ozc,167.9875,251.8428571,167.9875
2020-06-13 07:00:00,4135001,iCRJl6heRkivqQ3,169.5375,252.4714286,169.5375
2020-06-13 07:00:00,4135001,pkci93gMrogZuBj,163.05,244.9714286,163.05
2020-06-13 07:00:00,4135001,zVJPv84UY57bAof,169.1,251.6571429,169.1
2020-06-13 07:00:00,4135001,7JYdWkrLSPkdwr4,179.8,264.7,179.8
2020-06-13 07:00:00,4135001,ih0vzX44oOqAx2f,175.0,256.2714286,175.0
2020-06-13 07:00:00,4135001,WRmjgnKYAwPKWDb,194.0857143,275.8142857,194.0857143
2020-06-13 07:00:00,4135001,ZnxXDlPa8U1GXgE,182.3,264.9428571,182.3
2020-06-13 07:00:00,4135001,zBIq5rxdHJRwDNY,165.575,247.9857143,165.575
2020-06-13 07:00:00,4135001,VHMLBKoKgIrUVDU,184.1285714,271.65,184.1285714
2020-06-13 07:15:00,4135001,rGa61gmuvPhdLxV,246.4714286,320.475,246.4714286
2020-06-13 07:15:00,4135001,McdE0feGgRqW7Ca,257.725,331.8285714,257.725
2020-06-13 07:15:00,4135001,WRmjgnKYAwPKWDb,275.8142857,350.45,275.8142857
2020-06-13 07:15:00,4135001,iCRJl6heRkivqQ3,252.4714286,326.2125,252.4714286
2020-06-13 07:15:00,4135001,YxYtjZvoooNbGkE,251.3285714,322.5375,251.3285714
2020-06-13 07:15:00,4135001,z9Y9gH1T5YWrNuG,251.875,324.0571429,251.875
2020-06-13 07:15:00,4135001,ih0vzX44oOqAx2f,256.2714286,321.1428571,256.2714286
2020-06-13 07:15:00,4135001,VHMLBKoKgIrUVDU,271.65,345.6,271.65
2020-06-13 07:15:00,4135001,adLQvlD726eNBSB,292.4714286,368.6,292.4714286
2020-06-13 07:15:00,4135001,zVJPv84UY57bAof,251.6571429,324.3375,251.6571429
2020-06-13 07:15:00,4135001,3PZuoBAID5Wc2HD,283.6571429,359.35,283.6571429
2020-06-13 07:15:00,4135001,wCURE6d3bPkepu2,243.25,315.0285714,243.25
2020-06-13 07:15:00,4135001,uHbuxQJl8lW7ozc,251.8428571,326.4625,251.8428571
2020-06-13 07:15:00,4135001,1IF53ai7Xc0U56Y,285.2714286,359.825,285.2714286
2020-06-13 07:15:00,4135001,1BY6WEcLGh8j5v7,249.2428571,316.0375,249.2428571
2020-06-13 07:15:00,4135001,ZnxXDlPa8U1GXgE,264.9428571,331.3142857,264.9428571
2020-06-13 07:15:00,4135001,sjndEbLyjtCKgGv,251.875,324.2,251.875
2020-06-13 07:15:00,4135001,zBIq5rxdHJRwDNY,247.9857143,321.925,247.9857143
2020-06-13 07:15:00,4135001,pkci93gMrogZuBj,244.9714286,318.85,244.9714286
2020-06-13 07:15:00,4135001,ZoEaEvLYb1n2sOq,249.5285714,321.6,249.5285714
2020-06-13 07:15:00,4135001,7JYdWkrLSPkdwr4,264.7,336.1142857,264.7
2020-06-13 07:15:00,4135001,bvBOhCH3iADSZry,242.0857143,309.6375,242.0857143
2020-06-13 07:30:00,4135001,WRmjgnKYAwPKWDb,350.45,442.9857143,350.45
2020-06-13 07:30:00,4135001,uHbuxQJl8lW7ozc,326.4625,415.1142857,326.4625
2020-06-13 07:30:00,4135001,VHMLBKoKgIrUVDU,345.6,440.8625,345.6
2020-06-13 07:30:00,4135001,z9Y9gH1T5YWrNuG,324.0571429,411.7875,324.0571429
2020-06-13 07:30:00,4135001,zBIq5rxdHJRwDNY,321.925,412.0,321.925
2020-06-13 07:30:00,4135001,ZnxXDlPa8U1GXgE,331.3142857,422.65,331.3142857
2020-06-13 07:30:00,4135001,pkci93gMrogZuBj,318.85,406.0428571,318.85
2020-06-13 07:30:00,4135001,7JYdWkrLSPkdwr4,336.1142857,427.6875,336.1142857
2020-06-13 07:30:00,4135001,iCRJl6heRkivqQ3,326.2125,415.4285714,326.2125
2020-06-13 07:30:00,4135001,sjndEbLyjtCKgGv,324.2,413.2875,324.2
2020-06-13 07:30:00,4135001,3PZuoBAID5Wc2HD,359.35,452.8285714,359.35
2020-06-13 07:30:00,4135001,ih0vzX44oOqAx2f,321.1428571,409.475,321.1428571
2020-06-13 07:30:00,4135001,zVJPv84UY57bAof,324.3375,413.7142857,324.3375
2020-06-13 07:30:00,4135001,rGa61gmuvPhdLxV,320.475,409.3,320.475
2020-06-13 07:30:00,4135001,McdE0feGgRqW7Ca,331.8285714,422.8125,331.8285714
2020-06-13 07:30:00,4135001,1IF53ai7Xc0U56Y,359.825,452.8285714,359.825
2020-06-13 07:30:00,4135001,bvBOhCH3iADSZry,309.6375,394.7,309.6375
2020-06-13 07:30:00,4135001,ZoEaEvLYb1n2sOq,321.6,409.6857143,321.6
2020-06-13 07:30:00,4135001,1BY6WEcLGh8j5v7,316.0375,400.9142857,316.0375
2020-06-13 07:30:00,4135001,wCURE6d3bPkepu2,315.0285714,404.35,315.0285714
2020-06-13 07:30:00,4135001,adLQvlD726eNBSB,368.6,464.0142857,368.6
2020-06-13 07:30:00,4135001,YxYtjZvoooNbGkE,322.5375,411.6142857,322.5375
2020-06-13 07:45:00,4135001,ZoEaEvLYb1n2sOq,409.6857143,500.3875,409.6857143
2020-06-13 07:45:00,4135001,VHMLBKoKgIrUVDU,440.8625,535.6,440.8625
2020-06-13 07:45:00,4135001,WRmjgnKYAwPKWDb,442.9857143,534.9375,442.9857143
2020-06-13 07:45:00,4135001,1BY6WEcLGh8j5v7,400.9142857,481.6428571,400.9142857
2020-06-13 07:45:00,4135001,sjndEbLyjtCKgGv,413.2875,501.3,413.2875
2020-06-13 07:45:00,4135001,uHbuxQJl8lW7ozc,415.1142857,506.4875,415.1142857
2020-06-13 07:45:00,4135001,7JYdWkrLSPkdwr4,427.6875,517.6428571,427.6875
2020-06-13 07:45:00,4135001,1IF53ai7Xc0U56Y,452.8285714,546.0875,452.8285714
2020-06-13 07:45:00,4135001,ZnxXDlPa8U1GXgE,422.65,513.5857143,422.65
2020-06-13 07:45:00,4135001,zBIq5rxdHJRwDNY,412.0,504.35,412.0
2020-06-13 07:45:00,4135001,iCRJl6heRkivqQ3,415.4285714,509.4625,415.4285714
2020-06-13 07:45:00,4135001,pkci93gMrogZuBj,406.0428571,497.6375,406.0428571
2020-06-13 07:45:00,4135001,wCURE6d3bPkepu2,404.35,495.6142857,404.35
2020-06-13 07:45:00,4135001,bvBOhCH3iADSZry,394.7,474.9857143,394.7
2020-06-13 07:45:00,4135001,zVJPv84UY57bAof,413.7142857,489.9875,413.7142857
2020-06-13 07:45:00,4135001,McdE0feGgRqW7Ca,422.8125,513.6428571,422.8125
2020-06-13 07:45:00,4135001,3PZuoBAID5Wc2HD,452.8285714,545.025,452.8285714
2020-06-13 07:45:00,4135001,ih0vzX44oOqAx2f,409.475,497.0571429,409.475
2020-06-13 07:45:00,4135001,z9Y9gH1T5YWrNuG,411.7875,501.0,411.7875
2020-06-13 07:45:00,4135001,rGa61gmuvPhdLxV,409.3,500.15,409.3
2020-06-13 07:45:00,4135001,YxYtjZvoooNbGkE,411.6142857,502.225,411.6142857
2020-06-13 07:45:00,4135001,adLQvlD726eNBSB,464.0142857,558.45,464.0142857
2020-06-13 08:00:00,4135001,ih0vzX44oOqAx2f,497.0571429,600.3375,497.0571429
2020-06-13 08:00:00,4135001,pkci93gMrogZuBj,497.6375,601.0571429,497.6375
2020-06-13 08:00:00,4135001,wCURE6d3bPkepu2,495.6142857,591.3125,495.6142857
2020-06-13 08:00:00,4135001,z9Y9gH1T5YWrNuG,501.0,585.85,501.0
2020-06-13 08:00:00,4135001,ZoEaEvLYb1n2sOq,500.3875,601.9571429,500.3875
2020-06-13 08:00:00,4135001,VHMLBKoKgIrUVDU,535.6,641.975,535.6
2020-06-13 08:00:00,4135001,1IF53ai7Xc0U56Y,546.0875,651.8285714,546.0875
2020-06-13 08:00:00,4135001,adLQvlD726eNBSB,558.45,663.4857143,558.45
2020-06-13 08:00:00,4135001,uHbuxQJl8lW7ozc,506.4875,610.1,506.4875
2020-06-13 08:00:00,4135001,3PZuoBAID5Wc2HD,545.025,653.1428571,545.025
2020-06-13 08:00:00,4135001,ZnxXDlPa8U1GXgE,513.5857143,619.125,513.5857143
2020-06-13 08:00:00,4135001,bvBOhCH3iADSZry,474.9857143,570.45,474.9857143
2020-06-13 08:00:00,4135001,YxYtjZvoooNbGkE,502.225,603.8857143,502.225
2020-06-13 08:00:00,4135001,rGa61gmuvPhdLxV,500.15,603.3142857,500.15
2020-06-13 08:00:00,4135001,7JYdWkrLSPkdwr4,517.6428571,619.1375,517.6428571
2020-06-13 08:00:00,4135001,iCRJl6heRkivqQ3,509.4625,613.6714286,509.4625
2020-06-13 08:00:00,4135001,1BY6WEcLGh8j5v7,481.6428571,578.2125,481.6428571
2020-06-13 08:00:00,4135001,zBIq5rxdHJRwDNY,504.35,607.6142857,504.35
2020-06-13 08:00:00,4135001,WRmjgnKYAwPKWDb,534.9375,640.8857143,534.9375
2020-06-13 08:00:00,4135001,sjndEbLyjtCKgGv,501.3,608.2875,501.3
2020-06-13 08:00:00,4135001,zVJPv84UY57bAof,489.9875,610.0,489.9875
2020-06-13 08:00:00,4135001,McdE0feGgRqW7Ca,513.6428571,621.4,513.6428571
2020-06-13 08:15:00,4135001,VHMLBKoKgIrUVDU,641.975,709.1285714,641.975
2020-06-13 08:15:00,4135001,pkci93gMrogZuBj,601.0571429,671.0625,601.0571429
2020-06-13 08:15:00,4135001,ZoEaEvLYb1n2sOq,601.9571429,659.5875,601.9571429
2020-06-13 08:15:00,4135001,ih0vzX44oOqAx2f,600.3375,668.7714286,600.3375
2020-06-13 08:15:00,4135001,3PZuoBAID5Wc2HD,653.1428571,718.7125,653.1428571
2020-06-13 08:15:00,4135001,uHbuxQJl8lW7ozc,610.1,649.3625,610.1
2020-06-13 08:15:00,4135001,zVJPv84UY57bAof,610.0,579.475,610.0
2020-06-13 08:15:00,4135001,sjndEbLyjtCKgGv,608.2875,677.5,608.2875
2020-06-13 08:15:00,4135001,ZnxXDlPa8U1GXgE,619.125,689.3571429,619.125
2020-06-13 08:15:00,4135001,bvBOhCH3iADSZry,570.45,631.5571429,570.45
2020-06-13 08:15:00,4135001,McdE0feGgRqW7Ca,621.4,694.9857143,621.4
2020-06-13 08:15:00,4135001,adLQvlD726eNBSB,663.4857143,731.65,663.4857143
2020-06-13 08:15:00,4135001,WRmjgnKYAwPKWDb,640.8857143,702.7,640.8857143
2020-06-13 08:15:00,4135001,wCURE6d3bPkepu2,591.3125,666.1142857,591.3125
2020-06-13 08:15:00,4135001,YxYtjZvoooNbGkE,603.8857143,638.075,603.8857143
2020-06-13 08:15:00,4135001,zBIq5rxdHJRwDNY,607.6142857,666.7125,607.6142857
2020-06-13 08:15:00,4135001,1BY6WEcLGh8j5v7,578.2125,640.7857143,578.2125
2020-06-13 08:15:00,4135001,z9Y9gH1T5YWrNuG,585.85,676.8714286,585.85
2020-06-13 08:15:00,4135001,1IF53ai7Xc0U56Y,651.8285714,721.45,651.8285714
2020-06-13 08:15:00,4135001,rGa61gmuvPhdLxV,603.3142857,679.525,603.3142857
2020-06-13 08:15:00,4135001,iCRJl6heRkivqQ3,613.6714286,688.85,613.6714286
2020-06-13 08:15:00,4135001,7JYdWkrLSPkdwr4,619.1375,684.1142857,619.1375
2020-06-13 08:30:00,4135001,1IF53ai7Xc0U56Y,721.45,792.0714286,721.45
2020-06-13 08:30:00,4135001,zVJPv84UY57bAof,579.475,681.2142857,579.475
2020-06-13 08:30:00,4135001,adLQvlD726eNBSB,731.65,807.4571429,731.65
2020-06-13 08:30:00,4135001,3PZuoBAID5Wc2HD,718.7125,787.3285714,718.7125
2020-06-13 08:30:00,4135001,zBIq5rxdHJRwDNY,666.7125,747.5714286,666.7125
2020-06-13 08:30:00,4135001,iCRJl6heRkivqQ3,688.85,737.5857143,688.85
2020-06-13 08:30:00,4135001,ZoEaEvLYb1n2sOq,659.5875,673.3285714,659.5875
2020-06-13 08:30:00,4135001,sjndEbLyjtCKgGv,677.5,702.975,677.5
2020-06-13 08:30:00,4135001,7JYdWkrLSPkdwr4,684.1142857,757.2,684.1142857
2020-06-13 08:30:00,4135001,uHbuxQJl8lW7ozc,649.3625,688.5428571,649.3625
2020-06-13 08:30:00,4135001,McdE0feGgRqW7Ca,694.9857143,743.3625,694.9857143
2020-06-13 08:30:00,4135001,bvBOhCH3iADSZry,631.5571429,696.4125,631.5571429
2020-06-13 08:30:00,4135001,pkci93gMrogZuBj,671.0625,675.6285714,671.0625
2020-06-13 08:30:00,4135001,ZnxXDlPa8U1GXgE,689.3571429,740.5,689.3571429
2020-06-13 08:30:00,4135001,ih0vzX44oOqAx2f,668.7714286,709.875,668.7714286
2020-06-13 08:30:00,4135001,wCURE6d3bPkepu2,666.1142857,724.4625,666.1142857
2020-06-13 08:30:00,4135001,YxYtjZvoooNbGkE,638.075,630.4285714,638.075
2020-06-13 08:30:00,4135001,WRmjgnKYAwPKWDb,702.7,776.3285714,702.7
2020-06-13 08:30:00,4135001,z9Y9gH1T5YWrNuG,676.8714286,715.3125,676.8714286
2020-06-13 08:30:00,4135001,rGa61gmuvPhdLxV,679.525,737.1571429,679.525
2020-06-13 08:30:00,4135001,1BY6WEcLGh8j5v7,640.7857143,678.625,640.7857143
2020-06-13 08:30:00,4135001,VHMLBKoKgIrUVDU,709.1285714,786.7375,709.1285714
2020-06-13 08:45:00,4135001,ZnxXDlPa8U1GXgE,740.5,888.6285714,740.5
2020-06-13 08:45:00,4135001,McdE0feGgRqW7Ca,743.3625,676.0,743.3625
2020-06-13 08:45:00,4135001,ZoEaEvLYb1n2sOq,673.3285714,834.425,673.3285714
2020-06-13 08:45:00,4135001,1IF53ai7Xc0U56Y,792.0714286,919.2,792.0714286
2020-06-13 08:45:00,4135001,pkci93gMrogZuBj,675.6285714,576.75,675.6285714
2020-06-13 08:45:00,4135001,YxYtjZvoooNbGkE,630.4285714,724.5375,630.4285714
2020-06-13 08:45:00,4135001,3PZuoBAID5Wc2HD,787.3285714,914.6125,787.3285714
2020-06-13 08:45:00,4135001,uHbuxQJl8lW7ozc,688.5428571,589.65,688.5428571
2020-06-13 08:45:00,4135001,sjndEbLyjtCKgGv,702.975,710.0142857,702.975
2020-06-13 08:45:00,4135001,adLQvlD726eNBSB,807.4571429,929.7125,807.4571429
2020-06-13 08:45:00,4135001,bvBOhCH3iADSZry,696.4125,816.7285714,696.4125
2020-06-13 08:45:00,4135001,1BY6WEcLGh8j5v7,678.625,828.3428571,678.625
2020-06-13 08:45:00,4135001,7JYdWkrLSPkdwr4,757.2,883.7,757.2
2020-06-13 08:45:00,4135001,z9Y9gH1T5YWrNuG,715.3125,600.0,715.3125
2020-06-13 08:45:00,4135001,zBIq5rxdHJRwDNY,747.5714286,817.8285714,747.5714286
2020-06-13 08:45:00,4135001,VHMLBKoKgIrUVDU,786.7375,913.7857143,786.7375
2020-06-13 08:45:00,4135001,iCRJl6heRkivqQ3,737.5857143,675.1,737.5857143
2020-06-13 08:45:00,4135001,rGa61gmuvPhdLxV,737.1571429,654.275,737.1571429
2020-06-13 08:45:00,4135001,wCURE6d3bPkepu2,724.4625,773.2142857,724.4625
2020-06-13 08:45:00,4135001,WRmjgnKYAwPKWDb,776.3285714,859.425,776.3285714
2020-06-13 08:45:00,4135001,zVJPv84UY57bAof,681.2142857,617.5875,681.2142857
2020-06-13 08:45:00,4135001,ih0vzX44oOqAx2f,709.875,851.1,709.875
2020-06-13 09:00:00,4135001,wCURE6d3bPkepu2,773.2142857,774.9625,773.2142857
2020-06-13 09:00:00,4135001,YxYtjZvoooNbGkE,724.5375,840.6,724.5375
2020-06-13 09:00:00,4135001,ZnxXDlPa8U1GXgE,888.6285714,898.5625,888.6285714
2020-06-13 09:00:00,4135001,1BY6WEcLGh8j5v7,828.3428571,809.725,828.3428571
2020-06-13 09:00:00,4135001,zBIq5rxdHJRwDNY,817.8285714,797.3625,817.8285714
2020-06-13 09:00:00,4135001,pkci93gMrogZuBj,576.75,626.9571429,576.75
2020-06-13 09:00:00,4135001,z9Y9gH1T5YWrNuG,600.0,732.1125,600.0
2020-06-13 09:00:00,4135001,uHbuxQJl8lW7ozc,589.65,677.9857143,589.65
2020-06-13 09:00:00,4135001,McdE0feGgRqW7Ca,676.0,765.25,676.0
2020-06-13 09:00:00,4135001,VHMLBKoKgIrUVDU,913.7857143,911.15,913.7857143
2020-06-13 09:00:00,4135001,zVJPv84UY57bAof,617.5875,729.2142857,617.5875
2020-06-13 09:00:00,4135001,1IF53ai7Xc0U56Y,919.2,933.7428571,919.2
2020-06-13 09:00:00,4135001,rGa61gmuvPhdLxV,654.275,826.5857143,654.275
2020-06-13 09:00:00,4135001,3PZuoBAID5Wc2HD,914.6125,921.6714286,914.6125
2020-06-13 09:00:00,4135001,ih0vzX44oOqAx2f,851.1,794.1125,851.1
2020-06-13 09:00:00,4135001,adLQvlD726eNBSB,929.7125,894.5571429,929.7125
2020-06-13 09:00:00,4135001,ZoEaEvLYb1n2sOq,834.425,848.7571429,834.425
2020-06-13 09:00:00,4135001,sjndEbLyjtCKgGv,710.0142857,794.4875,710.0142857
2020-06-13 09:00:00,4135001,WRmjgnKYAwPKWDb,859.425,899.0142857,859.425
2020-06-13 09:00:00,4135001,iCRJl6heRkivqQ3,675.1,810.325,675.1
2020-06-13 09:00:00,4135001,bvBOhCH3iADSZry,816.7285714,834.0375,816.7285714
2020-06-13 09:00:00,4135001,7JYdWkrLSPkdwr4,883.7,928.4625,883.7
2020-06-13 09:15:00,4135001,wCURE6d3bPkepu2,774.9625,815.5285714,774.9625
2020-06-13 09:15:00,4135001,1IF53ai7Xc0U56Y,933.7428571,955.1428571,933.7428571
2020-06-13 09:15:00,4135001,ih0vzX44oOqAx2f,794.1125,780.1714286,794.1125
2020-06-13 09:15:00,4135001,rGa61gmuvPhdLxV,826.5857143,748.625,826.5857143
2020-06-13 09:15:00,4135001,ZoEaEvLYb1n2sOq,848.7571429,651.65,848.7571429
2020-06-13 09:15:00,4135001,zVJPv84UY57bAof,729.2142857,712.65,729.2142857
2020-06-13 09:15:00,4135001,VHMLBKoKgIrUVDU,911.15,809.9714286,911.15
2020-06-13 09:15:00,4135001,McdE0feGgRqW7Ca,765.25,867.1857143,765.25
2020-06-13 09:15:00,4135001,sjndEbLyjtCKgGv,794.4875,901.8857143,794.4875
2020-06-13 09:15:00,4135001,YxYtjZvoooNbGkE,840.6,614.1125,840.6
2020-06-13 09:15:00,4135001,uHbuxQJl8lW7ozc,677.9857143,724.5,677.9857143
2020-06-13 09:15:00,4135001,adLQvlD726eNBSB,894.5571429,924.2714286,894.5571429
2020-06-13 09:15:00,4135001,pkci93gMrogZuBj,626.9571429,739.525,626.9571429
2020-06-13 09:15:00,4135001,bvBOhCH3iADSZry,834.0375,754.6571429,834.0375
2020-06-13 09:15:00,4135001,iCRJl6heRkivqQ3,810.325,687.7,810.325
2020-06-13 09:15:00,4135001,7JYdWkrLSPkdwr4,928.4625,793.4714286,928.4625
2020-06-13 09:15:00,4135001,3PZuoBAID5Wc2HD,921.6714286,891.375,921.6714286
2020-06-13 09:15:00,4135001,ZnxXDlPa8U1GXgE,898.5625,832.0571429,898.5625
2020-06-13 09:15:00,4135001,z9Y9gH1T5YWrNuG,732.1125,764.4571429,732.1125
2020-06-13 09:15:00,4135001,1BY6WEcLGh8j5v7,809.725,692.6142857,809.725
2020-06-13 09:15:00,4135001,zBIq5rxdHJRwDNY,797.3625,868.7714286,797.3625
2020-06-13 09:15:00,4135001,WRmjgnKYAwPKWDb,899.0142857,865.7125,899.0142857
2020-06-13 09:30:00,4135001,VHMLBKoKgIrUVDU,809.9714286,985.6625,809.9714286
2020-06-13 09:30:00,4135001,bvBOhCH3iADSZry,754.6571429,757.6125,754.6571429
2020-06-13 09:30:00,4135001,WRmjgnKYAwPKWDb,865.7125,1024.771429,865.7125
2020-06-13 09:30:00,4135001,zVJPv84UY57bAof,712.65,750.8714286,712.65
2020-06-13 09:30:00,4135001,1BY6WEcLGh8j5v7,692.6142857,882.2875,692.6142857
2020-06-13 09:30:00,4135001,adLQvlD726eNBSB,924.2714286,935.3375,924.2714286
2020-06-13 09:30:00,4135001,YxYtjZvoooNbGkE,614.1125,853.8142857,614.1125
2020-06-13 09:30:00,4135001,7JYdWkrLSPkdwr4,793.4714286,938.9875,793.4714286
2020-06-13 09:30:00,4135001,sjndEbLyjtCKgGv,901.8857143,816.2375,901.8857143
2020-06-13 09:30:00,4135001,wCURE6d3bPkepu2,815.5285714,831.1125,815.5285714
2020-06-13 09:30:00,4135001,1IF53ai7Xc0U56Y,955.1428571,865.7875,955.1428571
2020-06-13 09:30:00,4135001,ZnxXDlPa8U1GXgE,832.0571429,780.9875,832.0571429
2020-06-13 09:30:00,4135001,z9Y9gH1T5YWrNuG,764.4571429,822.9625,764.4571429
2020-06-13 09:30:00,4135001,McdE0feGgRqW7Ca,867.1857143,848.0375,867.1857143
2020-06-13 09:30:00,4135001,zBIq5rxdHJRwDNY,868.7714286,808.9125,868.7714286
2020-06-13 09:30:00,4135001,pkci93gMrogZuBj,739.525,794.6,739.525
2020-06-13 09:30:00,4135001,iCRJl6heRkivqQ3,687.7,795.3375,687.7
2020-06-13 09:30:00,4135001,ih0vzX44oOqAx2f,780.1714286,796.4,780.1714286
2020-06-13 09:30:00,4135001,rGa61gmuvPhdLxV,748.625,763.0571429,748.625
2020-06-13 09:30:00,4135001,uHbuxQJl8lW7ozc,724.5,789.3571429,724.5
2020-06-13 09:30:00,4135001,ZoEaEvLYb1n2sOq,651.65,805.3285714,651.65
2020-06-13 09:30:00,4135001,3PZuoBAID5Wc2HD,891.375,1079.014286,891.375
2020-06-13 09:45:00,4135001,WRmjgnKYAwPKWDb,1024.771429,646.9,1024.771429
2020-06-13 09:45:00,4135001,rGa61gmuvPhdLxV,763.0571429,914.5714286,763.0571429
2020-06-13 09:45:00,4135001,iCRJl6heRkivqQ3,795.3375,926.2857143,795.3375
2020-06-13 09:45:00,4135001,z9Y9gH1T5YWrNuG,822.9625,845.4428571,822.9625
2020-06-13 09:45:00,4135001,zVJPv84UY57bAof,750.8714286,826.9571429,750.8714286
2020-06-13 09:45:00,4135001,YxYtjZvoooNbGkE,853.8142857,740.6875,853.8142857
2020-06-13 09:45:00,4135001,1IF53ai7Xc0U56Y,865.7875,1074.6,865.7875
2020-06-13 09:45:00,4135001,bvBOhCH3iADSZry,757.6125,977.5142857,757.6125
2020-06-13 09:45:00,4135001,uHbuxQJl8lW7ozc,789.3571429,876.775,789.3571429
2020-06-13 09:45:00,4135001,sjndEbLyjtCKgGv,816.2375,708.2571429,816.2375
2020-06-13 09:45:00,4135001,ZnxXDlPa8U1GXgE,780.9875,1002.028571,780.9875
2020-06-13 09:45:00,4135001,ih0vzX44oOqAx2f,796.4,902.2857143,796.4
2020-06-13 09:45:00,4135001,VHMLBKoKgIrUVDU,985.6625,856.1285714,985.6625
2020-06-13 09:45:00,4135001,McdE0feGgRqW7Ca,848.0375,811.6,848.0375
2020-06-13 09:45:00,4135001,pkci93gMrogZuBj,794.6,881.2625,794.6
2020-06-13 09:45:00,4135001,wCURE6d3bPkepu2,831.1125,838.6142857,831.1125
2020-06-13 09:45:00,4135001,1BY6WEcLGh8j5v7,882.2875,925.6285714,882.2875
2020-06-13 09:45:00,4135001,adLQvlD726eNBSB,935.3375,1118.5,935.3375
2020-06-13 09:45:00,4135001,7JYdWkrLSPkdwr4,938.9875,829.2428571,938.9875
2020-06-13 09:45:00,4135001,3PZuoBAID5Wc2HD,1079.014286,750.425,1079.014286
2020-06-13 09:45:00,4135001,zBIq5rxdHJRwDNY,808.9125,906.4428571,808.9125
2020-06-13 09:45:00,4135001,ZoEaEvLYb1n2sOq,805.3285714,879.4625,805.3285714
2020-06-13 10:00:00,4135001,zBIq5rxdHJRwDNY,906.4428571,1041.425,906.4428571
2020-06-13 10:00:00,4135001,1BY6WEcLGh8j5v7,925.6285714,979.1125,925.6285714
2020-06-13 10:00:00,4135001,z9Y9gH1T5YWrNuG,845.4428571,983.7142857,845.4428571
2020-06-13 10:00:00,4135001,bvBOhCH3iADSZry,977.5142857,942.175,977.5142857
2020-06-13 10:00:00,4135001,adLQvlD726eNBSB,1118.5,1031.3375,1118.5
2020-06-13 10:00:00,4135001,7JYdWkrLSPkdwr4,829.2428571,958.025,829.2428571
2020-06-13 10:00:00,4135001,ZoEaEvLYb1n2sOq,879.4625,1052.542857,879.4625
2020-06-13 10:00:00,4135001,pkci93gMrogZuBj,881.2625,1056.7,881.2625
2020-06-13 10:00:00,4135001,YxYtjZvoooNbGkE,740.6875,1023.385714,740.6875
2020-06-13 10:00:00,4135001,3PZuoBAID5Wc2HD,750.425,968.3285714,750.425
2020-06-13 10:00:00,4135001,wCURE6d3bPkepu2,838.6142857,1020.614286,838.6142857
2020-06-13 10:00:00,4135001,1IF53ai7Xc0U56Y,1074.6,1012.4625,1074.6
2020-06-13 10:00:00,4135001,sjndEbLyjtCKgGv,708.2571429,988.85,708.2571429
2020-06-13 10:00:00,4135001,McdE0feGgRqW7Ca,811.6,1048.4125,811.6
2020-06-13 10:00:00,4135001,ih0vzX44oOqAx2f,902.2857143,999.25,902.2857143
2020-06-13 10:00:00,4135001,zVJPv84UY57bAof,826.9571429,981.1625,826.9571429
2020-06-13 10:00:00,4135001,WRmjgnKYAwPKWDb,646.9,932.1142857,646.9
2020-06-13 10:00:00,4135001,VHMLBKoKgIrUVDU,856.1285714,1001.575,856.1285714
2020-06-13 10:00:00,4135001,uHbuxQJl8lW7ozc,876.775,1041.728571,876.775
2020-06-13 10:00:00,4135001,rGa61gmuvPhdLxV,914.5714286,1065.45,914.5714286
2020-06-13 10:00:00,4135001,ZnxXDlPa8U1GXgE,1002.028571,998.0125,1002.028571
2020-06-13 10:00:00,4135001,iCRJl6heRkivqQ3,926.2857143,1038.275,926.2857143
2020-06-13 10:15:00,4135001,ZnxXDlPa8U1GXgE,998.0125,1139.242857,998.0125
2020-06-13 10:15:00,4135001,ih0vzX44oOqAx2f,999.25,1104.814286,999.25
2020-06-13 10:15:00,4135001,adLQvlD726eNBSB,1031.3375,1173.271429,1031.3375
2020-06-13 10:15:00,4135001,iCRJl6heRkivqQ3,1038.275,1146.457143,1038.275
2020-06-13 10:15:00,4135001,1IF53ai7Xc0U56Y,1012.4625,1157.042857,1012.4625
2020-06-13 10:15:00,4135001,z9Y9gH1T5YWrNuG,983.7142857,1127.1125,983.7142857
2020-06-13 10:15:00,4135001,1BY6WEcLGh8j5v7,979.1125,1059.728571,979.1125
2020-06-13 10:15:00,4135001,ZoEaEvLYb1n2sOq,1052.542857,1121.114286,1052.542857
2020-06-13 10:15:00,4135001,uHbuxQJl8lW7ozc,1041.728571,1143.628571,1041.728571
2020-06-13 10:15:00,4135001,wCURE6d3bPkepu2,1020.614286,1141.85,1020.614286
2020-06-13 10:15:00,4135001,zBIq5rxdHJRwDNY,1041.425,1134.971429,1041.425
2020-06-13 10:15:00,4135001,rGa61gmuvPhdLxV,1065.45,1132.914286,1065.45
2020-06-13 10:15:00,4135001,McdE0feGgRqW7Ca,1048.4125,1160.0,1048.4125
2020-06-13 10:15:00,4135001,3PZuoBAID5Wc2HD,968.3285714,1161.5375,968.3285714
2020-06-13 10:15:00,4135001,WRmjgnKYAwPKWDb,932.1142857,1110.6125,932.1142857
2020-06-13 10:15:00,4135001,YxYtjZvoooNbGkE,1023.385714,1123.757143,1023.385714
2020-06-13 10:15:00,4135001,pkci93gMrogZuBj,1056.7,1131.314286,1056.7
2020-06-13 10:15:00,4135001,zVJPv84UY57bAof,981.1625,1129.928571,981.1625
2020-06-13 10:15:00,4135001,VHMLBKoKgIrUVDU,1001.575,1158.085714,1001.575
2020-06-13 10:15:00,4135001,sjndEbLyjtCKgGv,988.85,1132.142857,988.85
2020-06-13 10:15:00,4135001,7JYdWkrLSPkdwr4,958.025,1127.342857,958.025
2020-06-13 10:15:00,4135001,bvBOhCH3iADSZry,942.175,1040.842857,942.175
2020-06-13 10:30:00,4135001,zVJPv84UY57bAof,1129.928571,1089.925,1129.928571
2020-06-13 10:30:00,4135001,wCURE6d3bPkepu2,1141.85,1138.185714,1141.85
2020-06-13 10:30:00,4135001,WRmjgnKYAwPKWDb,1110.6125,826.0571429,1110.6125
2020-06-13 10:30:00,4135001,ZoEaEvLYb1n2sOq,1121.114286,931.7125,1121.114286
2020-06-13 10:30:00,4135001,1BY6WEcLGh8j5v7,1059.728571,864.9875,1059.728571
2020-06-13 10:30:00,4135001,YxYtjZvoooNbGkE,1123.757143,896.1625,1123.757143
2020-06-13 10:30:00,4135001,sjndEbLyjtCKgGv,1132.142857,1083.1,1132.142857
2020-06-13 10:30:00,4135001,z9Y9gH1T5YWrNuG,1127.1125,1126.285714,1127.1125
2020-06-13 10:30:00,4135001,uHbuxQJl8lW7ozc,1143.628571,1200.0,1143.628571
2020-06-13 10:30:00,4135001,bvBOhCH3iADSZry,1040.842857,977.325,1040.842857
2020-06-13 10:30:00,4135001,iCRJl6heRkivqQ3,1146.457143,1173.8375,1146.457143
2020-06-13 10:30:00,4135001,zBIq5rxdHJRwDNY,1134.971429,1159.0625,1134.971429
2020-06-13 10:30:00,4135001,pkci93gMrogZuBj,1131.314286,1161.4375,1131.314286
2020-06-13 10:30:00,4135001,rGa61gmuvPhdLxV,1132.914286,1160.6,1132.914286
2020-06-13 10:30:00,4135001,ih0vzX44oOqAx2f,1104.814286,1120.85,1104.814286
2020-06-13 10:30:00,4135001,VHMLBKoKgIrUVDU,1158.085714,1075.9625,1158.085714
2020-06-13 10:30:00,4135001,ZnxXDlPa8U1GXgE,1139.242857,1102.375,1139.242857
2020-06-13 10:30:00,4135001,3PZuoBAID5Wc2HD,1161.5375,892.7285714,1161.5375
2020-06-13 10:30:00,4135001,7JYdWkrLSPkdwr4,1127.342857,1029.5875,1127.342857
2020-06-13 10:30:00,4135001,adLQvlD726eNBSB,1173.271429,1140.5875,1173.271429
2020-06-13 10:30:00,4135001,McdE0feGgRqW7Ca,1160.0,1149.5,1160.0
2020-06-13 10:30:00,4135001,1IF53ai7Xc0U56Y,1157.042857,1107.3,1157.042857
2020-06-13 10:45:00,4135001,1BY6WEcLGh8j5v7,864.9875,1036.114286,864.9875
2020-06-13 10:45:00,4135001,wCURE6d3bPkepu2,1138.185714,1171.6,1138.185714
2020-06-13 10:45:00,4135001,3PZuoBAID5Wc2HD,892.7285714,1077.325,892.7285714
2020-06-13 10:45:00,4135001,pkci93gMrogZuBj,1161.4375,926.9857143,1161.4375
2020-06-13 10:45:00,4135001,zVJPv84UY57bAof,1089.925,1024.542857,1089.925
2020-06-13 10:45:00,4135001,iCRJl6heRkivqQ3,1173.8375,996.9571429,1173.8375
2020-06-13 10:45:00,4135001,VHMLBKoKgIrUVDU,1075.9625,1247.7,1075.9625
2020-06-13 10:45:00,4135001,sjndEbLyjtCKgGv,1083.1,1132.0875,1083.1
2020-06-13 10:45:00,4135001,YxYtjZvoooNbGkE,896.1625,1020.385714,896.1625
2020-06-13 10:45:00,4135001,rGa61gmuvPhdLxV,1160.6,971.6857143,1160.6
2020-06-13 10:45:00,4135001,ih0vzX44oOqAx2f,1120.85,1117.242857,1120.85
2020-06-13 10:45:00,4135001,7JYdWkrLSPkdwr4,1029.5875,1091.528571,1029.5875
2020-06-13 10:45:00,4135001,bvBOhCH3iADSZry,977.325,954.9285714,977.325
2020-06-13 10:45:00,4135001,WRmjgnKYAwPKWDb,826.0571429,1047.4375,826.0571429
2020-06-13 10:45:00,4135001,z9Y9gH1T5YWrNuG,1126.285714,1164.7375,1126.285714
2020-06-13 10:45:00,4135001,adLQvlD726eNBSB,1140.5875,1108.642857,1140.5875
2020-06-13 10:45:00,4135001,McdE0feGgRqW7Ca,1149.5,1184.2125,1149.5
2020-06-13 10:45:00,4135001,uHbuxQJl8lW7ozc,1200.0,1038.328571,1200.0
2020-06-13 10:45:00,4135001,ZoEaEvLYb1n2sOq,931.7125,1022.214286,931.7125
2020-06-13 10:45:00,4135001,ZnxXDlPa8U1GXgE,1102.375,1111.271429,1102.375
2020-06-13 10:45:00,4135001,zBIq5rxdHJRwDNY,1159.0625,1079.1,1159.0625
2020-06-13 10:45:00,4135001,1IF53ai7Xc0U56Y,1107.3,1142.8,1107.3
2020-06-13 11:00:00,4135001,uHbuxQJl8lW7ozc,1038.328571,1240.9875,1038.328571
2020-06-13 11:00:00,4135001,ih0vzX44oOqAx2f,1117.242857,1221.6125,1117.242857
2020-06-13 11:00:00,4135001,rGa61gmuvPhdLxV,971.6857143,1251.9875,971.6857143
2020-06-13 11:00:00,4135001,WRmjgnKYAwPKWDb,1047.4375,1186.557143,1047.4375
2020-06-13 11:00:00,4135001,pkci93gMrogZuBj,926.9857143,1250.025,926.9857143
2020-06-13 11:00:00,4135001,wCURE6d3bPkepu2,1171.6,1286.357143,1171.6
2020-06-13 11:00:00,4135001,sjndEbLyjtCKgGv,1132.0875,1261.357143,1132.0875
2020-06-13 11:00:00,4135001,zVJPv84UY57bAof,1024.542857,1177.5875,1024.542857
2020-06-13 11:00:00,4135001,ZnxXDlPa8U1GXgE,1111.271429,1234.1,1111.271429
2020-06-13 11:00:00,4135001,McdE0feGgRqW7Ca,1184.2125,1291.457143,1184.2125
2020-06-13 11:00:00,4135001,iCRJl6heRkivqQ3,996.9571429,1271.0125,996.9571429
2020-06-13 11:00:00,4135001,ZoEaEvLYb1n2sOq,1022.214286,1224.7625,1022.214286
2020-06-13 11:00:00,4135001,1IF53ai7Xc0U56Y,1142.8,1276.7375,1142.8
2020-06-13 11:00:00,4135001,1BY6WEcLGh8j5v7,1036.114286,1172.8,1036.114286
2020-06-13 11:00:00,4135001,zBIq5rxdHJRwDNY,1079.1,1259.1875,1079.1
2020-06-13 11:00:00,4135001,adLQvlD726eNBSB,1108.642857,1301.1125,1108.642857
2020-06-13 11:00:00,4135001,bvBOhCH3iADSZry,954.9285714,1161.675,954.9285714
2020-06-13 11:00:00,4135001,7JYdWkrLSPkdwr4,1091.528571,1257.557143,1091.528571
2020-06-13 11:00:00,4135001,YxYtjZvoooNbGkE,1020.385714,1218.4875,1020.385714
2020-06-13 11:00:00,4135001,z9Y9gH1T5YWrNuG,1164.7375,1262.357143,1164.7375
2020-06-13 11:00:00,4135001,VHMLBKoKgIrUVDU,1247.7,1292.085714,1247.7
2020-06-13 11:00:00,4135001,3PZuoBAID5Wc2HD,1077.325,1288.657143,1077.325
2020-06-13 11:15:00,4135001,ZoEaEvLYb1n2sOq,1224.7625,1174.071429,1224.7625
2020-06-13 11:15:00,4135001,VHMLBKoKgIrUVDU,1292.085714,1131.7875,1292.085714
2020-06-13 11:15:00,4135001,ZnxXDlPa8U1GXgE,1234.1,1169.585714,1234.1
2020-06-13 11:15:00,4135001,WRmjgnKYAwPKWDb,1186.557143,1198.2625,1186.557143
2020-06-13 11:15:00,4135001,wCURE6d3bPkepu2,1286.357143,1284.5,1286.357143
2020-06-13 11:15:00,4135001,1BY6WEcLGh8j5v7,1172.8,1193.7,1172.8
2020-06-13 11:15:00,4135001,iCRJl6heRkivqQ3,1271.0125,1285.814286,1271.0125
2020-06-13 11:15:00,4135001,zBIq5rxdHJRwDNY,1259.1875,1266.314286,1259.1875
2020-06-13 11:15:00,4135001,uHbuxQJl8lW7ozc,1240.9875,1288.571429,1240.9875
2020-06-13 11:15:00,4135001,1IF53ai7Xc0U56Y,1276.7375,1179.142857,1276.7375
2020-06-13 11:15:00,4135001,adLQvlD726eNBSB,1301.1125,1192.142857,1301.1125
2020-06-13 11:15:00,4135001,sjndEbLyjtCKgGv,1261.357143,1266.7,1261.357143
2020-06-13 11:15:00,4135001,ih0vzX44oOqAx2f,1221.6125,1173.485714,1221.6125
2020-06-13 11:15:00,4135001,3PZuoBAID5Wc2HD,1288.657143,1235.45,1288.657143
2020-06-13 11:15:00,4135001,7JYdWkrLSPkdwr4,1257.557143,1082.4375,1257.557143
2020-06-13 11:15:00,4135001,pkci93gMrogZuBj,1250.025,1279.7,1250.025
2020-06-13 11:15:00,4135001,z9Y9gH1T5YWrNuG,1262.357143,1270.7875,1262.357143
2020-06-13 11:15:00,4135001,McdE0feGgRqW7Ca,1291.457143,1298.7875,1291.457143
2020-06-13 11:15:00,4135001,bvBOhCH3iADSZry,1161.675,1075.4,1161.675
2020-06-13 11:15:00,4135001,zVJPv84UY57bAof,1177.5875,1268.814286,1177.5875
2020-06-13 11:15:00,4135001,YxYtjZvoooNbGkE,1218.4875,1231.357143,1218.4875
2020-06-13 11:15:00,4135001,rGa61gmuvPhdLxV,1251.9875,1271.685714,1251.9875
2020-06-13 11:30:00,4135001,z9Y9gH1T5YWrNuG,1270.7875,1264.014286,1270.7875
2020-06-13 11:30:00,4135001,WRmjgnKYAwPKWDb,1198.2625,966.6285714,1198.2625
2020-06-13 11:30:00,4135001,1BY6WEcLGh8j5v7,1193.7,1156.6625,1193.7
2020-06-13 11:30:00,4135001,bvBOhCH3iADSZry,1075.4,1122.275,1075.4
2020-06-13 11:30:00,4135001,VHMLBKoKgIrUVDU,1131.7875,1219.742857,1131.7875
2020-06-13 11:30:00,4135001,7JYdWkrLSPkdwr4,1082.4375,1206.042857,1082.4375
2020-06-13 11:30:00,4135001,sjndEbLyjtCKgGv,1266.7,1306.214286,1266.7
2020-06-13 11:30:00,4135001,McdE0feGgRqW7Ca,1298.7875,1314.9,1298.7875
2020-06-13 11:30:00,4135001,uHbuxQJl8lW7ozc,1288.571429,1296.2875,1288.571429
2020-06-13 11:30:00,4135001,ZnxXDlPa8U1GXgE,1169.585714,1227.857143,1169.585714
2020-06-13 11:30:00,4135001,ZoEaEvLYb1n2sOq,1174.071429,1231.375,1174.071429
2020-06-13 11:30:00,4135001,zBIq5rxdHJRwDNY,1266.314286,1324.7375,1266.314286
2020-06-13 11:30:00,4135001,adLQvlD726eNBSB,1192.142857,1232.95,1192.142857
2020-06-13 11:30:00,4135001,YxYtjZvoooNbGkE,1231.357143,1271.7,1231.357143
2020-06-13 11:30:00,4135001,3PZuoBAID5Wc2HD,1235.45,1122.842857,1235.45
2020-06-13 11:30:00,4135001,1IF53ai7Xc0U56Y,1179.142857,1228.8,1179.142857
2020-06-13 11:30:00,4135001,zVJPv84UY57bAof,1268.814286,1306.675,1268.814286
2020-06-13 11:30:00,4135001,rGa61gmuvPhdLxV,1271.685714,1288.5625,1271.685714
2020-06-13 11:30:00,4135001,pkci93gMrogZuBj,1279.7,1295.55,1279.7
2020-06-13 11:30:00,4135001,iCRJl6heRkivqQ3,1285.814286,1339.9625,1285.814286
2020-06-13 11:30:00,4135001,ih0vzX44oOqAx2f,1173.485714,1258.157143,1173.485714
2020-06-13 11:30:00,4135001,wCURE6d3bPkepu2,1284.5,1318.442857,1284.5
2020-06-13 11:45:00,4135001,1BY6WEcLGh8j5v7,1156.6625,1251.528571,1156.6625
2020-06-13 11:45:00,4135001,VHMLBKoKgIrUVDU,1219.742857,1166.675,1219.742857
2020-06-13 11:45:00,4135001,ZoEaEvLYb1n2sOq,1231.375,1281.642857,1231.375
2020-06-13 11:45:00,4135001,zBIq5rxdHJRwDNY,1324.7375,1300.928571,1324.7375
2020-06-13 11:45:00,4135001,adLQvlD726eNBSB,1232.95,1333.971429,1232.95
2020-06-13 11:45:00,4135001,YxYtjZvoooNbGkE,1271.7,1315.7,1271.7
2020-06-13 11:45:00,4135001,WRmjgnKYAwPKWDb,966.6285714,1158.842857,966.6285714
2020-06-13 11:45:00,4135001,3PZuoBAID5Wc2HD,1122.842857,1336.7,1122.842857
2020-06-13 11:45:00,4135001,pkci93gMrogZuBj,1295.55,1275.042857,1295.55
2020-06-13 11:45:00,4135001,7JYdWkrLSPkdwr4,1206.042857,1124.9875,1206.042857
2020-06-13 11:45:00,4135001,wCURE6d3bPkepu2,1318.442857,1266.575,1318.442857
2020-06-13 11:45:00,4135001,1IF53ai7Xc0U56Y,1228.8,1287.585714,1228.8
2020-06-13 11:45:00,4135001,iCRJl6heRkivqQ3,1339.9625,1318.357143,1339.9625
2020-06-13 11:45:00,4135001,ZnxXDlPa8U1GXgE,1227.857143,1321.2375,1227.857143
2020-06-13 11:45:00,4135001,sjndEbLyjtCKgGv,1306.214286,1196.7125,1306.214286
2020-06-13 11:45:00,4135001,uHbuxQJl8lW7ozc,1296.2875,1219.6,1296.2875
2020-06-13 11:45:00,4135001,zVJPv84UY57bAof,1306.675,1284.5,1306.675
2020-06-13 11:45:00,4135001,rGa61gmuvPhdLxV,1288.5625,1308.457143,1288.5625
2020-06-13 11:45:00,4135001,ih0vzX44oOqAx2f,1258.157143,1283.5875,1258.157143
2020-06-13 11:45:00,4135001,McdE0feGgRqW7Ca,1314.9,1289.55,1314.9
2020-06-13 11:45:00,4135001,bvBOhCH3iADSZry,1122.275,1231.785714,1122.275
2020-06-13 11:45:00,4135001,z9Y9gH1T5YWrNuG,1264.014286,1289.35,1264.014286
2020-06-13 12:00:00,4135001,YxYtjZvoooNbGkE,1315.7,1057.8,1315.7
2020-06-13 12:00:00,4135001,WRmjgnKYAwPKWDb,1158.842857,1143.2,1158.842857
2020-06-13 12:00:00,4135001,VHMLBKoKgIrUVDU,1166.675,1129.1,1166.675
2020-06-13 12:00:00,4135001,adLQvlD726eNBSB,1333.971429,1173.4625,1333.971429
2020-06-13 12:00:00,4135001,bvBOhCH3iADSZry,1231.785714,1064.642857,1231.785714
2020-06-13 12:00:00,4135001,7JYdWkrLSPkdwr4,1124.9875,1122.171429,1124.9875
2020-06-13 12:00:00,4135001,ih0vzX44oOqAx2f,1283.5875,981.5714286,1283.5875
2020-06-13 12:00:00,4135001,sjndEbLyjtCKgGv,1196.7125,1042.557143,1196.7125
2020-06-13 12:00:00,4135001,zBIq5rxdHJRwDNY,1300.928571,1003.9625,1300.928571
2020-06-13 12:00:00,4135001,iCRJl6heRkivqQ3,1318.357143,1015.7,1318.357143
2020-06-13 12:00:00,4135001,z9Y9gH1T5YWrNuG,1289.35,957.4428571,1289.35
2020-06-13 12:00:00,4135001,wCURE6d3bPkepu2,1266.575,1037.828571,1266.575
2020-06-13 12:00:00,4135001,ZnxXDlPa8U1GXgE,1321.2375,1042.257143,1321.2375
2020-06-13 12:00:00,4135001,uHbuxQJl8lW7ozc,1219.6,1123.7875,1219.6
2020-06-13 12:00:00,4135001,1BY6WEcLGh8j5v7,1251.528571,1074.9,1251.528571
2020-06-13 12:00:00,4135001,3PZuoBAID5Wc2HD,1336.7,1128.3875,1336.7
2020-06-13 12:00:00,4135001,rGa61gmuvPhdLxV,1308.457143,996.8875,1308.457143
2020-06-13 12:00:00,4135001,ZoEaEvLYb1n2sOq,1281.642857,1040.325,1281.642857
2020-06-13 12:00:00,4135001,McdE0feGgRqW7Ca,1289.55,1003.0,1289.55
2020-06-13 12:00:00,4135001,zVJPv84UY57bAof,1284.5,1054.5375,1284.5
2020-06-13 12:00:00,4135001,1IF53ai7Xc0U56Y,1287.585714,1145.7875,1287.585714
2020-06-13 12:00:00,4135001,pkci93gMrogZuBj,1275.042857,1050.7375,1275.042857
2020-06-13 12:15:00,4135001,pkci93gMrogZuBj,1050.7375,1089.028571,1050.7375
2020-06-13 12:15:00,4135001,7JYdWkrLSPkdwr4,1122.171429,1198.55,1122.171429
2020-06-13 12:15:00,4135001,McdE0feGgRqW7Ca,1003.0,1084.725,1003.0
2020-06-13 12:15:00,4135001,1IF53ai7Xc0U56Y,1145.7875,1264.971429,1145.7875
2020-06-13 12:15:00,4135001,YxYtjZvoooNbGkE,1057.8,1142.914286,1057.8
2020-06-13 12:15:00,4135001,z9Y9gH1T5YWrNuG,957.4428571,1097.4625,957.4428571
2020-06-13 12:15:00,4135001,bvBOhCH3iADSZry,1064.642857,1139.575,1064.642857
2020-06-13 12:15:00,4135001,wCURE6d3bPkepu2,1037.828571,1115.9375,1037.828571
2020-06-13 12:15:00,4135001,3PZuoBAID5Wc2HD,1128.3875,1230.085714,1128.3875
2020-06-13 12:15:00,4135001,1BY6WEcLGh8j5v7,1074.9,1028.825,1074.9
2020-06-13 12:15:00,4135001,zBIq5rxdHJRwDNY,1003.9625,1188.457143,1003.9625
2020-06-13 12:15:00,4135001,VHMLBKoKgIrUVDU,1129.1,1266.85,1129.1
2020-06-13 12:15:00,4135001,ZoEaEvLYb1n2sOq,1040.325,1170.228571,1040.325
2020-06-13 12:15:00,4135001,ih0vzX44oOqAx2f,981.5714286,1128.45,981.5714286
2020-06-13 12:15:00,4135001,iCRJl6heRkivqQ3,1015.7,1103.885714,1015.7
2020-06-13 12:15:00,4135001,ZnxXDlPa8U1GXgE,1042.257143,1234.1875,1042.257143
2020-06-13 12:15:00,4135001,adLQvlD726eNBSB,1173.4625,1324.314286,1173.4625
2020-06-13 12:15:00,4135001,WRmjgnKYAwPKWDb,1143.2,1226.771429,1143.2
2020-06-13 12:15:00,4135001,uHbuxQJl8lW7ozc,1123.7875,1108.128571,1123.7875
2020-06-13 12:15:00,4135001,zVJPv84UY57bAof,1054.5375,1114.314286,1054.5375
2020-06-13 12:15:00,4135001,rGa61gmuvPhdLxV,996.8875,1112.471429,996.8875
2020-06-13 12:15:00,4135001,sjndEbLyjtCKgGv,1042.557143,1066.8,1042.557143
2020-06-13 12:30:00,4135001,bvBOhCH3iADSZry,1139.575,1145.371429,1139.575
2020-06-13 12:30:00,4135001,McdE0feGgRqW7Ca,1084.725,1236.814286,1084.725
2020-06-13 12:30:00,4135001,pkci93gMrogZuBj,1089.028571,1193.125,1089.028571
2020-06-13 12:30:00,4135001,zVJPv84UY57bAof,1114.314286,1213.425,1114.314286
2020-06-13 12:30:00,4135001,iCRJl6heRkivqQ3,1103.885714,1215.0625,1103.885714
2020-06-13 12:30:00,4135001,adLQvlD726eNBSB,1324.314286,1232.3,1324.314286
2020-06-13 12:30:00,4135001,rGa61gmuvPhdLxV,1112.471429,1202.025,1112.471429
2020-06-13 12:30:00,4135001,1IF53ai7Xc0U56Y,1264.971429,1215.575,1264.971429
2020-06-13 12:30:00,4135001,1BY6WEcLGh8j5v7,1028.825,1084.885714,1028.825
2020-06-13 12:30:00,4135001,wCURE6d3bPkepu2,1115.9375,1239.042857,1115.9375
2020-06-13 12:30:00,4135001,7JYdWkrLSPkdwr4,1198.55,1201.814286,1198.55
2020-06-13 12:30:00,4135001,uHbuxQJl8lW7ozc,1108.128571,1207.1125,1108.128571
2020-06-13 12:30:00,4135001,VHMLBKoKgIrUVDU,1266.85,1207.8,1266.85
2020-06-13 12:30:00,4135001,ZnxXDlPa8U1GXgE,1234.1875,1225.528571,1234.1875
2020-06-13 12:30:00,4135001,WRmjgnKYAwPKWDb,1226.771429,1149.4125,1226.771429
2020-06-13 12:30:00,4135001,YxYtjZvoooNbGkE,1142.914286,1150.95,1142.914286
2020-06-13 12:30:00,4135001,z9Y9gH1T5YWrNuG,1097.4625,1191.528571,1097.4625
2020-06-13 12:30:00,4135001,ZoEaEvLYb1n2sOq,1170.228571,1162.4375,1170.228571
2020-06-13 12:30:00,4135001,ih0vzX44oOqAx2f,1128.45,1182.614286,1128.45
2020-06-13 12:30:00,4135001,3PZuoBAID5Wc2HD,1230.085714,1153.9375,1230.085714
2020-06-13 12:30:00,4135001,zBIq5rxdHJRwDNY,1188.457143,1221.4625,1188.457143
2020-06-13 12:30:00,4135001,sjndEbLyjtCKgGv,1066.8,1259.371429,1066.8
2020-06-13 12:45:00,4135001,3PZuoBAID5Wc2HD,1153.9375,938.5285714,1153.9375
2020-06-13 12:45:00,4135001,wCURE6d3bPkepu2,1239.042857,999.725,1239.042857
2020-06-13 12:45:00,4135001,z9Y9gH1T5YWrNuG,1191.528571,1015.025,1191.528571
2020-06-13 12:45:00,4135001,McdE0feGgRqW7Ca,1236.814286,1028.5375,1236.814286
2020-06-13 12:45:00,4135001,ZnxXDlPa8U1GXgE,1225.528571,967.5125,1225.528571
2020-06-13 12:45:00,4135001,iCRJl6heRkivqQ3,1215.0625,914.0,1215.0625
2020-06-13 12:45:00,4135001,1BY6WEcLGh8j5v7,1084.885714,937.675,1084.885714
2020-06-13 12:45:00,4135001,YxYtjZvoooNbGkE,1150.95,990.3571429,1150.95
2020-06-13 12:45:00,4135001,sjndEbLyjtCKgGv,1259.371429,984.975,1259.371429
2020-06-13 12:45:00,4135001,ih0vzX44oOqAx2f,1182.614286,928.6625,1182.614286
2020-06-13 12:45:00,4135001,ZoEaEvLYb1n2sOq,1162.4375,876.6142857,1162.4375
2020-06-13 12:45:00,4135001,7JYdWkrLSPkdwr4,1201.814286,987.0625,1201.814286
2020-06-13 12:45:00,4135001,uHbuxQJl8lW7ozc,1207.1125,965.0857143,1207.1125
2020-06-13 12:45:00,4135001,zBIq5rxdHJRwDNY,1221.4625,956.0,1221.4625
2020-06-13 12:45:00,4135001,adLQvlD726eNBSB,1232.3,964.9142857,1232.3
2020-06-13 12:45:00,4135001,WRmjgnKYAwPKWDb,1149.4125,953.9285714,1149.4125
2020-06-13 12:45:00,4135001,VHMLBKoKgIrUVDU,1207.8,1012.3375,1207.8
2020-06-13 12:45:00,4135001,zVJPv84UY57bAof,1213.425,936.4714286,1213.425
2020-06-13 12:45:00,4135001,bvBOhCH3iADSZry,1145.371429,936.4125,1145.371429
2020-06-13 12:45:00,4135001,pkci93gMrogZuBj,1193.125,915.7285714,1193.125
2020-06-13 12:45:00,4135001,1IF53ai7Xc0U56Y,1215.575,942.8285714,1215.575
2020-06-13 12:45:00,4135001,rGa61gmuvPhdLxV,1202.025,931.5714286,1202.025
2020-06-13 13:00:00,4135001,adLQvlD726eNBSB,964.9142857,939.8875,964.9142857
2020-06-13 13:00:00,4135001,WRmjgnKYAwPKWDb,953.9285714,906.75,953.9285714
2020-06-13 13:00:00,4135001,bvBOhCH3iADSZry,936.4125,793.5142857,936.4125
2020-06-13 13:00:00,4135001,uHbuxQJl8lW7ozc,965.0857143,846.7875,965.0857143
2020-06-13 13:00:00,4135001,iCRJl6heRkivqQ3,914.0,866.8571429,914.0
2020-06-13 13:00:00,4135001,ZoEaEvLYb1n2sOq,876.6142857,838.2125,876.6142857
2020-06-13 13:00:00,4135001,ih0vzX44oOqAx2f,928.6625,828.2142857,928.6625
2020-06-13 13:00:00,4135001,ZnxXDlPa8U1GXgE,967.5125,859.7571429,967.5125
2020-06-13 13:00:00,4135001,7JYdWkrLSPkdwr4,987.0625,891.0571429,987.0625
2020-06-13 13:00:00,4135001,3PZuoBAID5Wc2HD,938.5285714,926.0,938.5285714
2020-06-13 13:00:00,4135001,zBIq5rxdHJRwDNY,956.0,858.7714286,956.0
2020-06-13 13:00:00,4135001,YxYtjZvoooNbGkE,990.3571429,830.0,990.3571429
2020-06-13 13:00:00,4135001,VHMLBKoKgIrUVDU,1012.3375,905.5285714,1012.3375
2020-06-13 13:00:00,4135001,1BY6WEcLGh8j5v7,937.675,777.7428571,937.675
2020-06-13 13:00:00,4135001,McdE0feGgRqW7Ca,1028.5375,909.2571429,1028.5375
2020-06-13 13:00:00,4135001,1IF53ai7Xc0U56Y,942.8285714,903.0875,942.8285714
2020-06-13 13:00:00,4135001,sjndEbLyjtCKgGv,984.975,873.6857143,984.975
2020-06-13 13:00:00,4135001,zVJPv84UY57bAof,936.4714286,846.4,936.4714286
2020-06-13 13:00:00,4135001,pkci93gMrogZuBj,915.7285714,867.9375,915.7285714
2020-06-13 13:00:00,4135001,z9Y9gH1T5YWrNuG,1015.025,894.2,1015.025
2020-06-13 13:00:00,4135001,rGa61gmuvPhdLxV,931.5714286,877.4625,931.5714286
2020-06-13 13:00:00,4135001,wCURE6d3bPkepu2,999.725,874.4857143,999.725
2020-06-13 13:15:00,4135001,zBIq5rxdHJRwDNY,858.7714286,770.7625,858.7714286
2020-06-13 13:15:00,4135001,1BY6WEcLGh8j5v7,777.7428571,735.3,777.7428571
2020-06-13 13:15:00,4135001,ih0vzX44oOqAx2f,828.2142857,739.825,828.2142857
2020-06-13 13:15:00,4135001,YxYtjZvoooNbGkE,830.0,753.4857143,830.0
2020-06-13 13:15:00,4135001,pkci93gMrogZuBj,867.9375,768.8857143,867.9375
2020-06-13 13:15:00,4135001,3PZuoBAID5Wc2HD,926.0,768.6142857,926.0
2020-06-13 13:15:00,4135001,sjndEbLyjtCKgGv,873.6857143,758.5625,873.6857143
2020-06-13 13:15:00,4135001,z9Y9gH1T5YWrNuG,894.2,746.7875,894.2
2020-06-13 13:15:00,4135001,WRmjgnKYAwPKWDb,906.75,764.9714286,906.75
2020-06-13 13:15:00,4135001,7JYdWkrLSPkdwr4,891.0571429,754.2625,891.0571429
2020-06-13 13:15:00,4135001,1IF53ai7Xc0U56Y,903.0875,756.3857143,903.0875
2020-06-13 13:15:00,4135001,ZnxXDlPa8U1GXgE,859.7571429,766.95,859.7571429
2020-06-13 13:15:00,4135001,uHbuxQJl8lW7ozc,846.7875,777.7714286,846.7875
2020-06-13 13:15:00,4135001,iCRJl6heRkivqQ3,866.8571429,781.3125,866.8571429
2020-06-13 13:15:00,4135001,ZoEaEvLYb1n2sOq,838.2125,745.0142857,838.2125
2020-06-13 13:15:00,4135001,adLQvlD726eNBSB,939.8875,764.0428571,939.8875
2020-06-13 13:15:00,4135001,zVJPv84UY57bAof,846.4,766.3,846.4
2020-06-13 13:15:00,4135001,McdE0feGgRqW7Ca,909.2571429,772.2625,909.2571429
2020-06-13 13:15:00,4135001,VHMLBKoKgIrUVDU,905.5285714,769.8625,905.5285714
2020-06-13 13:15:00,4135001,wCURE6d3bPkepu2,874.4857143,757.9,874.4857143
2020-06-13 13:15:00,4135001,rGa61gmuvPhdLxV,877.4625,760.8714286,877.4625
2020-06-13 13:15:00,4135001,bvBOhCH3iADSZry,793.5142857,717.8625,793.5142857
2020-06-13 13:30:00,4135001,YxYtjZvoooNbGkE,753.4857143,808.525,753.4857143
2020-06-13 13:30:00,4135001,3PZuoBAID5Wc2HD,768.6142857,718.525,768.6142857
2020-06-13 13:30:00,4135001,McdE0feGgRqW7Ca,772.2625,904.9714286,772.2625
2020-06-13 13:30:00,4135001,pkci93gMrogZuBj,768.8857143,856.275,768.8857143
2020-06-13 13:30:00,4135001,z9Y9gH1T5YWrNuG,746.7875,890.1,746.7875
2020-06-13 13:30:00,4135001,bvBOhCH3iADSZry,717.8625,670.7428571,717.8625
2020-06-13 13:30:00,4135001,ih0vzX44oOqAx2f,739.825,831.7428571,739.825
2020-06-13 13:30:00,4135001,7JYdWkrLSPkdwr4,754.2625,780.7714286,754.2625
2020-06-13 13:30:00,4135001,1IF53ai7Xc0U56Y,756.3857143,810.3428571,756.3857143
2020-06-13 13:30:00,4135001,rGa61gmuvPhdLxV,760.8714286,876.2375,760.8714286
2020-06-13 13:30:00,4135001,uHbuxQJl8lW7ozc,777.7714286,882.5625,777.7714286
2020-06-13 13:30:00,4135001,VHMLBKoKgIrUVDU,769.8625,766.0285714,769.8625
2020-06-13 13:30:00,4135001,iCRJl6heRkivqQ3,781.3125,902.6857143,781.3125
2020-06-13 13:30:00,4135001,WRmjgnKYAwPKWDb,764.9714286,673.675,764.9714286
2020-06-13 13:30:00,4135001,wCURE6d3bPkepu2,757.9,894.9428571,757.9
2020-06-13 13:30:00,4135001,ZnxXDlPa8U1GXgE,766.95,805.4428571,766.95
2020-06-13 13:30:00,4135001,sjndEbLyjtCKgGv,758.5625,876.5857143,758.5625
2020-06-13 13:30:00,4135001,adLQvlD726eNBSB,764.0428571,791.6428571,764.0428571
2020-06-13 13:30:00,4135001,1BY6WEcLGh8j5v7,735.3,661.7142857,735.3
2020-06-13 13:30:00,4135001,ZoEaEvLYb1n2sOq,745.0142857,827.7125,745.0142857
2020-06-13 13:30:00,4135001,zBIq5rxdHJRwDNY,770.7625,899.1285714,770.7625
2020-06-13 13:30:00,4135001,zVJPv84UY57bAof,766.3,879.95,766.3
2020-06-13 13:45:00,4135001,zVJPv84UY57bAof,879.95,1244.585714,879.95
2020-06-13 13:45:00,4135001,iCRJl6heRkivqQ3,902.6857143,1220.7125,902.6857143
2020-06-13 13:45:00,4135001,adLQvlD726eNBSB,791.6428571,1177.0875,791.6428571
2020-06-13 13:45:00,4135001,uHbuxQJl8lW7ozc,882.5625,1224.357143,882.5625
2020-06-13 13:45:00,4135001,ZnxXDlPa8U1GXgE,805.4428571,1186.2,805.4428571
2020-06-13 13:45:00,4135001,ZoEaEvLYb1n2sOq,827.7125,1246.428571,827.7125
2020-06-13 13:45:00,4135001,1IF53ai7Xc0U56Y,810.3428571,1196.9625,810.3428571
2020-06-13 13:45:00,4135001,7JYdWkrLSPkdwr4,780.7714286,1198.1125,780.7714286
2020-06-13 13:45:00,4135001,VHMLBKoKgIrUVDU,766.0285714,1220.0875,766.0285714
2020-06-13 13:45:00,4135001,WRmjgnKYAwPKWDb,673.675,1224.685714,673.675
2020-06-13 13:45:00,4135001,bvBOhCH3iADSZry,670.7428571,1064.4625,670.7428571
2020-06-13 13:45:00,4135001,wCURE6d3bPkepu2,894.9428571,1212.8875,894.9428571
2020-06-13 13:45:00,4135001,z9Y9gH1T5YWrNuG,890.1,1176.6125,890.1
2020-06-13 13:45:00,4135001,sjndEbLyjtCKgGv,876.5857143,1177.3625,876.5857143
2020-06-13 13:45:00,4135001,pkci93gMrogZuBj,856.275,1196.257143,856.275
2020-06-13 13:45:00,4135001,ih0vzX44oOqAx2f,831.7428571,1157.7125,831.7428571
2020-06-13 13:45:00,4135001,1BY6WEcLGh8j5v7,661.7142857,1083.925,661.7142857
2020-06-13 13:45:00,4135001,McdE0feGgRqW7Ca,904.9714286,1221.2625,904.9714286
2020-06-13 13:45:00,4135001,rGa61gmuvPhdLxV,876.2375,1193.542857,876.2375
2020-06-13 13:45:00,4135001,3PZuoBAID5Wc2HD,718.525,1228.414286,718.525
2020-06-13 13:45:00,4135001,YxYtjZvoooNbGkE,808.525,1190.057143,808.525
2020-06-13 13:45:00,4135001,zBIq5rxdHJRwDNY,899.1285714,1193.2125,899.1285714
2020-06-13 14:00:00,4135001,uHbuxQJl8lW7ozc,1224.357143,1147.4375,1224.357143
2020-06-13 14:00:00,4135001,iCRJl6heRkivqQ3,1220.7125,1075.814286,1220.7125
2020-06-13 14:00:00,4135001,3PZuoBAID5Wc2HD,1228.414286,1025.95,1228.414286
2020-06-13 14:00:00,4135001,WRmjgnKYAwPKWDb,1224.685714,1010.4625,1224.685714
2020-06-13 14:00:00,4135001,zBIq5rxdHJRwDNY,1193.2125,1100.185714,1193.2125
2020-06-13 14:00:00,4135001,z9Y9gH1T5YWrNuG,1176.6125,1119.457143,1176.6125
2020-06-13 14:00:00,4135001,ZnxXDlPa8U1GXgE,1186.2,1165.885714,1186.2
2020-06-13 14:00:00,4135001,VHMLBKoKgIrUVDU,1220.0875,1103.128571,1220.0875
2020-06-13 14:00:00,4135001,ZoEaEvLYb1n2sOq,1246.428571,1101.6,1246.428571
2020-06-13 14:00:00,4135001,rGa61gmuvPhdLxV,1193.542857,1000.885714,1193.542857
2020-06-13 14:00:00,4135001,YxYtjZvoooNbGkE,1190.057143,1120.25,1190.057143
2020-06-13 14:00:00,4135001,adLQvlD726eNBSB,1177.0875,1042.057143,1177.0875
2020-06-13 14:00:00,4135001,wCURE6d3bPkepu2,1212.8875,1171.157143,1212.8875
2020-06-13 14:00:00,4135001,McdE0feGgRqW7Ca,1221.2625,1151.371429,1221.2625
2020-06-13 14:00:00,4135001,1IF53ai7Xc0U56Y,1196.9625,1054.028571,1196.9625
2020-06-13 14:00:00,4135001,pkci93gMrogZuBj,1196.257143,1034.2625,1196.257143
2020-06-13 14:00:00,4135001,zVJPv84UY57bAof,1244.585714,1125.557143,1244.585714
2020-06-13 14:00:00,4135001,1BY6WEcLGh8j5v7,1083.925,994.4714286,1083.925
2020-06-13 14:00:00,4135001,bvBOhCH3iADSZry,1064.4625,1036.085714,1064.4625
2020-06-13 14:00:00,4135001,sjndEbLyjtCKgGv,1177.3625,1145.8,1177.3625
2020-06-13 14:00:00,4135001,ih0vzX44oOqAx2f,1157.7125,1078.942857,1157.7125
2020-06-13 14:00:00,4135001,7JYdWkrLSPkdwr4,1198.1125,1151.485714,1198.1125
2020-06-13 14:15:00,4135001,ZnxXDlPa8U1GXgE,1165.885714,924.7375,1165.885714
2020-06-13 14:15:00,4135001,ih0vzX44oOqAx2f,1078.942857,896.9625,1078.942857
2020-06-13 14:15:00,4135001,z9Y9gH1T5YWrNuG,1119.457143,855.4571429,1119.457143
2020-06-13 14:15:00,4135001,zBIq5rxdHJRwDNY,1100.185714,911.65,1100.185714
2020-06-13 14:15:00,4135001,wCURE6d3bPkepu2,1171.157143,877.5428571,1171.157143
2020-06-13 14:15:00,4135001,sjndEbLyjtCKgGv,1145.8,893.425,1145.8
2020-06-13 14:15:00,4135001,ZoEaEvLYb1n2sOq,1101.6,868.3857143,1101.6
2020-06-13 14:15:00,4135001,rGa61gmuvPhdLxV,1000.885714,910.0875,1000.885714
2020-06-13 14:15:00,4135001,pkci93gMrogZuBj,1034.2625,876.0857143,1034.2625
2020-06-13 14:15:00,4135001,WRmjgnKYAwPKWDb,1010.4625,666.5,1010.4625
2020-06-13 14:15:00,4135001,7JYdWkrLSPkdwr4,1151.485714,821.325,1151.485714
2020-06-13 14:15:00,4135001,adLQvlD726eNBSB,1042.057143,860.7125,1042.057143
2020-06-13 14:15:00,4135001,McdE0feGgRqW7Ca,1151.371429,942.2,1151.371429
2020-06-13 14:15:00,4135001,bvBOhCH3iADSZry,1036.085714,775.1875,1036.085714
2020-06-13 14:15:00,4135001,1BY6WEcLGh8j5v7,994.4714286,778.8875,994.4714286
2020-06-13 14:15:00,4135001,VHMLBKoKgIrUVDU,1103.128571,880.8125,1103.128571
2020-06-13 14:15:00,4135001,iCRJl6heRkivqQ3,1075.814286,946.5375,1075.814286
2020-06-13 14:15:00,4135001,uHbuxQJl8lW7ozc,1147.4375,888.8857143,1147.4375
2020-06-13 14:15:00,4135001,1IF53ai7Xc0U56Y,1054.028571,870.25,1054.028571
2020-06-13 14:15:00,4135001,YxYtjZvoooNbGkE,1120.25,829.3571429,1120.25
2020-06-13 14:15:00,4135001,3PZuoBAID5Wc2HD,1025.95,694.7714286,1025.95
2020-06-13 14:15:00,4135001,zVJPv84UY57bAof,1125.557143,902.45,1125.557143
2020-06-13 14:30:00,4135001,7JYdWkrLSPkdwr4,821.325,971.5142857,821.325
2020-06-13 14:30:00,4135001,3PZuoBAID5Wc2HD,694.7714286,989.6875,694.7714286
2020-06-13 14:30:00,4135001,sjndEbLyjtCKgGv,893.425,1055.514286,893.425
2020-06-13 14:30:00,4135001,ih0vzX44oOqAx2f,896.9625,1039.6,896.9625
2020-06-13 14:30:00,4135001,ZoEaEvLYb1n2sOq,868.3857143,1046.442857,868.3857143
2020-06-13 14:30:00,4135001,bvBOhCH3iADSZry,775.1875,973.7,775.1875
2020-06-13 14:30:00,4135001,iCRJl6heRkivqQ3,946.5375,1048.471429,946.5375
2020-06-13 14:30:00,4135001,VHMLBKoKgIrUVDU,880.8125,1029.771429,880.8125
2020-06-13 14:30:00,4135001,wCURE6d3bPkepu2,877.5428571,1069.2625,877.5428571
2020-06-13 14:30:00,4135001,uHbuxQJl8lW7ozc,888.8857143,1039.0375,888.8857143
2020-06-13 14:30:00,4135001,1IF53ai7Xc0U56Y,870.25,985.7,870.25
2020-06-13 14:30:00,4135001,rGa61gmuvPhdLxV,910.0875,1057.457143,910.0875
2020-06-13 14:30:00,4135001,McdE0feGgRqW7Ca,942.2,1083.328571,942.2
2020-06-13 14:30:00,4135001,WRmjgnKYAwPKWDb,666.5,961.225,666.5
2020-06-13 14:30:00,4135001,adLQvlD726eNBSB,860.7125,998.0428571,860.7125
2020-06-13 14:30:00,4135001,ZnxXDlPa8U1GXgE,924.7375,1086.185714,924.7375
2020-06-13 14:30:00,4135001,pkci93gMrogZuBj,876.0857143,1022.3125,876.0857143
2020-06-13 14:30:00,4135001,z9Y9gH1T5YWrNuG,855.4571429,1086.0125,855.4571429
2020-06-13 14:30:00,4135001,zBIq5rxdHJRwDNY,911.65,1027.1,911.65
2020-06-13 14:30:00,4135001,zVJPv84UY57bAof,902.45,1055.214286,902.45
2020-06-13 14:30:00,4135001,1BY6WEcLGh8j5v7,778.8875,983.5857143,778.8875
2020-06-13 14:30:00,4135001,YxYtjZvoooNbGkE,829.3571429,1063.171429,829.3571429
2020-06-13 14:45:00,4135001,bvBOhCH3iADSZry,973.7,949.025,973.7
2020-06-13 14:45:00,4135001,VHMLBKoKgIrUVDU,1029.771429,1039.1875,1029.771429
2020-06-13 14:45:00,4135001,McdE0feGgRqW7Ca,1083.328571,999.7,1083.328571
2020-06-13 14:45:00,4135001,1BY6WEcLGh8j5v7,983.5857143,963.95,983.5857143
2020-06-13 14:45:00,4135001,sjndEbLyjtCKgGv,1055.514286,933.0857143,1055.514286
2020-06-13 14:45:00,4135001,1IF53ai7Xc0U56Y,985.7,1026.65,985.7
2020-06-13 14:45:00,4135001,adLQvlD726eNBSB,998.0428571,1042.7875,998.0428571
2020-06-13 14:45:00,4135001,ZoEaEvLYb1n2sOq,1046.442857,1014.45,1046.442857
2020-06-13 14:45:00,4135001,WRmjgnKYAwPKWDb,961.225,1014.228571,961.225
2020-06-13 14:45:00,4135001,wCURE6d3bPkepu2,1069.2625,1003.657143,1069.2625
2020-06-13 14:45:00,4135001,YxYtjZvoooNbGkE,1063.171429,1019.2625,1063.171429
2020-06-13 14:45:00,4135001,7JYdWkrLSPkdwr4,971.5142857,982.6125,971.5142857
2020-06-13 14:45:00,4135001,rGa61gmuvPhdLxV,1057.457143,1032.3,1057.457143
2020-06-13 14:45:00,4135001,z9Y9gH1T5YWrNuG,1086.0125,1036.328571,1086.0125
2020-06-13 14:45:00,4135001,zBIq5rxdHJRwDNY,1027.1,1018.15,1027.1
2020-06-13 14:45:00,4135001,zVJPv84UY57bAof,1055.214286,1057.5,1055.214286
2020-06-13 14:45:00,4135001,pkci93gMrogZuBj,1022.3125,1037.185714,1022.3125
2020-06-13 14:45:00,4135001,ZnxXDlPa8U1GXgE,1086.185714,1047.3875,1086.185714
2020-06-13 14:45:00,4135001,3PZuoBAID5Wc2HD,989.6875,1031.428571,989.6875
2020-06-13 14:45:00,4135001,ih0vzX44oOqAx2f,1039.6,1006.9875,1039.6
2020-06-13 14:45:00,4135001,iCRJl6heRkivqQ3,1048.471429,1043.875,1048.471429
2020-06-13 14:45:00,4135001,uHbuxQJl8lW7ozc,1039.0375,1018.142857,1039.0375
2020-06-13 15:00:00,4135001,bvBOhCH3iADSZry,949.025,884.0285714,949.025
2020-06-13 15:00:00,4135001,zBIq5rxdHJRwDNY,1018.15,1041.5,1018.15
2020-06-13 15:00:00,4135001,YxYtjZvoooNbGkE,1019.2625,993.1285714,1019.2625
2020-06-13 15:00:00,4135001,rGa61gmuvPhdLxV,1032.3,960.5857143,1032.3
2020-06-13 15:00:00,4135001,adLQvlD726eNBSB,1042.7875,997.2285714,1042.7875
2020-06-13 15:00:00,4135001,ZnxXDlPa8U1GXgE,1047.3875,1039.7,1047.3875
2020-06-13 15:00:00,4135001,WRmjgnKYAwPKWDb,1014.228571,922.8,1014.228571
2020-06-13 15:00:00,4135001,pkci93gMrogZuBj,1037.185714,916.0142857,1037.185714
2020-06-13 15:00:00,4135001,zVJPv84UY57bAof,1057.5,948.4142857,1057.5
2020-06-13 15:00:00,4135001,wCURE6d3bPkepu2,1003.657143,1000.775,1003.657143
2020-06-13 15:00:00,4135001,1BY6WEcLGh8j5v7,963.95,873.3,963.95
2020-06-13 15:00:00,4135001,sjndEbLyjtCKgGv,933.0857143,947.4125,933.0857143
2020-06-13 15:00:00,4135001,3PZuoBAID5Wc2HD,1031.428571,956.475,1031.428571
2020-06-13 15:00:00,4135001,7JYdWkrLSPkdwr4,982.6125,948.6857143,982.6125
2020-06-13 15:00:00,4135001,ZoEaEvLYb1n2sOq,1014.45,1007.828571,1014.45
2020-06-13 15:00:00,4135001,McdE0feGgRqW7Ca,999.7,976.5,999.7
2020-06-13 15:00:00,4135001,VHMLBKoKgIrUVDU,1039.1875,1002.342857,1039.1875
2020-06-13 15:00:00,4135001,z9Y9gH1T5YWrNuG,1036.328571,951.7375,1036.328571
2020-06-13 15:00:00,4135001,1IF53ai7Xc0U56Y,1026.65,1028.528571,1026.65
2020-06-13 15:00:00,4135001,iCRJl6heRkivqQ3,1043.875,1028.0,1043.875
2020-06-13 15:00:00,4135001,uHbuxQJl8lW7ozc,1018.142857,868.4857143,1018.142857
2020-06-13 15:00:00,4135001,ih0vzX44oOqAx2f,1006.9875,1055.0,1006.9875
2020-06-13 15:15:00,4135001,1IF53ai7Xc0U56Y,1028.528571,758.7625,1028.528571
2020-06-13 15:15:00,4135001,McdE0feGgRqW7Ca,976.5,856.7857143,976.5
2020-06-13 15:15:00,4135001,pkci93gMrogZuBj,916.0142857,632.3875,916.0142857
2020-06-13 15:15:00,4135001,zVJPv84UY57bAof,948.4142857,688.2125,948.4142857
2020-06-13 15:15:00,4135001,7JYdWkrLSPkdwr4,948.6857143,793.0625,948.6857143
2020-06-13 15:15:00,4135001,1BY6WEcLGh8j5v7,873.3,633.9875,873.3
2020-06-13 15:15:00,4135001,z9Y9gH1T5YWrNuG,951.7375,800.5714286,951.7375
2020-06-13 15:15:00,4135001,WRmjgnKYAwPKWDb,922.8,718.3142857,922.8
2020-06-13 15:15:00,4135001,ZnxXDlPa8U1GXgE,1039.7,686.825,1039.7
2020-06-13 15:15:00,4135001,adLQvlD726eNBSB,997.2285714,740.1375,997.2285714
2020-06-13 15:15:00,4135001,ZoEaEvLYb1n2sOq,1007.828571,655.25,1007.828571
2020-06-13 15:15:00,4135001,VHMLBKoKgIrUVDU,1002.342857,773.1625,1002.342857
2020-06-13 15:15:00,4135001,iCRJl6heRkivqQ3,1028.0,740.6,1028.0
2020-06-13 15:15:00,4135001,ih0vzX44oOqAx2f,1055.0,746.2625,1055.0
2020-06-13 15:15:00,4135001,uHbuxQJl8lW7ozc,868.4857143,695.075,868.4857143
2020-06-13 15:15:00,4135001,wCURE6d3bPkepu2,1000.775,883.0142857,1000.775
2020-06-13 15:15:00,4135001,sjndEbLyjtCKgGv,947.4125,846.1,947.4125
2020-06-13 15:15:00,4135001,YxYtjZvoooNbGkE,993.1285714,785.9125,993.1285714
2020-06-13 15:15:00,4135001,rGa61gmuvPhdLxV,960.5857143,784.4375,960.5857143
2020-06-13 15:15:00,4135001,bvBOhCH3iADSZry,884.0285714,624.425,884.0285714
2020-06-13 15:15:00,4135001,zBIq5rxdHJRwDNY,1041.5,839.35,1041.5
2020-06-13 15:15:00,4135001,3PZuoBAID5Wc2HD,956.475,687.7285714,956.475
2020-06-13 15:30:00,4135001,pkci93gMrogZuBj,632.3875,555.2714286,632.3875
2020-06-13 15:30:00,4135001,zBIq5rxdHJRwDNY,839.35,536.3714286,839.35
2020-06-13 15:30:00,4135001,rGa61gmuvPhdLxV,784.4375,549.3857143,784.4375
2020-06-13 15:30:00,4135001,wCURE6d3bPkepu2,883.0142857,506.5625,883.0142857
2020-06-13 15:30:00,4135001,ZoEaEvLYb1n2sOq,655.25,585.9714286,655.25
2020-06-13 15:30:00,4135001,3PZuoBAID5Wc2HD,687.7285714,653.8625,687.7285714
2020-06-13 15:30:00,4135001,ZnxXDlPa8U1GXgE,686.825,575.6285714,686.825
2020-06-13 15:30:00,4135001,McdE0feGgRqW7Ca,856.7857143,518.9,856.7857143
2020-06-13 15:30:00,4135001,z9Y9gH1T5YWrNuG,800.5714286,490.5125,800.5714286
2020-06-13 15:30:00,4135001,VHMLBKoKgIrUVDU,773.1625,563.6571429,773.1625
2020-06-13 15:30:00,4135001,7JYdWkrLSPkdwr4,793.0625,564.3285714,793.0625
2020-06-13 15:30:00,4135001,adLQvlD726eNBSB,740.1375,577.8571429,740.1375
2020-06-13 15:30:00,4135001,ih0vzX44oOqAx2f,746.2625,551.5285714,746.2625
2020-06-13 15:30:00,4135001,uHbuxQJl8lW7ozc,695.075,504.4142857,695.075
2020-06-13 15:30:00,4135001,iCRJl6heRkivqQ3,740.6,564.2142857,740.6
2020-06-13 15:30:00,4135001,YxYtjZvoooNbGkE,785.9125,599.0714286,785.9125
2020-06-13 15:30:00,4135001,zVJPv84UY57bAof,688.2125,527.1857143,688.2125
2020-06-13 15:30:00,4135001,1BY6WEcLGh8j5v7,633.9875,671.8714286,633.9875
2020-06-13 15:30:00,4135001,WRmjgnKYAwPKWDb,718.3142857,680.525,718.3142857
2020-06-13 15:30:00,4135001,bvBOhCH3iADSZry,624.425,594.5,624.425
2020-06-13 15:30:00,4135001,1IF53ai7Xc0U56Y,758.7625,580.0285714,758.7625
2020-06-13 15:30:00,4135001,sjndEbLyjtCKgGv,846.1,539.7875,846.1
2020-06-13 15:45:00,4135001,uHbuxQJl8lW7ozc,504.4142857,653.4375,504.4142857
2020-06-13 15:45:00,4135001,7JYdWkrLSPkdwr4,564.3285714,623.1857143,564.3285714
2020-06-13 15:45:00,4135001,ZnxXDlPa8U1GXgE,575.6285714,662.525,575.6285714
2020-06-13 15:45:00,4135001,sjndEbLyjtCKgGv,539.7875,668.0714286,539.7875
2020-06-13 15:45:00,4135001,iCRJl6heRkivqQ3,564.2142857,696.5125,564.2142857
2020-06-13 15:45:00,4135001,zBIq5rxdHJRwDNY,536.3714286,671.725,536.3714286
2020-06-13 15:45:00,4135001,z9Y9gH1T5YWrNuG,490.5125,670.5857143,490.5125
2020-06-13 15:45:00,4135001,rGa61gmuvPhdLxV,549.3857143,687.375,549.3857143
2020-06-13 15:45:00,4135001,bvBOhCH3iADSZry,594.5,627.2375,594.5
2020-06-13 15:45:00,4135001,zVJPv84UY57bAof,527.1857143,676.0375,527.1857143
2020-06-13 15:45:00,4135001,wCURE6d3bPkepu2,506.5625,653.5285714,506.5625
2020-06-13 15:45:00,4135001,1IF53ai7Xc0U56Y,580.0285714,636.3875,580.0285714
2020-06-13 15:45:00,4135001,McdE0feGgRqW7Ca,518.9,648.6714286,518.9
2020-06-13 15:45:00,4135001,1BY6WEcLGh8j5v7,671.8714286,600.2625,671.8714286
2020-06-13 15:45:00,4135001,ih0vzX44oOqAx2f,551.5285714,642.2,551.5285714
2020-06-13 15:45:00,4135001,3PZuoBAID5Wc2HD,653.8625,723.6,653.8625
2020-06-13 15:45:00,4135001,VHMLBKoKgIrUVDU,563.6571429,611.4714286,563.6571429
2020-06-13 15:45:00,4135001,YxYtjZvoooNbGkE,599.0714286,682.75,599.0714286
2020-06-13 15:45:00,4135001,WRmjgnKYAwPKWDb,680.525,697.7142857,680.525
2020-06-13 15:45:00,4135001,pkci93gMrogZuBj,555.2714286,651.625,555.2714286
2020-06-13 15:45:00,4135001,ZoEaEvLYb1n2sOq,585.9714286,716.175,585.9714286
2020-06-13 15:45:00,4135001,adLQvlD726eNBSB,577.8571429,639.4375,577.8571429
2020-06-13 16:00:00,4135001,ih0vzX44oOqAx2f,642.2,264.9,642.2
2020-06-13 16:00:00,4135001,YxYtjZvoooNbGkE,682.75,283.6571429,682.75
2020-06-13 16:00:00,4135001,bvBOhCH3iADSZry,627.2375,266.0857143,627.2375
2020-06-13 16:00:00,4135001,1BY6WEcLGh8j5v7,600.2625,258.2428571,600.2625
2020-06-13 16:00:00,4135001,pkci93gMrogZuBj,651.625,281.9285714,651.625
2020-06-13 16:00:00,4135001,iCRJl6heRkivqQ3,696.5125,275.6142857,696.5125
2020-06-13 16:00:00,4135001,WRmjgnKYAwPKWDb,697.7142857,310.775,697.7142857
2020-06-13 16:00:00,4135001,1IF53ai7Xc0U56Y,636.3875,288.2,636.3875
2020-06-13 16:00:00,4135001,McdE0feGgRqW7Ca,648.6714286,322.65,648.6714286
2020-06-13 16:00:00,4135001,sjndEbLyjtCKgGv,668.0714286,330.125,668.0714286
2020-06-13 16:00:00,4135001,zBIq5rxdHJRwDNY,671.725,272.4571429,671.725
2020-06-13 16:00:00,4135001,z9Y9gH1T5YWrNuG,670.5857143,309.0,670.5857143
2020-06-13 16:00:00,4135001,3PZuoBAID5Wc2HD,723.6,313.1,723.6
2020-06-13 16:00:00,4135001,zVJPv84UY57bAof,676.0375,289.2571429,676.0375
2020-06-13 16:00:00,4135001,adLQvlD726eNBSB,639.4375,292.9285714,639.4375
2020-06-13 16:00:00,4135001,ZnxXDlPa8U1GXgE,662.525,284.5428571,662.525
2020-06-13 16:00:00,4135001,7JYdWkrLSPkdwr4,623.1857143,303.0875,623.1857143
2020-06-13 16:00:00,4135001,ZoEaEvLYb1n2sOq,716.175,271.4285714,716.175
2020-06-13 16:00:00,4135001,VHMLBKoKgIrUVDU,611.4714286,321.15,611.4714286
2020-06-13 16:00:00,4135001,uHbuxQJl8lW7ozc,653.4375,293.0428571,653.4375
2020-06-13 16:00:00,4135001,wCURE6d3bPkepu2,653.5285714,317.975,653.5285714
2020-06-13 16:00:00,4135001,rGa61gmuvPhdLxV,687.375,275.9571429,687.375
2020-06-13 16:15:00,4135001,rGa61gmuvPhdLxV,275.9571429,379.95,275.9571429
2020-06-13 16:15:00,4135001,ZoEaEvLYb1n2sOq,271.4285714,338.125,271.4285714
2020-06-13 16:15:00,4135001,3PZuoBAID5Wc2HD,313.1,397.3142857,313.1
2020-06-13 16:15:00,4135001,McdE0feGgRqW7Ca,322.65,372.8142857,322.65
2020-06-13 16:15:00,4135001,7JYdWkrLSPkdwr4,303.0875,328.6857143,303.0875
2020-06-13 16:15:00,4135001,VHMLBKoKgIrUVDU,321.15,346.7285714,321.15
2020-06-13 16:15:00,4135001,iCRJl6heRkivqQ3,275.6142857,353.1,275.6142857
2020-06-13 16:15:00,4135001,sjndEbLyjtCKgGv,330.125,354.1571429,330.125
2020-06-13 16:15:00,4135001,1IF53ai7Xc0U56Y,288.2,354.1,288.2
2020-06-13 16:15:00,4135001,WRmjgnKYAwPKWDb,310.775,416.4,310.775
2020-06-13 16:15:00,4135001,z9Y9gH1T5YWrNuG,309.0,383.6571429,309.0
2020-06-13 16:15:00,4135001,zBIq5rxdHJRwDNY,272.4571429,349.25,272.4571429
2020-06-13 16:15:00,4135001,pkci93gMrogZuBj,281.9285714,371.525,281.9285714
2020-06-13 16:15:00,4135001,ih0vzX44oOqAx2f,264.9,359.3857143,264.9
2020-06-13 16:15:00,4135001,bvBOhCH3iADSZry,266.0857143,386.7375,266.0857143
2020-06-13 16:15:00,4135001,YxYtjZvoooNbGkE,283.6571429,360.5375,283.6571429
2020-06-13 16:15:00,4135001,zVJPv84UY57bAof,289.2571429,362.525,289.2571429
2020-06-13 16:15:00,4135001,wCURE6d3bPkepu2,317.975,354.2285714,317.975
2020-06-13 16:15:00,4135001,adLQvlD726eNBSB,292.9285714,353.4125,292.9285714
2020-06-13 16:15:00,4135001,uHbuxQJl8lW7ozc,293.0428571,380.65,293.0428571
2020-06-13 16:15:00,4135001,ZnxXDlPa8U1GXgE,284.5428571,397.9428571,284.5428571
2020-06-13 16:15:00,4135001,1BY6WEcLGh8j5v7,258.2428571,397.6875,258.2428571
2020-06-13 16:30:00,4135001,YxYtjZvoooNbGkE,360.5375,208.1142857,360.5375
2020-06-13 16:30:00,4135001,uHbuxQJl8lW7ozc,380.65,219.1285714,380.65
2020-06-13 16:30:00,4135001,1BY6WEcLGh8j5v7,397.6875,187.6,397.6875
2020-06-13 16:30:00,4135001,adLQvlD726eNBSB,353.4125,206.1714286,353.4125
2020-06-13 16:30:00,4135001,zBIq5rxdHJRwDNY,349.25,193.6714286,349.25
2020-06-13 16:30:00,4135001,sjndEbLyjtCKgGv,354.1571429,208.025,354.1571429
2020-06-13 16:30:00,4135001,1IF53ai7Xc0U56Y,354.1,201.9,354.1
2020-06-13 16:30:00,4135001,iCRJl6heRkivqQ3,353.1,195.7,353.1
2020-06-13 16:30:00,4135001,bvBOhCH3iADSZry,386.7375,186.3428571,386.7375
2020-06-13 16:30:00,4135001,zVJPv84UY57bAof,362.525,202.0428571,362.525
2020-06-13 16:30:00,4135001,z9Y9gH1T5YWrNuG,383.6571429,205.0875,383.6571429
2020-06-13 16:30:00,4135001,ZnxXDlPa8U1GXgE,397.9428571,222.075,397.9428571
2020-06-13 16:30:00,4135001,7JYdWkrLSPkdwr4,328.6857143,206.3625,328.6857143
2020-06-13 16:30:00,4135001,VHMLBKoKgIrUVDU,346.7285714,212.375,346.7285714
2020-06-13 16:30:00,4135001,rGa61gmuvPhdLxV,379.95,194.1428571,379.95
2020-06-13 16:30:00,4135001,ih0vzX44oOqAx2f,359.3857143,212.5125,359.3857143
2020-06-13 16:30:00,4135001,pkci93gMrogZuBj,371.525,199.5428571,371.525
2020-06-13 16:30:00,4135001,WRmjgnKYAwPKWDb,416.4,214.4142857,416.4
2020-06-13 16:30:00,4135001,McdE0feGgRqW7Ca,372.8142857,210.2375,372.8142857
2020-06-13 16:30:00,4135001,ZoEaEvLYb1n2sOq,338.125,211.0428571,338.125
2020-06-13 16:30:00,4135001,wCURE6d3bPkepu2,354.2285714,208.0125,354.2285714
2020-06-13 16:30:00,4135001,3PZuoBAID5Wc2HD,397.3142857,216.9857143,397.3142857
2020-06-13 16:45:00,4135001,VHMLBKoKgIrUVDU,212.375,162.8571429,212.375
2020-06-13 16:45:00,4135001,zBIq5rxdHJRwDNY,193.6714286,165.05,193.6714286
2020-06-13 16:45:00,4135001,7JYdWkrLSPkdwr4,206.3625,159.6571429,206.3625
2020-06-13 16:45:00,4135001,ih0vzX44oOqAx2f,212.5125,154.9714286,212.5125
2020-06-13 16:45:00,4135001,rGa61gmuvPhdLxV,194.1428571,163.5375,194.1428571
2020-06-13 16:45:00,4135001,WRmjgnKYAwPKWDb,214.4142857,166.95,214.4142857
2020-06-13 16:45:00,4135001,YxYtjZvoooNbGkE,208.1142857,161.075,208.1142857
2020-06-13 16:45:00,4135001,sjndEbLyjtCKgGv,208.025,157.3428571,208.025
2020-06-13 16:45:00,4135001,adLQvlD726eNBSB,206.1714286,173.7125,206.1714286
2020-06-13 16:45:00,4135001,ZnxXDlPa8U1GXgE,222.075,161.2142857,222.075
2020-06-13 16:45:00,4135001,z9Y9gH1T5YWrNuG,205.0875,152.5714286,205.0875
2020-06-13 16:45:00,4135001,3PZuoBAID5Wc2HD,216.9857143,168.5,216.9857143
2020-06-13 16:45:00,4135001,zVJPv84UY57bAof,202.0428571,158.4,202.0428571
2020-06-13 16:45:00,4135001,pkci93gMrogZuBj,199.5428571,160.125,199.5428571
2020-06-13 16:45:00,4135001,McdE0feGgRqW7Ca,210.2375,157.8142857,210.2375
2020-06-13 16:45:00,4135001,ZoEaEvLYb1n2sOq,211.0428571,164.1,211.0428571
2020-06-13 16:45:00,4135001,iCRJl6heRkivqQ3,195.7,163.925,195.7
2020-06-13 16:45:00,4135001,wCURE6d3bPkepu2,208.0125,156.3142857,208.0125
2020-06-13 16:45:00,4135001,1BY6WEcLGh8j5v7,187.6,148.8571429,187.6
2020-06-13 16:45:00,4135001,uHbuxQJl8lW7ozc,219.1285714,156.8625,219.1285714
2020-06-13 16:45:00,4135001,bvBOhCH3iADSZry,186.3428571,148.7428571,186.3428571
2020-06-13 16:45:00,4135001,1IF53ai7Xc0U56Y,201.9,170.775,201.9
2020-06-13 17:00:00,4135001,wCURE6d3bPkepu2,156.3142857,174.5375,156.3142857
2020-06-13 17:00:00,4135001,zBIq5rxdHJRwDNY,165.05,172.2571429,165.05
2020-06-13 17:00:00,4135001,sjndEbLyjtCKgGv,157.3428571,175.7125,157.3428571
2020-06-13 17:00:00,4135001,VHMLBKoKgIrUVDU,162.8571429,178.15,162.8571429
2020-06-13 17:00:00,4135001,iCRJl6heRkivqQ3,163.925,172.8571429,163.925
2020-06-13 17:00:00,4135001,1IF53ai7Xc0U56Y,170.775,174.0571429,170.775
2020-06-13 17:00:00,4135001,bvBOhCH3iADSZry,148.7428571,164.3875,148.7428571
2020-06-13 17:00:00,4135001,ZnxXDlPa8U1GXgE,161.2142857,179.0,161.2142857
2020-06-13 17:00:00,4135001,WRmjgnKYAwPKWDb,166.95,173.6,166.95
2020-06-13 17:00:00,4135001,ZoEaEvLYb1n2sOq,164.1,171.7,164.1
2020-06-13 17:00:00,4135001,McdE0feGgRqW7Ca,157.8142857,177.2625,157.8142857
2020-06-13 17:00:00,4135001,3PZuoBAID5Wc2HD,168.5,174.6571429,168.5
2020-06-13 17:00:00,4135001,1BY6WEcLGh8j5v7,148.8571429,165.4,148.8571429
2020-06-13 17:00:00,4135001,7JYdWkrLSPkdwr4,159.6571429,174.775,159.6571429
2020-06-13 17:00:00,4135001,pkci93gMrogZuBj,160.125,175.7285714,160.125
2020-06-13 17:00:00,4135001,rGa61gmuvPhdLxV,163.5375,175.3714286,163.5375
2020-06-13 17:00:00,4135001,ih0vzX44oOqAx2f,154.9714286,174.2,154.9714286
2020-06-13 17:00:00,4135001,zVJPv84UY57bAof,158.4,171.6428571,158.4
2020-06-13 17:00:00,4135001,YxYtjZvoooNbGkE,161.075,170.1142857,161.075
2020-06-13 17:00:00,4135001,uHbuxQJl8lW7ozc,156.8625,174.2857143,156.8625
2020-06-13 17:00:00,4135001,z9Y9gH1T5YWrNuG,152.5714286,172.3125,152.5714286
2020-06-13 17:00:00,4135001,adLQvlD726eNBSB,173.7125,176.4,173.7125
2020-06-13 17:15:00,4135001,3PZuoBAID5Wc2HD,174.6571429,123.1625,174.6571429
2020-06-13 17:15:00,4135001,pkci93gMrogZuBj,175.7285714,126.675,175.7285714
2020-06-13 17:15:00,4135001,ih0vzX44oOqAx2f,174.2,119.7142857,174.2
2020-06-13 17:15:00,4135001,ZoEaEvLYb1n2sOq,171.7,121.475,171.7
2020-06-13 17:15:00,4135001,VHMLBKoKgIrUVDU,178.15,120.0714286,178.15
2020-06-13 17:15:00,4135001,1IF53ai7Xc0U56Y,174.0571429,120.0375,174.0571429
2020-06-13 17:15:00,4135001,McdE0feGgRqW7Ca,177.2625,122.1,177.2625
2020-06-13 17:15:00,4135001,z9Y9gH1T5YWrNuG,172.3125,121.2428571,172.3125
2020-06-13 17:15:00,4135001,zVJPv84UY57bAof,171.6428571,123.8,171.6428571
2020-06-13 17:15:00,4135001,adLQvlD726eNBSB,176.4,121.225,176.4
2020-06-13 17:15:00,4135001,wCURE6d3bPkepu2,174.5375,118.6285714,174.5375
2020-06-13 17:15:00,4135001,bvBOhCH3iADSZry,164.3875,112.6285714,164.3875
2020-06-13 17:15:00,4135001,sjndEbLyjtCKgGv,175.7125,121.3857143,175.7125
2020-06-13 17:15:00,4135001,zBIq5rxdHJRwDNY,172.2571429,119.2625,172.2571429
2020-06-13 17:15:00,4135001,7JYdWkrLSPkdwr4,174.775,118.7857143,174.775
2020-06-13 17:15:00,4135001,iCRJl6heRkivqQ3,172.8571429,121.8875,172.8571429
2020-06-13 17:15:00,4135001,YxYtjZvoooNbGkE,170.1142857,121.225,170.1142857
2020-06-13 17:15:00,4135001,rGa61gmuvPhdLxV,175.3714286,123.5125,175.3714286
2020-06-13 17:15:00,4135001,1BY6WEcLGh8j5v7,165.4,114.3571429,165.4
2020-06-13 17:15:00,4135001,ZnxXDlPa8U1GXgE,179.0,121.9571429,179.0
2020-06-13 17:15:00,4135001,uHbuxQJl8lW7ozc,174.2857143,126.7375,174.2857143
2020-06-13 17:15:00,4135001,WRmjgnKYAwPKWDb,173.6,121.125,173.6
2020-06-13 17:30:00,4135001,3PZuoBAID5Wc2HD,123.1625,92.35714286,123.1625
2020-06-13 17:30:00,4135001,zVJPv84UY57bAof,123.8,93.04285714,123.8
2020-06-13 17:30:00,4135001,iCRJl6heRkivqQ3,121.8875,94.55714286,121.8875
2020-06-13 17:30:00,4135001,bvBOhCH3iADSZry,112.6285714,83.175,112.6285714
2020-06-13 17:30:00,4135001,uHbuxQJl8lW7ozc,126.7375,94.37142857,126.7375
2020-06-13 17:30:00,4135001,YxYtjZvoooNbGkE,121.225,92.2,121.225
2020-06-13 17:30:00,4135001,pkci93gMrogZuBj,126.675,95.78571429,126.675
2020-06-13 17:30:00,4135001,ih0vzX44oOqAx2f,119.7142857,89.775,119.7142857
2020-06-13 17:30:00,4135001,1BY6WEcLGh8j5v7,114.3571429,82.8,114.3571429
2020-06-13 17:30:00,4135001,z9Y9gH1T5YWrNuG,121.2428571,88.6625,121.2428571
2020-06-13 17:30:00,4135001,McdE0feGgRqW7Ca,122.1,91.375,122.1
2020-06-13 17:30:00,4135001,zBIq5rxdHJRwDNY,119.2625,94.7,119.2625
2020-06-13 17:30:00,4135001,adLQvlD726eNBSB,121.225,94.58571429,121.225
2020-06-13 17:30:00,4135001,7JYdWkrLSPkdwr4,118.7857143,90.2375,118.7857143
2020-06-13 17:30:00,4135001,sjndEbLyjtCKgGv,121.3857143,91.475,121.3857143
2020-06-13 17:30:00,4135001,wCURE6d3bPkepu2,118.6285714,89.9625,118.6285714
2020-06-13 17:30:00,4135001,ZnxXDlPa8U1GXgE,121.9571429,91.65,121.9571429
2020-06-13 17:30:00,4135001,ZoEaEvLYb1n2sOq,121.475,93.6,121.475
2020-06-13 17:30:00,4135001,1IF53ai7Xc0U56Y,120.0375,93.54285714,120.0375
2020-06-13 17:30:00,4135001,rGa61gmuvPhdLxV,123.5125,95.45714286,123.5125
2020-06-13 17:30:00,4135001,WRmjgnKYAwPKWDb,121.125,90.35714286,121.125
2020-06-13 17:30:00,4135001,VHMLBKoKgIrUVDU,120.0714286,90.5,120.0714286
2020-06-13 17:45:00,4135001,VHMLBKoKgIrUVDU,90.5,57.24285714,90.5
2020-06-13 17:45:00,4135001,ZnxXDlPa8U1GXgE,91.65,59.05714286,91.65
2020-06-13 17:45:00,4135001,3PZuoBAID5Wc2HD,92.35714286,56.55,92.35714286
2020-06-13 17:45:00,4135001,uHbuxQJl8lW7ozc,94.37142857,59.1625,94.37142857
2020-06-13 17:45:00,4135001,adLQvlD726eNBSB,94.58571429,57.4875,94.58571429
2020-06-13 17:45:00,4135001,7JYdWkrLSPkdwr4,90.2375,57.08571429,90.2375
2020-06-13 17:45:00,4135001,pkci93gMrogZuBj,95.78571429,59.65,95.78571429
2020-06-13 17:45:00,4135001,iCRJl6heRkivqQ3,94.55714286,60.8,94.55714286
2020-06-13 17:45:00,4135001,YxYtjZvoooNbGkE,92.2,57.4375,92.2
2020-06-13 17:45:00,4135001,1BY6WEcLGh8j5v7,82.8,53.32857143,82.8
2020-06-13 17:45:00,4135001,rGa61gmuvPhdLxV,95.45714286,58.4375,95.45714286
2020-06-13 17:45:00,4135001,1IF53ai7Xc0U56Y,93.54285714,56.7625,93.54285714
2020-06-13 17:45:00,4135001,sjndEbLyjtCKgGv,91.475,58.84285714,91.475
2020-06-13 17:45:00,4135001,zBIq5rxdHJRwDNY,94.7,60.44285714,94.7
2020-06-13 17:45:00,4135001,z9Y9gH1T5YWrNuG,88.6625,57.55714286,88.6625
2020-06-13 17:45:00,4135001,wCURE6d3bPkepu2,89.9625,58.08571429,89.9625
2020-06-13 17:45:00,4135001,ZoEaEvLYb1n2sOq,93.6,57.625,93.6
2020-06-13 17:45:00,4135001,McdE0feGgRqW7Ca,91.375,59.28571429,91.375
2020-06-13 17:45:00,4135001,zVJPv84UY57bAof,93.04285714,57.7,93.04285714
2020-06-13 17:45:00,4135001,bvBOhCH3iADSZry,83.175,53.64285714,83.175
2020-06-13 17:45:00,4135001,ih0vzX44oOqAx2f,89.775,58.45714286,89.775
2020-06-13 17:45:00,4135001,WRmjgnKYAwPKWDb,90.35714286,55.3375,90.35714286
2020-06-13 18:00:00,4135001,WRmjgnKYAwPKWDb,55.3375,27.5,55.3375
2020-06-13 18:00:00,4135001,VHMLBKoKgIrUVDU,57.24285714,27.8875,57.24285714
2020-06-13 18:00:00,4135001,sjndEbLyjtCKgGv,58.84285714,27.875,58.84285714
2020-06-13 18:00:00,4135001,rGa61gmuvPhdLxV,58.4375,27.74285714,58.4375
2020-06-13 18:00:00,4135001,zVJPv84UY57bAof,57.7,27.04285714,57.7
2020-06-13 18:00:00,4135001,iCRJl6heRkivqQ3,60.8,28.8375,60.8
2020-06-13 18:00:00,4135001,uHbuxQJl8lW7ozc,59.1625,28.01428571,59.1625
2020-06-13 18:00:00,4135001,ih0vzX44oOqAx2f,58.45714286,28.125,58.45714286
2020-06-13 18:00:00,4135001,zBIq5rxdHJRwDNY,60.44285714,28.725,60.44285714
2020-06-13 18:00:00,4135001,7JYdWkrLSPkdwr4,57.08571429,27.7625,57.08571429
2020-06-13 18:00:00,4135001,1IF53ai7Xc0U56Y,56.7625,27.81428571,56.7625
2020-06-13 18:00:00,4135001,wCURE6d3bPkepu2,58.08571429,27.35,58.08571429
2020-06-13 18:00:00,4135001,1BY6WEcLGh8j5v7,53.32857143,26.1625,53.32857143
2020-06-13 18:00:00,4135001,YxYtjZvoooNbGkE,57.4375,27.22857143,57.4375
2020-06-13 18:00:00,4135001,McdE0feGgRqW7Ca,59.28571429,27.85,59.28571429
2020-06-13 18:00:00,4135001,pkci93gMrogZuBj,59.65,28.11428571,59.65
2020-06-13 18:00:00,4135001,ZoEaEvLYb1n2sOq,57.625,27.61428571,57.625
2020-06-13 18:00:00,4135001,z9Y9gH1T5YWrNuG,57.55714286,27.275,57.55714286
2020-06-13 18:00:00,4135001,adLQvlD726eNBSB,57.4875,28.87142857,57.4875
2020-06-13 18:00:00,4135001,ZnxXDlPa8U1GXgE,59.05714286,28.4375,59.05714286
2020-06-13 18:00:00,4135001,bvBOhCH3iADSZry,53.64285714,25.775,53.64285714
2020-06-13 18:00:00,4135001,3PZuoBAID5Wc2HD,56.55,27.97142857,56.55
2020-06-13 18:15:00,4135001,ZoEaEvLYb1n2sOq,27.61428571,6.2875,27.61428571
2020-06-13 18:15:00,4135001,VHMLBKoKgIrUVDU,27.8875,6.7,27.8875
2020-06-13 18:15:00,4135001,1IF53ai7Xc0U56Y,27.81428571,7.071428571,27.81428571
2020-06-13 18:15:00,4135001,uHbuxQJl8lW7ozc,28.01428571,6.45,28.01428571
2020-06-13 18:15:00,4135001,iCRJl6heRkivqQ3,28.8375,6.985714286,28.8375
2020-06-13 18:15:00,4135001,wCURE6d3bPkepu2,27.35,6.514285714,27.35
2020-06-13 18:15:00,4135001,1BY6WEcLGh8j5v7,26.1625,6.314285714,26.1625
2020-06-13 18:15:00,4135001,bvBOhCH3iADSZry,25.775,6.142857143,25.775
2020-06-13 18:15:00,4135001,WRmjgnKYAwPKWDb,27.5,6.3375,27.5
2020-06-13 18:15:00,4135001,YxYtjZvoooNbGkE,27.22857143,6.2,27.22857143
2020-06-13 18:15:00,4135001,rGa61gmuvPhdLxV,27.74285714,6.3,27.74285714
2020-06-13 18:15:00,4135001,7JYdWkrLSPkdwr4,27.7625,6.728571429,27.7625
2020-06-13 18:15:00,4135001,zBIq5rxdHJRwDNY,28.725,6.971428571,28.725
2020-06-13 18:15:00,4135001,z9Y9gH1T5YWrNuG,27.275,6.528571429,27.275
2020-06-13 18:15:00,4135001,ih0vzX44oOqAx2f,28.125,6.885714286,28.125
2020-06-13 18:15:00,4135001,zVJPv84UY57bAof,27.04285714,6.175,27.04285714
2020-06-13 18:15:00,4135001,McdE0feGgRqW7Ca,27.85,6.785714286,27.85
2020-06-13 18:15:00,4135001,adLQvlD726eNBSB,28.87142857,8.657142857,28.87142857
2020-06-13 18:15:00,4135001,sjndEbLyjtCKgGv,27.875,6.628571429,27.875
2020-06-13 18:15:00,4135001,ZnxXDlPa8U1GXgE,28.4375,6.985714286,28.4375
2020-06-13 18:15:00,4135001,pkci93gMrogZuBj,28.11428571,6.525,28.11428571
2020-06-13 18:15:00,4135001,3PZuoBAID5Wc2HD,27.97142857,6.525,27.97142857
2020-06-13 18:30:00,4135001,WRmjgnKYAwPKWDb,6.3375,0.0,6.3375
2020-06-13 18:30:00,4135001,bvBOhCH3iADSZry,6.142857143,0.0,6.142857143
2020-06-13 18:30:00,4135001,ZnxXDlPa8U1GXgE,6.985714286,0.0,6.985714286
2020-06-13 18:30:00,4135001,z9Y9gH1T5YWrNuG,6.528571429,0.0,6.528571429
2020-06-13 18:30:00,4135001,uHbuxQJl8lW7ozc,6.45,0.0,6.45
2020-06-13 18:30:00,4135001,7JYdWkrLSPkdwr4,6.728571429,0.0,6.728571429
2020-06-13 18:30:00,4135001,VHMLBKoKgIrUVDU,6.7,0.0,6.7
2020-06-13 18:30:00,4135001,adLQvlD726eNBSB,8.657142857,0.0,8.657142857
2020-06-13 18:30:00,4135001,YxYtjZvoooNbGkE,6.2,0.0,6.2
2020-06-13 18:30:00,4135001,zVJPv84UY57bAof,6.175,0.0,6.175
2020-06-13 18:30:00,4135001,1IF53ai7Xc0U56Y,7.071428571,0.0,7.071428571
2020-06-13 18:30:00,4135001,ZoEaEvLYb1n2sOq,6.2875,0.0,6.2875
2020-06-13 18:30:00,4135001,zBIq5rxdHJRwDNY,6.971428571,0.0,6.971428571
2020-06-13 18:30:00,4135001,sjndEbLyjtCKgGv,6.628571429,0.0,6.628571429
2020-06-13 18:30:00,4135001,rGa61gmuvPhdLxV,6.3,0.0,6.3
2020-06-13 18:30:00,4135001,iCRJl6heRkivqQ3,6.985714286,0.0,6.985714286
2020-06-13 18:30:00,4135001,McdE0feGgRqW7Ca,6.785714286,0.0,6.785714286
2020-06-13 18:30:00,4135001,wCURE6d3bPkepu2,6.514285714,0.0,6.514285714
2020-06-13 18:30:00,4135001,ih0vzX44oOqAx2f,6.885714286,0.0,6.885714286
2020-06-13 18:30:00,4135001,1BY6WEcLGh8j5v7,6.314285714,0.0,6.314285714
2020-06-13 18:30:00,4135001,3PZuoBAID5Wc2HD,6.525,0.0,6.525
2020-06-13 18:30:00,4135001,pkci93gMrogZuBj,6.525,0.0,6.525
2020-06-13 18:45:00,4135001,adLQvlD726eNBSB,0.0,0.0,0.0
2020-06-13 18:45:00,4135001,sjndEbLyjtCKgGv,0.0,0.0,0.0
2020-06-13 18:45:00,4135001,uHbuxQJl8lW7ozc,0.0,0.0,0.0
2020-06-13 18:45:00,4135001,bvBOhCH3iADSZry,0.0,0.0,0.0
2020-06-13 18:45:00,4135001,WRmjgnKYAwPKWDb,0.0,0.0,0.0
2020-06-13 18:45:00,4135001,zBIq5rxdHJRwDNY,0.0,0.0,0.0
2020-06-13 18:45:00,4135001,VHMLBKoKgIrUVDU,0.0,0.0,0.0
2020-06-13 18:45:00,4135001,iCRJl6heRkivqQ3,0.0,0.0,0.0
2020-06-13 18:45:00,4135001,3PZuoBAID5Wc2HD,0.0,0.0,0.0
2020-06-13 18:45:00,4135001,ih0vzX44oOqAx2f,0.0,0.0,0.0
2020-06-13 18:45:00,4135001,YxYtjZvoooNbGkE,0.0,0.0,0.0
2020-06-13 18:45:00,4135001,McdE0feGgRqW7Ca,0.0,0.0,0.0
2020-06-13 18:45:00,4135001,rGa61gmuvPhdLxV,0.0,0.0,0.0
2020-06-13 18:45:00,4135001,pkci93gMrogZuBj,0.0,0.0,0.0
2020-06-13 18:45:00,4135001,7JYdWkrLSPkdwr4,0.0,0.0,0.0
2020-06-13 18:45:00,4135001,1IF53ai7Xc0U56Y,0.0,0.0,0.0
2020-06-13 18:45:00,4135001,zVJPv84UY57bAof,0.0,0.0,0.0
2020-06-13 18:45:00,4135001,wCURE6d3bPkepu2,0.0,0.0,0.0
2020-06-13 18:45:00,4135001,1BY6WEcLGh8j5v7,0.0,0.0,0.0
2020-06-13 18:45:00,4135001,ZnxXDlPa8U1GXgE,0.0,0.0,0.0
2020-06-13 18:45:00,4135001,z9Y9gH1T5YWrNuG,0.0,0.0,0.0
2020-06-13 18:45:00,4135001,ZoEaEvLYb1n2sOq,0.0,0.0,0.0
2020-06-13 19:00:00,4135001,ZnxXDlPa8U1GXgE,0.0,0.0,0.0
2020-06-13 19:00:00,4135001,YxYtjZvoooNbGkE,0.0,0.0,0.0
2020-06-13 19:00:00,4135001,wCURE6d3bPkepu2,0.0,0.0,0.0
2020-06-13 19:00:00,4135001,bvBOhCH3iADSZry,0.0,0.0,0.0
2020-06-13 19:00:00,4135001,3PZuoBAID5Wc2HD,0.0,0.0,0.0
2020-06-13 19:00:00,4135001,McdE0feGgRqW7Ca,0.0,0.0,0.0
2020-06-13 19:00:00,4135001,ZoEaEvLYb1n2sOq,0.0,0.0,0.0
2020-06-13 19:00:00,4135001,uHbuxQJl8lW7ozc,0.0,0.0,0.0
2020-06-13 19:00:00,4135001,zBIq5rxdHJRwDNY,0.0,0.0,0.0
2020-06-13 19:00:00,4135001,1BY6WEcLGh8j5v7,0.0,0.0,0.0
2020-06-13 19:00:00,4135001,pkci93gMrogZuBj,0.0,0.0,0.0
2020-06-13 19:00:00,4135001,adLQvlD726eNBSB,0.0,0.0,0.0
2020-06-13 19:00:00,4135001,1IF53ai7Xc0U56Y,0.0,0.0,0.0
2020-06-13 19:00:00,4135001,ih0vzX44oOqAx2f,0.0,0.0,0.0
2020-06-13 19:00:00,4135001,rGa61gmuvPhdLxV,0.0,0.0,0.0
2020-06-13 19:00:00,4135001,zVJPv84UY57bAof,0.0,0.0,0.0
2020-06-13 19:00:00,4135001,z9Y9gH1T5YWrNuG,0.0,0.0,0.0
2020-06-13 19:00:00,4135001,VHMLBKoKgIrUVDU,0.0,0.0,0.0
2020-06-13 19:00:00,4135001,iCRJl6heRkivqQ3,0.0,0.0,0.0
2020-06-13 19:00:00,4135001,sjndEbLyjtCKgGv,0.0,0.0,0.0
2020-06-13 19:00:00,4135001,WRmjgnKYAwPKWDb,0.0,0.0,0.0
2020-06-13 19:00:00,4135001,7JYdWkrLSPkdwr4,0.0,0.0,0.0
2020-06-13 19:15:00,4135001,adLQvlD726eNBSB,0.0,0.0,0.0
2020-06-13 19:15:00,4135001,ZoEaEvLYb1n2sOq,0.0,0.0,0.0
2020-06-13 19:15:00,4135001,WRmjgnKYAwPKWDb,0.0,0.0,0.0
2020-06-13 19:15:00,4135001,rGa61gmuvPhdLxV,0.0,0.0,0.0
2020-06-13 19:15:00,4135001,zBIq5rxdHJRwDNY,0.0,0.0,0.0
2020-06-13 19:15:00,4135001,sjndEbLyjtCKgGv,0.0,0.0,0.0
2020-06-13 19:15:00,4135001,VHMLBKoKgIrUVDU,0.0,0.0,0.0
2020-06-13 19:15:00,4135001,z9Y9gH1T5YWrNuG,0.0,0.0,0.0
2020-06-13 19:15:00,4135001,wCURE6d3bPkepu2,0.0,0.0,0.0
2020-06-13 19:15:00,4135001,uHbuxQJl8lW7ozc,0.0,0.0,0.0
2020-06-13 19:15:00,4135001,McdE0feGgRqW7Ca,0.0,0.0,0.0
2020-06-13 19:15:00,4135001,3PZuoBAID5Wc2HD,0.0,0.0,0.0
2020-06-13 19:15:00,4135001,YxYtjZvoooNbGkE,0.0,0.0,0.0
2020-06-13 19:15:00,4135001,bvBOhCH3iADSZry,0.0,0.0,0.0
2020-06-13 19:15:00,4135001,iCRJl6heRkivqQ3,0.0,0.0,0.0
2020-06-13 19:15:00,4135001,ZnxXDlPa8U1GXgE,0.0,0.0,0.0
2020-06-13 19:15:00,4135001,pkci93gMrogZuBj,0.0,0.0,0.0
2020-06-13 19:15:00,4135001,1IF53ai7Xc0U56Y,0.0,0.0,0.0
2020-06-13 19:15:00,4135001,7JYdWkrLSPkdwr4,0.0,0.0,0.0
2020-06-13 19:15:00,4135001,1BY6WEcLGh8j5v7,0.0,0.0,0.0
2020-06-13 19:15:00,4135001,ih0vzX44oOqAx2f,0.0,0.0,0.0
2020-06-13 19:15:00,4135001,zVJPv84UY57bAof,0.0,0.0,0.0
2020-06-13 19:30:00,4135001,McdE0feGgRqW7Ca,0.0,0.0,0.0
2020-06-13 19:30:00,4135001,adLQvlD726eNBSB,0.0,0.0,0.0
2020-06-13 19:30:00,4135001,z9Y9gH1T5YWrNuG,0.0,0.0,0.0
2020-06-13 19:30:00,4135001,ZnxXDlPa8U1GXgE,0.0,0.0,0.0
2020-06-13 19:30:00,4135001,ZoEaEvLYb1n2sOq,0.0,0.0,0.0
2020-06-13 19:30:00,4135001,WRmjgnKYAwPKWDb,0.0,0.0,0.0
2020-06-13 19:30:00,4135001,pkci93gMrogZuBj,0.0,0.0,0.0
2020-06-13 19:30:00,4135001,zVJPv84UY57bAof,0.0,0.0,0.0
2020-06-13 19:30:00,4135001,iCRJl6heRkivqQ3,0.0,0.0,0.0
2020-06-13 19:30:00,4135001,sjndEbLyjtCKgGv,0.0,0.0,0.0
2020-06-13 19:30:00,4135001,1BY6WEcLGh8j5v7,0.0,0.0,0.0
2020-06-13 19:30:00,4135001,VHMLBKoKgIrUVDU,0.0,0.0,0.0
2020-06-13 19:30:00,4135001,1IF53ai7Xc0U56Y,0.0,0.0,0.0
2020-06-13 19:30:00,4135001,3PZuoBAID5Wc2HD,0.0,0.0,0.0
2020-06-13 19:30:00,4135001,rGa61gmuvPhdLxV,0.0,0.0,0.0
2020-06-13 19:30:00,4135001,7JYdWkrLSPkdwr4,0.0,0.0,0.0
2020-06-13 19:30:00,4135001,ih0vzX44oOqAx2f,0.0,0.0,0.0
2020-06-13 19:30:00,4135001,bvBOhCH3iADSZry,0.0,0.0,0.0
2020-06-13 19:30:00,4135001,YxYtjZvoooNbGkE,0.0,0.0,0.0
2020-06-13 19:30:00,4135001,uHbuxQJl8lW7ozc,0.0,0.0,0.0
2020-06-13 19:30:00,4135001,zBIq5rxdHJRwDNY,0.0,0.0,0.0
2020-06-13 19:30:00,4135001,wCURE6d3bPkepu2,0.0,0.0,0.0
2020-06-13 19:45:00,4135001,iCRJl6heRkivqQ3,0.0,0.0,0.0
2020-06-13 19:45:00,4135001,sjndEbLyjtCKgGv,0.0,0.0,0.0
2020-06-13 19:45:00,4135001,1BY6WEcLGh8j5v7,0.0,0.0,0.0
2020-06-13 19:45:00,4135001,adLQvlD726eNBSB,0.0,0.0,0.0
2020-06-13 19:45:00,4135001,ZnxXDlPa8U1GXgE,0.0,0.0,0.0
2020-06-13 19:45:00,4135001,7JYdWkrLSPkdwr4,0.0,0.0,0.0
2020-06-13 19:45:00,4135001,wCURE6d3bPkepu2,0.0,0.0,0.0
2020-06-13 19:45:00,4135001,pkci93gMrogZuBj,0.0,0.0,0.0
2020-06-13 19:45:00,4135001,1IF53ai7Xc0U56Y,0.0,0.0,0.0
2020-06-13 19:45:00,4135001,zVJPv84UY57bAof,0.0,0.0,0.0
2020-06-13 19:45:00,4135001,bvBOhCH3iADSZry,0.0,0.0,0.0
2020-06-13 19:45:00,4135001,McdE0feGgRqW7Ca,0.0,0.0,0.0
2020-06-13 19:45:00,4135001,ih0vzX44oOqAx2f,0.0,0.0,0.0
2020-06-13 19:45:00,4135001,3PZuoBAID5Wc2HD,0.0,0.0,0.0
2020-06-13 19:45:00,4135001,VHMLBKoKgIrUVDU,0.0,0.0,0.0
2020-06-13 19:45:00,4135001,z9Y9gH1T5YWrNuG,0.0,0.0,0.0
2020-06-13 19:45:00,4135001,ZoEaEvLYb1n2sOq,0.0,0.0,0.0
2020-06-13 19:45:00,4135001,zBIq5rxdHJRwDNY,0.0,0.0,0.0
2020-06-13 19:45:00,4135001,YxYtjZvoooNbGkE,0.0,0.0,0.0
2020-06-13 19:45:00,4135001,uHbuxQJl8lW7ozc,0.0,0.0,0.0
2020-06-13 19:45:00,4135001,rGa61gmuvPhdLxV,0.0,0.0,0.0
2020-06-13 19:45:00,4135001,WRmjgnKYAwPKWDb,0.0,0.0,0.0
2020-06-13 20:00:00,4135001,WRmjgnKYAwPKWDb,0.0,0.0,0.0
2020-06-13 20:00:00,4135001,1IF53ai7Xc0U56Y,0.0,0.0,0.0
2020-06-13 20:00:00,4135001,3PZuoBAID5Wc2HD,0.0,0.0,0.0
2020-06-13 20:00:00,4135001,wCURE6d3bPkepu2,0.0,0.0,0.0
2020-06-13 20:00:00,4135001,7JYdWkrLSPkdwr4,0.0,0.0,0.0
2020-06-13 20:00:00,4135001,adLQvlD726eNBSB,0.0,0.0,0.0
2020-06-13 20:00:00,4135001,z9Y9gH1T5YWrNuG,0.0,0.0,0.0
2020-06-13 20:00:00,4135001,iCRJl6heRkivqQ3,0.0,0.0,0.0
2020-06-13 20:00:00,4135001,VHMLBKoKgIrUVDU,0.0,0.0,0.0
2020-06-13 20:00:00,4135001,rGa61gmuvPhdLxV,0.0,0.0,0.0
2020-06-13 20:00:00,4135001,zVJPv84UY57bAof,0.0,0.0,0.0
2020-06-13 20:00:00,4135001,sjndEbLyjtCKgGv,0.0,0.0,0.0
2020-06-13 20:00:00,4135001,1BY6WEcLGh8j5v7,0.0,0.0,0.0
2020-06-13 20:00:00,4135001,zBIq5rxdHJRwDNY,0.0,0.0,0.0
2020-06-13 20:00:00,4135001,YxYtjZvoooNbGkE,0.0,0.0,0.0
2020-06-13 20:00:00,4135001,uHbuxQJl8lW7ozc,0.0,0.0,0.0
2020-06-13 20:00:00,4135001,bvBOhCH3iADSZry,0.0,0.0,0.0
2020-06-13 20:00:00,4135001,McdE0feGgRqW7Ca,0.0,0.0,0.0
2020-06-13 20:00:00,4135001,ZoEaEvLYb1n2sOq,0.0,0.0,0.0
2020-06-13 20:00:00,4135001,ih0vzX44oOqAx2f,0.0,0.0,0.0
2020-06-13 20:00:00,4135001,ZnxXDlPa8U1GXgE,0.0,0.0,0.0
2020-06-13 20:00:00,4135001,pkci93gMrogZuBj,0.0,0.0,0.0
2020-06-13 20:15:00,4135001,ZoEaEvLYb1n2sOq,0.0,0.0,0.0
2020-06-13 20:15:00,4135001,z9Y9gH1T5YWrNuG,0.0,0.0,0.0
2020-06-13 20:15:00,4135001,3PZuoBAID5Wc2HD,0.0,0.0,0.0
2020-06-13 20:15:00,4135001,WRmjgnKYAwPKWDb,0.0,0.0,0.0
2020-06-13 20:15:00,4135001,VHMLBKoKgIrUVDU,0.0,0.0,0.0
2020-06-13 20:15:00,4135001,uHbuxQJl8lW7ozc,0.0,0.0,0.0
2020-06-13 20:15:00,4135001,YxYtjZvoooNbGkE,0.0,0.0,0.0
2020-06-13 20:15:00,4135001,sjndEbLyjtCKgGv,0.0,0.0,0.0
2020-06-13 20:15:00,4135001,1BY6WEcLGh8j5v7,0.0,0.0,0.0
2020-06-13 20:15:00,4135001,ih0vzX44oOqAx2f,0.0,0.0,0.0
2020-06-13 20:15:00,4135001,7JYdWkrLSPkdwr4,0.0,0.0,0.0
2020-06-13 20:15:00,4135001,iCRJl6heRkivqQ3,0.0,0.0,0.0
2020-06-13 20:15:00,4135001,McdE0feGgRqW7Ca,0.0,0.0,0.0
2020-06-13 20:15:00,4135001,zBIq5rxdHJRwDNY,0.0,0.0,0.0
2020-06-13 20:15:00,4135001,wCURE6d3bPkepu2,0.0,0.0,0.0
2020-06-13 20:15:00,4135001,1IF53ai7Xc0U56Y,0.0,0.0,0.0
2020-06-13 20:15:00,4135001,zVJPv84UY57bAof,0.0,0.0,0.0
2020-06-13 20:15:00,4135001,bvBOhCH3iADSZry,0.0,0.0,0.0
2020-06-13 20:15:00,4135001,rGa61gmuvPhdLxV,0.0,0.0,0.0
2020-06-13 20:15:00,4135001,adLQvlD726eNBSB,0.0,0.0,0.0
2020-06-13 20:15:00,4135001,pkci93gMrogZuBj,0.0,0.0,0.0
2020-06-13 20:15:00,4135001,ZnxXDlPa8U1GXgE,0.0,0.0,0.0
2020-06-13 20:30:00,4135001,sjndEbLyjtCKgGv,0.0,0.0,0.0
2020-06-13 20:30:00,4135001,bvBOhCH3iADSZry,0.0,0.0,0.0
2020-06-13 20:30:00,4135001,1IF53ai7Xc0U56Y,0.0,0.0,0.0
2020-06-13 20:30:00,4135001,zBIq5rxdHJRwDNY,0.0,0.0,0.0
2020-06-13 20:30:00,4135001,VHMLBKoKgIrUVDU,0.0,0.0,0.0
2020-06-13 20:30:00,4135001,iCRJl6heRkivqQ3,0.0,0.0,0.0
2020-06-13 20:30:00,4135001,7JYdWkrLSPkdwr4,0.0,0.0,0.0
2020-06-13 20:30:00,4135001,1BY6WEcLGh8j5v7,0.0,0.0,0.0
2020-06-13 20:30:00,4135001,wCURE6d3bPkepu2,0.0,0.0,0.0
2020-06-13 20:30:00,4135001,adLQvlD726eNBSB,0.0,0.0,0.0
2020-06-13 20:30:00,4135001,WRmjgnKYAwPKWDb,0.0,0.0,0.0
2020-06-13 20:30:00,4135001,uHbuxQJl8lW7ozc,0.0,0.0,0.0
2020-06-13 20:30:00,4135001,ZoEaEvLYb1n2sOq,0.0,0.0,0.0
2020-06-13 20:30:00,4135001,McdE0feGgRqW7Ca,0.0,0.0,0.0
2020-06-13 20:30:00,4135001,YxYtjZvoooNbGkE,0.0,0.0,0.0
2020-06-13 20:30:00,4135001,pkci93gMrogZuBj,0.0,0.0,0.0
2020-06-13 20:30:00,4135001,rGa61gmuvPhdLxV,0.0,0.0,0.0
2020-06-13 20:30:00,4135001,z9Y9gH1T5YWrNuG,0.0,0.0,0.0
2020-06-13 20:30:00,4135001,ih0vzX44oOqAx2f,0.0,0.0,0.0
2020-06-13 20:30:00,4135001,ZnxXDlPa8U1GXgE,0.0,0.0,0.0
2020-06-13 20:30:00,4135001,zVJPv84UY57bAof,0.0,0.0,0.0
2020-06-13 20:30:00,4135001,3PZuoBAID5Wc2HD,0.0,0.0,0.0
2020-06-13 20:45:00,4135001,wCURE6d3bPkepu2,0.0,0.0,0.0
2020-06-13 20:45:00,4135001,zBIq5rxdHJRwDNY,0.0,0.0,0.0
2020-06-13 20:45:00,4135001,7JYdWkrLSPkdwr4,0.0,0.0,0.0
2020-06-13 20:45:00,4135001,uHbuxQJl8lW7ozc,0.0,0.0,0.0
2020-06-13 20:45:00,4135001,bvBOhCH3iADSZry,0.0,0.0,0.0
2020-06-13 20:45:00,4135001,3PZuoBAID5Wc2HD,0.0,0.0,0.0
2020-06-13 20:45:00,4135001,1IF53ai7Xc0U56Y,0.0,0.0,0.0
2020-06-13 20:45:00,4135001,adLQvlD726eNBSB,0.0,0.0,0.0
2020-06-13 20:45:00,4135001,YxYtjZvoooNbGkE,0.0,0.0,0.0
2020-06-13 20:45:00,4135001,VHMLBKoKgIrUVDU,0.0,0.0,0.0
2020-06-13 20:45:00,4135001,ih0vzX44oOqAx2f,0.0,0.0,0.0
2020-06-13 20:45:00,4135001,1BY6WEcLGh8j5v7,0.0,0.0,0.0
2020-06-13 20:45:00,4135001,z9Y9gH1T5YWrNuG,0.0,0.0,0.0
2020-06-13 20:45:00,4135001,sjndEbLyjtCKgGv,0.0,0.0,0.0
2020-06-13 20:45:00,4135001,iCRJl6heRkivqQ3,0.0,0.0,0.0
2020-06-13 20:45:00,4135001,ZoEaEvLYb1n2sOq,0.0,0.0,0.0
2020-06-13 20:45:00,4135001,WRmjgnKYAwPKWDb,0.0,0.0,0.0
2020-06-13 20:45:00,4135001,McdE0feGgRqW7Ca,0.0,0.0,0.0
2020-06-13 20:45:00,4135001,zVJPv84UY57bAof,0.0,0.0,0.0
2020-06-13 20:45:00,4135001,pkci93gMrogZuBj,0.0,0.0,0.0
2020-06-13 20:45:00,4135001,rGa61gmuvPhdLxV,0.0,0.0,0.0
2020-06-13 20:45:00,4135001,ZnxXDlPa8U1GXgE,0.0,0.0,0.0
2020-06-13 21:00:00,4135001,zBIq5rxdHJRwDNY,0.0,0.0,0.0
2020-06-13 21:00:00,4135001,iCRJl6heRkivqQ3,0.0,0.0,0.0
2020-06-13 21:00:00,4135001,zVJPv84UY57bAof,0.0,0.0,0.0
2020-06-13 21:00:00,4135001,3PZuoBAID5Wc2HD,0.0,0.0,0.0
2020-06-13 21:00:00,4135001,rGa61gmuvPhdLxV,0.0,0.0,0.0
2020-06-13 21:00:00,4135001,7JYdWkrLSPkdwr4,0.0,0.0,0.0
2020-06-13 21:00:00,4135001,wCURE6d3bPkepu2,0.0,0.0,0.0
2020-06-13 21:00:00,4135001,ih0vzX44oOqAx2f,0.0,0.0,0.0
2020-06-13 21:00:00,4135001,VHMLBKoKgIrUVDU,0.0,0.0,0.0
2020-06-13 21:00:00,4135001,pkci93gMrogZuBj,0.0,0.0,0.0
2020-06-13 21:00:00,4135001,1BY6WEcLGh8j5v7,0.0,0.0,0.0
2020-06-13 21:00:00,4135001,McdE0feGgRqW7Ca,0.0,0.0,0.0
2020-06-13 21:00:00,4135001,ZoEaEvLYb1n2sOq,0.0,0.0,0.0
2020-06-13 21:00:00,4135001,sjndEbLyjtCKgGv,0.0,0.0,0.0
2020-06-13 21:00:00,4135001,z9Y9gH1T5YWrNuG,0.0,0.0,0.0
2020-06-13 21:00:00,4135001,ZnxXDlPa8U1GXgE,0.0,0.0,0.0
2020-06-13 21:00:00,4135001,1IF53ai7Xc0U56Y,0.0,0.0,0.0
2020-06-13 21:00:00,4135001,YxYtjZvoooNbGkE,0.0,0.0,0.0
2020-06-13 21:00:00,4135001,WRmjgnKYAwPKWDb,0.0,0.0,0.0
2020-06-13 21:00:00,4135001,bvBOhCH3iADSZry,0.0,0.0,0.0
2020-06-13 21:00:00,4135001,uHbuxQJl8lW7ozc,0.0,0.0,0.0
2020-06-13 21:00:00,4135001,adLQvlD726eNBSB,0.0,0.0,0.0
2020-06-13 21:15:00,4135001,ZnxXDlPa8U1GXgE,0.0,0.0,0.0
2020-06-13 21:15:00,4135001,ih0vzX44oOqAx2f,0.0,0.0,0.0
2020-06-13 21:15:00,4135001,z9Y9gH1T5YWrNuG,0.0,0.0,0.0
2020-06-13 21:15:00,4135001,pkci93gMrogZuBj,0.0,0.0,0.0
2020-06-13 21:15:00,4135001,ZoEaEvLYb1n2sOq,0.0,0.0,0.0
2020-06-13 21:15:00,4135001,wCURE6d3bPkepu2,0.0,0.0,0.0
2020-06-13 21:15:00,4135001,7JYdWkrLSPkdwr4,0.0,0.0,0.0
2020-06-13 21:15:00,4135001,sjndEbLyjtCKgGv,0.0,0.0,0.0
2020-06-13 21:15:00,4135001,1BY6WEcLGh8j5v7,0.0,0.0,0.0
2020-06-13 21:15:00,4135001,rGa61gmuvPhdLxV,0.0,0.0,0.0
2020-06-13 21:15:00,4135001,uHbuxQJl8lW7ozc,0.0,0.0,0.0
2020-06-13 21:15:00,4135001,McdE0feGgRqW7Ca,0.0,0.0,0.0
2020-06-13 21:15:00,4135001,WRmjgnKYAwPKWDb,0.0,0.0,0.0
2020-06-13 21:15:00,4135001,adLQvlD726eNBSB,0.0,0.0,0.0
2020-06-13 21:15:00,4135001,1IF53ai7Xc0U56Y,0.0,0.0,0.0
2020-06-13 21:15:00,4135001,zBIq5rxdHJRwDNY,0.0,0.0,0.0
2020-06-13 21:15:00,4135001,VHMLBKoKgIrUVDU,0.0,0.0,0.0
2020-06-13 21:15:00,4135001,iCRJl6heRkivqQ3,0.0,0.0,0.0
2020-06-13 21:15:00,4135001,zVJPv84UY57bAof,0.0,0.0,0.0
2020-06-13 21:15:00,4135001,YxYtjZvoooNbGkE,0.0,0.0,0.0
2020-06-13 21:15:00,4135001,bvBOhCH3iADSZry,0.0,0.0,0.0
2020-06-13 21:15:00,4135001,3PZuoBAID5Wc2HD,0.0,0.0,0.0
2020-06-13 21:30:00,4135001,YxYtjZvoooNbGkE,0.0,0.0,0.0
2020-06-13 21:30:00,4135001,sjndEbLyjtCKgGv,0.0,0.0,0.0
2020-06-13 21:30:00,4135001,adLQvlD726eNBSB,0.0,0.0,0.0
2020-06-13 21:30:00,4135001,wCURE6d3bPkepu2,0.0,0.0,0.0
2020-06-13 21:30:00,4135001,ZoEaEvLYb1n2sOq,0.0,0.0,0.0
2020-06-13 21:30:00,4135001,uHbuxQJl8lW7ozc,0.0,0.0,0.0
2020-06-13 21:30:00,4135001,zBIq5rxdHJRwDNY,0.0,0.0,0.0
2020-06-13 21:30:00,4135001,z9Y9gH1T5YWrNuG,0.0,0.0,0.0
2020-06-13 21:30:00,4135001,1BY6WEcLGh8j5v7,0.0,0.0,0.0
2020-06-13 21:30:00,4135001,iCRJl6heRkivqQ3,0.0,0.0,0.0
2020-06-13 21:30:00,4135001,ih0vzX44oOqAx2f,0.0,0.0,0.0
2020-06-13 21:30:00,4135001,WRmjgnKYAwPKWDb,0.0,0.0,0.0
2020-06-13 21:30:00,4135001,McdE0feGgRqW7Ca,0.0,0.0,0.0
2020-06-13 21:30:00,4135001,1IF53ai7Xc0U56Y,0.0,0.0,0.0
2020-06-13 21:30:00,4135001,zVJPv84UY57bAof,0.0,0.0,0.0
2020-06-13 21:30:00,4135001,pkci93gMrogZuBj,0.0,0.0,0.0
2020-06-13 21:30:00,4135001,ZnxXDlPa8U1GXgE,0.0,0.0,0.0
2020-06-13 21:30:00,4135001,VHMLBKoKgIrUVDU,0.0,0.0,0.0
2020-06-13 21:30:00,4135001,rGa61gmuvPhdLxV,0.0,0.0,0.0
2020-06-13 21:30:00,4135001,3PZuoBAID5Wc2HD,0.0,0.0,0.0
2020-06-13 21:30:00,4135001,7JYdWkrLSPkdwr4,0.0,0.0,0.0
2020-06-13 21:30:00,4135001,bvBOhCH3iADSZry,0.0,0.0,0.0
2020-06-13 21:45:00,4135001,ZnxXDlPa8U1GXgE,0.0,0.0,0.0
2020-06-13 21:45:00,4135001,McdE0feGgRqW7Ca,0.0,0.0,0.0
2020-06-13 21:45:00,4135001,3PZuoBAID5Wc2HD,0.0,0.0,0.0
2020-06-13 21:45:00,4135001,WRmjgnKYAwPKWDb,0.0,0.0,0.0
2020-06-13 21:45:00,4135001,adLQvlD726eNBSB,0.0,0.0,0.0
2020-06-13 21:45:00,4135001,VHMLBKoKgIrUVDU,0.0,0.0,0.0
2020-06-13 21:45:00,4135001,zBIq5rxdHJRwDNY,0.0,0.0,0.0
2020-06-13 21:45:00,4135001,z9Y9gH1T5YWrNuG,0.0,0.0,0.0
2020-06-13 21:45:00,4135001,iCRJl6heRkivqQ3,0.0,0.0,0.0
2020-06-13 21:45:00,4135001,bvBOhCH3iADSZry,0.0,0.0,0.0
2020-06-13 21:45:00,4135001,YxYtjZvoooNbGkE,0.0,0.0,0.0
2020-06-13 21:45:00,4135001,zVJPv84UY57bAof,0.0,0.0,0.0
2020-06-13 21:45:00,4135001,rGa61gmuvPhdLxV,0.0,0.0,0.0
2020-06-13 21:45:00,4135001,sjndEbLyjtCKgGv,0.0,0.0,0.0
2020-06-13 21:45:00,4135001,ih0vzX44oOqAx2f,0.0,0.0,0.0
2020-06-13 21:45:00,4135001,uHbuxQJl8lW7ozc,0.0,0.0,0.0
2020-06-13 21:45:00,4135001,1IF53ai7Xc0U56Y,0.0,0.0,0.0
2020-06-13 21:45:00,4135001,7JYdWkrLSPkdwr4,0.0,0.0,0.0
2020-06-13 21:45:00,4135001,wCURE6d3bPkepu2,0.0,0.0,0.0
2020-06-13 21:45:00,4135001,1BY6WEcLGh8j5v7,0.0,0.0,0.0
2020-06-13 21:45:00,4135001,pkci93gMrogZuBj,0.0,0.0,0.0
2020-06-13 21:45:00,4135001,ZoEaEvLYb1n2sOq,0.0,0.0,0.0
2020-06-13 22:00:00,4135001,WRmjgnKYAwPKWDb,0.0,0.0,0.0
2020-06-13 22:00:00,4135001,1IF53ai7Xc0U56Y,0.0,0.0,0.0
2020-06-13 22:00:00,4135001,iCRJl6heRkivqQ3,0.0,0.0,0.0
2020-06-13 22:00:00,4135001,McdE0feGgRqW7Ca,0.0,0.0,0.0
2020-06-13 22:00:00,4135001,ZoEaEvLYb1n2sOq,0.0,0.0,0.0
2020-06-13 22:00:00,4135001,z9Y9gH1T5YWrNuG,0.0,0.0,0.0
2020-06-13 22:00:00,4135001,sjndEbLyjtCKgGv,0.0,0.0,0.0
2020-06-13 22:00:00,4135001,VHMLBKoKgIrUVDU,0.0,0.0,0.0
2020-06-13 22:00:00,4135001,pkci93gMrogZuBj,0.0,0.0,0.0
2020-06-13 22:00:00,4135001,ZnxXDlPa8U1GXgE,0.0,0.0,0.0
2020-06-13 22:00:00,4135001,adLQvlD726eNBSB,0.0,0.0,0.0
2020-06-13 22:00:00,4135001,zVJPv84UY57bAof,0.0,0.0,0.0
2020-06-13 22:00:00,4135001,wCURE6d3bPkepu2,0.0,0.0,0.0
2020-06-13 22:00:00,4135001,ih0vzX44oOqAx2f,0.0,0.0,0.0
2020-06-13 22:00:00,4135001,1BY6WEcLGh8j5v7,0.0,0.0,0.0
2020-06-13 22:00:00,4135001,YxYtjZvoooNbGkE,0.0,0.0,0.0
2020-06-13 22:00:00,4135001,rGa61gmuvPhdLxV,0.0,0.0,0.0
2020-06-13 22:00:00,4135001,uHbuxQJl8lW7ozc,0.0,0.0,0.0
2020-06-13 22:00:00,4135001,zBIq5rxdHJRwDNY,0.0,0.0,0.0
2020-06-13 22:00:00,4135001,7JYdWkrLSPkdwr4,0.0,0.0,0.0
2020-06-13 22:00:00,4135001,3PZuoBAID5Wc2HD,0.0,0.0,0.0
2020-06-13 22:00:00,4135001,bvBOhCH3iADSZry,0.0,0.0,0.0
2020-06-13 22:15:00,4135001,VHMLBKoKgIrUVDU,0.0,0.0,0.0
2020-06-13 22:15:00,4135001,ZnxXDlPa8U1GXgE,0.0,0.0,0.0
2020-06-13 22:15:00,4135001,pkci93gMrogZuBj,0.0,0.0,0.0
2020-06-13 22:15:00,4135001,7JYdWkrLSPkdwr4,0.0,0.0,0.0
2020-06-13 22:15:00,4135001,McdE0feGgRqW7Ca,0.0,0.0,0.0
2020-06-13 22:15:00,4135001,zVJPv84UY57bAof,0.0,0.0,0.0
2020-06-13 22:15:00,4135001,wCURE6d3bPkepu2,0.0,0.0,0.0
2020-06-13 22:15:00,4135001,uHbuxQJl8lW7ozc,0.0,0.0,0.0
2020-06-13 22:15:00,4135001,1IF53ai7Xc0U56Y,0.0,0.0,0.0
2020-06-13 22:15:00,4135001,ih0vzX44oOqAx2f,0.0,0.0,0.0
2020-06-13 22:15:00,4135001,rGa61gmuvPhdLxV,0.0,0.0,0.0
2020-06-13 22:15:00,4135001,bvBOhCH3iADSZry,0.0,0.0,0.0
2020-06-13 22:15:00,4135001,3PZuoBAID5Wc2HD,0.0,0.0,0.0
2020-06-13 22:15:00,4135001,z9Y9gH1T5YWrNuG,0.0,0.0,0.0
2020-06-13 22:15:00,4135001,adLQvlD726eNBSB,0.0,0.0,0.0
2020-06-13 22:15:00,4135001,WRmjgnKYAwPKWDb,0.0,0.0,0.0
2020-06-13 22:15:00,4135001,iCRJl6heRkivqQ3,0.0,0.0,0.0
2020-06-13 22:15:00,4135001,YxYtjZvoooNbGkE,0.0,0.0,0.0
2020-06-13 22:15:00,4135001,sjndEbLyjtCKgGv,0.0,0.0,0.0
2020-06-13 22:15:00,4135001,zBIq5rxdHJRwDNY,0.0,0.0,0.0
2020-06-13 22:15:00,4135001,ZoEaEvLYb1n2sOq,0.0,0.0,0.0
2020-06-13 22:15:00,4135001,1BY6WEcLGh8j5v7,0.0,0.0,0.0
2020-06-13 22:30:00,4135001,iCRJl6heRkivqQ3,0.0,0.0,0.0
2020-06-13 22:30:00,4135001,rGa61gmuvPhdLxV,0.0,0.0,0.0
2020-06-13 22:30:00,4135001,ZnxXDlPa8U1GXgE,0.0,0.0,0.0
2020-06-13 22:30:00,4135001,3PZuoBAID5Wc2HD,0.0,0.0,0.0
2020-06-13 22:30:00,4135001,zBIq5rxdHJRwDNY,0.0,0.0,0.0
2020-06-13 22:30:00,4135001,adLQvlD726eNBSB,0.0,0.0,0.0
2020-06-13 22:30:00,4135001,McdE0feGgRqW7Ca,0.0,0.0,0.0
2020-06-13 22:30:00,4135001,zVJPv84UY57bAof,0.0,0.0,0.0
2020-06-13 22:30:00,4135001,YxYtjZvoooNbGkE,0.0,0.0,0.0
2020-06-13 22:30:00,4135001,1IF53ai7Xc0U56Y,0.0,0.0,0.0
2020-06-13 22:30:00,4135001,bvBOhCH3iADSZry,0.0,0.0,0.0
2020-06-13 22:30:00,4135001,VHMLBKoKgIrUVDU,0.0,0.0,0.0
2020-06-13 22:30:00,4135001,pkci93gMrogZuBj,0.0,0.0,0.0
2020-06-13 22:30:00,4135001,z9Y9gH1T5YWrNuG,0.0,0.0,0.0
2020-06-13 22:30:00,4135001,ZoEaEvLYb1n2sOq,0.0,0.0,0.0
2020-06-13 22:30:00,4135001,sjndEbLyjtCKgGv,0.0,0.0,0.0
2020-06-13 22:30:00,4135001,ih0vzX44oOqAx2f,0.0,0.0,0.0
2020-06-13 22:30:00,4135001,1BY6WEcLGh8j5v7,0.0,0.0,0.0
2020-06-13 22:30:00,4135001,uHbuxQJl8lW7ozc,0.0,0.0,0.0
2020-06-13 22:30:00,4135001,WRmjgnKYAwPKWDb,0.0,0.0,0.0
2020-06-13 22:30:00,4135001,wCURE6d3bPkepu2,0.0,0.0,0.0
2020-06-13 22:30:00,4135001,7JYdWkrLSPkdwr4,0.0,0.0,0.0
2020-06-13 22:45:00,4135001,WRmjgnKYAwPKWDb,0.0,0.0,0.0
2020-06-13 22:45:00,4135001,YxYtjZvoooNbGkE,0.0,0.0,0.0
2020-06-13 22:45:00,4135001,1BY6WEcLGh8j5v7,0.0,0.0,0.0
2020-06-13 22:45:00,4135001,VHMLBKoKgIrUVDU,0.0,0.0,0.0
2020-06-13 22:45:00,4135001,zVJPv84UY57bAof,0.0,0.0,0.0
2020-06-13 22:45:00,4135001,McdE0feGgRqW7Ca,0.0,0.0,0.0
2020-06-13 22:45:00,4135001,z9Y9gH1T5YWrNuG,0.0,0.0,0.0
2020-06-13 22:45:00,4135001,7JYdWkrLSPkdwr4,0.0,0.0,0.0
2020-06-13 22:45:00,4135001,iCRJl6heRkivqQ3,0.0,0.0,0.0
2020-06-13 22:45:00,4135001,ih0vzX44oOqAx2f,0.0,0.0,0.0
2020-06-13 22:45:00,4135001,zBIq5rxdHJRwDNY,0.0,0.0,0.0
2020-06-13 22:45:00,4135001,ZoEaEvLYb1n2sOq,0.0,0.0,0.0
2020-06-13 22:45:00,4135001,adLQvlD726eNBSB,0.0,0.0,0.0
2020-06-13 22:45:00,4135001,rGa61gmuvPhdLxV,0.0,0.0,0.0
2020-06-13 22:45:00,4135001,3PZuoBAID5Wc2HD,0.0,0.0,0.0
2020-06-13 22:45:00,4135001,pkci93gMrogZuBj,0.0,0.0,0.0
2020-06-13 22:45:00,4135001,wCURE6d3bPkepu2,0.0,0.0,0.0
2020-06-13 22:45:00,4135001,bvBOhCH3iADSZry,0.0,0.0,0.0
2020-06-13 22:45:00,4135001,sjndEbLyjtCKgGv,0.0,0.0,0.0
2020-06-13 22:45:00,4135001,ZnxXDlPa8U1GXgE,0.0,0.0,0.0
2020-06-13 22:45:00,4135001,uHbuxQJl8lW7ozc,0.0,0.0,0.0
2020-06-13 22:45:00,4135001,1IF53ai7Xc0U56Y,0.0,0.0,0.0
2020-06-13 23:00:00,4135001,zVJPv84UY57bAof,0.0,0.0,0.0
2020-06-13 23:00:00,4135001,iCRJl6heRkivqQ3,0.0,0.0,0.0
2020-06-13 23:00:00,4135001,1IF53ai7Xc0U56Y,0.0,0.0,0.0
2020-06-13 23:00:00,4135001,rGa61gmuvPhdLxV,0.0,0.0,0.0
2020-06-13 23:00:00,4135001,bvBOhCH3iADSZry,0.0,0.0,0.0
2020-06-13 23:00:00,4135001,VHMLBKoKgIrUVDU,0.0,0.0,0.0
2020-06-13 23:00:00,4135001,3PZuoBAID5Wc2HD,0.0,0.0,0.0
2020-06-13 23:00:00,4135001,wCURE6d3bPkepu2,0.0,0.0,0.0
2020-06-13 23:00:00,4135001,uHbuxQJl8lW7ozc,0.0,0.0,0.0
2020-06-13 23:00:00,4135001,7JYdWkrLSPkdwr4,0.0,0.0,0.0
2020-06-13 23:00:00,4135001,ih0vzX44oOqAx2f,0.0,0.0,0.0
2020-06-13 23:00:00,4135001,1BY6WEcLGh8j5v7,0.0,0.0,0.0
2020-06-13 23:00:00,4135001,YxYtjZvoooNbGkE,0.0,0.0,0.0
2020-06-13 23:00:00,4135001,zBIq5rxdHJRwDNY,0.0,0.0,0.0
2020-06-13 23:00:00,4135001,adLQvlD726eNBSB,0.0,0.0,0.0
2020-06-13 23:00:00,4135001,sjndEbLyjtCKgGv,0.0,0.0,0.0
2020-06-13 23:00:00,4135001,pkci93gMrogZuBj,0.0,0.0,0.0
2020-06-13 23:00:00,4135001,z9Y9gH1T5YWrNuG,0.0,0.0,0.0
2020-06-13 23:00:00,4135001,ZnxXDlPa8U1GXgE,0.0,0.0,0.0
2020-06-13 23:00:00,4135001,McdE0feGgRqW7Ca,0.0,0.0,0.0
2020-06-13 23:00:00,4135001,WRmjgnKYAwPKWDb,0.0,0.0,0.0
2020-06-13 23:00:00,4135001,ZoEaEvLYb1n2sOq,0.0,0.0,0.0
2020-06-13 23:15:00,4135001,iCRJl6heRkivqQ3,0.0,0.0,0.0
2020-06-13 23:15:00,4135001,z9Y9gH1T5YWrNuG,0.0,0.0,0.0
2020-06-13 23:15:00,4135001,wCURE6d3bPkepu2,0.0,0.0,0.0
2020-06-13 23:15:00,4135001,1IF53ai7Xc0U56Y,0.0,0.0,0.0
2020-06-13 23:15:00,4135001,WRmjgnKYAwPKWDb,0.0,0.0,0.0
2020-06-13 23:15:00,4135001,pkci93gMrogZuBj,0.0,0.0,0.0
2020-06-13 23:15:00,4135001,7JYdWkrLSPkdwr4,0.0,0.0,0.0
2020-06-13 23:15:00,4135001,3PZuoBAID5Wc2HD,0.0,0.0,0.0
2020-06-13 23:15:00,4135001,ih0vzX44oOqAx2f,0.0,0.0,0.0
2020-06-13 23:15:00,4135001,YxYtjZvoooNbGkE,0.0,0.0,0.0
2020-06-13 23:15:00,4135001,bvBOhCH3iADSZry,0.0,0.0,0.0
2020-06-13 23:15:00,4135001,ZnxXDlPa8U1GXgE,0.0,0.0,0.0
2020-06-13 23:15:00,4135001,sjndEbLyjtCKgGv,0.0,0.0,0.0
2020-06-13 23:15:00,4135001,McdE0feGgRqW7Ca,0.0,0.0,0.0
2020-06-13 23:15:00,4135001,adLQvlD726eNBSB,0.0,0.0,0.0
2020-06-13 23:15:00,4135001,zBIq5rxdHJRwDNY,0.0,0.0,0.0
2020-06-13 23:15:00,4135001,zVJPv84UY57bAof,0.0,0.0,0.0
2020-06-13 23:15:00,4135001,VHMLBKoKgIrUVDU,0.0,0.0,0.0
2020-06-13 23:15:00,4135001,rGa61gmuvPhdLxV,0.0,0.0,0.0
2020-06-13 23:15:00,4135001,1BY6WEcLGh8j5v7,0.0,0.0,0.0
2020-06-13 23:15:00,4135001,uHbuxQJl8lW7ozc,0.0,0.0,0.0
2020-06-13 23:15:00,4135001,ZoEaEvLYb1n2sOq,0.0,0.0,0.0
2020-06-13 23:30:00,4135001,7JYdWkrLSPkdwr4,0.0,0.0,0.0
2020-06-13 23:30:00,4135001,rGa61gmuvPhdLxV,0.0,0.0,0.0
2020-06-13 23:30:00,4135001,3PZuoBAID5Wc2HD,0.0,0.0,0.0
2020-06-13 23:30:00,4135001,uHbuxQJl8lW7ozc,0.0,0.0,0.0
2020-06-13 23:30:00,4135001,bvBOhCH3iADSZry,0.0,0.0,0.0
2020-06-13 23:30:00,4135001,adLQvlD726eNBSB,0.0,0.0,0.0
2020-06-13 23:30:00,4135001,VHMLBKoKgIrUVDU,0.0,0.0,0.0
2020-06-13 23:30:00,4135001,WRmjgnKYAwPKWDb,0.0,0.0,0.0
2020-06-13 23:30:00,4135001,1IF53ai7Xc0U56Y,0.0,0.0,0.0
2020-06-13 23:30:00,4135001,ih0vzX44oOqAx2f,0.0,0.0,0.0
2020-06-13 23:30:00,4135001,wCURE6d3bPkepu2,0.0,0.0,0.0
2020-06-13 23:30:00,4135001,z9Y9gH1T5YWrNuG,0.0,0.0,0.0
2020-06-13 23:30:00,4135001,1BY6WEcLGh8j5v7,0.0,0.0,0.0
2020-06-13 23:30:00,4135001,zBIq5rxdHJRwDNY,0.0,0.0,0.0
2020-06-13 23:30:00,4135001,YxYtjZvoooNbGkE,0.0,0.0,0.0
2020-06-13 23:30:00,4135001,ZoEaEvLYb1n2sOq,0.0,0.0,0.0
2020-06-13 23:30:00,4135001,sjndEbLyjtCKgGv,0.0,0.0,0.0
2020-06-13 23:30:00,4135001,pkci93gMrogZuBj,0.0,0.0,0.0
2020-06-13 23:30:00,4135001,ZnxXDlPa8U1GXgE,0.0,0.0,0.0
2020-06-13 23:30:00,4135001,McdE0feGgRqW7Ca,0.0,0.0,0.0
2020-06-13 23:30:00,4135001,iCRJl6heRkivqQ3,0.0,0.0,0.0
2020-06-13 23:30:00,4135001,zVJPv84UY57bAof,0.0,0.0,0.0
2020-06-13 23:45:00,4135001,rGa61gmuvPhdLxV,0.0,0.0,0.0
2020-06-13 23:45:00,4135001,WRmjgnKYAwPKWDb,0.0,0.0,0.0
2020-06-13 23:45:00,4135001,VHMLBKoKgIrUVDU,0.0,0.0,0.0
2020-06-13 23:45:00,4135001,1BY6WEcLGh8j5v7,0.0,0.0,0.0
2020-06-13 23:45:00,4135001,pkci93gMrogZuBj,0.0,0.0,0.0
2020-06-13 23:45:00,4135001,ih0vzX44oOqAx2f,0.0,0.0,0.0
2020-06-13 23:45:00,4135001,sjndEbLyjtCKgGv,0.0,0.0,0.0
2020-06-13 23:45:00,4135001,zVJPv84UY57bAof,0.0,0.0,0.0
2020-06-13 23:45:00,4135001,1IF53ai7Xc0U56Y,0.0,0.0,0.0
2020-06-13 23:45:00,4135001,wCURE6d3bPkepu2,0.0,0.0,0.0
2020-06-13 23:45:00,4135001,7JYdWkrLSPkdwr4,0.0,0.0,0.0
2020-06-13 23:45:00,4135001,ZoEaEvLYb1n2sOq,0.0,0.0,0.0
2020-06-13 23:45:00,4135001,ZnxXDlPa8U1GXgE,0.0,0.0,0.0
2020-06-13 23:45:00,4135001,zBIq5rxdHJRwDNY,0.0,0.0,0.0
2020-06-13 23:45:00,4135001,iCRJl6heRkivqQ3,0.0,0.0,0.0
2020-06-13 23:45:00,4135001,z9Y9gH1T5YWrNuG,0.0,0.0,0.0
2020-06-13 23:45:00,4135001,adLQvlD726eNBSB,0.0,0.0,0.0
2020-06-13 23:45:00,4135001,uHbuxQJl8lW7ozc,0.0,0.0,0.0
2020-06-13 23:45:00,4135001,3PZuoBAID5Wc2HD,0.0,0.0,0.0
2020-06-13 23:45:00,4135001,YxYtjZvoooNbGkE,0.0,0.0,0.0
2020-06-13 23:45:00,4135001,McdE0feGgRqW7Ca,0.0,0.0,0.0
2020-06-13 23:45:00,4135001,bvBOhCH3iADSZry,0.0,0.0,0.0
2020-06-14 00:00:00,4135001,zBIq5rxdHJRwDNY,0.0,0.0,0.0
2020-06-14 00:00:00,4135001,rGa61gmuvPhdLxV,0.0,0.0,0.0
2020-06-14 00:00:00,4135001,sjndEbLyjtCKgGv,0.0,0.0,0.0
2020-06-14 00:00:00,4135001,7JYdWkrLSPkdwr4,0.0,0.0,0.0
2020-06-14 00:00:00,4135001,ih0vzX44oOqAx2f,0.0,0.0,0.0
2020-06-14 00:00:00,4135001,pkci93gMrogZuBj,0.0,0.0,0.0
2020-06-14 00:00:00,4135001,z9Y9gH1T5YWrNuG,0.0,0.0,0.0
2020-06-14 00:00:00,4135001,iCRJl6heRkivqQ3,0.0,0.0,0.0
2020-06-14 00:00:00,4135001,ZnxXDlPa8U1GXgE,0.0,0.0,0.0
2020-06-14 00:00:00,4135001,McdE0feGgRqW7Ca,0.0,0.0,0.0
2020-06-14 00:00:00,4135001,YxYtjZvoooNbGkE,0.0,0.0,0.0
2020-06-14 00:00:00,4135001,1BY6WEcLGh8j5v7,0.0,0.0,0.0
2020-06-14 00:00:00,4135001,1IF53ai7Xc0U56Y,0.0,0.0,0.0
2020-06-14 00:00:00,4135001,ZoEaEvLYb1n2sOq,0.0,0.0,0.0
2020-06-14 00:00:00,4135001,WRmjgnKYAwPKWDb,0.0,0.0,0.0
2020-06-14 00:00:00,4135001,adLQvlD726eNBSB,0.0,0.0,0.0
2020-06-14 00:00:00,4135001,uHbuxQJl8lW7ozc,0.0,0.0,0.0
2020-06-14 00:00:00,4135001,wCURE6d3bPkepu2,0.0,0.0,0.0
2020-06-14 00:00:00,4135001,bvBOhCH3iADSZry,0.0,0.0,0.0
2020-06-14 00:00:00,4135001,VHMLBKoKgIrUVDU,0.0,0.0,0.0
2020-06-14 00:00:00,4135001,zVJPv84UY57bAof,0.0,0.0,0.0
2020-06-14 00:00:00,4135001,3PZuoBAID5Wc2HD,0.0,0.0,0.0
2020-06-14 00:15:00,4135001,zVJPv84UY57bAof,0.0,0.0,0.0
2020-06-14 00:15:00,4135001,rGa61gmuvPhdLxV,0.0,0.0,0.0
2020-06-14 00:15:00,4135001,WRmjgnKYAwPKWDb,0.0,0.0,0.0
2020-06-14 00:15:00,4135001,iCRJl6heRkivqQ3,0.0,0.0,0.0
2020-06-14 00:15:00,4135001,3PZuoBAID5Wc2HD,0.0,0.0,0.0
2020-06-14 00:15:00,4135001,adLQvlD726eNBSB,0.0,0.0,0.0
2020-06-14 00:15:00,4135001,zBIq5rxdHJRwDNY,0.0,0.0,0.0
2020-06-14 00:15:00,4135001,z9Y9gH1T5YWrNuG,0.0,0.0,0.0
2020-06-14 00:15:00,4135001,uHbuxQJl8lW7ozc,0.0,0.0,0.0
2020-06-14 00:15:00,4135001,VHMLBKoKgIrUVDU,0.0,0.0,0.0
2020-06-14 00:15:00,4135001,7JYdWkrLSPkdwr4,0.0,0.0,0.0
2020-06-14 00:15:00,4135001,pkci93gMrogZuBj,0.0,0.0,0.0
2020-06-14 00:15:00,4135001,bvBOhCH3iADSZry,0.0,0.0,0.0
2020-06-14 00:15:00,4135001,McdE0feGgRqW7Ca,0.0,0.0,0.0
2020-06-14 00:15:00,4135001,ih0vzX44oOqAx2f,0.0,0.0,0.0
2020-06-14 00:15:00,4135001,sjndEbLyjtCKgGv,0.0,0.0,0.0
2020-06-14 00:15:00,4135001,1BY6WEcLGh8j5v7,0.0,0.0,0.0
2020-06-14 00:15:00,4135001,ZoEaEvLYb1n2sOq,0.0,0.0,0.0
2020-06-14 00:15:00,4135001,YxYtjZvoooNbGkE,0.0,0.0,0.0
2020-06-14 00:15:00,4135001,wCURE6d3bPkepu2,0.0,0.0,0.0
2020-06-14 00:15:00,4135001,ZnxXDlPa8U1GXgE,0.0,0.0,0.0
2020-06-14 00:15:00,4135001,1IF53ai7Xc0U56Y,0.0,0.0,0.0
2020-06-14 00:30:00,4135001,McdE0feGgRqW7Ca,0.0,0.0,0.0
2020-06-14 00:30:00,4135001,wCURE6d3bPkepu2,0.0,0.0,0.0
2020-06-14 00:30:00,4135001,uHbuxQJl8lW7ozc,0.0,0.0,0.0
2020-06-14 00:30:00,4135001,sjndEbLyjtCKgGv,0.0,0.0,0.0
2020-06-14 00:30:00,4135001,bvBOhCH3iADSZry,0.0,0.0,0.0
2020-06-14 00:30:00,4135001,ZoEaEvLYb1n2sOq,0.0,0.0,0.0
2020-06-14 00:30:00,4135001,ih0vzX44oOqAx2f,0.0,0.0,0.0
2020-06-14 00:30:00,4135001,zBIq5rxdHJRwDNY,0.0,0.0,0.0
2020-06-14 00:30:00,4135001,adLQvlD726eNBSB,0.0,0.0,0.0
2020-06-14 00:30:00,4135001,pkci93gMrogZuBj,0.0,0.0,0.0
2020-06-14 00:30:00,4135001,YxYtjZvoooNbGkE,0.0,0.0,0.0
2020-06-14 00:30:00,4135001,7JYdWkrLSPkdwr4,0.0,0.0,0.0
2020-06-14 00:30:00,4135001,3PZuoBAID5Wc2HD,0.0,0.0,0.0
2020-06-14 00:30:00,4135001,rGa61gmuvPhdLxV,0.0,0.0,0.0
2020-06-14 00:30:00,4135001,VHMLBKoKgIrUVDU,0.0,0.0,0.0
2020-06-14 00:30:00,4135001,1BY6WEcLGh8j5v7,0.0,0.0,0.0
2020-06-14 00:30:00,4135001,ZnxXDlPa8U1GXgE,0.0,0.0,0.0
2020-06-14 00:30:00,4135001,z9Y9gH1T5YWrNuG,0.0,0.0,0.0
2020-06-14 00:30:00,4135001,1IF53ai7Xc0U56Y,0.0,0.0,0.0
2020-06-14 00:30:00,4135001,iCRJl6heRkivqQ3,0.0,0.0,0.0
2020-06-14 00:30:00,4135001,WRmjgnKYAwPKWDb,0.0,0.0,0.0
2020-06-14 00:30:00,4135001,zVJPv84UY57bAof,0.0,0.0,0.0
2020-06-14 00:45:00,4135001,sjndEbLyjtCKgGv,0.0,0.0,0.0
2020-06-14 00:45:00,4135001,zVJPv84UY57bAof,0.0,0.0,0.0
2020-06-14 00:45:00,4135001,1IF53ai7Xc0U56Y,0.0,0.0,0.0
2020-06-14 00:45:00,4135001,McdE0feGgRqW7Ca,0.0,0.0,0.0
2020-06-14 00:45:00,4135001,VHMLBKoKgIrUVDU,0.0,0.0,0.0
2020-06-14 00:45:00,4135001,z9Y9gH1T5YWrNuG,0.0,0.0,0.0
2020-06-14 00:45:00,4135001,rGa61gmuvPhdLxV,0.0,0.0,0.0
2020-06-14 00:45:00,4135001,7JYdWkrLSPkdwr4,0.0,0.0,0.0
2020-06-14 00:45:00,4135001,1BY6WEcLGh8j5v7,0.0,0.0,0.0
2020-06-14 00:45:00,4135001,wCURE6d3bPkepu2,0.0,0.0,0.0
2020-06-14 00:45:00,4135001,zBIq5rxdHJRwDNY,0.0,0.0,0.0
2020-06-14 00:45:00,4135001,bvBOhCH3iADSZry,0.0,0.0,0.0
2020-06-14 00:45:00,4135001,uHbuxQJl8lW7ozc,0.0,0.0,0.0
2020-06-14 00:45:00,4135001,iCRJl6heRkivqQ3,0.0,0.0,0.0
2020-06-14 00:45:00,4135001,ZoEaEvLYb1n2sOq,0.0,0.0,0.0
2020-06-14 00:45:00,4135001,3PZuoBAID5Wc2HD,0.0,0.0,0.0
2020-06-14 00:45:00,4135001,adLQvlD726eNBSB,0.0,0.0,0.0
2020-06-14 00:45:00,4135001,pkci93gMrogZuBj,0.0,0.0,0.0
2020-06-14 00:45:00,4135001,WRmjgnKYAwPKWDb,0.0,0.0,0.0
2020-06-14 00:45:00,4135001,YxYtjZvoooNbGkE,0.0,0.0,0.0
2020-06-14 00:45:00,4135001,ih0vzX44oOqAx2f,0.0,0.0,0.0
2020-06-14 00:45:00,4135001,ZnxXDlPa8U1GXgE,0.0,0.0,0.0
2020-06-14 01:00:00,4135001,wCURE6d3bPkepu2,0.0,0.0,0.0
2020-06-14 01:00:00,4135001,zBIq5rxdHJRwDNY,0.0,0.0,0.0
2020-06-14 01:00:00,4135001,3PZuoBAID5Wc2HD,0.0,0.0,0.0
2020-06-14 01:00:00,4135001,uHbuxQJl8lW7ozc,0.0,0.0,0.0
2020-06-14 01:00:00,4135001,1BY6WEcLGh8j5v7,0.0,0.0,0.0
2020-06-14 01:00:00,4135001,pkci93gMrogZuBj,0.0,0.0,0.0
2020-06-14 01:00:00,4135001,7JYdWkrLSPkdwr4,0.0,0.0,0.0
2020-06-14 01:00:00,4135001,ZnxXDlPa8U1GXgE,0.0,0.0,0.0
2020-06-14 01:00:00,4135001,YxYtjZvoooNbGkE,0.0,0.0,0.0
2020-06-14 01:00:00,4135001,VHMLBKoKgIrUVDU,0.0,0.0,0.0
2020-06-14 01:00:00,4135001,rGa61gmuvPhdLxV,0.0,0.0,0.0
2020-06-14 01:00:00,4135001,McdE0feGgRqW7Ca,0.0,0.0,0.0
2020-06-14 01:00:00,4135001,zVJPv84UY57bAof,0.0,0.0,0.0
2020-06-14 01:00:00,4135001,1IF53ai7Xc0U56Y,0.0,0.0,0.0
2020-06-14 01:00:00,4135001,WRmjgnKYAwPKWDb,0.0,0.0,0.0
2020-06-14 01:00:00,4135001,iCRJl6heRkivqQ3,0.0,0.0,0.0
2020-06-14 01:00:00,4135001,z9Y9gH1T5YWrNuG,0.0,0.0,0.0
2020-06-14 01:00:00,4135001,sjndEbLyjtCKgGv,0.0,0.0,0.0
2020-06-14 01:00:00,4135001,ih0vzX44oOqAx2f,0.0,0.0,0.0
2020-06-14 01:00:00,4135001,ZoEaEvLYb1n2sOq,0.0,0.0,0.0
2020-06-14 01:00:00,4135001,adLQvlD726eNBSB,0.0,0.0,0.0
2020-06-14 01:00:00,4135001,bvBOhCH3iADSZry,0.0,0.0,0.0
2020-06-14 01:15:00,4135001,1IF53ai7Xc0U56Y,0.0,0.0,0.0
2020-06-14 01:15:00,4135001,3PZuoBAID5Wc2HD,0.0,0.0,0.0
2020-06-14 01:15:00,4135001,rGa61gmuvPhdLxV,0.0,0.0,0.0
2020-06-14 01:15:00,4135001,YxYtjZvoooNbGkE,0.0,0.0,0.0
2020-06-14 01:15:00,4135001,zBIq5rxdHJRwDNY,0.0,0.0,0.0
2020-06-14 01:15:00,4135001,1BY6WEcLGh8j5v7,0.0,0.0,0.0
2020-06-14 01:15:00,4135001,WRmjgnKYAwPKWDb,0.0,0.0,0.0
2020-06-14 01:15:00,4135001,iCRJl6heRkivqQ3,0.0,0.0,0.0
2020-06-14 01:15:00,4135001,ZnxXDlPa8U1GXgE,0.0,0.0,0.0
2020-06-14 01:15:00,4135001,z9Y9gH1T5YWrNuG,0.0,0.0,0.0
2020-06-14 01:15:00,4135001,pkci93gMrogZuBj,0.0,0.0,0.0
2020-06-14 01:15:00,4135001,adLQvlD726eNBSB,0.0,0.0,0.0
2020-06-14 01:15:00,4135001,wCURE6d3bPkepu2,0.0,0.0,0.0
2020-06-14 01:15:00,4135001,ZoEaEvLYb1n2sOq,0.0,0.0,0.0
2020-06-14 01:15:00,4135001,ih0vzX44oOqAx2f,0.0,0.0,0.0
2020-06-14 01:15:00,4135001,zVJPv84UY57bAof,0.0,0.0,0.0
2020-06-14 01:15:00,4135001,McdE0feGgRqW7Ca,0.0,0.0,0.0
2020-06-14 01:15:00,4135001,VHMLBKoKgIrUVDU,0.0,0.0,0.0
2020-06-14 01:15:00,4135001,7JYdWkrLSPkdwr4,0.0,0.0,0.0
2020-06-14 01:15:00,4135001,uHbuxQJl8lW7ozc,0.0,0.0,0.0
2020-06-14 01:15:00,4135001,sjndEbLyjtCKgGv,0.0,0.0,0.0
2020-06-14 01:15:00,4135001,bvBOhCH3iADSZry,0.0,0.0,0.0
2020-06-14 01:30:00,4135001,ZoEaEvLYb1n2sOq,0.0,0.0,0.0
2020-06-14 01:30:00,4135001,1IF53ai7Xc0U56Y,0.0,0.0,0.0
2020-06-14 01:30:00,4135001,adLQvlD726eNBSB,0.0,0.0,0.0
2020-06-14 01:30:00,4135001,VHMLBKoKgIrUVDU,0.0,0.0,0.0
2020-06-14 01:30:00,4135001,zVJPv84UY57bAof,0.0,0.0,0.0
2020-06-14 01:30:00,4135001,WRmjgnKYAwPKWDb,0.0,0.0,0.0
2020-06-14 01:30:00,4135001,uHbuxQJl8lW7ozc,0.0,0.0,0.0
2020-06-14 01:30:00,4135001,wCURE6d3bPkepu2,0.0,0.0,0.0
2020-06-14 01:30:00,4135001,zBIq5rxdHJRwDNY,0.0,0.0,0.0
2020-06-14 01:30:00,4135001,bvBOhCH3iADSZry,0.0,0.0,0.0
2020-06-14 01:30:00,4135001,1BY6WEcLGh8j5v7,0.0,0.0,0.0
2020-06-14 01:30:00,4135001,YxYtjZvoooNbGkE,0.0,0.0,0.0
2020-06-14 01:30:00,4135001,ZnxXDlPa8U1GXgE,0.0,0.0,0.0
2020-06-14 01:30:00,4135001,7JYdWkrLSPkdwr4,0.0,0.0,0.0
2020-06-14 01:30:00,4135001,sjndEbLyjtCKgGv,0.0,0.0,0.0
2020-06-14 01:30:00,4135001,ih0vzX44oOqAx2f,0.0,0.0,0.0
2020-06-14 01:30:00,4135001,McdE0feGgRqW7Ca,0.0,0.0,0.0
2020-06-14 01:30:00,4135001,rGa61gmuvPhdLxV,0.0,0.0,0.0
2020-06-14 01:30:00,4135001,z9Y9gH1T5YWrNuG,0.0,0.0,0.0
2020-06-14 01:30:00,4135001,pkci93gMrogZuBj,0.0,0.0,0.0
2020-06-14 01:30:00,4135001,3PZuoBAID5Wc2HD,0.0,0.0,0.0
2020-06-14 01:30:00,4135001,iCRJl6heRkivqQ3,0.0,0.0,0.0
2020-06-14 01:45:00,4135001,VHMLBKoKgIrUVDU,0.0,0.0,0.0
2020-06-14 01:45:00,4135001,sjndEbLyjtCKgGv,0.0,0.0,0.0
2020-06-14 01:45:00,4135001,ih0vzX44oOqAx2f,0.0,0.0,0.0
2020-06-14 01:45:00,4135001,zVJPv84UY57bAof,0.0,0.0,0.0
2020-06-14 01:45:00,4135001,pkci93gMrogZuBj,0.0,0.0,0.0
2020-06-14 01:45:00,4135001,ZoEaEvLYb1n2sOq,0.0,0.0,0.0
2020-06-14 01:45:00,4135001,bvBOhCH3iADSZry,0.0,0.0,0.0
2020-06-14 01:45:00,4135001,z9Y9gH1T5YWrNuG,0.0,0.0,0.0
2020-06-14 01:45:00,4135001,McdE0feGgRqW7Ca,0.0,0.0,0.0
2020-06-14 01:45:00,4135001,adLQvlD726eNBSB,0.0,0.0,0.0
2020-06-14 01:45:00,4135001,1BY6WEcLGh8j5v7,0.0,0.0,0.0
2020-06-14 01:45:00,4135001,ZnxXDlPa8U1GXgE,0.0,0.0,0.0
2020-06-14 01:45:00,4135001,7JYdWkrLSPkdwr4,0.0,0.0,0.0
2020-06-14 01:45:00,4135001,wCURE6d3bPkepu2,0.0,0.0,0.0
2020-06-14 01:45:00,4135001,zBIq5rxdHJRwDNY,0.0,0.0,0.0
2020-06-14 01:45:00,4135001,uHbuxQJl8lW7ozc,0.0,0.0,0.0
2020-06-14 01:45:00,4135001,iCRJl6heRkivqQ3,0.0,0.0,0.0
2020-06-14 01:45:00,4135001,1IF53ai7Xc0U56Y,0.0,0.0,0.0
2020-06-14 01:45:00,4135001,rGa61gmuvPhdLxV,0.0,0.0,0.0
2020-06-14 01:45:00,4135001,WRmjgnKYAwPKWDb,0.0,0.0,0.0
2020-06-14 01:45:00,4135001,3PZuoBAID5Wc2HD,0.0,0.0,0.0
2020-06-14 01:45:00,4135001,YxYtjZvoooNbGkE,0.0,0.0,0.0
2020-06-14 02:00:00,4135001,1BY6WEcLGh8j5v7,0.0,0.0,0.0
2020-06-14 02:00:00,4135001,ZoEaEvLYb1n2sOq,0.0,0.0,0.0
2020-06-14 02:00:00,4135001,ih0vzX44oOqAx2f,0.0,0.0,0.0
2020-06-14 02:00:00,4135001,WRmjgnKYAwPKWDb,0.0,0.0,0.0
2020-06-14 02:00:00,4135001,McdE0feGgRqW7Ca,0.0,0.0,0.0
2020-06-14 02:00:00,4135001,7JYdWkrLSPkdwr4,0.0,0.0,0.0
2020-06-14 02:00:00,4135001,ZnxXDlPa8U1GXgE,0.0,0.0,0.0
2020-06-14 02:00:00,4135001,uHbuxQJl8lW7ozc,0.0,0.0,0.0
2020-06-14 02:00:00,4135001,YxYtjZvoooNbGkE,0.0,0.0,0.0
2020-06-14 02:00:00,4135001,3PZuoBAID5Wc2HD,0.0,0.0,0.0
2020-06-14 02:00:00,4135001,pkci93gMrogZuBj,0.0,0.0,0.0
2020-06-14 02:00:00,4135001,zVJPv84UY57bAof,0.0,0.0,0.0
2020-06-14 02:00:00,4135001,adLQvlD726eNBSB,0.0,0.0,0.0
2020-06-14 02:00:00,4135001,iCRJl6heRkivqQ3,0.0,0.0,0.0
2020-06-14 02:00:00,4135001,zBIq5rxdHJRwDNY,0.0,0.0,0.0
2020-06-14 02:00:00,4135001,rGa61gmuvPhdLxV,0.0,0.0,0.0
2020-06-14 02:00:00,4135001,VHMLBKoKgIrUVDU,0.0,0.0,0.0
2020-06-14 02:00:00,4135001,1IF53ai7Xc0U56Y,0.0,0.0,0.0
2020-06-14 02:00:00,4135001,z9Y9gH1T5YWrNuG,0.0,0.0,0.0
2020-06-14 02:00:00,4135001,wCURE6d3bPkepu2,0.0,0.0,0.0
2020-06-14 02:00:00,4135001,bvBOhCH3iADSZry,0.0,0.0,0.0
2020-06-14 02:00:00,4135001,sjndEbLyjtCKgGv,0.0,0.0,0.0
2020-06-14 02:15:00,4135001,7JYdWkrLSPkdwr4,0.0,0.0,0.0
2020-06-14 02:15:00,4135001,1BY6WEcLGh8j5v7,0.0,0.0,0.0
2020-06-14 02:15:00,4135001,pkci93gMrogZuBj,0.0,0.0,0.0
2020-06-14 02:15:00,4135001,iCRJl6heRkivqQ3,0.0,0.0,0.0
2020-06-14 02:15:00,4135001,VHMLBKoKgIrUVDU,0.0,0.0,0.0
2020-06-14 02:15:00,4135001,sjndEbLyjtCKgGv,0.0,0.0,0.0
2020-06-14 02:15:00,4135001,zBIq5rxdHJRwDNY,0.0,0.0,0.0
2020-06-14 02:15:00,4135001,adLQvlD726eNBSB,0.0,0.0,0.0
2020-06-14 02:15:00,4135001,z9Y9gH1T5YWrNuG,0.0,0.0,0.0
2020-06-14 02:15:00,4135001,McdE0feGgRqW7Ca,0.0,0.0,0.0
2020-06-14 02:15:00,4135001,wCURE6d3bPkepu2,0.0,0.0,0.0
2020-06-14 02:15:00,4135001,WRmjgnKYAwPKWDb,0.0,0.0,0.0
2020-06-14 02:15:00,4135001,bvBOhCH3iADSZry,0.0,0.0,0.0
2020-06-14 02:15:00,4135001,zVJPv84UY57bAof,0.0,0.0,0.0
2020-06-14 02:15:00,4135001,ZoEaEvLYb1n2sOq,0.0,0.0,0.0
2020-06-14 02:15:00,4135001,YxYtjZvoooNbGkE,0.0,0.0,0.0
2020-06-14 02:15:00,4135001,3PZuoBAID5Wc2HD,0.0,0.0,0.0
2020-06-14 02:15:00,4135001,uHbuxQJl8lW7ozc,0.0,0.0,0.0
2020-06-14 02:15:00,4135001,1IF53ai7Xc0U56Y,0.0,0.0,0.0
2020-06-14 02:15:00,4135001,rGa61gmuvPhdLxV,0.0,0.0,0.0
2020-06-14 02:15:00,4135001,ZnxXDlPa8U1GXgE,0.0,0.0,0.0
2020-06-14 02:15:00,4135001,ih0vzX44oOqAx2f,0.0,0.0,0.0
2020-06-14 02:30:00,4135001,uHbuxQJl8lW7ozc,0.0,0.0,0.0
2020-06-14 02:30:00,4135001,VHMLBKoKgIrUVDU,0.0,0.0,0.0
2020-06-14 02:30:00,4135001,3PZuoBAID5Wc2HD,0.0,0.0,0.0
2020-06-14 02:30:00,4135001,rGa61gmuvPhdLxV,0.0,0.0,0.0
2020-06-14 02:30:00,4135001,7JYdWkrLSPkdwr4,0.0,0.0,0.0
2020-06-14 02:30:00,4135001,McdE0feGgRqW7Ca,0.0,0.0,0.0
2020-06-14 02:30:00,4135001,bvBOhCH3iADSZry,0.0,0.0,0.0
2020-06-14 02:30:00,4135001,zBIq5rxdHJRwDNY,0.0,0.0,0.0
2020-06-14 02:30:00,4135001,sjndEbLyjtCKgGv,0.0,0.0,0.0
2020-06-14 02:30:00,4135001,pkci93gMrogZuBj,0.0,0.0,0.0
2020-06-14 02:30:00,4135001,wCURE6d3bPkepu2,0.0,0.0,0.0
2020-06-14 02:30:00,4135001,ih0vzX44oOqAx2f,0.0,0.0,0.0
2020-06-14 02:30:00,4135001,1IF53ai7Xc0U56Y,0.0,0.0,0.0
2020-06-14 02:30:00,4135001,ZnxXDlPa8U1GXgE,0.0,0.0,0.0
2020-06-14 02:30:00,4135001,iCRJl6heRkivqQ3,0.0,0.0,0.0
2020-06-14 02:30:00,4135001,1BY6WEcLGh8j5v7,0.0,0.0,0.0
2020-06-14 02:30:00,4135001,WRmjgnKYAwPKWDb,0.0,0.0,0.0
2020-06-14 02:30:00,4135001,YxYtjZvoooNbGkE,0.0,0.0,0.0
2020-06-14 02:30:00,4135001,ZoEaEvLYb1n2sOq,0.0,0.0,0.0
2020-06-14 02:30:00,4135001,zVJPv84UY57bAof,0.0,0.0,0.0
2020-06-14 02:30:00,4135001,adLQvlD726eNBSB,0.0,0.0,0.0
2020-06-14 02:30:00,4135001,z9Y9gH1T5YWrNuG,0.0,0.0,0.0
2020-06-14 02:45:00,4135001,ZoEaEvLYb1n2sOq,0.0,0.0,0.0
2020-06-14 02:45:00,4135001,bvBOhCH3iADSZry,0.0,0.0,0.0
2020-06-14 02:45:00,4135001,1IF53ai7Xc0U56Y,0.0,0.0,0.0
2020-06-14 02:45:00,4135001,3PZuoBAID5Wc2HD,0.0,0.0,0.0
2020-06-14 02:45:00,4135001,ZnxXDlPa8U1GXgE,0.0,0.0,0.0
2020-06-14 02:45:00,4135001,sjndEbLyjtCKgGv,0.0,0.0,0.0
2020-06-14 02:45:00,4135001,wCURE6d3bPkepu2,0.0,0.0,0.0
2020-06-14 02:45:00,4135001,zBIq5rxdHJRwDNY,0.0,0.0,0.0
2020-06-14 02:45:00,4135001,iCRJl6heRkivqQ3,0.0,0.0,0.0
2020-06-14 02:45:00,4135001,1BY6WEcLGh8j5v7,0.0,0.0,0.0
2020-06-14 02:45:00,4135001,7JYdWkrLSPkdwr4,0.0,0.0,0.0
2020-06-14 02:45:00,4135001,McdE0feGgRqW7Ca,0.0,0.0,0.0
2020-06-14 02:45:00,4135001,z9Y9gH1T5YWrNuG,0.0,0.0,0.0
2020-06-14 02:45:00,4135001,pkci93gMrogZuBj,0.0,0.0,0.0
2020-06-14 02:45:00,4135001,ih0vzX44oOqAx2f,0.0,0.0,0.0
2020-06-14 02:45:00,4135001,YxYtjZvoooNbGkE,0.0,0.0,0.0
2020-06-14 02:45:00,4135001,rGa61gmuvPhdLxV,0.0,0.0,0.0
2020-06-14 02:45:00,4135001,zVJPv84UY57bAof,0.0,0.0,0.0
2020-06-14 02:45:00,4135001,uHbuxQJl8lW7ozc,0.0,0.0,0.0
2020-06-14 02:45:00,4135001,WRmjgnKYAwPKWDb,0.0,0.0,0.0
2020-06-14 02:45:00,4135001,VHMLBKoKgIrUVDU,0.0,0.0,0.0
2020-06-14 02:45:00,4135001,adLQvlD726eNBSB,0.0,0.0,0.0
2020-06-14 03:00:00,4135001,3PZuoBAID5Wc2HD,0.0,0.0,0.0
2020-06-14 03:00:00,4135001,McdE0feGgRqW7Ca,0.0,0.0,0.0
2020-06-14 03:00:00,4135001,zBIq5rxdHJRwDNY,0.0,0.0,0.0
2020-06-14 03:00:00,4135001,VHMLBKoKgIrUVDU,0.0,0.0,0.0
2020-06-14 03:00:00,4135001,7JYdWkrLSPkdwr4,0.0,0.0,0.0
2020-06-14 03:00:00,4135001,zVJPv84UY57bAof,0.0,0.0,0.0
2020-06-14 03:00:00,4135001,sjndEbLyjtCKgGv,0.0,0.0,0.0
2020-06-14 03:00:00,4135001,ih0vzX44oOqAx2f,0.0,0.0,0.0
2020-06-14 03:00:00,4135001,pkci93gMrogZuBj,0.0,0.0,0.0
2020-06-14 03:00:00,4135001,adLQvlD726eNBSB,0.0,0.0,0.0
2020-06-14 03:00:00,4135001,z9Y9gH1T5YWrNuG,0.0,0.0,0.0
2020-06-14 03:00:00,4135001,1BY6WEcLGh8j5v7,0.0,0.0,0.0
2020-06-14 03:00:00,4135001,ZoEaEvLYb1n2sOq,0.0,0.0,0.0
2020-06-14 03:00:00,4135001,iCRJl6heRkivqQ3,0.0,0.0,0.0
2020-06-14 03:00:00,4135001,wCURE6d3bPkepu2,0.0,0.0,0.0
2020-06-14 03:00:00,4135001,WRmjgnKYAwPKWDb,0.0,0.0,0.0
2020-06-14 03:00:00,4135001,YxYtjZvoooNbGkE,0.0,0.0,0.0
2020-06-14 03:00:00,4135001,rGa61gmuvPhdLxV,0.0,0.0,0.0
2020-06-14 03:00:00,4135001,1IF53ai7Xc0U56Y,0.0,0.0,0.0
2020-06-14 03:00:00,4135001,ZnxXDlPa8U1GXgE,0.0,0.0,0.0
2020-06-14 03:00:00,4135001,uHbuxQJl8lW7ozc,0.0,0.0,0.0
2020-06-14 03:00:00,4135001,bvBOhCH3iADSZry,0.0,0.0,0.0
2020-06-14 03:15:00,4135001,ZoEaEvLYb1n2sOq,0.0,0.0,0.0
2020-06-14 03:15:00,4135001,sjndEbLyjtCKgGv,0.0,0.0,0.0
2020-06-14 03:15:00,4135001,zBIq5rxdHJRwDNY,0.0,0.0,0.0
2020-06-14 03:15:00,4135001,7JYdWkrLSPkdwr4,0.0,0.0,0.0
2020-06-14 03:15:00,4135001,iCRJl6heRkivqQ3,0.0,0.0,0.0
2020-06-14 03:15:00,4135001,adLQvlD726eNBSB,0.0,0.0,0.0
2020-06-14 03:15:00,4135001,pkci93gMrogZuBj,0.0,0.0,0.0
2020-06-14 03:15:00,4135001,rGa61gmuvPhdLxV,0.0,0.0,0.0
2020-06-14 03:15:00,4135001,McdE0feGgRqW7Ca,0.0,0.0,0.0
2020-06-14 03:15:00,4135001,1BY6WEcLGh8j5v7,0.0,0.0,0.0
2020-06-14 03:15:00,4135001,zVJPv84UY57bAof,0.0,0.0,0.0
2020-06-14 03:15:00,4135001,uHbuxQJl8lW7ozc,0.0,0.0,0.0
2020-06-14 03:15:00,4135001,VHMLBKoKgIrUVDU,0.0,0.0,0.0
2020-06-14 03:15:00,4135001,ih0vzX44oOqAx2f,0.0,0.0,0.0
2020-06-14 03:15:00,4135001,bvBOhCH3iADSZry,0.0,0.0,0.0
2020-06-14 03:15:00,4135001,3PZuoBAID5Wc2HD,0.0,0.0,0.0
2020-06-14 03:15:00,4135001,YxYtjZvoooNbGkE,0.0,0.0,0.0
2020-06-14 03:15:00,4135001,1IF53ai7Xc0U56Y,0.0,0.0,0.0
2020-06-14 03:15:00,4135001,ZnxXDlPa8U1GXgE,0.0,0.0,0.0
2020-06-14 03:15:00,4135001,wCURE6d3bPkepu2,0.0,0.0,0.0
2020-06-14 03:15:00,4135001,WRmjgnKYAwPKWDb,0.0,0.0,0.0
2020-06-14 03:15:00,4135001,z9Y9gH1T5YWrNuG,0.0,0.0,0.0
2020-06-14 03:30:00,4135001,1BY6WEcLGh8j5v7,0.0,0.0,0.0
2020-06-14 03:30:00,4135001,sjndEbLyjtCKgGv,0.0,0.0,0.0
2020-06-14 03:30:00,4135001,1IF53ai7Xc0U56Y,0.0,0.0,0.0
2020-06-14 03:30:00,4135001,ih0vzX44oOqAx2f,0.0,0.0,0.0
2020-06-14 03:30:00,4135001,z9Y9gH1T5YWrNuG,0.0,0.0,0.0
2020-06-14 03:30:00,4135001,pkci93gMrogZuBj,0.0,0.0,0.0
2020-06-14 03:30:00,4135001,VHMLBKoKgIrUVDU,0.0,0.0,0.0
2020-06-14 03:30:00,4135001,7JYdWkrLSPkdwr4,0.0,0.0,0.0
2020-06-14 03:30:00,4135001,adLQvlD726eNBSB,0.0,0.0,0.0
2020-06-14 03:30:00,4135001,zBIq5rxdHJRwDNY,0.0,0.0,0.0
2020-06-14 03:30:00,4135001,wCURE6d3bPkepu2,0.0,0.0,0.0
2020-06-14 03:30:00,4135001,3PZuoBAID5Wc2HD,0.0,0.0,0.0
2020-06-14 03:30:00,4135001,WRmjgnKYAwPKWDb,0.0,0.0,0.0
2020-06-14 03:30:00,4135001,YxYtjZvoooNbGkE,0.0,0.0,0.0
2020-06-14 03:30:00,4135001,zVJPv84UY57bAof,0.0,0.0,0.0
2020-06-14 03:30:00,4135001,ZoEaEvLYb1n2sOq,0.0,0.0,0.0
2020-06-14 03:30:00,4135001,ZnxXDlPa8U1GXgE,0.0,0.0,0.0
2020-06-14 03:30:00,4135001,McdE0feGgRqW7Ca,0.0,0.0,0.0
2020-06-14 03:30:00,4135001,bvBOhCH3iADSZry,0.0,0.0,0.0
2020-06-14 03:30:00,4135001,rGa61gmuvPhdLxV,0.0,0.0,0.0
2020-06-14 03:30:00,4135001,iCRJl6heRkivqQ3,0.0,0.0,0.0
2020-06-14 03:30:00,4135001,uHbuxQJl8lW7ozc,0.0,0.0,0.0
2020-06-14 03:45:00,4135001,wCURE6d3bPkepu2,0.0,0.0,0.0
2020-06-14 03:45:00,4135001,iCRJl6heRkivqQ3,0.0,0.0,0.0
2020-06-14 03:45:00,4135001,ih0vzX44oOqAx2f,0.0,0.0,0.0
2020-06-14 03:45:00,4135001,uHbuxQJl8lW7ozc,0.0,0.0,0.0
2020-06-14 03:45:00,4135001,zVJPv84UY57bAof,0.0,0.0,0.0
2020-06-14 03:45:00,4135001,adLQvlD726eNBSB,0.0,0.0,0.0
2020-06-14 03:45:00,4135001,YxYtjZvoooNbGkE,0.0,0.0,0.0
2020-06-14 03:45:00,4135001,1BY6WEcLGh8j5v7,0.0,0.0,0.0
2020-06-14 03:45:00,4135001,WRmjgnKYAwPKWDb,0.0,0.0,0.0
2020-06-14 03:45:00,4135001,sjndEbLyjtCKgGv,0.0,0.0,0.0
2020-06-14 03:45:00,4135001,ZnxXDlPa8U1GXgE,0.0,0.0,0.0
2020-06-14 03:45:00,4135001,ZoEaEvLYb1n2sOq,0.0,0.0,0.0
2020-06-14 03:45:00,4135001,pkci93gMrogZuBj,0.0,0.0,0.0
2020-06-14 03:45:00,4135001,7JYdWkrLSPkdwr4,0.0,0.0,0.0
2020-06-14 03:45:00,4135001,bvBOhCH3iADSZry,0.0,0.0,0.0
2020-06-14 03:45:00,4135001,McdE0feGgRqW7Ca,0.0,0.0,0.0
2020-06-14 03:45:00,4135001,rGa61gmuvPhdLxV,0.0,0.0,0.0
2020-06-14 03:45:00,4135001,3PZuoBAID5Wc2HD,0.0,0.0,0.0
2020-06-14 03:45:00,4135001,VHMLBKoKgIrUVDU,0.0,0.0,0.0
2020-06-14 03:45:00,4135001,zBIq5rxdHJRwDNY,0.0,0.0,0.0
2020-06-14 03:45:00,4135001,1IF53ai7Xc0U56Y,0.0,0.0,0.0
2020-06-14 03:45:00,4135001,z9Y9gH1T5YWrNuG,0.0,0.0,0.0
2020-06-14 04:00:00,4135001,ZnxXDlPa8U1GXgE,0.0,0.0,0.0
2020-06-14 04:00:00,4135001,ZoEaEvLYb1n2sOq,0.0,0.0,0.0
2020-06-14 04:00:00,4135001,adLQvlD726eNBSB,0.0,0.0,0.0
2020-06-14 04:00:00,4135001,pkci93gMrogZuBj,0.0,0.0,0.0
2020-06-14 04:00:00,4135001,rGa61gmuvPhdLxV,0.0,0.0,0.0
2020-06-14 04:00:00,4135001,iCRJl6heRkivqQ3,0.0,0.0,0.0
2020-06-14 04:00:00,4135001,bvBOhCH3iADSZry,0.0,0.0,0.0
2020-06-14 04:00:00,4135001,wCURE6d3bPkepu2,0.0,0.0,0.0
2020-06-14 04:00:00,4135001,McdE0feGgRqW7Ca,0.0,0.0,0.0
2020-06-14 04:00:00,4135001,1BY6WEcLGh8j5v7,0.0,0.0,0.0
2020-06-14 04:00:00,4135001,7JYdWkrLSPkdwr4,0.0,0.0,0.0
2020-06-14 04:00:00,4135001,z9Y9gH1T5YWrNuG,0.0,0.0,0.0
2020-06-14 04:00:00,4135001,uHbuxQJl8lW7ozc,0.0,0.0,0.0
2020-06-14 04:00:00,4135001,WRmjgnKYAwPKWDb,0.0,0.0,0.0
2020-06-14 04:00:00,4135001,zBIq5rxdHJRwDNY,0.0,0.0,0.0
2020-06-14 04:00:00,4135001,sjndEbLyjtCKgGv,0.0,0.0,0.0
2020-06-14 04:00:00,4135001,VHMLBKoKgIrUVDU,0.0,0.0,0.0
2020-06-14 04:00:00,4135001,1IF53ai7Xc0U56Y,0.0,0.0,0.0
2020-06-14 04:00:00,4135001,YxYtjZvoooNbGkE,0.0,0.0,0.0
2020-06-14 04:00:00,4135001,ih0vzX44oOqAx2f,0.0,0.0,0.0
2020-06-14 04:00:00,4135001,zVJPv84UY57bAof,0.0,0.0,0.0
2020-06-14 04:00:00,4135001,3PZuoBAID5Wc2HD,0.0,0.0,0.0
2020-06-14 04:15:00,4135001,bvBOhCH3iADSZry,0.0,0.0,0.0
2020-06-14 04:15:00,4135001,z9Y9gH1T5YWrNuG,0.0,0.0,0.0
2020-06-14 04:15:00,4135001,YxYtjZvoooNbGkE,0.0,0.0,0.0
2020-06-14 04:15:00,4135001,rGa61gmuvPhdLxV,0.0,0.0,0.0
2020-06-14 04:15:00,4135001,iCRJl6heRkivqQ3,0.0,0.0,0.0
2020-06-14 04:15:00,4135001,wCURE6d3bPkepu2,0.0,0.0,0.0
2020-06-14 04:15:00,4135001,ZnxXDlPa8U1GXgE,0.0,0.0,0.0
2020-06-14 04:15:00,4135001,ZoEaEvLYb1n2sOq,0.0,0.0,0.0
2020-06-14 04:15:00,4135001,uHbuxQJl8lW7ozc,0.0,0.0,0.0
2020-06-14 04:15:00,4135001,McdE0feGgRqW7Ca,0.0,0.0,0.0
2020-06-14 04:15:00,4135001,3PZuoBAID5Wc2HD,0.0,0.0,0.0
2020-06-14 04:15:00,4135001,zVJPv84UY57bAof,0.0,0.0,0.0
2020-06-14 04:15:00,4135001,pkci93gMrogZuBj,0.0,0.0,0.0
2020-06-14 04:15:00,4135001,7JYdWkrLSPkdwr4,0.0,0.0,0.0
2020-06-14 04:15:00,4135001,VHMLBKoKgIrUVDU,0.0,0.0,0.0
2020-06-14 04:15:00,4135001,WRmjgnKYAwPKWDb,0.0,0.0,0.0
2020-06-14 04:15:00,4135001,sjndEbLyjtCKgGv,0.0,0.0,0.0
2020-06-14 04:15:00,4135001,1BY6WEcLGh8j5v7,0.0,0.0,0.0
2020-06-14 04:15:00,4135001,zBIq5rxdHJRwDNY,0.0,0.0,0.0
2020-06-14 04:15:00,4135001,ih0vzX44oOqAx2f,0.0,0.0,0.0
2020-06-14 04:15:00,4135001,1IF53ai7Xc0U56Y,0.0,0.0,0.0
2020-06-14 04:15:00,4135001,adLQvlD726eNBSB,0.0,0.0,0.0
2020-06-14 04:30:00,4135001,ZoEaEvLYb1n2sOq,0.0,0.0,0.0
2020-06-14 04:30:00,4135001,McdE0feGgRqW7Ca,0.0,0.0,0.0
2020-06-14 04:30:00,4135001,zVJPv84UY57bAof,0.0,0.0,0.0
2020-06-14 04:30:00,4135001,1BY6WEcLGh8j5v7,0.0,0.0,0.0
2020-06-14 04:30:00,4135001,7JYdWkrLSPkdwr4,0.0,0.0,0.0
2020-06-14 04:30:00,4135001,uHbuxQJl8lW7ozc,0.0,0.0,0.0
2020-06-14 04:30:00,4135001,ih0vzX44oOqAx2f,0.0,0.0,0.0
2020-06-14 04:30:00,4135001,YxYtjZvoooNbGkE,0.0,0.0,0.0
2020-06-14 04:30:00,4135001,3PZuoBAID5Wc2HD,0.0,0.0,0.0
2020-06-14 04:30:00,4135001,zBIq5rxdHJRwDNY,0.0,0.0,0.0
2020-06-14 04:30:00,4135001,pkci93gMrogZuBj,0.0,0.0,0.0
2020-06-14 04:30:00,4135001,1IF53ai7Xc0U56Y,0.0,0.0,0.0
2020-06-14 04:30:00,4135001,VHMLBKoKgIrUVDU,0.0,0.0,0.0
2020-06-14 04:30:00,4135001,ZnxXDlPa8U1GXgE,0.0,0.0,0.0
2020-06-14 04:30:00,4135001,adLQvlD726eNBSB,0.0,0.0,0.0
2020-06-14 04:30:00,4135001,iCRJl6heRkivqQ3,0.0,0.0,0.0
2020-06-14 04:30:00,4135001,rGa61gmuvPhdLxV,0.0,0.0,0.0
2020-06-14 04:30:00,4135001,sjndEbLyjtCKgGv,0.0,0.0,0.0
2020-06-14 04:30:00,4135001,WRmjgnKYAwPKWDb,0.0,0.0,0.0
2020-06-14 04:30:00,4135001,wCURE6d3bPkepu2,0.0,0.0,0.0
2020-06-14 04:30:00,4135001,z9Y9gH1T5YWrNuG,0.0,0.0,0.0
2020-06-14 04:30:00,4135001,bvBOhCH3iADSZry,0.0,0.0,0.0
2020-06-14 04:45:00,4135001,3PZuoBAID5Wc2HD,0.0,0.0,0.0
2020-06-14 04:45:00,4135001,wCURE6d3bPkepu2,0.0,0.0,0.0
2020-06-14 04:45:00,4135001,YxYtjZvoooNbGkE,0.0,0.0,0.0
2020-06-14 04:45:00,4135001,rGa61gmuvPhdLxV,0.0,0.0,0.0
2020-06-14 04:45:00,4135001,zBIq5rxdHJRwDNY,0.0,0.0,0.0
2020-06-14 04:45:00,4135001,adLQvlD726eNBSB,0.0,0.0,0.0
2020-06-14 04:45:00,4135001,1BY6WEcLGh8j5v7,0.0,0.0,0.0
2020-06-14 04:45:00,4135001,VHMLBKoKgIrUVDU,0.0,0.0,0.0
2020-06-14 04:45:00,4135001,WRmjgnKYAwPKWDb,0.0,0.0,0.0
2020-06-14 04:45:00,4135001,pkci93gMrogZuBj,0.0,0.0,0.0
2020-06-14 04:45:00,4135001,ih0vzX44oOqAx2f,0.0,0.0,0.0
2020-06-14 04:45:00,4135001,1IF53ai7Xc0U56Y,0.0,0.0,0.0
2020-06-14 04:45:00,4135001,uHbuxQJl8lW7ozc,0.0,0.0,0.0
2020-06-14 04:45:00,4135001,zVJPv84UY57bAof,0.0,0.0,0.0
2020-06-14 04:45:00,4135001,McdE0feGgRqW7Ca,0.0,0.0,0.0
2020-06-14 04:45:00,4135001,sjndEbLyjtCKgGv,0.0,0.0,0.0
2020-06-14 04:45:00,4135001,7JYdWkrLSPkdwr4,0.0,0.0,0.0
2020-06-14 04:45:00,4135001,z9Y9gH1T5YWrNuG,0.0,0.0,0.0
2020-06-14 04:45:00,4135001,ZoEaEvLYb1n2sOq,0.0,0.0,0.0
2020-06-14 04:45:00,4135001,iCRJl6heRkivqQ3,0.0,0.0,0.0
2020-06-14 04:45:00,4135001,bvBOhCH3iADSZry,0.0,0.0,0.0
2020-06-14 04:45:00,4135001,ZnxXDlPa8U1GXgE,0.0,0.0,0.0
2020-06-14 05:00:00,4135001,1IF53ai7Xc0U56Y,0.0,0.0,0.0
2020-06-14 05:00:00,4135001,WRmjgnKYAwPKWDb,0.0,0.0,0.0
2020-06-14 05:00:00,4135001,uHbuxQJl8lW7ozc,0.0,0.0,0.0
2020-06-14 05:00:00,4135001,ZoEaEvLYb1n2sOq,0.0,0.0,0.0
2020-06-14 05:00:00,4135001,z9Y9gH1T5YWrNuG,0.0,0.0,0.0
2020-06-14 05:00:00,4135001,bvBOhCH3iADSZry,0.0,0.0,0.0
2020-06-14 05:00:00,4135001,3PZuoBAID5Wc2HD,0.0,0.0,0.0
2020-06-14 05:00:00,4135001,McdE0feGgRqW7Ca,0.0,0.0,0.0
2020-06-14 05:00:00,4135001,7JYdWkrLSPkdwr4,0.0,0.0,0.0
2020-06-14 05:00:00,4135001,zBIq5rxdHJRwDNY,0.0,0.0,0.0
2020-06-14 05:00:00,4135001,VHMLBKoKgIrUVDU,0.0,0.0,0.0
2020-06-14 05:00:00,4135001,ZnxXDlPa8U1GXgE,0.0,0.0,0.0
2020-06-14 05:00:00,4135001,YxYtjZvoooNbGkE,0.0,0.0,0.0
2020-06-14 05:00:00,4135001,pkci93gMrogZuBj,0.0,0.0,0.0
2020-06-14 05:00:00,4135001,ih0vzX44oOqAx2f,0.0,0.0,0.0
2020-06-14 05:00:00,4135001,1BY6WEcLGh8j5v7,0.0,0.0,0.0
2020-06-14 05:00:00,4135001,adLQvlD726eNBSB,0.0,0.0,0.0
2020-06-14 05:00:00,4135001,wCURE6d3bPkepu2,0.0,0.0,0.0
2020-06-14 05:00:00,4135001,rGa61gmuvPhdLxV,0.0,0.0,0.0
2020-06-14 05:00:00,4135001,zVJPv84UY57bAof,0.0,0.0,0.0
2020-06-14 05:00:00,4135001,iCRJl6heRkivqQ3,0.0,0.0,0.0
2020-06-14 05:00:00,4135001,sjndEbLyjtCKgGv,0.0,0.0,0.0
2020-06-14 05:15:00,4135001,wCURE6d3bPkepu2,0.0,0.0,0.0
2020-06-14 05:15:00,4135001,pkci93gMrogZuBj,0.0,0.0,0.0
2020-06-14 05:15:00,4135001,rGa61gmuvPhdLxV,0.0,0.0,0.0
2020-06-14 05:15:00,4135001,McdE0feGgRqW7Ca,0.0,0.0,0.0
2020-06-14 05:15:00,4135001,z9Y9gH1T5YWrNuG,0.0,0.0,0.0
2020-06-14 05:15:00,4135001,zVJPv84UY57bAof,0.0,0.0,0.0
2020-06-14 05:15:00,4135001,ZnxXDlPa8U1GXgE,0.0,0.0,0.0
2020-06-14 05:15:00,4135001,1IF53ai7Xc0U56Y,0.0,0.0,0.0
2020-06-14 05:15:00,4135001,uHbuxQJl8lW7ozc,0.0,0.0,0.0
2020-06-14 05:15:00,4135001,zBIq5rxdHJRwDNY,0.0,0.0,0.0
2020-06-14 05:15:00,4135001,bvBOhCH3iADSZry,0.0,0.0,0.0
2020-06-14 05:15:00,4135001,VHMLBKoKgIrUVDU,0.0,0.0,0.0
2020-06-14 05:15:00,4135001,sjndEbLyjtCKgGv,0.0,0.0,0.0
2020-06-14 05:15:00,4135001,ZoEaEvLYb1n2sOq,0.0,0.0,0.0
2020-06-14 05:15:00,4135001,YxYtjZvoooNbGkE,0.0,0.0,0.0
2020-06-14 05:15:00,4135001,ih0vzX44oOqAx2f,0.0,0.0,0.0
2020-06-14 05:15:00,4135001,WRmjgnKYAwPKWDb,0.0,0.0,0.0
2020-06-14 05:15:00,4135001,1BY6WEcLGh8j5v7,0.0,0.0,0.0
2020-06-14 05:15:00,4135001,iCRJl6heRkivqQ3,0.0,0.0,0.0
2020-06-14 05:15:00,4135001,7JYdWkrLSPkdwr4,0.0,0.0,0.0
2020-06-14 05:15:00,4135001,3PZuoBAID5Wc2HD,0.0,0.0,0.0
2020-06-14 05:15:00,4135001,adLQvlD726eNBSB,0.0,0.0,0.0
2020-06-14 05:30:00,4135001,adLQvlD726eNBSB,0.0,0.0,0.0
2020-06-14 05:30:00,4135001,3PZuoBAID5Wc2HD,0.0,0.0,0.0
2020-06-14 05:30:00,4135001,bvBOhCH3iADSZry,0.0,0.0,0.0
2020-06-14 05:30:00,4135001,7JYdWkrLSPkdwr4,0.0,0.0,0.0
2020-06-14 05:30:00,4135001,McdE0feGgRqW7Ca,0.0,0.0,0.0
2020-06-14 05:30:00,4135001,rGa61gmuvPhdLxV,0.0,0.0,0.0
2020-06-14 05:30:00,4135001,z9Y9gH1T5YWrNuG,0.0,0.0,0.0
2020-06-14 05:30:00,4135001,ih0vzX44oOqAx2f,0.0,0.0,0.0
2020-06-14 05:30:00,4135001,uHbuxQJl8lW7ozc,0.0,0.0,0.0
2020-06-14 05:30:00,4135001,1IF53ai7Xc0U56Y,0.0,0.0,0.0
2020-06-14 05:30:00,4135001,1BY6WEcLGh8j5v7,0.0,0.0,0.0
2020-06-14 05:30:00,4135001,WRmjgnKYAwPKWDb,0.0,0.0,0.0
2020-06-14 05:30:00,4135001,zVJPv84UY57bAof,0.0,0.0,0.0
2020-06-14 05:30:00,4135001,pkci93gMrogZuBj,0.0,0.0,0.0
2020-06-14 05:30:00,4135001,VHMLBKoKgIrUVDU,0.0,0.0,0.0
2020-06-14 05:30:00,4135001,YxYtjZvoooNbGkE,0.0,0.0,0.0
2020-06-14 05:30:00,4135001,zBIq5rxdHJRwDNY,0.0,0.0,0.0
2020-06-14 05:30:00,4135001,ZnxXDlPa8U1GXgE,0.0,0.0,0.0
2020-06-14 05:30:00,4135001,ZoEaEvLYb1n2sOq,0.0,0.0,0.0
2020-06-14 05:30:00,4135001,wCURE6d3bPkepu2,0.0,0.0,0.0
2020-06-14 05:30:00,4135001,sjndEbLyjtCKgGv,0.0,0.0,0.0
2020-06-14 05:30:00,4135001,iCRJl6heRkivqQ3,0.0,0.0,0.0
2020-06-14 05:45:00,4135001,sjndEbLyjtCKgGv,0.0,4.975,0.0
2020-06-14 05:45:00,4135001,WRmjgnKYAwPKWDb,0.0,5.2375,0.0
2020-06-14 05:45:00,4135001,wCURE6d3bPkepu2,0.0,5.05,0.0
2020-06-14 05:45:00,4135001,1BY6WEcLGh8j5v7,0.0,4.942857143,0.0
2020-06-14 05:45:00,4135001,z9Y9gH1T5YWrNuG,0.0,5.0375,0.0
2020-06-14 05:45:00,4135001,McdE0feGgRqW7Ca,0.0,5.075,0.0
2020-06-14 05:45:00,4135001,7JYdWkrLSPkdwr4,0.0,3.6625,0.0
2020-06-14 05:45:00,4135001,1IF53ai7Xc0U56Y,0.0,5.657142857,0.0
2020-06-14 05:45:00,4135001,ZnxXDlPa8U1GXgE,0.0,5.542857143,0.0
2020-06-14 05:45:00,4135001,uHbuxQJl8lW7ozc,0.0,3.871428571,0.0
2020-06-14 05:45:00,4135001,iCRJl6heRkivqQ3,0.0,3.957142857,0.0
2020-06-14 05:45:00,4135001,pkci93gMrogZuBj,0.0,3.885714286,0.0
2020-06-14 05:45:00,4135001,ih0vzX44oOqAx2f,0.0,5.642857143,0.0
2020-06-14 05:45:00,4135001,bvBOhCH3iADSZry,0.0,4.857142857,0.0
2020-06-14 05:45:00,4135001,zBIq5rxdHJRwDNY,0.0,5.342857143,0.0
2020-06-14 05:45:00,4135001,adLQvlD726eNBSB,0.0,7.214285714,0.0
2020-06-14 05:45:00,4135001,3PZuoBAID5Wc2HD,0.0,5.325,0.0
2020-06-14 05:45:00,4135001,YxYtjZvoooNbGkE,0.0,3.771428571,0.0
2020-06-14 05:45:00,4135001,ZoEaEvLYb1n2sOq,0.0,3.842857143,0.0
2020-06-14 05:45:00,4135001,rGa61gmuvPhdLxV,0.0,3.871428571,0.0
2020-06-14 05:45:00,4135001,VHMLBKoKgIrUVDU,0.0,3.6375,0.0
2020-06-14 05:45:00,4135001,zVJPv84UY57bAof,0.0,2.485714286,0.0
2020-06-14 06:00:00,4135001,zVJPv84UY57bAof,2.485714286,30.9,2.485714286
2020-06-14 06:00:00,4135001,wCURE6d3bPkepu2,5.05,30.54285714,5.05
2020-06-14 06:00:00,4135001,uHbuxQJl8lW7ozc,3.871428571,30.9,3.871428571
2020-06-14 06:00:00,4135001,sjndEbLyjtCKgGv,4.975,30.6,4.975
2020-06-14 06:00:00,4135001,iCRJl6heRkivqQ3,3.957142857,31.6625,3.957142857
2020-06-14 06:00:00,4135001,z9Y9gH1T5YWrNuG,5.0375,30.61428571,5.0375
2020-06-14 06:00:00,4135001,McdE0feGgRqW7Ca,5.075,30.88571429,5.075
2020-06-14 06:00:00,4135001,zBIq5rxdHJRwDNY,5.342857143,31.2625,5.342857143
2020-06-14 06:00:00,4135001,1IF53ai7Xc0U56Y,5.657142857,32.775,5.657142857
2020-06-14 06:00:00,4135001,WRmjgnKYAwPKWDb,5.2375,32.24285714,5.2375
2020-06-14 06:00:00,4135001,adLQvlD726eNBSB,7.214285714,33.7625,7.214285714
2020-06-14 06:00:00,4135001,bvBOhCH3iADSZry,4.857142857,29.1625,4.857142857
2020-06-14 06:00:00,4135001,VHMLBKoKgIrUVDU,3.6375,30.94285714,3.6375
2020-06-14 06:00:00,4135001,rGa61gmuvPhdLxV,3.871428571,31.2,3.871428571
2020-06-14 06:00:00,4135001,3PZuoBAID5Wc2HD,5.325,32.37142857,5.325
2020-06-14 06:00:00,4135001,ZnxXDlPa8U1GXgE,5.542857143,30.18571429,5.542857143
2020-06-14 06:00:00,4135001,YxYtjZvoooNbGkE,3.771428571,30.3625,3.771428571
2020-06-14 06:00:00,4135001,ZoEaEvLYb1n2sOq,3.842857143,30.6,3.842857143
2020-06-14 06:00:00,4135001,ih0vzX44oOqAx2f,5.642857143,29.95714286,5.642857143
2020-06-14 06:00:00,4135001,7JYdWkrLSPkdwr4,3.6625,30.57142857,3.6625
2020-06-14 06:00:00,4135001,pkci93gMrogZuBj,3.885714286,30.5125,3.885714286
2020-06-14 06:00:00,4135001,1BY6WEcLGh8j5v7,4.942857143,29.7875,4.942857143
2020-06-14 06:15:00,4135001,ZoEaEvLYb1n2sOq,30.6,63.05714286,30.6
2020-06-14 06:15:00,4135001,YxYtjZvoooNbGkE,30.3625,62.7,30.3625
2020-06-14 06:15:00,4135001,uHbuxQJl8lW7ozc,30.9,63.5,30.9
2020-06-14 06:15:00,4135001,ZnxXDlPa8U1GXgE,30.18571429,63.7,30.18571429
2020-06-14 06:15:00,4135001,bvBOhCH3iADSZry,29.1625,60.08571429,29.1625
2020-06-14 06:15:00,4135001,pkci93gMrogZuBj,30.5125,62.81428571,30.5125
2020-06-14 06:15:00,4135001,sjndEbLyjtCKgGv,30.6,64.5375,30.6
2020-06-14 06:15:00,4135001,WRmjgnKYAwPKWDb,32.24285714,67.9375,32.24285714
2020-06-14 06:15:00,4135001,adLQvlD726eNBSB,33.7625,68.95714286,33.7625
2020-06-14 06:15:00,4135001,VHMLBKoKgIrUVDU,30.94285714,65.65,30.94285714
2020-06-14 06:15:00,4135001,ih0vzX44oOqAx2f,29.95714286,62.25,29.95714286
2020-06-14 06:15:00,4135001,rGa61gmuvPhdLxV,31.2,63.91428571,31.2
2020-06-14 06:15:00,4135001,zVJPv84UY57bAof,30.9,63.18571429,30.9
2020-06-14 06:15:00,4135001,1BY6WEcLGh8j5v7,29.7875,60.58571429,29.7875
2020-06-14 06:15:00,4135001,z9Y9gH1T5YWrNuG,30.61428571,64.1125,30.61428571
2020-06-14 06:15:00,4135001,1IF53ai7Xc0U56Y,32.775,67.37142857,32.775
2020-06-14 06:15:00,4135001,zBIq5rxdHJRwDNY,31.2625,64.02857143,31.2625
2020-06-14 06:15:00,4135001,wCURE6d3bPkepu2,30.54285714,64.175,30.54285714
2020-06-14 06:15:00,4135001,McdE0feGgRqW7Ca,30.88571429,65.05,30.88571429
2020-06-14 06:15:00,4135001,7JYdWkrLSPkdwr4,30.57142857,64.9,30.57142857
2020-06-14 06:15:00,4135001,iCRJl6heRkivqQ3,31.6625,64.52857143,31.6625
2020-06-14 06:15:00,4135001,3PZuoBAID5Wc2HD,32.37142857,68.6625,32.37142857
2020-06-14 06:30:00,4135001,iCRJl6heRkivqQ3,64.52857143,105.25,64.52857143
2020-06-14 06:30:00,4135001,VHMLBKoKgIrUVDU,65.65,107.7714286,65.65
2020-06-14 06:30:00,4135001,z9Y9gH1T5YWrNuG,64.1125,105.2,64.1125
2020-06-14 06:30:00,4135001,1BY6WEcLGh8j5v7,60.58571429,100.925,60.58571429
2020-06-14 06:30:00,4135001,WRmjgnKYAwPKWDb,67.9375,106.8142857,67.9375
2020-06-14 06:30:00,4135001,7JYdWkrLSPkdwr4,64.9,105.5428571,64.9
2020-06-14 06:30:00,4135001,3PZuoBAID5Wc2HD,68.6625,107.6142857,68.6625
2020-06-14 06:30:00,4135001,McdE0feGgRqW7Ca,65.05,106.4428571,65.05
2020-06-14 06:30:00,4135001,zVJPv84UY57bAof,63.18571429,104.05,63.18571429
2020-06-14 06:30:00,4135001,ih0vzX44oOqAx2f,62.25,103.4285714,62.25
2020-06-14 06:30:00,4135001,adLQvlD726eNBSB,68.95714286,111.5375,68.95714286
2020-06-14 06:30:00,4135001,pkci93gMrogZuBj,62.81428571,103.1,62.81428571
2020-06-14 06:30:00,4135001,rGa61gmuvPhdLxV,63.91428571,103.85,63.91428571
2020-06-14 06:30:00,4135001,bvBOhCH3iADSZry,60.08571429,98.95,60.08571429
2020-06-14 06:30:00,4135001,sjndEbLyjtCKgGv,64.5375,104.6285714,64.5375
2020-06-14 06:30:00,4135001,ZoEaEvLYb1n2sOq,63.05714286,103.7625,63.05714286
2020-06-14 06:30:00,4135001,wCURE6d3bPkepu2,64.175,104.8857143,64.175
2020-06-14 06:30:00,4135001,uHbuxQJl8lW7ozc,63.5,103.5875,63.5
2020-06-14 06:30:00,4135001,zBIq5rxdHJRwDNY,64.02857143,104.3125,64.02857143
2020-06-14 06:30:00,4135001,YxYtjZvoooNbGkE,62.7,103.9,62.7
2020-06-14 06:30:00,4135001,ZnxXDlPa8U1GXgE,63.7,106.2571429,63.7
2020-06-14 06:30:00,4135001,1IF53ai7Xc0U56Y,67.37142857,109.1375,67.37142857
2020-06-14 06:45:00,4135001,sjndEbLyjtCKgGv,104.6285714,194.75,104.6285714
2020-06-14 06:45:00,4135001,1IF53ai7Xc0U56Y,109.1375,204.9857143,109.1375
2020-06-14 06:45:00,4135001,iCRJl6heRkivqQ3,105.25,199.0714286,105.25
2020-06-14 06:45:00,4135001,YxYtjZvoooNbGkE,103.9,187.4857143,103.9
2020-06-14 06:45:00,4135001,wCURE6d3bPkepu2,104.8857143,191.95,104.8857143
2020-06-14 06:45:00,4135001,rGa61gmuvPhdLxV,103.85,198.3714286,103.85
2020-06-14 06:45:00,4135001,adLQvlD726eNBSB,111.5375,207.6,111.5375
2020-06-14 06:45:00,4135001,ZoEaEvLYb1n2sOq,103.7625,188.9714286,103.7625
2020-06-14 06:45:00,4135001,bvBOhCH3iADSZry,98.95,175.5571429,98.95
2020-06-14 06:45:00,4135001,zBIq5rxdHJRwDNY,104.3125,199.2,104.3125
2020-06-14 06:45:00,4135001,1BY6WEcLGh8j5v7,100.925,174.5142857,100.925
2020-06-14 06:45:00,4135001,3PZuoBAID5Wc2HD,107.6142857,189.3428571,107.6142857
2020-06-14 06:45:00,4135001,McdE0feGgRqW7Ca,106.4428571,196.2,106.4428571
2020-06-14 06:45:00,4135001,WRmjgnKYAwPKWDb,106.8142857,185.3571429,106.8142857
2020-06-14 06:45:00,4135001,pkci93gMrogZuBj,103.1,202.1857143,103.1
2020-06-14 06:45:00,4135001,VHMLBKoKgIrUVDU,107.7714286,193.8625,107.7714286
2020-06-14 06:45:00,4135001,ih0vzX44oOqAx2f,103.4285714,182.2375,103.4285714
2020-06-14 06:45:00,4135001,ZnxXDlPa8U1GXgE,106.2571429,183.375,106.2571429
2020-06-14 06:45:00,4135001,7JYdWkrLSPkdwr4,105.5428571,191.0125,105.5428571
2020-06-14 06:45:00,4135001,uHbuxQJl8lW7ozc,103.5875,200.6142857,103.5875
2020-06-14 06:45:00,4135001,z9Y9gH1T5YWrNuG,105.2,192.475,105.2
2020-06-14 06:45:00,4135001,zVJPv84UY57bAof,104.05,199.4142857,104.05
2020-06-14 07:00:00,4135001,z9Y9gH1T5YWrNuG,192.475,326.5,192.475
2020-06-14 07:00:00,4135001,ZoEaEvLYb1n2sOq,188.9714286,308.1125,188.9714286
2020-06-14 07:00:00,4135001,YxYtjZvoooNbGkE,187.4857143,309.0375,187.4857143
2020-06-14 07:00:00,4135001,zBIq5rxdHJRwDNY,199.2,309.2428571,199.2
2020-06-14 07:00:00,4135001,bvBOhCH3iADSZry,175.5571429,284.2428571,175.5571429
2020-06-14 07:00:00,4135001,wCURE6d3bPkepu2,191.95,323.2571429,191.95
2020-06-14 07:00:00,4135001,VHMLBKoKgIrUVDU,193.8625,306.9857143,193.8625
2020-06-14 07:00:00,4135001,uHbuxQJl8lW7ozc,200.6142857,334.375,200.6142857
2020-06-14 07:00:00,4135001,pkci93gMrogZuBj,202.1857143,313.675,202.1857143
2020-06-14 07:00:00,4135001,sjndEbLyjtCKgGv,194.75,328.0571429,194.75
2020-06-14 07:00:00,4135001,1IF53ai7Xc0U56Y,204.9857143,323.1,204.9857143
2020-06-14 07:00:00,4135001,7JYdWkrLSPkdwr4,191.0125,302.0571429,191.0125
2020-06-14 07:00:00,4135001,WRmjgnKYAwPKWDb,185.3571429,303.6375,185.3571429
2020-06-14 07:00:00,4135001,zVJPv84UY57bAof,199.4142857,321.6375,199.4142857
2020-06-14 07:00:00,4135001,McdE0feGgRqW7Ca,196.2,331.7285714,196.2
2020-06-14 07:00:00,4135001,1BY6WEcLGh8j5v7,174.5142857,288.2857143,174.5142857
2020-06-14 07:00:00,4135001,ZnxXDlPa8U1GXgE,183.375,322.6142857,183.375
2020-06-14 07:00:00,4135001,3PZuoBAID5Wc2HD,189.3428571,312.5875,189.3428571
2020-06-14 07:00:00,4135001,adLQvlD726eNBSB,207.6,320.5875,207.6
2020-06-14 07:00:00,4135001,rGa61gmuvPhdLxV,198.3714286,313.2875,198.3714286
2020-06-14 07:00:00,4135001,ih0vzX44oOqAx2f,182.2375,314.2857143,182.2375
2020-06-14 07:00:00,4135001,iCRJl6heRkivqQ3,199.0714286,320.7571429,199.0714286
2020-06-14 07:15:00,4135001,sjndEbLyjtCKgGv,328.0571429,320.475,328.0571429
2020-06-14 07:15:00,4135001,3PZuoBAID5Wc2HD,312.5875,321.0,312.5875
2020-06-14 07:15:00,4135001,iCRJl6heRkivqQ3,320.7571429,308.7625,320.7571429
2020-06-14 07:15:00,4135001,z9Y9gH1T5YWrNuG,326.5,317.4625,326.5
2020-06-14 07:15:00,4135001,wCURE6d3bPkepu2,323.2571429,319.2125,323.2571429
2020-06-14 07:15:00,4135001,ZnxXDlPa8U1GXgE,322.6142857,318.875,322.6142857
2020-06-14 07:15:00,4135001,McdE0feGgRqW7Ca,331.7285714,324.0375,331.7285714
2020-06-14 07:15:00,4135001,zBIq5rxdHJRwDNY,309.2428571,308.8,309.2428571
2020-06-14 07:15:00,4135001,VHMLBKoKgIrUVDU,306.9857143,328.2375,306.9857143
2020-06-14 07:15:00,4135001,YxYtjZvoooNbGkE,309.0375,301.4428571,309.0375
2020-06-14 07:15:00,4135001,uHbuxQJl8lW7ozc,334.375,309.6857143,334.375
2020-06-14 07:15:00,4135001,WRmjgnKYAwPKWDb,303.6375,330.5714286,303.6375
2020-06-14 07:15:00,4135001,7JYdWkrLSPkdwr4,302.0571429,319.05,302.0571429
2020-06-14 07:15:00,4135001,adLQvlD726eNBSB,320.5875,338.9857143,320.5875
2020-06-14 07:15:00,4135001,1BY6WEcLGh8j5v7,288.2857143,293.8625,288.2857143
2020-06-14 07:15:00,4135001,ZoEaEvLYb1n2sOq,308.1125,303.5142857,308.1125
2020-06-14 07:15:00,4135001,pkci93gMrogZuBj,313.675,304.7571429,313.675
2020-06-14 07:15:00,4135001,1IF53ai7Xc0U56Y,323.1,334.1285714,323.1
2020-06-14 07:15:00,4135001,ih0vzX44oOqAx2f,314.2857143,305.775,314.2857143
2020-06-14 07:15:00,4135001,rGa61gmuvPhdLxV,313.2875,307.3142857,313.2875
2020-06-14 07:15:00,4135001,zVJPv84UY57bAof,321.6375,306.4,321.6375
2020-06-14 07:15:00,4135001,bvBOhCH3iADSZry,284.2428571,293.425,284.2428571
2020-06-14 07:30:00,4135001,3PZuoBAID5Wc2HD,321.0,449.6625,321.0
2020-06-14 07:30:00,4135001,ZnxXDlPa8U1GXgE,318.875,401.5571429,318.875
2020-06-14 07:30:00,4135001,ih0vzX44oOqAx2f,305.775,393.9285714,305.775
2020-06-14 07:30:00,4135001,1BY6WEcLGh8j5v7,293.8625,403.1142857,293.8625
2020-06-14 07:30:00,4135001,iCRJl6heRkivqQ3,308.7625,421.8714286,308.7625
2020-06-14 07:30:00,4135001,rGa61gmuvPhdLxV,307.3142857,414.9285714,307.3142857
2020-06-14 07:30:00,4135001,1IF53ai7Xc0U56Y,334.1285714,450.9857143,334.1285714
2020-06-14 07:30:00,4135001,YxYtjZvoooNbGkE,301.4428571,390.425,301.4428571
2020-06-14 07:30:00,4135001,7JYdWkrLSPkdwr4,319.05,436.6571429,319.05
2020-06-14 07:30:00,4135001,zBIq5rxdHJRwDNY,308.8,399.0285714,308.8
2020-06-14 07:30:00,4135001,adLQvlD726eNBSB,338.9857143,460.0142857,338.9857143
2020-06-14 07:30:00,4135001,McdE0feGgRqW7Ca,324.0375,418.0142857,324.0375
2020-06-14 07:30:00,4135001,z9Y9gH1T5YWrNuG,317.4625,417.6714286,317.4625
2020-06-14 07:30:00,4135001,VHMLBKoKgIrUVDU,328.2375,452.2714286,328.2375
2020-06-14 07:30:00,4135001,pkci93gMrogZuBj,304.7571429,426.85,304.7571429
2020-06-14 07:30:00,4135001,wCURE6d3bPkepu2,319.2125,423.6714286,319.2125
2020-06-14 07:30:00,4135001,bvBOhCH3iADSZry,293.425,379.2285714,293.425
2020-06-14 07:30:00,4135001,ZoEaEvLYb1n2sOq,303.5142857,396.6125,303.5142857
2020-06-14 07:30:00,4135001,sjndEbLyjtCKgGv,320.475,416.3142857,320.475
2020-06-14 07:30:00,4135001,uHbuxQJl8lW7ozc,309.6857143,443.0625,309.6857143
2020-06-14 07:30:00,4135001,WRmjgnKYAwPKWDb,330.5714286,448.1125,330.5714286
2020-06-14 07:30:00,4135001,zVJPv84UY57bAof,306.4,431.0142857,306.4
2020-06-14 07:45:00,4135001,1BY6WEcLGh8j5v7,403.1142857,384.65,403.1142857
2020-06-14 07:45:00,4135001,zBIq5rxdHJRwDNY,399.0285714,406.8875,399.0285714
2020-06-14 07:45:00,4135001,zVJPv84UY57bAof,431.0142857,418.4875,431.0142857
2020-06-14 07:45:00,4135001,7JYdWkrLSPkdwr4,436.6571429,416.8375,436.6571429
2020-06-14 07:45:00,4135001,z9Y9gH1T5YWrNuG,417.6714286,424.025,417.6714286
2020-06-14 07:45:00,4135001,McdE0feGgRqW7Ca,418.0142857,431.8125,418.0142857
2020-06-14 07:45:00,4135001,3PZuoBAID5Wc2HD,449.6625,432.4142857,449.6625
2020-06-14 07:45:00,4135001,1IF53ai7Xc0U56Y,450.9857143,430.9625,450.9857143
2020-06-14 07:45:00,4135001,VHMLBKoKgIrUVDU,452.2714286,424.0625,452.2714286
2020-06-14 07:45:00,4135001,wCURE6d3bPkepu2,423.6714286,422.4875,423.6714286
2020-06-14 07:45:00,4135001,YxYtjZvoooNbGkE,390.425,400.5571429,390.425
2020-06-14 07:45:00,4135001,rGa61gmuvPhdLxV,414.9285714,407.9875,414.9285714
2020-06-14 07:45:00,4135001,sjndEbLyjtCKgGv,416.3142857,419.1,416.3142857
2020-06-14 07:45:00,4135001,ih0vzX44oOqAx2f,393.9285714,409.7125,393.9285714
2020-06-14 07:45:00,4135001,ZoEaEvLYb1n2sOq,396.6125,399.7571429,396.6125
2020-06-14 07:45:00,4135001,uHbuxQJl8lW7ozc,443.0625,414.4857143,443.0625
2020-06-14 07:45:00,4135001,ZnxXDlPa8U1GXgE,401.5571429,418.8125,401.5571429
2020-06-14 07:45:00,4135001,adLQvlD726eNBSB,460.0142857,437.15,460.0142857
2020-06-14 07:45:00,4135001,pkci93gMrogZuBj,426.85,403.5142857,426.85
2020-06-14 07:45:00,4135001,WRmjgnKYAwPKWDb,448.1125,437.4285714,448.1125
2020-06-14 07:45:00,4135001,iCRJl6heRkivqQ3,421.8714286,414.0,421.8714286
2020-06-14 07:45:00,4135001,bvBOhCH3iADSZry,379.2285714,376.625,379.2285714
2020-06-14 08:00:00,4135001,zVJPv84UY57bAof,418.4875,370.0,418.4875
2020-06-14 08:00:00,4135001,rGa61gmuvPhdLxV,407.9875,362.7,407.9875
2020-06-14 08:00:00,4135001,bvBOhCH3iADSZry,376.625,307.5,376.625
2020-06-14 08:00:00,4135001,uHbuxQJl8lW7ozc,414.4857143,375.075,414.4857143
2020-06-14 08:00:00,4135001,iCRJl6heRkivqQ3,414.0,365.9571429,414.0
2020-06-14 08:00:00,4135001,WRmjgnKYAwPKWDb,437.4285714,340.95,437.4285714
2020-06-14 08:00:00,4135001,3PZuoBAID5Wc2HD,432.4142857,352.4125,432.4142857
2020-06-14 08:00:00,4135001,7JYdWkrLSPkdwr4,416.8375,353.3285714,416.8375
2020-06-14 08:00:00,4135001,adLQvlD726eNBSB,437.15,372.9,437.15
2020-06-14 08:00:00,4135001,1BY6WEcLGh8j5v7,384.65,310.0714286,384.65
2020-06-14 08:00:00,4135001,pkci93gMrogZuBj,403.5142857,364.7375,403.5142857
2020-06-14 08:00:00,4135001,z9Y9gH1T5YWrNuG,424.025,355.4142857,424.025
2020-06-14 08:00:00,4135001,McdE0feGgRqW7Ca,431.8125,364.1428571,431.8125
2020-06-14 08:00:00,4135001,ZnxXDlPa8U1GXgE,418.8125,337.1428571,418.8125
2020-06-14 08:00:00,4135001,ih0vzX44oOqAx2f,409.7125,333.2714286,409.7125
2020-06-14 08:00:00,4135001,1IF53ai7Xc0U56Y,430.9625,366.1142857,430.9625
2020-06-14 08:00:00,4135001,ZoEaEvLYb1n2sOq,399.7571429,337.6714286,399.7571429
2020-06-14 08:00:00,4135001,VHMLBKoKgIrUVDU,424.0625,351.8142857,424.0625
2020-06-14 08:00:00,4135001,YxYtjZvoooNbGkE,400.5571429,341.4142857,400.5571429
2020-06-14 08:00:00,4135001,wCURE6d3bPkepu2,422.4875,349.5285714,422.4875
2020-06-14 08:00:00,4135001,zBIq5rxdHJRwDNY,406.8875,359.2428571,406.8875
2020-06-14 08:00:00,4135001,sjndEbLyjtCKgGv,419.1,355.7285714,419.1
2020-06-14 08:15:00,4135001,sjndEbLyjtCKgGv,355.7285714,485.4,355.7285714
2020-06-14 08:15:00,4135001,iCRJl6heRkivqQ3,365.9571429,489.0,365.9571429
2020-06-14 08:15:00,4135001,zVJPv84UY57bAof,370.0,487.6714286,370.0
2020-06-14 08:15:00,4135001,ih0vzX44oOqAx2f,333.2714286,472.0857143,333.2714286
2020-06-14 08:15:00,4135001,VHMLBKoKgIrUVDU,351.8142857,498.2428571,351.8142857
2020-06-14 08:15:00,4135001,1IF53ai7Xc0U56Y,366.1142857,501.7428571,366.1142857
2020-06-14 08:15:00,4135001,uHbuxQJl8lW7ozc,375.075,501.7571429,375.075
2020-06-14 08:15:00,4135001,pkci93gMrogZuBj,364.7375,512.1857143,364.7375
2020-06-14 08:15:00,4135001,z9Y9gH1T5YWrNuG,355.4142857,479.1857143,355.4142857
2020-06-14 08:15:00,4135001,McdE0feGgRqW7Ca,364.1428571,492.1142857,364.1428571
2020-06-14 08:15:00,4135001,ZnxXDlPa8U1GXgE,337.1428571,486.1142857,337.1428571
2020-06-14 08:15:00,4135001,ZoEaEvLYb1n2sOq,337.6714286,480.0142857,337.6714286
2020-06-14 08:15:00,4135001,1BY6WEcLGh8j5v7,310.0714286,451.2857143,310.0714286
2020-06-14 08:15:00,4135001,zBIq5rxdHJRwDNY,359.2428571,487.7285714,359.2428571
2020-06-14 08:15:00,4135001,YxYtjZvoooNbGkE,341.4142857,476.5285714,341.4142857
2020-06-14 08:15:00,4135001,rGa61gmuvPhdLxV,362.7,499.1142857,362.7
2020-06-14 08:15:00,4135001,7JYdWkrLSPkdwr4,353.3285714,484.9285714,353.3285714
2020-06-14 08:15:00,4135001,3PZuoBAID5Wc2HD,352.4125,497.8857143,352.4125
2020-06-14 08:15:00,4135001,adLQvlD726eNBSB,372.9,509.0428571,372.9
2020-06-14 08:15:00,4135001,bvBOhCH3iADSZry,307.5,445.8285714,307.5
2020-06-14 08:15:00,4135001,wCURE6d3bPkepu2,349.5285714,480.4857143,349.5285714
2020-06-14 08:15:00,4135001,WRmjgnKYAwPKWDb,340.95,499.1857143,340.95
2020-06-14 08:30:00,4135001,VHMLBKoKgIrUVDU,498.2428571,529.9285714,498.2428571
2020-06-14 08:30:00,4135001,1BY6WEcLGh8j5v7,451.2857143,482.7571429,451.2857143
2020-06-14 08:30:00,4135001,bvBOhCH3iADSZry,445.8285714,470.7571429,445.8285714
2020-06-14 08:30:00,4135001,ih0vzX44oOqAx2f,472.0857143,500.3,472.0857143
2020-06-14 08:30:00,4135001,sjndEbLyjtCKgGv,485.4,538.2285714,485.4
2020-06-14 08:30:00,4135001,1IF53ai7Xc0U56Y,501.7428571,553.4142857,501.7428571
2020-06-14 08:30:00,4135001,iCRJl6heRkivqQ3,489.0,541.9,489.0
2020-06-14 08:30:00,4135001,adLQvlD726eNBSB,509.0428571,556.2428571,509.0428571
2020-06-14 08:30:00,4135001,uHbuxQJl8lW7ozc,501.7571429,573.7125,501.7571429
2020-06-14 08:30:00,4135001,3PZuoBAID5Wc2HD,497.8857143,544.8125,497.8857143
2020-06-14 08:30:00,4135001,7JYdWkrLSPkdwr4,484.9285714,520.6142857,484.9285714
2020-06-14 08:30:00,4135001,wCURE6d3bPkepu2,480.4857143,520.0857143,480.4857143
2020-06-14 08:30:00,4135001,YxYtjZvoooNbGkE,476.5285714,525.3571429,476.5285714
2020-06-14 08:30:00,4135001,ZoEaEvLYb1n2sOq,480.0142857,528.3428571,480.0142857
2020-06-14 08:30:00,4135001,ZnxXDlPa8U1GXgE,486.1142857,512.4,486.1142857
2020-06-14 08:30:00,4135001,McdE0feGgRqW7Ca,492.1142857,544.5,492.1142857
2020-06-14 08:30:00,4135001,z9Y9gH1T5YWrNuG,479.1857143,533.2142857,479.1857143
2020-06-14 08:30:00,4135001,WRmjgnKYAwPKWDb,499.1857143,532.275,499.1857143
2020-06-14 08:30:00,4135001,pkci93gMrogZuBj,512.1857143,541.275,512.1857143
2020-06-14 08:30:00,4135001,zBIq5rxdHJRwDNY,487.7285714,535.8285714,487.7285714
2020-06-14 08:30:00,4135001,zVJPv84UY57bAof,487.6714286,537.5428571,487.6714286
2020-06-14 08:30:00,4135001,rGa61gmuvPhdLxV,499.1142857,551.2571429,499.1142857
2020-06-14 08:45:00,4135001,wCURE6d3bPkepu2,520.0857143,581.3428571,520.0857143
2020-06-14 08:45:00,4135001,3PZuoBAID5Wc2HD,544.8125,619.3428571,544.8125
2020-06-14 08:45:00,4135001,ih0vzX44oOqAx2f,500.3,564.325,500.3
2020-06-14 08:45:00,4135001,WRmjgnKYAwPKWDb,532.275,595.2857143,532.275
2020-06-14 08:45:00,4135001,sjndEbLyjtCKgGv,538.2285714,596.2125,538.2285714
2020-06-14 08:45:00,4135001,zVJPv84UY57bAof,537.5428571,607.325,537.5428571
2020-06-14 08:45:00,4135001,McdE0feGgRqW7Ca,544.5,595.8375,544.5
2020-06-14 08:45:00,4135001,z9Y9gH1T5YWrNuG,533.2142857,579.8857143,533.2142857
2020-06-14 08:45:00,4135001,1IF53ai7Xc0U56Y,553.4142857,624.55,553.4142857
2020-06-14 08:45:00,4135001,VHMLBKoKgIrUVDU,529.9285714,593.625,529.9285714
2020-06-14 08:45:00,4135001,ZnxXDlPa8U1GXgE,512.4,580.9125,512.4
2020-06-14 08:45:00,4135001,adLQvlD726eNBSB,556.2428571,630.775,556.2428571
2020-06-14 08:45:00,4135001,uHbuxQJl8lW7ozc,573.7125,601.9142857,573.7125
2020-06-14 08:45:00,4135001,YxYtjZvoooNbGkE,525.3571429,569.0625,525.3571429
2020-06-14 08:45:00,4135001,zBIq5rxdHJRwDNY,535.8285714,593.9125,535.8285714
2020-06-14 08:45:00,4135001,bvBOhCH3iADSZry,470.7571429,533.05,470.7571429
2020-06-14 08:45:00,4135001,pkci93gMrogZuBj,541.275,584.9285714,541.275
2020-06-14 08:45:00,4135001,iCRJl6heRkivqQ3,541.9,607.2375,541.9
2020-06-14 08:45:00,4135001,rGa61gmuvPhdLxV,551.2571429,593.9625,551.2571429
2020-06-14 08:45:00,4135001,ZoEaEvLYb1n2sOq,528.3428571,585.55,528.3428571
2020-06-14 08:45:00,4135001,7JYdWkrLSPkdwr4,520.6142857,595.15,520.6142857
2020-06-14 08:45:00,4135001,1BY6WEcLGh8j5v7,482.7571429,563.6625,482.7571429
2020-06-14 09:00:00,4135001,rGa61gmuvPhdLxV,593.9625,757.9714286,593.9625
2020-06-14 09:00:00,4135001,1IF53ai7Xc0U56Y,624.55,831.9285714,624.55
2020-06-14 09:00:00,4135001,z9Y9gH1T5YWrNuG,579.8857143,758.1625,579.8857143
2020-06-14 09:00:00,4135001,ZoEaEvLYb1n2sOq,585.55,772.9,585.55
2020-06-14 09:00:00,4135001,zVJPv84UY57bAof,607.325,785.0857143,607.325
2020-06-14 09:00:00,4135001,zBIq5rxdHJRwDNY,593.9125,760.9285714,593.9125
2020-06-14 09:00:00,4135001,McdE0feGgRqW7Ca,595.8375,812.2,595.8375
2020-06-14 09:00:00,4135001,sjndEbLyjtCKgGv,596.2125,801.9428571,596.2125
2020-06-14 09:00:00,4135001,WRmjgnKYAwPKWDb,595.2857143,827.8125,595.2857143
2020-06-14 09:00:00,4135001,YxYtjZvoooNbGkE,569.0625,790.7285714,569.0625
2020-06-14 09:00:00,4135001,ih0vzX44oOqAx2f,564.325,770.6857143,564.325
2020-06-14 09:00:00,4135001,uHbuxQJl8lW7ozc,601.9142857,761.1125,601.9142857
2020-06-14 09:00:00,4135001,bvBOhCH3iADSZry,533.05,770.9142857,533.05
2020-06-14 09:00:00,4135001,VHMLBKoKgIrUVDU,593.625,846.3,593.625
2020-06-14 09:00:00,4135001,1BY6WEcLGh8j5v7,563.6625,771.2428571,563.6625
2020-06-14 09:00:00,4135001,3PZuoBAID5Wc2HD,619.3428571,847.8125,619.3428571
2020-06-14 09:00:00,4135001,adLQvlD726eNBSB,630.775,861.6714286,630.775
2020-06-14 09:00:00,4135001,pkci93gMrogZuBj,584.9285714,753.6375,584.9285714
2020-06-14 09:00:00,4135001,wCURE6d3bPkepu2,581.3428571,769.7375,581.3428571
2020-06-14 09:00:00,4135001,iCRJl6heRkivqQ3,607.2375,790.4857143,607.2375
2020-06-14 09:00:00,4135001,7JYdWkrLSPkdwr4,595.15,815.1,595.15
2020-06-14 09:00:00,4135001,ZnxXDlPa8U1GXgE,580.9125,815.0285714,580.9125
2020-06-14 09:15:00,4135001,McdE0feGgRqW7Ca,812.2,815.2571429,812.2
2020-06-14 09:15:00,4135001,7JYdWkrLSPkdwr4,815.1,778.925,815.1
2020-06-14 09:15:00,4135001,zVJPv84UY57bAof,785.0857143,782.4125,785.0857143
2020-06-14 09:15:00,4135001,ZoEaEvLYb1n2sOq,772.9,776.975,772.9
2020-06-14 09:15:00,4135001,sjndEbLyjtCKgGv,801.9428571,787.4142857,801.9428571
2020-06-14 09:15:00,4135001,WRmjgnKYAwPKWDb,827.8125,810.4285714,827.8125
2020-06-14 09:15:00,4135001,ih0vzX44oOqAx2f,770.6857143,777.7375,770.6857143
2020-06-14 09:15:00,4135001,pkci93gMrogZuBj,753.6375,760.3142857,753.6375
2020-06-14 09:15:00,4135001,1BY6WEcLGh8j5v7,771.2428571,751.1,771.2428571
2020-06-14 09:15:00,4135001,3PZuoBAID5Wc2HD,847.8125,804.8857143,847.8125
2020-06-14 09:15:00,4135001,ZnxXDlPa8U1GXgE,815.0285714,803.65,815.0285714
2020-06-14 09:15:00,4135001,VHMLBKoKgIrUVDU,846.3,810.4625,846.3
2020-06-14 09:15:00,4135001,rGa61gmuvPhdLxV,757.9714286,771.525,757.9714286
2020-06-14 09:15:00,4135001,zBIq5rxdHJRwDNY,760.9285714,773.275,760.9285714
2020-06-14 09:15:00,4135001,1IF53ai7Xc0U56Y,831.9285714,800.0875,831.9285714
2020-06-14 09:15:00,4135001,uHbuxQJl8lW7ozc,761.1125,778.7142857,761.1125
2020-06-14 09:15:00,4135001,adLQvlD726eNBSB,861.6714286,812.3,861.6714286
2020-06-14 09:15:00,4135001,bvBOhCH3iADSZry,770.9142857,745.125,770.9142857
2020-06-14 09:15:00,4135001,iCRJl6heRkivqQ3,790.4857143,787.5625,790.4857143
2020-06-14 09:15:00,4135001,YxYtjZvoooNbGkE,790.7285714,779.8625,790.7285714
2020-06-14 09:15:00,4135001,wCURE6d3bPkepu2,769.7375,795.1857143,769.7375
2020-06-14 09:15:00,4135001,z9Y9gH1T5YWrNuG,758.1625,798.5571429,758.1625
2020-06-14 09:30:00,4135001,3PZuoBAID5Wc2HD,804.8857143,860.075,804.8857143
2020-06-14 09:30:00,4135001,zBIq5rxdHJRwDNY,773.275,780.9142857,773.275
2020-06-14 09:30:00,4135001,rGa61gmuvPhdLxV,771.525,781.7571429,771.525
2020-06-14 09:30:00,4135001,ih0vzX44oOqAx2f,777.7375,799.3,777.7375
2020-06-14 09:30:00,4135001,1BY6WEcLGh8j5v7,751.1,753.3428571,751.1
2020-06-14 09:30:00,4135001,1IF53ai7Xc0U56Y,800.0875,813.6571429,800.0875
2020-06-14 09:30:00,4135001,pkci93gMrogZuBj,760.3142857,778.3285714,760.3142857
2020-06-14 09:30:00,4135001,wCURE6d3bPkepu2,795.1857143,815.35,795.1857143
2020-06-14 09:30:00,4135001,WRmjgnKYAwPKWDb,810.4285714,838.6875,810.4285714
2020-06-14 09:30:00,4135001,sjndEbLyjtCKgGv,787.4142857,800.0125,787.4142857
2020-06-14 09:30:00,4135001,zVJPv84UY57bAof,782.4125,809.3857143,782.4125
2020-06-14 09:30:00,4135001,bvBOhCH3iADSZry,745.125,757.3428571,745.125
2020-06-14 09:30:00,4135001,z9Y9gH1T5YWrNuG,798.5571429,809.225,798.5571429
2020-06-14 09:30:00,4135001,YxYtjZvoooNbGkE,779.8625,794.6285714,779.8625
2020-06-14 09:30:00,4135001,ZnxXDlPa8U1GXgE,803.65,827.2857143,803.65
2020-06-14 09:30:00,4135001,ZoEaEvLYb1n2sOq,776.975,781.8285714,776.975
2020-06-14 09:30:00,4135001,VHMLBKoKgIrUVDU,810.4625,830.3428571,810.4625
2020-06-14 09:30:00,4135001,7JYdWkrLSPkdwr4,778.925,804.2571429,778.925
2020-06-14 09:30:00,4135001,uHbuxQJl8lW7ozc,778.7142857,805.3,778.7142857
2020-06-14 09:30:00,4135001,iCRJl6heRkivqQ3,787.5625,797.2428571,787.5625
2020-06-14 09:30:00,4135001,adLQvlD726eNBSB,812.3,825.4285714,812.3
2020-06-14 09:30:00,4135001,McdE0feGgRqW7Ca,815.2571429,823.375,815.2571429
2020-06-14 09:45:00,4135001,3PZuoBAID5Wc2HD,860.075,872.4285714,860.075
2020-06-14 09:45:00,4135001,bvBOhCH3iADSZry,757.3428571,751.9375,757.3428571
2020-06-14 09:45:00,4135001,7JYdWkrLSPkdwr4,804.2571429,835.9142857,804.2571429
2020-06-14 09:45:00,4135001,iCRJl6heRkivqQ3,797.2428571,850.1125,797.2428571
2020-06-14 09:45:00,4135001,pkci93gMrogZuBj,778.3285714,854.3875,778.3285714
2020-06-14 09:45:00,4135001,ZoEaEvLYb1n2sOq,781.8285714,837.475,781.8285714
2020-06-14 09:45:00,4135001,rGa61gmuvPhdLxV,781.7571429,854.125,781.7571429
2020-06-14 09:45:00,4135001,YxYtjZvoooNbGkE,794.6285714,813.2875,794.6285714
2020-06-14 09:45:00,4135001,1BY6WEcLGh8j5v7,753.3428571,780.3,753.3428571
2020-06-14 09:45:00,4135001,zBIq5rxdHJRwDNY,780.9142857,840.2125,780.9142857
2020-06-14 09:45:00,4135001,uHbuxQJl8lW7ozc,805.3,872.8375,805.3
2020-06-14 09:45:00,4135001,1IF53ai7Xc0U56Y,813.6571429,845.7625,813.6571429
2020-06-14 09:45:00,4135001,WRmjgnKYAwPKWDb,838.6875,863.2571429,838.6875
2020-06-14 09:45:00,4135001,ih0vzX44oOqAx2f,799.3,791.3125,799.3
2020-06-14 09:45:00,4135001,wCURE6d3bPkepu2,815.35,802.9428571,815.35
2020-06-14 09:45:00,4135001,ZnxXDlPa8U1GXgE,827.2857143,813.9625,827.2857143
2020-06-14 09:45:00,4135001,McdE0feGgRqW7Ca,823.375,828.2142857,823.375
2020-06-14 09:45:00,4135001,adLQvlD726eNBSB,825.4285714,843.8625,825.4285714
2020-06-14 09:45:00,4135001,zVJPv84UY57bAof,809.3857143,827.6875,809.3857143
2020-06-14 09:45:00,4135001,z9Y9gH1T5YWrNuG,809.225,794.4285714,809.225
2020-06-14 09:45:00,4135001,sjndEbLyjtCKgGv,800.0125,827.4714286,800.0125
2020-06-14 09:45:00,4135001,VHMLBKoKgIrUVDU,830.3428571,849.5428571,830.3428571
2020-06-14 10:00:00,4135001,ZnxXDlPa8U1GXgE,813.9625,758.3857143,813.9625
2020-06-14 10:00:00,4135001,YxYtjZvoooNbGkE,813.2875,745.9857143,813.2875
2020-06-14 10:00:00,4135001,3PZuoBAID5Wc2HD,872.4285714,775.875,872.4285714
2020-06-14 10:00:00,4135001,ZoEaEvLYb1n2sOq,837.475,744.4714286,837.475
2020-06-14 10:00:00,4135001,iCRJl6heRkivqQ3,850.1125,766.8,850.1125
2020-06-14 10:00:00,4135001,7JYdWkrLSPkdwr4,835.9142857,746.9,835.9142857
2020-06-14 10:00:00,4135001,McdE0feGgRqW7Ca,828.2142857,793.7,828.2142857
2020-06-14 10:00:00,4135001,uHbuxQJl8lW7ozc,872.8375,774.1571429,872.8375
2020-06-14 10:00:00,4135001,adLQvlD726eNBSB,843.8625,781.6714286,843.8625
2020-06-14 10:00:00,4135001,VHMLBKoKgIrUVDU,849.5428571,765.5,849.5428571
2020-06-14 10:00:00,4135001,ih0vzX44oOqAx2f,791.3125,734.9714286,791.3125
2020-06-14 10:00:00,4135001,WRmjgnKYAwPKWDb,863.2571429,765.475,863.2571429
2020-06-14 10:00:00,4135001,z9Y9gH1T5YWrNuG,794.4285714,770.7,794.4285714
2020-06-14 10:00:00,4135001,sjndEbLyjtCKgGv,827.4714286,769.7875,827.4714286
2020-06-14 10:00:00,4135001,rGa61gmuvPhdLxV,854.125,764.8142857,854.125
2020-06-14 10:00:00,4135001,1IF53ai7Xc0U56Y,845.7625,776.4142857,845.7625
2020-06-14 10:00:00,4135001,bvBOhCH3iADSZry,751.9375,693.4857143,751.9375
2020-06-14 10:00:00,4135001,wCURE6d3bPkepu2,802.9428571,770.65,802.9428571
2020-06-14 10:00:00,4135001,zVJPv84UY57bAof,827.6875,766.5428571,827.6875
2020-06-14 10:00:00,4135001,pkci93gMrogZuBj,854.3875,768.5142857,854.3875
2020-06-14 10:00:00,4135001,1BY6WEcLGh8j5v7,780.3,707.3571429,780.3
2020-06-14 10:00:00,4135001,zBIq5rxdHJRwDNY,840.2125,762.8857143,840.2125
2020-06-14 10:15:00,4135001,YxYtjZvoooNbGkE,745.9857143,1012.825,745.9857143
2020-06-14 10:15:00,4135001,VHMLBKoKgIrUVDU,765.5,1117.442857,765.5
2020-06-14 10:15:00,4135001,wCURE6d3bPkepu2,770.65,943.2857143,770.65
2020-06-14 10:15:00,4135001,1BY6WEcLGh8j5v7,707.3571429,1015.775,707.3571429
2020-06-14 10:15:00,4135001,WRmjgnKYAwPKWDb,765.475,1207.1,765.475
2020-06-14 10:15:00,4135001,sjndEbLyjtCKgGv,769.7875,965.6142857,769.7875
2020-06-14 10:15:00,4135001,1IF53ai7Xc0U56Y,776.4142857,1131.325,776.4142857
2020-06-14 10:15:00,4135001,z9Y9gH1T5YWrNuG,770.7,927.5714286,770.7
2020-06-14 10:15:00,4135001,adLQvlD726eNBSB,781.6714286,1172.3375,781.6714286
2020-06-14 10:15:00,4135001,McdE0feGgRqW7Ca,793.7,972.6571429,793.7
2020-06-14 10:15:00,4135001,ZnxXDlPa8U1GXgE,758.3857143,1050.6125,758.3857143
2020-06-14 10:15:00,4135001,uHbuxQJl8lW7ozc,774.1571429,906.8875,774.1571429
2020-06-14 10:15:00,4135001,zBIq5rxdHJRwDNY,762.8857143,1047.925,762.8857143
2020-06-14 10:15:00,4135001,zVJPv84UY57bAof,766.5428571,949.675,766.5428571
2020-06-14 10:15:00,4135001,ih0vzX44oOqAx2f,734.9714286,987.4625,734.9714286
2020-06-14 10:15:00,4135001,bvBOhCH3iADSZry,693.4857143,1034.6375,693.4857143
2020-06-14 10:15:00,4135001,iCRJl6heRkivqQ3,766.8,1019.1,766.8
2020-06-14 10:15:00,4135001,pkci93gMrogZuBj,768.5142857,923.875,768.5142857
2020-06-14 10:15:00,4135001,rGa61gmuvPhdLxV,764.8142857,983.4625,764.8142857
2020-06-14 10:15:00,4135001,7JYdWkrLSPkdwr4,746.9,1102.871429,746.9
2020-06-14 10:15:00,4135001,3PZuoBAID5Wc2HD,775.875,1197.385714,775.875
2020-06-14 10:15:00,4135001,ZoEaEvLYb1n2sOq,744.4714286,1072.4875,744.4714286
2020-06-14 10:30:00,4135001,7JYdWkrLSPkdwr4,1102.871429,1157.4875,1102.871429
2020-06-14 10:30:00,4135001,z9Y9gH1T5YWrNuG,927.5714286,1060.45,927.5714286
2020-06-14 10:30:00,4135001,wCURE6d3bPkepu2,943.2857143,1102.425,943.2857143
2020-06-14 10:30:00,4135001,bvBOhCH3iADSZry,1034.6375,1070.085714,1034.6375
2020-06-14 10:30:00,4135001,VHMLBKoKgIrUVDU,1117.442857,1190.425,1117.442857
2020-06-14 10:30:00,4135001,rGa61gmuvPhdLxV,983.4625,1135.2,983.4625
2020-06-14 10:30:00,4135001,adLQvlD726eNBSB,1172.3375,1187.228571,1172.3375
2020-06-14 10:30:00,4135001,ZoEaEvLYb1n2sOq,1072.4875,1102.114286,1072.4875
2020-06-14 10:30:00,4135001,McdE0feGgRqW7Ca,972.6571429,1110.0,972.6571429
2020-06-14 10:30:00,4135001,iCRJl6heRkivqQ3,1019.1,1142.942857,1019.1
2020-06-14 10:30:00,4135001,ZnxXDlPa8U1GXgE,1050.6125,1127.8,1050.6125
2020-06-14 10:30:00,4135001,3PZuoBAID5Wc2HD,1197.385714,1136.2125,1197.385714
2020-06-14 10:30:00,4135001,uHbuxQJl8lW7ozc,906.8875,1045.757143,906.8875
2020-06-14 10:30:00,4135001,zBIq5rxdHJRwDNY,1047.925,1164.785714,1047.925
2020-06-14 10:30:00,4135001,sjndEbLyjtCKgGv,965.6142857,1108.425,965.6142857
2020-06-14 10:30:00,4135001,1IF53ai7Xc0U56Y,1131.325,1178.857143,1131.325
2020-06-14 10:30:00,4135001,zVJPv84UY57bAof,949.675,1087.785714,949.675
2020-06-14 10:30:00,4135001,YxYtjZvoooNbGkE,1012.825,1102.442857,1012.825
2020-06-14 10:30:00,4135001,ih0vzX44oOqAx2f,987.4625,1078.814286,987.4625
2020-06-14 10:30:00,4135001,WRmjgnKYAwPKWDb,1207.1,1124.45,1207.1
2020-06-14 10:30:00,4135001,1BY6WEcLGh8j5v7,1015.775,1048.271429,1015.775
2020-06-14 10:30:00,4135001,pkci93gMrogZuBj,923.875,1055.471429,923.875
2020-06-14 10:45:00,4135001,zBIq5rxdHJRwDNY,1164.785714,984.6375,1164.785714
2020-06-14 10:45:00,4135001,bvBOhCH3iADSZry,1070.085714,241.6375,1070.085714
2020-06-14 10:45:00,4135001,iCRJl6heRkivqQ3,1142.942857,1002.9875,1142.942857
2020-06-14 10:45:00,4135001,7JYdWkrLSPkdwr4,1157.4875,996.7428571,1157.4875
2020-06-14 10:45:00,4135001,wCURE6d3bPkepu2,1102.425,999.9285714,1102.425
2020-06-14 10:45:00,4135001,VHMLBKoKgIrUVDU,1190.425,1008.8,1190.425
2020-06-14 10:45:00,4135001,adLQvlD726eNBSB,1187.228571,1021.85,1187.228571
2020-06-14 10:45:00,4135001,uHbuxQJl8lW7ozc,1045.757143,921.9375,1045.757143
2020-06-14 10:45:00,4135001,sjndEbLyjtCKgGv,1108.425,935.4714286,1108.425
2020-06-14 10:45:00,4135001,zVJPv84UY57bAof,1087.785714,900.975,1087.785714
2020-06-14 10:45:00,4135001,ih0vzX44oOqAx2f,1078.814286,958.3285714,1078.814286
2020-06-14 10:45:00,4135001,3PZuoBAID5Wc2HD,1136.2125,916.8285714,1136.2125
2020-06-14 10:45:00,4135001,WRmjgnKYAwPKWDb,1124.45,909.1571429,1124.45
2020-06-14 10:45:00,4135001,1IF53ai7Xc0U56Y,1178.857143,1018.35,1178.857143
2020-06-14 10:45:00,4135001,YxYtjZvoooNbGkE,1102.442857,883.6625,1102.442857
2020-06-14 10:45:00,4135001,rGa61gmuvPhdLxV,1135.2,951.1625,1135.2
2020-06-14 10:45:00,4135001,1BY6WEcLGh8j5v7,1048.271429,210.9,1048.271429
2020-06-14 10:45:00,4135001,z9Y9gH1T5YWrNuG,1060.45,960.5857143,1060.45
2020-06-14 10:45:00,4135001,ZoEaEvLYb1n2sOq,1102.114286,883.15,1102.114286
2020-06-14 10:45:00,4135001,McdE0feGgRqW7Ca,1110.0,989.8571429,1110.0
2020-06-14 10:45:00,4135001,pkci93gMrogZuBj,1055.471429,902.125,1055.471429
2020-06-14 10:45:00,4135001,ZnxXDlPa8U1GXgE,1127.8,978.9714286,1127.8
2020-06-14 11:00:00,4135001,adLQvlD726eNBSB,1021.85,980.8142857,1021.85
2020-06-14 11:00:00,4135001,McdE0feGgRqW7Ca,989.8571429,917.375,989.8571429
2020-06-14 11:00:00,4135001,ZnxXDlPa8U1GXgE,978.9714286,938.325,978.9714286
2020-06-14 11:00:00,4135001,uHbuxQJl8lW7ozc,921.9375,908.6,921.9375
2020-06-14 11:00:00,4135001,WRmjgnKYAwPKWDb,909.1571429,968.2,909.1571429
2020-06-14 11:00:00,4135001,zVJPv84UY57bAof,900.975,921.8428571,900.975
2020-06-14 11:00:00,4135001,z9Y9gH1T5YWrNuG,960.5857143,895.1,960.5857143
2020-06-14 11:00:00,4135001,VHMLBKoKgIrUVDU,1008.8,961.9125,1008.8
2020-06-14 11:00:00,4135001,ih0vzX44oOqAx2f,958.3285714,892.975,958.3285714
2020-06-14 11:00:00,4135001,pkci93gMrogZuBj,902.125,902.3285714,902.125
2020-06-14 11:00:00,4135001,3PZuoBAID5Wc2HD,916.8285714,966.9714286,916.8285714
2020-06-14 11:00:00,4135001,ZoEaEvLYb1n2sOq,883.15,930.1571429,883.15
2020-06-14 11:00:00,4135001,7JYdWkrLSPkdwr4,996.7428571,923.3,996.7428571
2020-06-14 11:00:00,4135001,1BY6WEcLGh8j5v7,210.9,0.0,210.9
2020-06-14 11:00:00,4135001,sjndEbLyjtCKgGv,935.4714286,904.75,935.4714286
2020-06-14 11:00:00,4135001,1IF53ai7Xc0U56Y,1018.35,960.5428571,1018.35
2020-06-14 11:00:00,4135001,YxYtjZvoooNbGkE,883.6625,927.2714286,883.6625
2020-06-14 11:00:00,4135001,bvBOhCH3iADSZry,241.6375,0.0,241.6375
2020-06-14 11:00:00,4135001,zBIq5rxdHJRwDNY,984.6375,932.8714286,984.6375
2020-06-14 11:00:00,4135001,rGa61gmuvPhdLxV,951.1625,919.0,951.1625
2020-06-14 11:00:00,4135001,iCRJl6heRkivqQ3,1002.9875,938.5,1002.9875
2020-06-14 11:00:00,4135001,wCURE6d3bPkepu2,999.9285714,915.775,999.9285714
2020-06-14 11:15:00,4135001,1IF53ai7Xc0U56Y,960.5428571,938.0,960.5428571
2020-06-14 11:15:00,4135001,uHbuxQJl8lW7ozc,908.6,937.675,908.6
2020-06-14 11:15:00,4135001,zBIq5rxdHJRwDNY,932.8714286,945.6571429,932.8714286
2020-06-14 11:15:00,4135001,rGa61gmuvPhdLxV,919.0,908.3375,919.0
2020-06-14 11:15:00,4135001,sjndEbLyjtCKgGv,904.75,942.3,904.75
2020-06-14 11:15:00,4135001,3PZuoBAID5Wc2HD,966.9714286,967.175,966.9714286
2020-06-14 11:15:00,4135001,iCRJl6heRkivqQ3,938.5,968.8857143,938.5
2020-06-14 11:15:00,4135001,YxYtjZvoooNbGkE,927.2714286,923.8375,927.2714286
2020-06-14 11:15:00,4135001,zVJPv84UY57bAof,921.8428571,924.6625,921.8428571
2020-06-14 11:15:00,4135001,ih0vzX44oOqAx2f,892.975,937.5571429,892.975
2020-06-14 11:15:00,4135001,ZnxXDlPa8U1GXgE,938.325,970.0714286,938.325
2020-06-14 11:15:00,4135001,pkci93gMrogZuBj,902.3285714,934.175,902.3285714
2020-06-14 11:15:00,4135001,ZoEaEvLYb1n2sOq,930.1571429,919.325,930.1571429
2020-06-14 11:15:00,4135001,bvBOhCH3iADSZry,0.0,0.0,0.0
2020-06-14 11:15:00,4135001,1BY6WEcLGh8j5v7,0.0,0.0,0.0
2020-06-14 11:15:00,4135001,z9Y9gH1T5YWrNuG,895.1,945.0857143,895.1
2020-06-14 11:15:00,4135001,wCURE6d3bPkepu2,915.775,958.1,915.775
2020-06-14 11:15:00,4135001,WRmjgnKYAwPKWDb,968.2,945.225,968.2
2020-06-14 11:15:00,4135001,7JYdWkrLSPkdwr4,923.3,941.7428571,923.3
2020-06-14 11:15:00,4135001,McdE0feGgRqW7Ca,917.375,965.8857143,917.375
2020-06-14 11:15:00,4135001,adLQvlD726eNBSB,980.8142857,954.025,980.8142857
2020-06-14 11:15:00,4135001,VHMLBKoKgIrUVDU,961.9125,966.8571429,961.9125
2020-06-14 11:30:00,4135001,rGa61gmuvPhdLxV,908.3375,624.9,908.3375
2020-06-14 11:30:00,4135001,3PZuoBAID5Wc2HD,967.175,604.5857143,967.175
2020-06-14 11:30:00,4135001,WRmjgnKYAwPKWDb,945.225,577.2428571,945.225
2020-06-14 11:30:00,4135001,ZoEaEvLYb1n2sOq,919.325,614.4857143,919.325
2020-06-14 11:30:00,4135001,7JYdWkrLSPkdwr4,941.7428571,603.35,941.7428571
2020-06-14 11:30:00,4135001,1BY6WEcLGh8j5v7,0.0,0.0,0.0
2020-06-14 11:30:00,4135001,ih0vzX44oOqAx2f,937.5571429,615.0625,937.5571429
2020-06-14 11:30:00,4135001,YxYtjZvoooNbGkE,923.8375,605.4857143,923.8375
2020-06-14 11:30:00,4135001,iCRJl6heRkivqQ3,968.8857143,631.125,968.8857143
2020-06-14 11:30:00,4135001,uHbuxQJl8lW7ozc,937.675,644.9428571,937.675
2020-06-14 11:30:00,4135001,McdE0feGgRqW7Ca,965.8857143,642.0375,965.8857143
2020-06-14 11:30:00,4135001,pkci93gMrogZuBj,934.175,636.2285714,934.175
2020-06-14 11:30:00,4135001,wCURE6d3bPkepu2,958.1,631.875,958.1
2020-06-14 11:30:00,4135001,1IF53ai7Xc0U56Y,938.0,620.5571429,938.0
2020-06-14 11:30:00,4135001,zVJPv84UY57bAof,924.6625,633.3571429,924.6625
2020-06-14 11:30:00,4135001,bvBOhCH3iADSZry,0.0,0.0,0.0
2020-06-14 11:30:00,4135001,z9Y9gH1T5YWrNuG,945.0857143,624.15,945.0857143
2020-06-14 11:30:00,4135001,ZnxXDlPa8U1GXgE,970.0714286,629.0125,970.0714286
2020-06-14 11:30:00,4135001,VHMLBKoKgIrUVDU,966.8571429,605.575,966.8571429
2020-06-14 11:30:00,4135001,zBIq5rxdHJRwDNY,945.6571429,625.1375,945.6571429
2020-06-14 11:30:00,4135001,sjndEbLyjtCKgGv,942.3,623.0625,942.3
2020-06-14 11:30:00,4135001,adLQvlD726eNBSB,954.025,613.5571429,954.025
2020-06-14 11:45:00,4135001,7JYdWkrLSPkdwr4,603.35,702.6857143,603.35
2020-06-14 11:45:00,4135001,iCRJl6heRkivqQ3,631.125,739.0714286,631.125
2020-06-14 11:45:00,4135001,1IF53ai7Xc0U56Y,620.5571429,713.5285714,620.5571429
2020-06-14 11:45:00,4135001,z9Y9gH1T5YWrNuG,624.15,763.2714286,624.15
2020-06-14 11:45:00,4135001,WRmjgnKYAwPKWDb,577.2428571,694.0375,577.2428571
2020-06-14 11:45:00,4135001,adLQvlD726eNBSB,613.5571429,718.1,613.5571429
2020-06-14 11:45:00,4135001,bvBOhCH3iADSZry,0.0,0.0,0.0
2020-06-14 11:45:00,4135001,ZoEaEvLYb1n2sOq,614.4857143,703.625,614.4857143
2020-06-14 11:45:00,4135001,uHbuxQJl8lW7ozc,644.9428571,734.8,644.9428571
2020-06-14 11:45:00,4135001,sjndEbLyjtCKgGv,623.0625,743.5571429,623.0625
2020-06-14 11:45:00,4135001,3PZuoBAID5Wc2HD,604.5857143,702.9375,604.5857143
2020-06-14 11:45:00,4135001,rGa61gmuvPhdLxV,624.9,718.9,624.9
2020-06-14 11:45:00,4135001,ZnxXDlPa8U1GXgE,629.0125,743.5285714,629.0125
2020-06-14 11:45:00,4135001,ih0vzX44oOqAx2f,615.0625,726.4142857,615.0625
2020-06-14 11:45:00,4135001,pkci93gMrogZuBj,636.2285714,715.175,636.2285714
2020-06-14 11:45:00,4135001,McdE0feGgRqW7Ca,642.0375,770.6428571,642.0375
2020-06-14 11:45:00,4135001,zBIq5rxdHJRwDNY,625.1375,717.6857143,625.1375
2020-06-14 11:45:00,4135001,zVJPv84UY57bAof,633.3571429,747.2,633.3571429
2020-06-14 11:45:00,4135001,YxYtjZvoooNbGkE,605.4857143,711.9875,605.4857143
2020-06-14 11:45:00,4135001,1BY6WEcLGh8j5v7,0.0,0.0,0.0
2020-06-14 11:45:00,4135001,VHMLBKoKgIrUVDU,605.575,725.1714286,605.575
2020-06-14 11:45:00,4135001,wCURE6d3bPkepu2,631.875,758.6714286,631.875
2020-06-14 12:00:00,4135001,iCRJl6heRkivqQ3,739.0714286,694.275,739.0714286
2020-06-14 12:00:00,4135001,1IF53ai7Xc0U56Y,713.5285714,704.35,713.5285714
2020-06-14 12:00:00,4135001,wCURE6d3bPkepu2,758.6714286,696.525,758.6714286
2020-06-14 12:00:00,4135001,z9Y9gH1T5YWrNuG,763.2714286,688.85,763.2714286
2020-06-14 12:00:00,4135001,YxYtjZvoooNbGkE,711.9875,689.0857143,711.9875
2020-06-14 12:00:00,4135001,zVJPv84UY57bAof,747.2,689.275,747.2
2020-06-14 12:00:00,4135001,adLQvlD726eNBSB,718.1,715.4125,718.1
2020-06-14 12:00:00,4135001,McdE0feGgRqW7Ca,770.6428571,706.0875,770.6428571
2020-06-14 12:00:00,4135001,rGa61gmuvPhdLxV,718.9,684.6,718.9
2020-06-14 12:00:00,4135001,uHbuxQJl8lW7ozc,734.8,688.0285714,734.8
2020-06-14 12:00:00,4135001,ih0vzX44oOqAx2f,726.4142857,679.7625,726.4142857
2020-06-14 12:00:00,4135001,sjndEbLyjtCKgGv,743.5571429,691.1375,743.5571429
2020-06-14 12:00:00,4135001,ZnxXDlPa8U1GXgE,743.5285714,705.0875,743.5285714
2020-06-14 12:00:00,4135001,VHMLBKoKgIrUVDU,725.1714286,711.7125,725.1714286
2020-06-14 12:00:00,4135001,pkci93gMrogZuBj,715.175,684.5857143,715.175
2020-06-14 12:00:00,4135001,7JYdWkrLSPkdwr4,702.6857143,689.75,702.6857143
2020-06-14 12:00:00,4135001,ZoEaEvLYb1n2sOq,703.625,689.2714286,703.625
2020-06-14 12:00:00,4135001,3PZuoBAID5Wc2HD,702.9375,715.0714286,702.9375
2020-06-14 12:00:00,4135001,zBIq5rxdHJRwDNY,717.6857143,688.25,717.6857143
2020-06-14 12:00:00,4135001,1BY6WEcLGh8j5v7,0.0,0.0,0.0
2020-06-14 12:00:00,4135001,WRmjgnKYAwPKWDb,694.0375,711.8571429,694.0375
2020-06-14 12:00:00,4135001,bvBOhCH3iADSZry,0.0,0.0,0.0
2020-06-14 12:15:00,4135001,McdE0feGgRqW7Ca,706.0875,692.1571429,706.0875
2020-06-14 12:15:00,4135001,ZoEaEvLYb1n2sOq,689.2714286,671.225,689.2714286
2020-06-14 12:15:00,4135001,uHbuxQJl8lW7ozc,688.0285714,678.75,688.0285714
2020-06-14 12:15:00,4135001,adLQvlD726eNBSB,715.4125,701.5857143,715.4125
2020-06-14 12:15:00,4135001,zVJPv84UY57bAof,689.275,677.6428571,689.275
2020-06-14 12:15:00,4135001,ih0vzX44oOqAx2f,679.7625,663.1571429,679.7625
2020-06-14 12:15:00,4135001,sjndEbLyjtCKgGv,691.1375,676.4857143,691.1375
2020-06-14 12:15:00,4135001,bvBOhCH3iADSZry,0.0,0.0,0.0
2020-06-14 12:15:00,4135001,3PZuoBAID5Wc2HD,715.0714286,680.925,715.0714286
2020-06-14 12:15:00,4135001,zBIq5rxdHJRwDNY,688.25,677.7142857,688.25
2020-06-14 12:15:00,4135001,ZnxXDlPa8U1GXgE,705.0875,683.7142857,705.0875
2020-06-14 12:15:00,4135001,WRmjgnKYAwPKWDb,711.8571429,673.175,711.8571429
2020-06-14 12:15:00,4135001,rGa61gmuvPhdLxV,684.6,683.3428571,684.6
2020-06-14 12:15:00,4135001,1BY6WEcLGh8j5v7,0.0,0.0,0.0
2020-06-14 12:15:00,4135001,1IF53ai7Xc0U56Y,704.35,697.2142857,704.35
2020-06-14 12:15:00,4135001,pkci93gMrogZuBj,684.5857143,685.85,684.5857143
2020-06-14 12:15:00,4135001,z9Y9gH1T5YWrNuG,688.85,678.2571429,688.85
2020-06-14 12:15:00,4135001,YxYtjZvoooNbGkE,689.0857143,669.375,689.0857143
2020-06-14 12:15:00,4135001,iCRJl6heRkivqQ3,694.275,680.2714286,694.275
2020-06-14 12:15:00,4135001,7JYdWkrLSPkdwr4,689.75,668.5857143,689.75
2020-06-14 12:15:00,4135001,wCURE6d3bPkepu2,696.525,682.8857143,696.525
2020-06-14 12:15:00,4135001,VHMLBKoKgIrUVDU,711.7125,684.4714286,711.7125
2020-06-14 12:30:00,4135001,zBIq5rxdHJRwDNY,677.7142857,773.4125,677.7142857
2020-06-14 12:30:00,4135001,uHbuxQJl8lW7ozc,678.75,792.0714286,678.75
2020-06-14 12:30:00,4135001,ZnxXDlPa8U1GXgE,683.7142857,762.75,683.7142857
2020-06-14 12:30:00,4135001,VHMLBKoKgIrUVDU,684.4714286,768.55,684.4714286
2020-06-14 12:30:00,4135001,ih0vzX44oOqAx2f,663.1571429,741.275,663.1571429
2020-06-14 12:30:00,4135001,pkci93gMrogZuBj,685.85,786.5857143,685.85
2020-06-14 12:30:00,4135001,WRmjgnKYAwPKWDb,673.175,760.7571429,673.175
2020-06-14 12:30:00,4135001,YxYtjZvoooNbGkE,669.375,761.5,669.375
2020-06-14 12:30:00,4135001,sjndEbLyjtCKgGv,676.4857143,769.7625,676.4857143
2020-06-14 12:30:00,4135001,ZoEaEvLYb1n2sOq,671.225,768.7857143,671.225
2020-06-14 12:30:00,4135001,wCURE6d3bPkepu2,682.8857143,764.3,682.8857143
2020-06-14 12:30:00,4135001,McdE0feGgRqW7Ca,692.1571429,781.275,692.1571429
2020-06-14 12:30:00,4135001,7JYdWkrLSPkdwr4,668.5857143,753.5,668.5857143
2020-06-14 12:30:00,4135001,iCRJl6heRkivqQ3,680.2714286,776.275,680.2714286
2020-06-14 12:30:00,4135001,adLQvlD726eNBSB,701.5857143,782.6625,701.5857143
2020-06-14 12:30:00,4135001,bvBOhCH3iADSZry,0.0,0.0,0.0
2020-06-14 12:30:00,4135001,zVJPv84UY57bAof,677.6428571,772.075,677.6428571
2020-06-14 12:30:00,4135001,z9Y9gH1T5YWrNuG,678.2571429,758.25,678.2571429
2020-06-14 12:30:00,4135001,3PZuoBAID5Wc2HD,680.925,775.1428571,680.925
2020-06-14 12:30:00,4135001,rGa61gmuvPhdLxV,683.3428571,775.275,683.3428571
2020-06-14 12:30:00,4135001,1BY6WEcLGh8j5v7,0.0,0.0,0.0
2020-06-14 12:30:00,4135001,1IF53ai7Xc0U56Y,697.2142857,777.45,697.2142857
2020-06-14 12:45:00,4135001,VHMLBKoKgIrUVDU,768.55,861.8857143,768.55
2020-06-14 12:45:00,4135001,ZnxXDlPa8U1GXgE,762.75,842.6571429,762.75
2020-06-14 12:45:00,4135001,adLQvlD726eNBSB,782.6625,887.3714286,782.6625
2020-06-14 12:45:00,4135001,1IF53ai7Xc0U56Y,777.45,878.3428571,777.45
2020-06-14 12:45:00,4135001,rGa61gmuvPhdLxV,775.275,857.1428571,775.275
2020-06-14 12:45:00,4135001,iCRJl6heRkivqQ3,776.275,864.5428571,776.275
2020-06-14 12:45:00,4135001,wCURE6d3bPkepu2,764.3,840.7142857,764.3
2020-06-14 12:45:00,4135001,YxYtjZvoooNbGkE,761.5,828.6142857,761.5
2020-06-14 12:45:00,4135001,zBIq5rxdHJRwDNY,773.4125,869.2285714,773.4125
2020-06-14 12:45:00,4135001,sjndEbLyjtCKgGv,769.7625,851.3571429,769.7625
2020-06-14 12:45:00,4135001,bvBOhCH3iADSZry,0.0,0.0,0.0
2020-06-14 12:45:00,4135001,McdE0feGgRqW7Ca,781.275,856.3428571,781.275
2020-06-14 12:45:00,4135001,z9Y9gH1T5YWrNuG,758.25,830.1285714,758.25
2020-06-14 12:45:00,4135001,ZoEaEvLYb1n2sOq,768.7857143,846.6714286,768.7857143
2020-06-14 12:45:00,4135001,uHbuxQJl8lW7ozc,792.0714286,874.6,792.0714286
2020-06-14 12:45:00,4135001,3PZuoBAID5Wc2HD,775.1428571,884.575,775.1428571
2020-06-14 12:45:00,4135001,1BY6WEcLGh8j5v7,0.0,0.0,0.0
2020-06-14 12:45:00,4135001,pkci93gMrogZuBj,786.5857143,872.675,786.5857143
2020-06-14 12:45:00,4135001,zVJPv84UY57bAof,772.075,847.1142857,772.075
2020-06-14 12:45:00,4135001,7JYdWkrLSPkdwr4,753.5,849.0142857,753.5
2020-06-14 12:45:00,4135001,ih0vzX44oOqAx2f,741.275,815.2571429,741.275
2020-06-14 12:45:00,4135001,WRmjgnKYAwPKWDb,760.7571429,866.6625,760.7571429
2020-06-14 13:00:00,4135001,1IF53ai7Xc0U56Y,878.3428571,1058.55,878.3428571
2020-06-14 13:00:00,4135001,sjndEbLyjtCKgGv,851.3571429,1051.0125,851.3571429
2020-06-14 13:00:00,4135001,bvBOhCH3iADSZry,0.0,0.0,0.0
2020-06-14 13:00:00,4135001,uHbuxQJl8lW7ozc,874.6,1001.757143,874.6
2020-06-14 13:00:00,4135001,3PZuoBAID5Wc2HD,884.575,1094.171429,884.575
2020-06-14 13:00:00,4135001,7JYdWkrLSPkdwr4,849.0142857,1062.1625,849.0142857
2020-06-14 13:00:00,4135001,z9Y9gH1T5YWrNuG,830.1285714,1051.414286,830.1285714
2020-06-14 13:00:00,4135001,wCURE6d3bPkepu2,840.7142857,1084.728571,840.7142857
2020-06-14 13:00:00,4135001,YxYtjZvoooNbGkE,828.6142857,1057.05,828.6142857
2020-06-14 13:00:00,4135001,ih0vzX44oOqAx2f,815.2571429,1059.425,815.2571429
2020-06-14 13:00:00,4135001,rGa61gmuvPhdLxV,857.1428571,1015.375,857.1428571
2020-06-14 13:00:00,4135001,zVJPv84UY57bAof,847.1142857,1033.4625,847.1142857
2020-06-14 13:00:00,4135001,1BY6WEcLGh8j5v7,0.0,0.0,0.0
2020-06-14 13:00:00,4135001,McdE0feGgRqW7Ca,856.3428571,1090.45,856.3428571
2020-06-14 13:00:00,4135001,adLQvlD726eNBSB,887.3714286,1090.475,887.3714286
2020-06-14 13:00:00,4135001,ZoEaEvLYb1n2sOq,846.6714286,1058.475,846.6714286
2020-06-14 13:00:00,4135001,iCRJl6heRkivqQ3,864.5428571,1052.65,864.5428571
2020-06-14 13:00:00,4135001,VHMLBKoKgIrUVDU,861.8857143,1132.95,861.8857143
2020-06-14 13:00:00,4135001,ZnxXDlPa8U1GXgE,842.6571429,1110.25,842.6571429
2020-06-14 13:00:00,4135001,zBIq5rxdHJRwDNY,869.2285714,1043.3,869.2285714
2020-06-14 13:00:00,4135001,WRmjgnKYAwPKWDb,866.6625,1111.0,866.6625
2020-06-14 13:00:00,4135001,pkci93gMrogZuBj,872.675,1000.142857,872.675
2020-06-14 13:15:00,4135001,rGa61gmuvPhdLxV,1015.375,1078.8,1015.375
2020-06-14 13:15:00,4135001,ZnxXDlPa8U1GXgE,1110.25,965.2142857,1110.25
2020-06-14 13:15:00,4135001,pkci93gMrogZuBj,1000.142857,1063.875,1000.142857
2020-06-14 13:15:00,4135001,McdE0feGgRqW7Ca,1090.45,1022.214286,1090.45
2020-06-14 13:15:00,4135001,1BY6WEcLGh8j5v7,0.0,0.0,0.0
2020-06-14 13:15:00,4135001,WRmjgnKYAwPKWDb,1111.0,988.2875,1111.0
2020-06-14 13:15:00,4135001,adLQvlD726eNBSB,1090.475,1015.985714,1090.475
2020-06-14 13:15:00,4135001,YxYtjZvoooNbGkE,1057.05,970.8285714,1057.05
2020-06-14 13:15:00,4135001,zVJPv84UY57bAof,1033.4625,1039.071429,1033.4625
2020-06-14 13:15:00,4135001,1IF53ai7Xc0U56Y,1058.55,1024.985714,1058.55
2020-06-14 13:15:00,4135001,wCURE6d3bPkepu2,1084.728571,990.725,1084.728571
2020-06-14 13:15:00,4135001,zBIq5rxdHJRwDNY,1043.3,1054.842857,1043.3
2020-06-14 13:15:00,4135001,z9Y9gH1T5YWrNuG,1051.414286,978.8625,1051.414286
2020-06-14 13:15:00,4135001,7JYdWkrLSPkdwr4,1062.1625,971.0142857,1062.1625
2020-06-14 13:15:00,4135001,ZoEaEvLYb1n2sOq,1058.475,971.3571429,1058.475
2020-06-14 13:15:00,4135001,3PZuoBAID5Wc2HD,1094.171429,979.825,1094.171429
2020-06-14 13:15:00,4135001,uHbuxQJl8lW7ozc,1001.757143,1071.4,1001.757143
2020-06-14 13:15:00,4135001,bvBOhCH3iADSZry,0.0,0.0,0.0
2020-06-14 13:15:00,4135001,sjndEbLyjtCKgGv,1051.0125,1019.742857,1051.0125
2020-06-14 13:15:00,4135001,ih0vzX44oOqAx2f,1059.425,946.6142857,1059.425
2020-06-14 13:15:00,4135001,VHMLBKoKgIrUVDU,1132.95,973.6857143,1132.95
2020-06-14 13:15:00,4135001,iCRJl6heRkivqQ3,1052.65,1050.5,1052.65
2020-06-14 13:30:00,4135001,zVJPv84UY57bAof,1039.071429,1116.5875,1039.071429
2020-06-14 13:30:00,4135001,sjndEbLyjtCKgGv,1019.742857,1142.2625,1019.742857
2020-06-14 13:30:00,4135001,1BY6WEcLGh8j5v7,0.0,0.0,0.0
2020-06-14 13:30:00,4135001,bvBOhCH3iADSZry,0.0,0.0,0.0
2020-06-14 13:30:00,4135001,wCURE6d3bPkepu2,990.725,1107.371429,990.725
2020-06-14 13:30:00,4135001,uHbuxQJl8lW7ozc,1071.4,1122.057143,1071.4
2020-06-14 13:30:00,4135001,adLQvlD726eNBSB,1015.985714,1236.2375,1015.985714
2020-06-14 13:30:00,4135001,rGa61gmuvPhdLxV,1078.8,1156.325,1078.8
2020-06-14 13:30:00,4135001,3PZuoBAID5Wc2HD,979.825,1222.742857,979.825
2020-06-14 13:30:00,4135001,1IF53ai7Xc0U56Y,1024.985714,1206.5125,1024.985714
2020-06-14 13:30:00,4135001,7JYdWkrLSPkdwr4,971.0142857,1199.9,971.0142857
2020-06-14 13:30:00,4135001,McdE0feGgRqW7Ca,1022.214286,1147.6375,1022.214286
2020-06-14 13:30:00,4135001,z9Y9gH1T5YWrNuG,978.8625,1082.357143,978.8625
2020-06-14 13:30:00,4135001,iCRJl6heRkivqQ3,1050.5,1150.1875,1050.5
2020-06-14 13:30:00,4135001,WRmjgnKYAwPKWDb,988.2875,1171.8,988.2875
2020-06-14 13:30:00,4135001,ZoEaEvLYb1n2sOq,971.3571429,1138.9125,971.3571429
2020-06-14 13:30:00,4135001,zBIq5rxdHJRwDNY,1054.842857,1162.575,1054.842857
2020-06-14 13:30:00,4135001,ih0vzX44oOqAx2f,946.6142857,1125.3625,946.6142857
2020-06-14 13:30:00,4135001,VHMLBKoKgIrUVDU,973.6857143,1196.125,973.6857143
2020-06-14 13:30:00,4135001,pkci93gMrogZuBj,1063.875,1117.028571,1063.875
2020-06-14 13:30:00,4135001,ZnxXDlPa8U1GXgE,965.2142857,1146.8125,965.2142857
2020-06-14 13:30:00,4135001,YxYtjZvoooNbGkE,970.8285714,1137.65,970.8285714
2020-06-14 13:45:00,4135001,1IF53ai7Xc0U56Y,1206.5125,1394.514286,1206.5125
2020-06-14 13:45:00,4135001,rGa61gmuvPhdLxV,1156.325,1392.842857,1156.325
2020-06-14 13:45:00,4135001,WRmjgnKYAwPKWDb,1171.8,1376.35,1171.8
2020-06-14 13:45:00,4135001,adLQvlD726eNBSB,1236.2375,1405.585714,1236.2375
2020-06-14 13:45:00,4135001,YxYtjZvoooNbGkE,1137.65,1410.528571,1137.65
2020-06-14 13:45:00,4135001,zVJPv84UY57bAof,1116.5875,1397.085714,1116.5875
2020-06-14 13:45:00,4135001,iCRJl6heRkivqQ3,1150.1875,1407.542857,1150.1875
2020-06-14 13:45:00,4135001,bvBOhCH3iADSZry,0.0,0.0,0.0
2020-06-14 13:45:00,4135001,3PZuoBAID5Wc2HD,1222.742857,1399.225,1222.742857
2020-06-14 13:45:00,4135001,z9Y9gH1T5YWrNuG,1082.357143,1401.125,1082.357143
2020-06-14 13:45:00,4135001,zBIq5rxdHJRwDNY,1162.575,1393.242857,1162.575
2020-06-14 13:45:00,4135001,1BY6WEcLGh8j5v7,0.0,0.0,0.0
2020-06-14 13:45:00,4135001,ZnxXDlPa8U1GXgE,1146.8125,1391.642857,1146.8125
2020-06-14 13:45:00,4135001,uHbuxQJl8lW7ozc,1122.057143,1377.25,1122.057143
2020-06-14 13:45:00,4135001,pkci93gMrogZuBj,1117.028571,1379.625,1117.028571
2020-06-14 13:45:00,4135001,7JYdWkrLSPkdwr4,1199.9,1384.871429,1199.9
2020-06-14 13:45:00,4135001,ZoEaEvLYb1n2sOq,1138.9125,1395.485714,1138.9125
2020-06-14 13:45:00,4135001,VHMLBKoKgIrUVDU,1196.125,1394.214286,1196.125
2020-06-14 13:45:00,4135001,ih0vzX44oOqAx2f,1125.3625,1377.314286,1125.3625
2020-06-14 13:45:00,4135001,wCURE6d3bPkepu2,1107.371429,1410.95,1107.371429
2020-06-14 13:45:00,4135001,McdE0feGgRqW7Ca,1147.6375,1405.8,1147.6375
2020-06-14 13:45:00,4135001,sjndEbLyjtCKgGv,1142.2625,1399.842857,1142.2625
2020-06-14 14:00:00,4135001,7JYdWkrLSPkdwr4,1384.871429,1160.828571,1384.871429
2020-06-14 14:00:00,4135001,z9Y9gH1T5YWrNuG,1401.125,1064.271429,1401.125
2020-06-14 14:00:00,4135001,WRmjgnKYAwPKWDb,1376.35,1136.771429,1376.35
2020-06-14 14:00:00,4135001,zVJPv84UY57bAof,1397.085714,1202.45,1397.085714
2020-06-14 14:00:00,4135001,bvBOhCH3iADSZry,0.0,341.9875,0.0
2020-06-14 14:00:00,4135001,VHMLBKoKgIrUVDU,1394.214286,1219.014286,1394.214286
2020-06-14 14:00:00,4135001,iCRJl6heRkivqQ3,1407.542857,1105.0125,1407.542857
2020-06-14 14:00:00,4135001,rGa61gmuvPhdLxV,1392.842857,1162.35,1392.842857
2020-06-14 14:00:00,4135001,ZoEaEvLYb1n2sOq,1395.485714,1186.4375,1395.485714
2020-06-14 14:00:00,4135001,YxYtjZvoooNbGkE,1410.528571,1206.1125,1410.528571
2020-06-14 14:00:00,4135001,uHbuxQJl8lW7ozc,1377.25,1210.542857,1377.25
2020-06-14 14:00:00,4135001,sjndEbLyjtCKgGv,1399.842857,1090.342857,1399.842857
2020-06-14 14:00:00,4135001,McdE0feGgRqW7Ca,1405.8,1122.914286,1405.8
2020-06-14 14:00:00,4135001,ih0vzX44oOqAx2f,1377.314286,1165.5125,1377.314286
2020-06-14 14:00:00,4135001,pkci93gMrogZuBj,1379.625,1169.042857,1379.625
2020-06-14 14:00:00,4135001,ZnxXDlPa8U1GXgE,1391.642857,1142.875,1391.642857
2020-06-14 14:00:00,4135001,wCURE6d3bPkepu2,1410.95,1106.414286,1410.95
2020-06-14 14:00:00,4135001,1IF53ai7Xc0U56Y,1394.514286,1165.65,1394.514286
2020-06-14 14:00:00,4135001,adLQvlD726eNBSB,1405.585714,1193.425,1405.585714
2020-06-14 14:00:00,4135001,1BY6WEcLGh8j5v7,0.0,320.225,0.0
2020-06-14 14:00:00,4135001,zBIq5rxdHJRwDNY,1393.242857,1155.2125,1393.242857
2020-06-14 14:00:00,4135001,3PZuoBAID5Wc2HD,1399.225,1155.042857,1399.225
2020-06-14 14:15:00,4135001,1BY6WEcLGh8j5v7,320.225,723.2142857,320.225
2020-06-14 14:15:00,4135001,ZoEaEvLYb1n2sOq,1186.4375,772.9857143,1186.4375
2020-06-14 14:15:00,4135001,rGa61gmuvPhdLxV,1162.35,749.8714286,1162.35
2020-06-14 14:15:00,4135001,ZnxXDlPa8U1GXgE,1142.875,789.2,1142.875
2020-06-14 14:15:00,4135001,3PZuoBAID5Wc2HD,1155.042857,763.2875,1155.042857
2020-06-14 14:15:00,4135001,1IF53ai7Xc0U56Y,1165.65,751.6714286,1165.65
2020-06-14 14:15:00,4135001,zVJPv84UY57bAof,1202.45,782.8,1202.45
2020-06-14 14:15:00,4135001,VHMLBKoKgIrUVDU,1219.014286,812.65,1219.014286
2020-06-14 14:15:00,4135001,McdE0feGgRqW7Ca,1122.914286,853.85,1122.914286
2020-06-14 14:15:00,4135001,uHbuxQJl8lW7ozc,1210.542857,741.8571429,1210.542857
2020-06-14 14:15:00,4135001,bvBOhCH3iADSZry,341.9875,696.9285714,341.9875
2020-06-14 14:15:00,4135001,YxYtjZvoooNbGkE,1206.1125,767.2857143,1206.1125
2020-06-14 14:15:00,4135001,iCRJl6heRkivqQ3,1105.0125,785.9142857,1105.0125
2020-06-14 14:15:00,4135001,zBIq5rxdHJRwDNY,1155.2125,739.7714286,1155.2125
2020-06-14 14:15:00,4135001,7JYdWkrLSPkdwr4,1160.828571,777.35,1160.828571
2020-06-14 14:15:00,4135001,adLQvlD726eNBSB,1193.425,747.4714286,1193.425
2020-06-14 14:15:00,4135001,sjndEbLyjtCKgGv,1090.342857,809.8,1090.342857
2020-06-14 14:15:00,4135001,WRmjgnKYAwPKWDb,1136.771429,754.6375,1136.771429
2020-06-14 14:15:00,4135001,wCURE6d3bPkepu2,1106.414286,859.4875,1106.414286
2020-06-14 14:15:00,4135001,pkci93gMrogZuBj,1169.042857,726.5428571,1169.042857
2020-06-14 14:15:00,4135001,ih0vzX44oOqAx2f,1165.5125,768.5142857,1165.5125
2020-06-14 14:15:00,4135001,z9Y9gH1T5YWrNuG,1064.271429,844.55,1064.271429
2020-06-14 14:30:00,4135001,3PZuoBAID5Wc2HD,763.2875,615.6,763.2875
2020-06-14 14:30:00,4135001,ih0vzX44oOqAx2f,768.5142857,623.2,768.5142857
2020-06-14 14:30:00,4135001,VHMLBKoKgIrUVDU,812.65,629.7285714,812.65
2020-06-14 14:30:00,4135001,7JYdWkrLSPkdwr4,777.35,613.1,777.35
2020-06-14 14:30:00,4135001,wCURE6d3bPkepu2,859.4875,636.6428571,859.4875
2020-06-14 14:30:00,4135001,ZoEaEvLYb1n2sOq,772.9857143,631.775,772.9857143
2020-06-14 14:30:00,4135001,zVJPv84UY57bAof,782.8,651.075,782.8
2020-06-14 14:30:00,4135001,uHbuxQJl8lW7ozc,741.8571429,658.25,741.8571429
2020-06-14 14:30:00,4135001,pkci93gMrogZuBj,726.5428571,646.1875,726.5428571
2020-06-14 14:30:00,4135001,adLQvlD726eNBSB,747.4714286,636.025,747.4714286
2020-06-14 14:30:00,4135001,1BY6WEcLGh8j5v7,723.2142857,586.8875,723.2142857
2020-06-14 14:30:00,4135001,McdE0feGgRqW7Ca,853.85,648.3142857,853.85
2020-06-14 14:30:00,4135001,rGa61gmuvPhdLxV,749.8714286,643.775,749.8714286
2020-06-14 14:30:00,4135001,iCRJl6heRkivqQ3,785.9142857,647.8375,785.9142857
2020-06-14 14:30:00,4135001,ZnxXDlPa8U1GXgE,789.2,640.85,789.2
2020-06-14 14:30:00,4135001,zBIq5rxdHJRwDNY,739.7714286,639.325,739.7714286
2020-06-14 14:30:00,4135001,z9Y9gH1T5YWrNuG,844.55,634.7142857,844.55
2020-06-14 14:30:00,4135001,WRmjgnKYAwPKWDb,754.6375,612.1428571,754.6375
2020-06-14 14:30:00,4135001,sjndEbLyjtCKgGv,809.8,637.8714286,809.8
2020-06-14 14:30:00,4135001,1IF53ai7Xc0U56Y,751.6714286,629.6875,751.6714286
2020-06-14 14:30:00,4135001,YxYtjZvoooNbGkE,767.2857143,629.875,767.2857143
2020-06-14 14:30:00,4135001,bvBOhCH3iADSZry,696.9285714,581.0625,696.9285714
2020-06-14 14:45:00,4135001,zBIq5rxdHJRwDNY,639.325,812.2285714,639.325
2020-06-14 14:45:00,4135001,rGa61gmuvPhdLxV,643.775,816.4285714,643.775
2020-06-14 14:45:00,4135001,sjndEbLyjtCKgGv,637.8714286,821.175,637.8714286
2020-06-14 14:45:00,4135001,VHMLBKoKgIrUVDU,629.7285714,878.5,629.7285714
2020-06-14 14:45:00,4135001,7JYdWkrLSPkdwr4,613.1,849.9375,613.1
2020-06-14 14:45:00,4135001,ih0vzX44oOqAx2f,623.2,843.0285714,623.2
2020-06-14 14:45:00,4135001,iCRJl6heRkivqQ3,647.8375,842.0857143,647.8375
2020-06-14 14:45:00,4135001,wCURE6d3bPkepu2,636.6428571,856.1375,636.6428571
2020-06-14 14:45:00,4135001,McdE0feGgRqW7Ca,648.3142857,859.15,648.3142857
2020-06-14 14:45:00,4135001,1BY6WEcLGh8j5v7,586.8875,850.3142857,586.8875
2020-06-14 14:45:00,4135001,1IF53ai7Xc0U56Y,629.6875,842.8857143,629.6875
2020-06-14 14:45:00,4135001,pkci93gMrogZuBj,646.1875,797.0428571,646.1875
2020-06-14 14:45:00,4135001,adLQvlD726eNBSB,636.025,875.4428571,636.025
2020-06-14 14:45:00,4135001,3PZuoBAID5Wc2HD,615.6,858.475,615.6
2020-06-14 14:45:00,4135001,zVJPv84UY57bAof,651.075,840.6285714,651.075
2020-06-14 14:45:00,4135001,ZoEaEvLYb1n2sOq,631.775,838.2428571,631.775
2020-06-14 14:45:00,4135001,YxYtjZvoooNbGkE,629.875,844.1571429,629.875
2020-06-14 14:45:00,4135001,bvBOhCH3iADSZry,581.0625,810.1857143,581.0625
2020-06-14 14:45:00,4135001,z9Y9gH1T5YWrNuG,634.7142857,853.1,634.7142857
2020-06-14 14:45:00,4135001,WRmjgnKYAwPKWDb,612.1428571,865.4,612.1428571
2020-06-14 14:45:00,4135001,ZnxXDlPa8U1GXgE,640.85,873.4857143,640.85
2020-06-14 14:45:00,4135001,uHbuxQJl8lW7ozc,658.25,772.9857143,658.25
2020-06-14 15:00:00,4135001,3PZuoBAID5Wc2HD,858.475,929.2428571,858.475
2020-06-14 15:00:00,4135001,ZnxXDlPa8U1GXgE,873.4857143,1015.8,873.4857143
2020-06-14 15:00:00,4135001,wCURE6d3bPkepu2,856.1375,1003.814286,856.1375
2020-06-14 15:00:00,4135001,7JYdWkrLSPkdwr4,849.9375,936.5142857,849.9375
2020-06-14 15:00:00,4135001,McdE0feGgRqW7Ca,859.15,1024.857143,859.15
2020-06-14 15:00:00,4135001,adLQvlD726eNBSB,875.4428571,950.0875,875.4428571
2020-06-14 15:00:00,4135001,zVJPv84UY57bAof,840.6285714,975.625,840.6285714
2020-06-14 15:00:00,4135001,ZoEaEvLYb1n2sOq,838.2428571,965.6875,838.2428571
2020-06-14 15:00:00,4135001,YxYtjZvoooNbGkE,844.1571429,961.575,844.1571429
2020-06-14 15:00:00,4135001,z9Y9gH1T5YWrNuG,853.1,987.2571429,853.1
2020-06-14 15:00:00,4135001,uHbuxQJl8lW7ozc,772.9857143,996.7125,772.9857143
2020-06-14 15:00:00,4135001,zBIq5rxdHJRwDNY,812.2285714,961.625,812.2285714
2020-06-14 15:00:00,4135001,bvBOhCH3iADSZry,810.1857143,893.8625,810.1857143
2020-06-14 15:00:00,4135001,WRmjgnKYAwPKWDb,865.4,926.9857143,865.4
2020-06-14 15:00:00,4135001,sjndEbLyjtCKgGv,821.175,1010.528571,821.175
2020-06-14 15:00:00,4135001,rGa61gmuvPhdLxV,816.4285714,985.6625,816.4285714
2020-06-14 15:00:00,4135001,1IF53ai7Xc0U56Y,842.8857143,950.725,842.8857143
2020-06-14 15:00:00,4135001,1BY6WEcLGh8j5v7,850.3142857,954.6625,850.3142857
2020-06-14 15:00:00,4135001,VHMLBKoKgIrUVDU,878.5,978.4285714,878.5
2020-06-14 15:00:00,4135001,pkci93gMrogZuBj,797.0428571,996.7625,797.0428571
2020-06-14 15:00:00,4135001,iCRJl6heRkivqQ3,842.0857143,990.4125,842.0857143
2020-06-14 15:00:00,4135001,ih0vzX44oOqAx2f,843.0285714,976.9,843.0285714
2020-06-14 15:15:00,4135001,1IF53ai7Xc0U56Y,950.725,652.1285714,950.725
2020-06-14 15:15:00,4135001,1BY6WEcLGh8j5v7,954.6625,639.2571429,954.6625
2020-06-14 15:15:00,4135001,z9Y9gH1T5YWrNuG,987.2571429,646.3625,987.2571429
2020-06-14 15:15:00,4135001,3PZuoBAID5Wc2HD,929.2428571,652.6285714,929.2428571
2020-06-14 15:15:00,4135001,bvBOhCH3iADSZry,893.8625,655.0285714,893.8625
2020-06-14 15:15:00,4135001,zVJPv84UY57bAof,975.625,635.2142857,975.625
2020-06-14 15:15:00,4135001,ZoEaEvLYb1n2sOq,965.6875,628.7285714,965.6875
2020-06-14 15:15:00,4135001,zBIq5rxdHJRwDNY,961.625,626.8285714,961.625
2020-06-14 15:15:00,4135001,wCURE6d3bPkepu2,1003.814286,664.325,1003.814286
2020-06-14 15:15:00,4135001,7JYdWkrLSPkdwr4,936.5142857,670.9125,936.5142857
2020-06-14 15:15:00,4135001,rGa61gmuvPhdLxV,985.6625,626.3428571,985.6625
2020-06-14 15:15:00,4135001,pkci93gMrogZuBj,996.7625,634.1,996.7625
2020-06-14 15:15:00,4135001,uHbuxQJl8lW7ozc,996.7125,641.4285714,996.7125
2020-06-14 15:15:00,4135001,YxYtjZvoooNbGkE,961.575,631.7428571,961.575
2020-06-14 15:15:00,4135001,WRmjgnKYAwPKWDb,926.9857143,658.1714286,926.9857143
2020-06-14 15:15:00,4135001,ih0vzX44oOqAx2f,976.9,642.85,976.9
2020-06-14 15:15:00,4135001,ZnxXDlPa8U1GXgE,1015.8,687.1125,1015.8
2020-06-14 15:15:00,4135001,iCRJl6heRkivqQ3,990.4125,634.1714286,990.4125
2020-06-14 15:15:00,4135001,sjndEbLyjtCKgGv,1010.528571,641.8375,1010.528571
2020-06-14 15:15:00,4135001,adLQvlD726eNBSB,950.0875,679.4857143,950.0875
2020-06-14 15:15:00,4135001,McdE0feGgRqW7Ca,1024.857143,657.6,1024.857143
2020-06-14 15:15:00,4135001,VHMLBKoKgIrUVDU,978.4285714,685.2,978.4285714
2020-06-14 15:30:00,4135001,3PZuoBAID5Wc2HD,652.6285714,580.75,652.6285714
2020-06-14 15:30:00,4135001,1IF53ai7Xc0U56Y,652.1285714,588.5571429,652.1285714
2020-06-14 15:30:00,4135001,ZoEaEvLYb1n2sOq,628.7285714,580.825,628.7285714
2020-06-14 15:30:00,4135001,adLQvlD726eNBSB,679.4857143,598.5857143,679.4857143
2020-06-14 15:30:00,4135001,rGa61gmuvPhdLxV,626.3428571,603.75,626.3428571
2020-06-14 15:30:00,4135001,YxYtjZvoooNbGkE,631.7428571,570.3375,631.7428571
2020-06-14 15:30:00,4135001,iCRJl6heRkivqQ3,634.1714286,596.9,634.1714286
2020-06-14 15:30:00,4135001,VHMLBKoKgIrUVDU,685.2,587.0428571,685.2
2020-06-14 15:30:00,4135001,sjndEbLyjtCKgGv,641.8375,579.4428571,641.8375
2020-06-14 15:30:00,4135001,ZnxXDlPa8U1GXgE,687.1125,579.9857143,687.1125
2020-06-14 15:30:00,4135001,WRmjgnKYAwPKWDb,658.1714286,580.275,658.1714286
2020-06-14 15:30:00,4135001,z9Y9gH1T5YWrNuG,646.3625,561.7857143,646.3625
2020-06-14 15:30:00,4135001,7JYdWkrLSPkdwr4,670.9125,577.7571429,670.9125
2020-06-14 15:30:00,4135001,wCURE6d3bPkepu2,664.325,573.1142857,664.325
2020-06-14 15:30:00,4135001,zVJPv84UY57bAof,635.2142857,579.125,635.2142857
2020-06-14 15:30:00,4135001,bvBOhCH3iADSZry,655.0285714,532.5285714,655.0285714
2020-06-14 15:30:00,4135001,zBIq5rxdHJRwDNY,626.8285714,598.5857143,626.8285714
2020-06-14 15:30:00,4135001,1BY6WEcLGh8j5v7,639.2571429,523.1714286,639.2571429
2020-06-14 15:30:00,4135001,pkci93gMrogZuBj,634.1,573.7,634.1
2020-06-14 15:30:00,4135001,McdE0feGgRqW7Ca,657.6,583.5142857,657.6
2020-06-14 15:30:00,4135001,ih0vzX44oOqAx2f,642.85,562.2714286,642.85
2020-06-14 15:30:00,4135001,uHbuxQJl8lW7ozc,641.4285714,568.1125,641.4285714
2020-06-14 15:45:00,4135001,YxYtjZvoooNbGkE,570.3375,578.1571429,570.3375
2020-06-14 15:45:00,4135001,pkci93gMrogZuBj,573.7,568.0,573.7
2020-06-14 15:45:00,4135001,3PZuoBAID5Wc2HD,580.75,594.0714286,580.75
2020-06-14 15:45:00,4135001,wCURE6d3bPkepu2,573.1142857,573.6125,573.1142857
2020-06-14 15:45:00,4135001,rGa61gmuvPhdLxV,603.75,570.6714286,603.75
2020-06-14 15:45:00,4135001,bvBOhCH3iADSZry,532.5285714,525.9375,532.5285714
2020-06-14 15:45:00,4135001,WRmjgnKYAwPKWDb,580.275,594.4,580.275
2020-06-14 15:45:00,4135001,VHMLBKoKgIrUVDU,587.0428571,578.325,587.0428571
2020-06-14 15:45:00,4135001,McdE0feGgRqW7Ca,583.5142857,578.875,583.5142857
2020-06-14 15:45:00,4135001,z9Y9gH1T5YWrNuG,561.7857143,557.9125,561.7857143
2020-06-14 15:45:00,4135001,adLQvlD726eNBSB,598.5857143,576.05,598.5857143
2020-06-14 15:45:00,4135001,7JYdWkrLSPkdwr4,577.7571429,567.175,577.7571429
2020-06-14 15:45:00,4135001,sjndEbLyjtCKgGv,579.4428571,569.5125,579.4428571
2020-06-14 15:45:00,4135001,ZnxXDlPa8U1GXgE,579.9857143,580.25,579.9857143
2020-06-14 15:45:00,4135001,zVJPv84UY57bAof,579.125,578.6142857,579.125
2020-06-14 15:45:00,4135001,uHbuxQJl8lW7ozc,568.1125,572.5571429,568.1125
2020-06-14 15:45:00,4135001,zBIq5rxdHJRwDNY,598.5857143,569.2875,598.5857143
2020-06-14 15:45:00,4135001,iCRJl6heRkivqQ3,596.9,571.7875,596.9
2020-06-14 15:45:00,4135001,1IF53ai7Xc0U56Y,588.5571429,572.55,588.5571429
2020-06-14 15:45:00,4135001,ZoEaEvLYb1n2sOq,580.825,576.6285714,580.825
2020-06-14 15:45:00,4135001,1BY6WEcLGh8j5v7,523.1714286,519.1,523.1714286
2020-06-14 15:45:00,4135001,ih0vzX44oOqAx2f,562.2714286,560.5375,562.2714286
2020-06-14 16:00:00,4135001,ZoEaEvLYb1n2sOq,576.6285714,404.0,576.6285714
2020-06-14 16:00:00,4135001,pkci93gMrogZuBj,568.0,398.5875,568.0
2020-06-14 16:00:00,4135001,sjndEbLyjtCKgGv,569.5125,413.7,569.5125
2020-06-14 16:00:00,4135001,7JYdWkrLSPkdwr4,567.175,388.0714286,567.175
2020-06-14 16:00:00,4135001,VHMLBKoKgIrUVDU,578.325,395.4857143,578.325
2020-06-14 16:00:00,4135001,ZnxXDlPa8U1GXgE,580.25,422.1,580.25
2020-06-14 16:00:00,4135001,WRmjgnKYAwPKWDb,594.4,411.1125,594.4
2020-06-14 16:00:00,4135001,zVJPv84UY57bAof,578.6142857,417.2428571,578.6142857
2020-06-14 16:00:00,4135001,YxYtjZvoooNbGkE,578.1571429,411.0875,578.1571429
2020-06-14 16:00:00,4135001,uHbuxQJl8lW7ozc,572.5571429,403.7125,572.5571429
2020-06-14 16:00:00,4135001,McdE0feGgRqW7Ca,578.875,425.3,578.875
2020-06-14 16:00:00,4135001,adLQvlD726eNBSB,576.05,397.9428571,576.05
2020-06-14 16:00:00,4135001,bvBOhCH3iADSZry,525.9375,374.6571429,525.9375
2020-06-14 16:00:00,4135001,zBIq5rxdHJRwDNY,569.2875,401.9142857,569.2875
2020-06-14 16:00:00,4135001,rGa61gmuvPhdLxV,570.6714286,403.1571429,570.6714286
2020-06-14 16:00:00,4135001,ih0vzX44oOqAx2f,560.5375,414.6857143,560.5375
2020-06-14 16:00:00,4135001,1BY6WEcLGh8j5v7,519.1,393.8571429,519.1
2020-06-14 16:00:00,4135001,1IF53ai7Xc0U56Y,572.55,395.6571429,572.55
2020-06-14 16:00:00,4135001,z9Y9gH1T5YWrNuG,557.9125,420.2857143,557.9125
2020-06-14 16:00:00,4135001,3PZuoBAID5Wc2HD,594.0714286,408.6,594.0714286
2020-06-14 16:00:00,4135001,iCRJl6heRkivqQ3,571.7875,412.5142857,571.7875
2020-06-14 16:00:00,4135001,wCURE6d3bPkepu2,573.6125,418.5571429,573.6125
2020-06-14 16:15:00,4135001,sjndEbLyjtCKgGv,413.7,284.3375,413.7
2020-06-14 16:15:00,4135001,1IF53ai7Xc0U56Y,395.6571429,283.8,395.6571429
2020-06-14 16:15:00,4135001,zVJPv84UY57bAof,417.2428571,287.675,417.2428571
2020-06-14 16:15:00,4135001,rGa61gmuvPhdLxV,403.1571429,283.525,403.1571429
2020-06-14 16:15:00,4135001,uHbuxQJl8lW7ozc,403.7125,283.0857143,403.7125
2020-06-14 16:15:00,4135001,3PZuoBAID5Wc2HD,408.6,280.6428571,408.6
2020-06-14 16:15:00,4135001,WRmjgnKYAwPKWDb,411.1125,279.3428571,411.1125
2020-06-14 16:15:00,4135001,adLQvlD726eNBSB,397.9428571,286.875,397.9428571
2020-06-14 16:15:00,4135001,z9Y9gH1T5YWrNuG,420.2857143,284.075,420.2857143
2020-06-14 16:15:00,4135001,ih0vzX44oOqAx2f,414.6857143,281.6625,414.6857143
2020-06-14 16:15:00,4135001,VHMLBKoKgIrUVDU,395.4857143,284.0125,395.4857143
2020-06-14 16:15:00,4135001,iCRJl6heRkivqQ3,412.5142857,286.3875,412.5142857
2020-06-14 16:15:00,4135001,wCURE6d3bPkepu2,418.5571429,284.825,418.5571429
2020-06-14 16:15:00,4135001,McdE0feGgRqW7Ca,425.3,290.6375,425.3
2020-06-14 16:15:00,4135001,bvBOhCH3iADSZry,374.6571429,263.8875,374.6571429
2020-06-14 16:15:00,4135001,YxYtjZvoooNbGkE,411.0875,277.4428571,411.0875
2020-06-14 16:15:00,4135001,zBIq5rxdHJRwDNY,401.9142857,281.7,401.9142857
2020-06-14 16:15:00,4135001,7JYdWkrLSPkdwr4,388.0714286,277.2625,388.0714286
2020-06-14 16:15:00,4135001,1BY6WEcLGh8j5v7,393.8571429,268.9375,393.8571429
2020-06-14 16:15:00,4135001,ZnxXDlPa8U1GXgE,422.1,289.2375,422.1
2020-06-14 16:15:00,4135001,pkci93gMrogZuBj,398.5875,279.8142857,398.5875
2020-06-14 16:15:00,4135001,ZoEaEvLYb1n2sOq,404.0,275.7857143,404.0
2020-06-14 16:30:00,4135001,adLQvlD726eNBSB,286.875,220.8285714,286.875
2020-06-14 16:30:00,4135001,ih0vzX44oOqAx2f,281.6625,214.4142857,281.6625
2020-06-14 16:30:00,4135001,wCURE6d3bPkepu2,284.825,213.9142857,284.825
2020-06-14 16:30:00,4135001,7JYdWkrLSPkdwr4,277.2625,210.5142857,277.2625
2020-06-14 16:30:00,4135001,1IF53ai7Xc0U56Y,283.8,218.2857143,283.8
2020-06-14 16:30:00,4135001,zBIq5rxdHJRwDNY,281.7,216.2857143,281.7
2020-06-14 16:30:00,4135001,YxYtjZvoooNbGkE,277.4428571,212.775,277.4428571
2020-06-14 16:30:00,4135001,ZoEaEvLYb1n2sOq,275.7857143,213.475,275.7857143
2020-06-14 16:30:00,4135001,z9Y9gH1T5YWrNuG,284.075,213.6714286,284.075
2020-06-14 16:30:00,4135001,1BY6WEcLGh8j5v7,268.9375,203.1142857,268.9375
2020-06-14 16:30:00,4135001,iCRJl6heRkivqQ3,286.3875,219.0142857,286.3875
2020-06-14 16:30:00,4135001,uHbuxQJl8lW7ozc,283.0857143,218.875,283.0857143
2020-06-14 16:30:00,4135001,3PZuoBAID5Wc2HD,280.6428571,217.1125,280.6428571
2020-06-14 16:30:00,4135001,McdE0feGgRqW7Ca,290.6375,219.8428571,290.6375
2020-06-14 16:30:00,4135001,rGa61gmuvPhdLxV,283.525,218.9571429,283.525
2020-06-14 16:30:00,4135001,sjndEbLyjtCKgGv,284.3375,215.7714286,284.3375
2020-06-14 16:30:00,4135001,zVJPv84UY57bAof,287.675,221.3571429,287.675
2020-06-14 16:30:00,4135001,ZnxXDlPa8U1GXgE,289.2375,219.3857143,289.2375
2020-06-14 16:30:00,4135001,bvBOhCH3iADSZry,263.8875,200.4285714,263.8875
2020-06-14 16:30:00,4135001,WRmjgnKYAwPKWDb,279.3428571,215.1,279.3428571
2020-06-14 16:30:00,4135001,VHMLBKoKgIrUVDU,284.0125,215.2857143,284.0125
2020-06-14 16:30:00,4135001,pkci93gMrogZuBj,279.8142857,217.8625,279.8142857
2020-06-14 16:45:00,4135001,uHbuxQJl8lW7ozc,218.875,171.5571429,218.875
2020-06-14 16:45:00,4135001,ZoEaEvLYb1n2sOq,213.475,172.7,213.475
2020-06-14 16:45:00,4135001,1IF53ai7Xc0U56Y,218.2857143,180.575,218.2857143
2020-06-14 16:45:00,4135001,pkci93gMrogZuBj,217.8625,172.5857143,217.8625
2020-06-14 16:45:00,4135001,z9Y9gH1T5YWrNuG,213.6714286,167.3875,213.6714286
2020-06-14 16:45:00,4135001,1BY6WEcLGh8j5v7,203.1142857,159.175,203.1142857
2020-06-14 16:45:00,4135001,sjndEbLyjtCKgGv,215.7714286,173.3,215.7714286
2020-06-14 16:45:00,4135001,iCRJl6heRkivqQ3,219.0142857,173.95,219.0142857
2020-06-14 16:45:00,4135001,VHMLBKoKgIrUVDU,215.2857143,177.0875,215.2857143
2020-06-14 16:45:00,4135001,WRmjgnKYAwPKWDb,215.1,177.1,215.1
2020-06-14 16:45:00,4135001,ih0vzX44oOqAx2f,214.4142857,168.7875,214.4142857
2020-06-14 16:45:00,4135001,3PZuoBAID5Wc2HD,217.1125,179.0142857,217.1125
2020-06-14 16:45:00,4135001,wCURE6d3bPkepu2,213.9142857,170.825,213.9142857
2020-06-14 16:45:00,4135001,ZnxXDlPa8U1GXgE,219.3857143,173.775,219.3857143
2020-06-14 16:45:00,4135001,bvBOhCH3iADSZry,200.4285714,159.3125,200.4285714
2020-06-14 16:45:00,4135001,zBIq5rxdHJRwDNY,216.2857143,175.3625,216.2857143
2020-06-14 16:45:00,4135001,rGa61gmuvPhdLxV,218.9571429,175.35,218.9571429
2020-06-14 16:45:00,4135001,7JYdWkrLSPkdwr4,210.5142857,174.5,210.5142857
2020-06-14 16:45:00,4135001,YxYtjZvoooNbGkE,212.775,171.4285714,212.775
2020-06-14 16:45:00,4135001,zVJPv84UY57bAof,221.3571429,170.1625,221.3571429
2020-06-14 16:45:00,4135001,adLQvlD726eNBSB,220.8285714,182.45,220.8285714
2020-06-14 16:45:00,4135001,McdE0feGgRqW7Ca,219.8428571,173.2,219.8428571
2020-06-14 17:00:00,4135001,z9Y9gH1T5YWrNuG,167.3875,159.1857143,167.3875
2020-06-14 17:00:00,4135001,zVJPv84UY57bAof,170.1625,161.5714286,170.1625
2020-06-14 17:00:00,4135001,uHbuxQJl8lW7ozc,171.5571429,162.4125,171.5571429
2020-06-14 17:00:00,4135001,zBIq5rxdHJRwDNY,175.3625,166.2571429,175.3625
2020-06-14 17:00:00,4135001,pkci93gMrogZuBj,172.5857143,162.975,172.5857143
2020-06-14 17:00:00,4135001,ZnxXDlPa8U1GXgE,173.775,164.1428571,173.775
2020-06-14 17:00:00,4135001,sjndEbLyjtCKgGv,173.3,164.3142857,173.3
2020-06-14 17:00:00,4135001,iCRJl6heRkivqQ3,173.95,165.3285714,173.95
2020-06-14 17:00:00,4135001,ih0vzX44oOqAx2f,168.7875,159.7285714,168.7875
2020-06-14 17:00:00,4135001,VHMLBKoKgIrUVDU,177.0875,168.1142857,177.0875
2020-06-14 17:00:00,4135001,WRmjgnKYAwPKWDb,177.1,163.8125,177.1
2020-06-14 17:00:00,4135001,rGa61gmuvPhdLxV,175.35,166.7285714,175.35
2020-06-14 17:00:00,4135001,wCURE6d3bPkepu2,170.825,161.7,170.825
2020-06-14 17:00:00,4135001,McdE0feGgRqW7Ca,173.2,164.6714286,173.2
2020-06-14 17:00:00,4135001,bvBOhCH3iADSZry,159.3125,151.2142857,159.3125
2020-06-14 17:00:00,4135001,YxYtjZvoooNbGkE,171.4285714,157.925,171.4285714
2020-06-14 17:00:00,4135001,3PZuoBAID5Wc2HD,179.0142857,165.0,179.0142857
2020-06-14 17:00:00,4135001,adLQvlD726eNBSB,182.45,173.7571429,182.45
2020-06-14 17:00:00,4135001,1BY6WEcLGh8j5v7,159.175,149.9142857,159.175
2020-06-14 17:00:00,4135001,1IF53ai7Xc0U56Y,180.575,171.2428571,180.575
2020-06-14 17:00:00,4135001,7JYdWkrLSPkdwr4,174.5,165.0285714,174.5
2020-06-14 17:00:00,4135001,ZoEaEvLYb1n2sOq,172.7,160.75,172.7
2020-06-14 17:15:00,4135001,wCURE6d3bPkepu2,161.7,99.125,161.7
2020-06-14 17:15:00,4135001,z9Y9gH1T5YWrNuG,159.1857143,99.2125,159.1857143
2020-06-14 17:15:00,4135001,WRmjgnKYAwPKWDb,163.8125,98.24285714,163.8125
2020-06-14 17:15:00,4135001,pkci93gMrogZuBj,162.975,96.6,162.975
2020-06-14 17:15:00,4135001,rGa61gmuvPhdLxV,166.7285714,102.0125,166.7285714
2020-06-14 17:15:00,4135001,uHbuxQJl8lW7ozc,162.4125,97.98571429,162.4125
2020-06-14 17:15:00,4135001,ZoEaEvLYb1n2sOq,160.75,94.41428571,160.75
2020-06-14 17:15:00,4135001,3PZuoBAID5Wc2HD,165.0,98.18571429,165.0
2020-06-14 17:15:00,4135001,zVJPv84UY57bAof,161.5714286,102.2125,161.5714286
2020-06-14 17:15:00,4135001,ZnxXDlPa8U1GXgE,164.1428571,101.6375,164.1428571
2020-06-14 17:15:00,4135001,ih0vzX44oOqAx2f,159.7285714,99.575,159.7285714
2020-06-14 17:15:00,4135001,1BY6WEcLGh8j5v7,149.9142857,94.7375,149.9142857
2020-06-14 17:15:00,4135001,YxYtjZvoooNbGkE,157.925,94.38571429,157.925
2020-06-14 17:15:00,4135001,7JYdWkrLSPkdwr4,165.0285714,98.4375,165.0285714
2020-06-14 17:15:00,4135001,VHMLBKoKgIrUVDU,168.1142857,100.5,168.1142857
2020-06-14 17:15:00,4135001,adLQvlD726eNBSB,173.7571429,103.9625,173.7571429
2020-06-14 17:15:00,4135001,bvBOhCH3iADSZry,151.2142857,93.35,151.2142857
2020-06-14 17:15:00,4135001,sjndEbLyjtCKgGv,164.3142857,100.4125,164.3142857
2020-06-14 17:15:00,4135001,zBIq5rxdHJRwDNY,166.2571429,100.2375,166.2571429
2020-06-14 17:15:00,4135001,McdE0feGgRqW7Ca,164.6714286,101.8,164.6714286
2020-06-14 17:15:00,4135001,iCRJl6heRkivqQ3,165.3285714,101.8375,165.3285714
2020-06-14 17:15:00,4135001,1IF53ai7Xc0U56Y,171.2428571,102.2375,171.2428571
2020-06-14 17:30:00,4135001,sjndEbLyjtCKgGv,100.4125,56.67142857,100.4125
2020-06-14 17:30:00,4135001,adLQvlD726eNBSB,103.9625,58.5,103.9625
2020-06-14 17:30:00,4135001,ih0vzX44oOqAx2f,99.575,54.94285714,99.575
2020-06-14 17:30:00,4135001,zBIq5rxdHJRwDNY,100.2375,56.98571429,100.2375
2020-06-14 17:30:00,4135001,iCRJl6heRkivqQ3,101.8375,57.57142857,101.8375
2020-06-14 17:30:00,4135001,ZoEaEvLYb1n2sOq,94.41428571,56.51428571,94.41428571
2020-06-14 17:30:00,4135001,1IF53ai7Xc0U56Y,102.2375,57.68571429,102.2375
2020-06-14 17:30:00,4135001,YxYtjZvoooNbGkE,94.38571429,55.91428571,94.38571429
2020-06-14 17:30:00,4135001,WRmjgnKYAwPKWDb,98.24285714,53.65,98.24285714
2020-06-14 17:30:00,4135001,1BY6WEcLGh8j5v7,94.7375,50.07142857,94.7375
2020-06-14 17:30:00,4135001,McdE0feGgRqW7Ca,101.8,56.7,101.8
2020-06-14 17:30:00,4135001,rGa61gmuvPhdLxV,102.0125,58.45714286,102.0125
2020-06-14 17:30:00,4135001,VHMLBKoKgIrUVDU,100.5,55.62857143,100.5
2020-06-14 17:30:00,4135001,wCURE6d3bPkepu2,99.125,54.94285714,99.125
2020-06-14 17:30:00,4135001,bvBOhCH3iADSZry,93.35,50.11428571,93.35
2020-06-14 17:30:00,4135001,7JYdWkrLSPkdwr4,98.4375,55.21428571,98.4375
2020-06-14 17:30:00,4135001,zVJPv84UY57bAof,102.2125,57.55714286,102.2125
2020-06-14 17:30:00,4135001,3PZuoBAID5Wc2HD,98.18571429,54.9625,98.18571429
2020-06-14 17:30:00,4135001,ZnxXDlPa8U1GXgE,101.6375,55.54285714,101.6375
2020-06-14 17:30:00,4135001,z9Y9gH1T5YWrNuG,99.2125,54.87142857,99.2125
2020-06-14 17:30:00,4135001,pkci93gMrogZuBj,96.6,58.5375,96.6
2020-06-14 17:30:00,4135001,uHbuxQJl8lW7ozc,97.98571429,58.7375,97.98571429
2020-06-14 17:45:00,4135001,uHbuxQJl8lW7ozc,58.7375,38.18571429,58.7375
2020-06-14 17:45:00,4135001,zBIq5rxdHJRwDNY,56.98571429,37.6875,56.98571429
2020-06-14 17:45:00,4135001,adLQvlD726eNBSB,58.5,40.125,58.5
2020-06-14 17:45:00,4135001,ih0vzX44oOqAx2f,54.94285714,37.4625,54.94285714
2020-06-14 17:45:00,4135001,iCRJl6heRkivqQ3,57.57142857,38.1375,57.57142857
2020-06-14 17:45:00,4135001,ZoEaEvLYb1n2sOq,56.51428571,37.725,56.51428571
2020-06-14 17:45:00,4135001,3PZuoBAID5Wc2HD,54.9625,37.38571429,54.9625
2020-06-14 17:45:00,4135001,z9Y9gH1T5YWrNuG,54.87142857,38.32857143,54.87142857
2020-06-14 17:45:00,4135001,YxYtjZvoooNbGkE,55.91428571,37.4875,55.91428571
2020-06-14 17:45:00,4135001,1IF53ai7Xc0U56Y,57.68571429,39.175,57.68571429
2020-06-14 17:45:00,4135001,WRmjgnKYAwPKWDb,53.65,36.7,53.65
2020-06-14 17:45:00,4135001,1BY6WEcLGh8j5v7,50.07142857,34.7875,50.07142857
2020-06-14 17:45:00,4135001,McdE0feGgRqW7Ca,56.7,38.35,56.7
2020-06-14 17:45:00,4135001,rGa61gmuvPhdLxV,58.45714286,38.35,58.45714286
2020-06-14 17:45:00,4135001,VHMLBKoKgIrUVDU,55.62857143,38.2125,55.62857143
2020-06-14 17:45:00,4135001,wCURE6d3bPkepu2,54.94285714,38.31428571,54.94285714
2020-06-14 17:45:00,4135001,sjndEbLyjtCKgGv,56.67142857,38.2125,56.67142857
2020-06-14 17:45:00,4135001,bvBOhCH3iADSZry,50.11428571,34.7,50.11428571
2020-06-14 17:45:00,4135001,zVJPv84UY57bAof,57.55714286,38.1125,57.55714286
2020-06-14 17:45:00,4135001,ZnxXDlPa8U1GXgE,55.54285714,38.25,55.54285714
2020-06-14 17:45:00,4135001,7JYdWkrLSPkdwr4,55.21428571,37.725,55.21428571
2020-06-14 17:45:00,4135001,pkci93gMrogZuBj,58.5375,37.77142857,58.5375
2020-06-14 18:00:00,4135001,zVJPv84UY57bAof,38.1125,24.25714286,38.1125
2020-06-14 18:00:00,4135001,z9Y9gH1T5YWrNuG,38.32857143,24.5,38.32857143
2020-06-14 18:00:00,4135001,pkci93gMrogZuBj,37.77142857,24.1125,37.77142857
2020-06-14 18:00:00,4135001,7JYdWkrLSPkdwr4,37.725,24.11428571,37.725
2020-06-14 18:00:00,4135001,WRmjgnKYAwPKWDb,36.7,23.7875,36.7
2020-06-14 18:00:00,4135001,1IF53ai7Xc0U56Y,39.175,25.02857143,39.175
2020-06-14 18:00:00,4135001,3PZuoBAID5Wc2HD,37.38571429,24.05,37.38571429
2020-06-14 18:00:00,4135001,1BY6WEcLGh8j5v7,34.7875,22.02857143,34.7875
2020-06-14 18:00:00,4135001,ZoEaEvLYb1n2sOq,37.725,24.44285714,37.725
2020-06-14 18:00:00,4135001,ZnxXDlPa8U1GXgE,38.25,24.25714286,38.25
2020-06-14 18:00:00,4135001,YxYtjZvoooNbGkE,37.4875,24.1,37.4875
2020-06-14 18:00:00,4135001,rGa61gmuvPhdLxV,38.35,24.45714286,38.35
2020-06-14 18:00:00,4135001,iCRJl6heRkivqQ3,38.1375,24.35714286,38.1375
2020-06-14 18:00:00,4135001,VHMLBKoKgIrUVDU,38.2125,24.28571429,38.2125
2020-06-14 18:00:00,4135001,McdE0feGgRqW7Ca,38.35,24.37142857,38.35
2020-06-14 18:00:00,4135001,adLQvlD726eNBSB,40.125,25.97142857,40.125
2020-06-14 18:00:00,4135001,ih0vzX44oOqAx2f,37.4625,23.91428571,37.4625
2020-06-14 18:00:00,4135001,zBIq5rxdHJRwDNY,37.6875,24.24285714,37.6875
2020-06-14 18:00:00,4135001,sjndEbLyjtCKgGv,38.2125,24.15714286,38.2125
2020-06-14 18:00:00,4135001,wCURE6d3bPkepu2,38.31428571,24.6625,38.31428571
2020-06-14 18:00:00,4135001,bvBOhCH3iADSZry,34.7,21.84285714,34.7
2020-06-14 18:00:00,4135001,uHbuxQJl8lW7ozc,38.18571429,24.4625,38.18571429
2020-06-14 18:15:00,4135001,YxYtjZvoooNbGkE,24.1,6.6125,24.1
2020-06-14 18:15:00,4135001,1IF53ai7Xc0U56Y,25.02857143,6.8,25.02857143
2020-06-14 18:15:00,4135001,7JYdWkrLSPkdwr4,24.11428571,6.35,24.11428571
2020-06-14 18:15:00,4135001,3PZuoBAID5Wc2HD,24.05,5.714285714,24.05
2020-06-14 18:15:00,4135001,adLQvlD726eNBSB,25.97142857,7.3,25.97142857
2020-06-14 18:15:00,4135001,pkci93gMrogZuBj,24.1125,5.542857143,24.1125
2020-06-14 18:15:00,4135001,bvBOhCH3iADSZry,21.84285714,4.9,21.84285714
2020-06-14 18:15:00,4135001,1BY6WEcLGh8j5v7,22.02857143,5.1375,22.02857143
2020-06-14 18:15:00,4135001,sjndEbLyjtCKgGv,24.15714286,6.114285714,24.15714286
2020-06-14 18:15:00,4135001,zVJPv84UY57bAof,24.25714286,5.4125,24.25714286
2020-06-14 18:15:00,4135001,ZnxXDlPa8U1GXgE,24.25714286,6.6625,24.25714286
2020-06-14 18:15:00,4135001,WRmjgnKYAwPKWDb,23.7875,5.642857143,23.7875
2020-06-14 18:15:00,4135001,McdE0feGgRqW7Ca,24.37142857,6.028571429,24.37142857
2020-06-14 18:15:00,4135001,ih0vzX44oOqAx2f,23.91428571,6.5125,23.91428571
2020-06-14 18:15:00,4135001,zBIq5rxdHJRwDNY,24.24285714,6.2,24.24285714
2020-06-14 18:15:00,4135001,rGa61gmuvPhdLxV,24.45714286,6.4,24.45714286
2020-06-14 18:15:00,4135001,z9Y9gH1T5YWrNuG,24.5,5.842857143,24.5
2020-06-14 18:15:00,4135001,iCRJl6heRkivqQ3,24.35714286,6.35,24.35714286
2020-06-14 18:15:00,4135001,wCURE6d3bPkepu2,24.6625,5.914285714,24.6625
2020-06-14 18:15:00,4135001,VHMLBKoKgIrUVDU,24.28571429,6.4125,24.28571429
2020-06-14 18:15:00,4135001,ZoEaEvLYb1n2sOq,24.44285714,6.8,24.44285714
2020-06-14 18:15:00,4135001,uHbuxQJl8lW7ozc,24.4625,5.471428571,24.4625
2020-06-14 18:30:00,4135001,wCURE6d3bPkepu2,5.914285714,0.0,5.914285714
2020-06-14 18:30:00,4135001,z9Y9gH1T5YWrNuG,5.842857143,0.0,5.842857143
2020-06-14 18:30:00,4135001,1IF53ai7Xc0U56Y,6.8,0.0,6.8
2020-06-14 18:30:00,4135001,sjndEbLyjtCKgGv,6.114285714,0.0,6.114285714
2020-06-14 18:30:00,4135001,1BY6WEcLGh8j5v7,5.1375,0.0,5.1375
2020-06-14 18:30:00,4135001,uHbuxQJl8lW7ozc,5.471428571,0.0,5.471428571
2020-06-14 18:30:00,4135001,McdE0feGgRqW7Ca,6.028571429,0.0,6.028571429
2020-06-14 18:30:00,4135001,rGa61gmuvPhdLxV,6.4,0.0,6.4
2020-06-14 18:30:00,4135001,VHMLBKoKgIrUVDU,6.4125,0.0,6.4125
2020-06-14 18:30:00,4135001,zVJPv84UY57bAof,5.4125,0.0,5.4125
2020-06-14 18:30:00,4135001,ZnxXDlPa8U1GXgE,6.6625,0.0,6.6625
2020-06-14 18:30:00,4135001,ih0vzX44oOqAx2f,6.5125,0.0,6.5125
2020-06-14 18:30:00,4135001,bvBOhCH3iADSZry,4.9,0.0,4.9
2020-06-14 18:30:00,4135001,zBIq5rxdHJRwDNY,6.2,0.0,6.2
2020-06-14 18:30:00,4135001,YxYtjZvoooNbGkE,6.6125,0.0,6.6125
2020-06-14 18:30:00,4135001,adLQvlD726eNBSB,7.3,0.0,7.3
2020-06-14 18:30:00,4135001,7JYdWkrLSPkdwr4,6.35,0.0,6.35
2020-06-14 18:30:00,4135001,iCRJl6heRkivqQ3,6.35,0.0,6.35
2020-06-14 18:30:00,4135001,WRmjgnKYAwPKWDb,5.642857143,0.0,5.642857143
2020-06-14 18:30:00,4135001,ZoEaEvLYb1n2sOq,6.8,0.0,6.8
2020-06-14 18:30:00,4135001,3PZuoBAID5Wc2HD,5.714285714,0.0,5.714285714
2020-06-14 18:30:00,4135001,pkci93gMrogZuBj,5.542857143,0.0,5.542857143
2020-06-14 18:45:00,4135001,1BY6WEcLGh8j5v7,0.0,0.0,0.0
2020-06-14 18:45:00,4135001,uHbuxQJl8lW7ozc,0.0,0.0,0.0
2020-06-14 18:45:00,4135001,VHMLBKoKgIrUVDU,0.0,0.0,0.0
2020-06-14 18:45:00,4135001,WRmjgnKYAwPKWDb,0.0,0.0,0.0
2020-06-14 18:45:00,4135001,McdE0feGgRqW7Ca,0.0,0.0,0.0
2020-06-14 18:45:00,4135001,sjndEbLyjtCKgGv,0.0,0.0,0.0
2020-06-14 18:45:00,4135001,zVJPv84UY57bAof,0.0,0.0,0.0
2020-06-14 18:45:00,4135001,pkci93gMrogZuBj,0.0,0.0,0.0
2020-06-14 18:45:00,4135001,ZoEaEvLYb1n2sOq,0.0,0.0,0.0
2020-06-14 18:45:00,4135001,iCRJl6heRkivqQ3,0.0,0.0,0.0
2020-06-14 18:45:00,4135001,wCURE6d3bPkepu2,0.0,0.0,0.0
2020-06-14 18:45:00,4135001,z9Y9gH1T5YWrNuG,0.0,0.0,0.0
2020-06-14 18:45:00,4135001,zBIq5rxdHJRwDNY,0.0,0.0,0.0
2020-06-14 18:45:00,4135001,YxYtjZvoooNbGkE,0.0,0.0,0.0
2020-06-14 18:45:00,4135001,ih0vzX44oOqAx2f,0.0,0.0,0.0
2020-06-14 18:45:00,4135001,1IF53ai7Xc0U56Y,0.0,0.0,0.0
2020-06-14 18:45:00,4135001,3PZuoBAID5Wc2HD,0.0,0.0,0.0
2020-06-14 18:45:00,4135001,adLQvlD726eNBSB,0.0,0.0,0.0
2020-06-14 18:45:00,4135001,rGa61gmuvPhdLxV,0.0,0.0,0.0
2020-06-14 18:45:00,4135001,ZnxXDlPa8U1GXgE,0.0,0.0,0.0
2020-06-14 18:45:00,4135001,bvBOhCH3iADSZry,0.0,0.0,0.0
2020-06-14 18:45:00,4135001,7JYdWkrLSPkdwr4,0.0,0.0,0.0
2020-06-14 19:00:00,4135001,bvBOhCH3iADSZry,0.0,0.0,0.0
2020-06-14 19:00:00,4135001,VHMLBKoKgIrUVDU,0.0,0.0,0.0
2020-06-14 19:00:00,4135001,rGa61gmuvPhdLxV,0.0,0.0,0.0
2020-06-14 19:00:00,4135001,pkci93gMrogZuBj,0.0,0.0,0.0
2020-06-14 19:00:00,4135001,adLQvlD726eNBSB,0.0,0.0,0.0
2020-06-14 19:00:00,4135001,zBIq5rxdHJRwDNY,0.0,0.0,0.0
2020-06-14 19:00:00,4135001,ih0vzX44oOqAx2f,0.0,0.0,0.0
2020-06-14 19:00:00,4135001,wCURE6d3bPkepu2,0.0,0.0,0.0
2020-06-14 19:00:00,4135001,sjndEbLyjtCKgGv,0.0,0.0,0.0
2020-06-14 19:00:00,4135001,WRmjgnKYAwPKWDb,0.0,0.0,0.0
2020-06-14 19:00:00,4135001,uHbuxQJl8lW7ozc,0.0,0.0,0.0
2020-06-14 19:00:00,4135001,YxYtjZvoooNbGkE,0.0,0.0,0.0
2020-06-14 19:00:00,4135001,ZnxXDlPa8U1GXgE,0.0,0.0,0.0
2020-06-14 19:00:00,4135001,zVJPv84UY57bAof,0.0,0.0,0.0
2020-06-14 19:00:00,4135001,z9Y9gH1T5YWrNuG,0.0,0.0,0.0
2020-06-14 19:00:00,4135001,7JYdWkrLSPkdwr4,0.0,0.0,0.0
2020-06-14 19:00:00,4135001,1BY6WEcLGh8j5v7,0.0,0.0,0.0
2020-06-14 19:00:00,4135001,ZoEaEvLYb1n2sOq,0.0,0.0,0.0
2020-06-14 19:00:00,4135001,iCRJl6heRkivqQ3,0.0,0.0,0.0
2020-06-14 19:00:00,4135001,McdE0feGgRqW7Ca,0.0,0.0,0.0
2020-06-14 19:00:00,4135001,3PZuoBAID5Wc2HD,0.0,0.0,0.0
2020-06-14 19:00:00,4135001,1IF53ai7Xc0U56Y,0.0,0.0,0.0
2020-06-14 19:15:00,4135001,ih0vzX44oOqAx2f,0.0,0.0,0.0
2020-06-14 19:15:00,4135001,YxYtjZvoooNbGkE,0.0,0.0,0.0
2020-06-14 19:15:00,4135001,7JYdWkrLSPkdwr4,0.0,0.0,0.0
2020-06-14 19:15:00,4135001,ZoEaEvLYb1n2sOq,0.0,0.0,0.0
2020-06-14 19:15:00,4135001,McdE0feGgRqW7Ca,0.0,0.0,0.0
2020-06-14 19:15:00,4135001,1BY6WEcLGh8j5v7,0.0,0.0,0.0
2020-06-14 19:15:00,4135001,zBIq5rxdHJRwDNY,0.0,0.0,0.0
2020-06-14 19:15:00,4135001,bvBOhCH3iADSZry,0.0,0.0,0.0
2020-06-14 19:15:00,4135001,iCRJl6heRkivqQ3,0.0,0.0,0.0
2020-06-14 19:15:00,4135001,VHMLBKoKgIrUVDU,0.0,0.0,0.0
2020-06-14 19:15:00,4135001,rGa61gmuvPhdLxV,0.0,0.0,0.0
2020-06-14 19:15:00,4135001,pkci93gMrogZuBj,0.0,0.0,0.0
2020-06-14 19:15:00,4135001,ZnxXDlPa8U1GXgE,0.0,0.0,0.0
2020-06-14 19:15:00,4135001,zVJPv84UY57bAof,0.0,0.0,0.0
2020-06-14 19:15:00,4135001,WRmjgnKYAwPKWDb,0.0,0.0,0.0
2020-06-14 19:15:00,4135001,wCURE6d3bPkepu2,0.0,0.0,0.0
2020-06-14 19:15:00,4135001,3PZuoBAID5Wc2HD,0.0,0.0,0.0
2020-06-14 19:15:00,4135001,adLQvlD726eNBSB,0.0,0.0,0.0
2020-06-14 19:15:00,4135001,1IF53ai7Xc0U56Y,0.0,0.0,0.0
2020-06-14 19:15:00,4135001,uHbuxQJl8lW7ozc,0.0,0.0,0.0
2020-06-14 19:15:00,4135001,z9Y9gH1T5YWrNuG,0.0,0.0,0.0
2020-06-14 19:15:00,4135001,sjndEbLyjtCKgGv,0.0,0.0,0.0
2020-06-14 19:30:00,4135001,rGa61gmuvPhdLxV,0.0,0.0,0.0
2020-06-14 19:30:00,4135001,YxYtjZvoooNbGkE,0.0,0.0,0.0
2020-06-14 19:30:00,4135001,bvBOhCH3iADSZry,0.0,0.0,0.0
2020-06-14 19:30:00,4135001,pkci93gMrogZuBj,0.0,0.0,0.0
2020-06-14 19:30:00,4135001,7JYdWkrLSPkdwr4,0.0,0.0,0.0
2020-06-14 19:30:00,4135001,zVJPv84UY57bAof,0.0,0.0,0.0
2020-06-14 19:30:00,4135001,3PZuoBAID5Wc2HD,0.0,0.0,0.0
2020-06-14 19:30:00,4135001,1BY6WEcLGh8j5v7,0.0,0.0,0.0
2020-06-14 19:30:00,4135001,iCRJl6heRkivqQ3,0.0,0.0,0.0
2020-06-14 19:30:00,4135001,ZoEaEvLYb1n2sOq,0.0,0.0,0.0
2020-06-14 19:30:00,4135001,sjndEbLyjtCKgGv,0.0,0.0,0.0
2020-06-14 19:30:00,4135001,WRmjgnKYAwPKWDb,0.0,0.0,0.0
2020-06-14 19:30:00,4135001,McdE0feGgRqW7Ca,0.0,0.0,0.0
2020-06-14 19:30:00,4135001,z9Y9gH1T5YWrNuG,0.0,0.0,0.0
2020-06-14 19:30:00,4135001,ih0vzX44oOqAx2f,0.0,0.0,0.0
2020-06-14 19:30:00,4135001,VHMLBKoKgIrUVDU,0.0,0.0,0.0
2020-06-14 19:30:00,4135001,1IF53ai7Xc0U56Y,0.0,0.0,0.0
2020-06-14 19:30:00,4135001,uHbuxQJl8lW7ozc,0.0,0.0,0.0
2020-06-14 19:30:00,4135001,ZnxXDlPa8U1GXgE,0.0,0.0,0.0
2020-06-14 19:30:00,4135001,wCURE6d3bPkepu2,0.0,0.0,0.0
2020-06-14 19:30:00,4135001,adLQvlD726eNBSB,0.0,0.0,0.0
2020-06-14 19:30:00,4135001,zBIq5rxdHJRwDNY,0.0,0.0,0.0
2020-06-14 19:45:00,4135001,YxYtjZvoooNbGkE,0.0,0.0,0.0
2020-06-14 19:45:00,4135001,McdE0feGgRqW7Ca,0.0,0.0,0.0
2020-06-14 19:45:00,4135001,zBIq5rxdHJRwDNY,0.0,0.0,0.0
2020-06-14 19:45:00,4135001,1IF53ai7Xc0U56Y,0.0,0.0,0.0
2020-06-14 19:45:00,4135001,3PZuoBAID5Wc2HD,0.0,0.0,0.0
2020-06-14 19:45:00,4135001,sjndEbLyjtCKgGv,0.0,0.0,0.0
2020-06-14 19:45:00,4135001,pkci93gMrogZuBj,0.0,0.0,0.0
2020-06-14 19:45:00,4135001,ZoEaEvLYb1n2sOq,0.0,0.0,0.0
2020-06-14 19:45:00,4135001,adLQvlD726eNBSB,0.0,0.0,0.0
2020-06-14 19:45:00,4135001,iCRJl6heRkivqQ3,0.0,0.0,0.0
2020-06-14 19:45:00,4135001,WRmjgnKYAwPKWDb,0.0,0.0,0.0
2020-06-14 19:45:00,4135001,z9Y9gH1T5YWrNuG,0.0,0.0,0.0
2020-06-14 19:45:00,4135001,ih0vzX44oOqAx2f,0.0,0.0,0.0
2020-06-14 19:45:00,4135001,ZnxXDlPa8U1GXgE,0.0,0.0,0.0
2020-06-14 19:45:00,4135001,7JYdWkrLSPkdwr4,0.0,0.0,0.0
2020-06-14 19:45:00,4135001,1BY6WEcLGh8j5v7,0.0,0.0,0.0
2020-06-14 19:45:00,4135001,uHbuxQJl8lW7ozc,0.0,0.0,0.0
2020-06-14 19:45:00,4135001,bvBOhCH3iADSZry,0.0,0.0,0.0
2020-06-14 19:45:00,4135001,wCURE6d3bPkepu2,0.0,0.0,0.0
2020-06-14 19:45:00,4135001,rGa61gmuvPhdLxV,0.0,0.0,0.0
2020-06-14 19:45:00,4135001,VHMLBKoKgIrUVDU,0.0,0.0,0.0
2020-06-14 19:45:00,4135001,zVJPv84UY57bAof,0.0,0.0,0.0
2020-06-14 20:00:00,4135001,sjndEbLyjtCKgGv,0.0,0.0,0.0
2020-06-14 20:00:00,4135001,1BY6WEcLGh8j5v7,0.0,0.0,0.0
2020-06-14 20:00:00,4135001,YxYtjZvoooNbGkE,0.0,0.0,0.0
2020-06-14 20:00:00,4135001,ZoEaEvLYb1n2sOq,0.0,0.0,0.0
2020-06-14 20:00:00,4135001,pkci93gMrogZuBj,0.0,0.0,0.0
2020-06-14 20:00:00,4135001,rGa61gmuvPhdLxV,0.0,0.0,0.0
2020-06-14 20:00:00,4135001,adLQvlD726eNBSB,0.0,0.0,0.0
2020-06-14 20:00:00,4135001,WRmjgnKYAwPKWDb,0.0,0.0,0.0
2020-06-14 20:00:00,4135001,7JYdWkrLSPkdwr4,0.0,0.0,0.0
2020-06-14 20:00:00,4135001,zBIq5rxdHJRwDNY,0.0,0.0,0.0
2020-06-14 20:00:00,4135001,zVJPv84UY57bAof,0.0,0.0,0.0
2020-06-14 20:00:00,4135001,VHMLBKoKgIrUVDU,0.0,0.0,0.0
2020-06-14 20:00:00,4135001,ih0vzX44oOqAx2f,0.0,0.0,0.0
2020-06-14 20:00:00,4135001,uHbuxQJl8lW7ozc,0.0,0.0,0.0
2020-06-14 20:00:00,4135001,1IF53ai7Xc0U56Y,0.0,0.0,0.0
2020-06-14 20:00:00,4135001,3PZuoBAID5Wc2HD,0.0,0.0,0.0
2020-06-14 20:00:00,4135001,McdE0feGgRqW7Ca,0.0,0.0,0.0
2020-06-14 20:00:00,4135001,ZnxXDlPa8U1GXgE,0.0,0.0,0.0
2020-06-14 20:00:00,4135001,wCURE6d3bPkepu2,0.0,0.0,0.0
2020-06-14 20:00:00,4135001,iCRJl6heRkivqQ3,0.0,0.0,0.0
2020-06-14 20:00:00,4135001,bvBOhCH3iADSZry,0.0,0.0,0.0
2020-06-14 20:00:00,4135001,z9Y9gH1T5YWrNuG,0.0,0.0,0.0
2020-06-14 20:15:00,4135001,7JYdWkrLSPkdwr4,0.0,0.0,0.0
2020-06-14 20:15:00,4135001,pkci93gMrogZuBj,0.0,0.0,0.0
2020-06-14 20:15:00,4135001,3PZuoBAID5Wc2HD,0.0,0.0,0.0
2020-06-14 20:15:00,4135001,1BY6WEcLGh8j5v7,0.0,0.0,0.0
2020-06-14 20:15:00,4135001,rGa61gmuvPhdLxV,0.0,0.0,0.0
2020-06-14 20:15:00,4135001,iCRJl6heRkivqQ3,0.0,0.0,0.0
2020-06-14 20:15:00,4135001,adLQvlD726eNBSB,0.0,0.0,0.0
2020-06-14 20:15:00,4135001,WRmjgnKYAwPKWDb,0.0,0.0,0.0
2020-06-14 20:15:00,4135001,z9Y9gH1T5YWrNuG,0.0,0.0,0.0
2020-06-14 20:15:00,4135001,VHMLBKoKgIrUVDU,0.0,0.0,0.0
2020-06-14 20:15:00,4135001,ih0vzX44oOqAx2f,0.0,0.0,0.0
2020-06-14 20:15:00,4135001,zVJPv84UY57bAof,0.0,0.0,0.0
2020-06-14 20:15:00,4135001,wCURE6d3bPkepu2,0.0,0.0,0.0
2020-06-14 20:15:00,4135001,ZnxXDlPa8U1GXgE,0.0,0.0,0.0
2020-06-14 20:15:00,4135001,uHbuxQJl8lW7ozc,0.0,0.0,0.0
2020-06-14 20:15:00,4135001,ZoEaEvLYb1n2sOq,0.0,0.0,0.0
2020-06-14 20:15:00,4135001,McdE0feGgRqW7Ca,0.0,0.0,0.0
2020-06-14 20:15:00,4135001,sjndEbLyjtCKgGv,0.0,0.0,0.0
2020-06-14 20:15:00,4135001,YxYtjZvoooNbGkE,0.0,0.0,0.0
2020-06-14 20:15:00,4135001,bvBOhCH3iADSZry,0.0,0.0,0.0
2020-06-14 20:15:00,4135001,zBIq5rxdHJRwDNY,0.0,0.0,0.0
2020-06-14 20:15:00,4135001,1IF53ai7Xc0U56Y,0.0,0.0,0.0
2020-06-14 20:30:00,4135001,McdE0feGgRqW7Ca,0.0,0.0,0.0
2020-06-14 20:30:00,4135001,YxYtjZvoooNbGkE,0.0,0.0,0.0
2020-06-14 20:30:00,4135001,rGa61gmuvPhdLxV,0.0,0.0,0.0
2020-06-14 20:30:00,4135001,wCURE6d3bPkepu2,0.0,0.0,0.0
2020-06-14 20:30:00,4135001,sjndEbLyjtCKgGv,0.0,0.0,0.0
2020-06-14 20:30:00,4135001,zVJPv84UY57bAof,0.0,0.0,0.0
2020-06-14 20:30:00,4135001,ZoEaEvLYb1n2sOq,0.0,0.0,0.0
2020-06-14 20:30:00,4135001,ih0vzX44oOqAx2f,0.0,0.0,0.0
2020-06-14 20:30:00,4135001,adLQvlD726eNBSB,0.0,0.0,0.0
2020-06-14 20:30:00,4135001,bvBOhCH3iADSZry,0.0,0.0,0.0
2020-06-14 20:30:00,4135001,zBIq5rxdHJRwDNY,0.0,0.0,0.0
2020-06-14 20:30:00,4135001,WRmjgnKYAwPKWDb,0.0,0.0,0.0
2020-06-14 20:30:00,4135001,z9Y9gH1T5YWrNuG,0.0,0.0,0.0
2020-06-14 20:30:00,4135001,pkci93gMrogZuBj,0.0,0.0,0.0
2020-06-14 20:30:00,4135001,1IF53ai7Xc0U56Y,0.0,0.0,0.0
2020-06-14 20:30:00,4135001,VHMLBKoKgIrUVDU,0.0,0.0,0.0
2020-06-14 20:30:00,4135001,1BY6WEcLGh8j5v7,0.0,0.0,0.0
2020-06-14 20:30:00,4135001,ZnxXDlPa8U1GXgE,0.0,0.0,0.0
2020-06-14 20:30:00,4135001,uHbuxQJl8lW7ozc,0.0,0.0,0.0
2020-06-14 20:30:00,4135001,3PZuoBAID5Wc2HD,0.0,0.0,0.0
2020-06-14 20:30:00,4135001,iCRJl6heRkivqQ3,0.0,0.0,0.0
2020-06-14 20:30:00,4135001,7JYdWkrLSPkdwr4,0.0,0.0,0.0
2020-06-14 20:45:00,4135001,ih0vzX44oOqAx2f,0.0,0.0,0.0
2020-06-14 20:45:00,4135001,7JYdWkrLSPkdwr4,0.0,0.0,0.0
2020-06-14 20:45:00,4135001,1BY6WEcLGh8j5v7,0.0,0.0,0.0
2020-06-14 20:45:00,4135001,bvBOhCH3iADSZry,0.0,0.0,0.0
2020-06-14 20:45:00,4135001,zBIq5rxdHJRwDNY,0.0,0.0,0.0
2020-06-14 20:45:00,4135001,adLQvlD726eNBSB,0.0,0.0,0.0
2020-06-14 20:45:00,4135001,ZoEaEvLYb1n2sOq,0.0,0.0,0.0
2020-06-14 20:45:00,4135001,3PZuoBAID5Wc2HD,0.0,0.0,0.0
2020-06-14 20:45:00,4135001,VHMLBKoKgIrUVDU,0.0,0.0,0.0
2020-06-14 20:45:00,4135001,rGa61gmuvPhdLxV,0.0,0.0,0.0
2020-06-14 20:45:00,4135001,McdE0feGgRqW7Ca,0.0,0.0,0.0
2020-06-14 20:45:00,4135001,zVJPv84UY57bAof,0.0,0.0,0.0
2020-06-14 20:45:00,4135001,pkci93gMrogZuBj,0.0,0.0,0.0
2020-06-14 20:45:00,4135001,iCRJl6heRkivqQ3,0.0,0.0,0.0
2020-06-14 20:45:00,4135001,sjndEbLyjtCKgGv,0.0,0.0,0.0
2020-06-14 20:45:00,4135001,uHbuxQJl8lW7ozc,0.0,0.0,0.0
2020-06-14 20:45:00,4135001,wCURE6d3bPkepu2,0.0,0.0,0.0
2020-06-14 20:45:00,4135001,YxYtjZvoooNbGkE,0.0,0.0,0.0
2020-06-14 20:45:00,4135001,z9Y9gH1T5YWrNuG,0.0,0.0,0.0
2020-06-14 20:45:00,4135001,ZnxXDlPa8U1GXgE,0.0,0.0,0.0
2020-06-14 20:45:00,4135001,WRmjgnKYAwPKWDb,0.0,0.0,0.0
2020-06-14 20:45:00,4135001,1IF53ai7Xc0U56Y,0.0,0.0,0.0
2020-06-14 21:00:00,4135001,McdE0feGgRqW7Ca,0.0,0.0,0.0
2020-06-14 21:00:00,4135001,bvBOhCH3iADSZry,0.0,0.0,0.0
2020-06-14 21:00:00,4135001,VHMLBKoKgIrUVDU,0.0,0.0,0.0
2020-06-14 21:00:00,4135001,sjndEbLyjtCKgGv,0.0,0.0,0.0
2020-06-14 21:00:00,4135001,1BY6WEcLGh8j5v7,0.0,0.0,0.0
2020-06-14 21:00:00,4135001,wCURE6d3bPkepu2,0.0,0.0,0.0
2020-06-14 21:00:00,4135001,WRmjgnKYAwPKWDb,0.0,0.0,0.0
2020-06-14 21:00:00,4135001,rGa61gmuvPhdLxV,0.0,0.0,0.0
2020-06-14 21:00:00,4135001,7JYdWkrLSPkdwr4,0.0,0.0,0.0
2020-06-14 21:00:00,4135001,adLQvlD726eNBSB,0.0,0.0,0.0
2020-06-14 21:00:00,4135001,ZnxXDlPa8U1GXgE,0.0,0.0,0.0
2020-06-14 21:00:00,4135001,iCRJl6heRkivqQ3,0.0,0.0,0.0
2020-06-14 21:00:00,4135001,uHbuxQJl8lW7ozc,0.0,0.0,0.0
2020-06-14 21:00:00,4135001,pkci93gMrogZuBj,0.0,0.0,0.0
2020-06-14 21:00:00,4135001,YxYtjZvoooNbGkE,0.0,0.0,0.0
2020-06-14 21:00:00,4135001,3PZuoBAID5Wc2HD,0.0,0.0,0.0
2020-06-14 21:00:00,4135001,ih0vzX44oOqAx2f,0.0,0.0,0.0
2020-06-14 21:00:00,4135001,1IF53ai7Xc0U56Y,0.0,0.0,0.0
2020-06-14 21:00:00,4135001,zBIq5rxdHJRwDNY,0.0,0.0,0.0
2020-06-14 21:00:00,4135001,ZoEaEvLYb1n2sOq,0.0,0.0,0.0
2020-06-14 21:00:00,4135001,z9Y9gH1T5YWrNuG,0.0,0.0,0.0
2020-06-14 21:00:00,4135001,zVJPv84UY57bAof,0.0,0.0,0.0
2020-06-14 21:15:00,4135001,1IF53ai7Xc0U56Y,0.0,0.0,0.0
2020-06-14 21:15:00,4135001,bvBOhCH3iADSZry,0.0,0.0,0.0
2020-06-14 21:15:00,4135001,ZnxXDlPa8U1GXgE,0.0,0.0,0.0
2020-06-14 21:15:00,4135001,ih0vzX44oOqAx2f,0.0,0.0,0.0
2020-06-14 21:15:00,4135001,uHbuxQJl8lW7ozc,0.0,0.0,0.0
2020-06-14 21:15:00,4135001,iCRJl6heRkivqQ3,0.0,0.0,0.0
2020-06-14 21:15:00,4135001,zBIq5rxdHJRwDNY,0.0,0.0,0.0
2020-06-14 21:15:00,4135001,3PZuoBAID5Wc2HD,0.0,0.0,0.0
2020-06-14 21:15:00,4135001,sjndEbLyjtCKgGv,0.0,0.0,0.0
2020-06-14 21:15:00,4135001,zVJPv84UY57bAof,0.0,0.0,0.0
2020-06-14 21:15:00,4135001,7JYdWkrLSPkdwr4,0.0,0.0,0.0
2020-06-14 21:15:00,4135001,ZoEaEvLYb1n2sOq,0.0,0.0,0.0
2020-06-14 21:15:00,4135001,z9Y9gH1T5YWrNuG,0.0,0.0,0.0
2020-06-14 21:15:00,4135001,YxYtjZvoooNbGkE,0.0,0.0,0.0
2020-06-14 21:15:00,4135001,adLQvlD726eNBSB,0.0,0.0,0.0
2020-06-14 21:15:00,4135001,pkci93gMrogZuBj,0.0,0.0,0.0
2020-06-14 21:15:00,4135001,1BY6WEcLGh8j5v7,0.0,0.0,0.0
2020-06-14 21:15:00,4135001,wCURE6d3bPkepu2,0.0,0.0,0.0
2020-06-14 21:15:00,4135001,VHMLBKoKgIrUVDU,0.0,0.0,0.0
2020-06-14 21:15:00,4135001,McdE0feGgRqW7Ca,0.0,0.0,0.0
2020-06-14 21:15:00,4135001,rGa61gmuvPhdLxV,0.0,0.0,0.0
2020-06-14 21:15:00,4135001,WRmjgnKYAwPKWDb,0.0,0.0,0.0
2020-06-14 21:30:00,4135001,pkci93gMrogZuBj,0.0,0.0,0.0
2020-06-14 21:30:00,4135001,1IF53ai7Xc0U56Y,0.0,0.0,0.0
2020-06-14 21:30:00,4135001,iCRJl6heRkivqQ3,0.0,0.0,0.0
2020-06-14 21:30:00,4135001,rGa61gmuvPhdLxV,0.0,0.0,0.0
2020-06-14 21:30:00,4135001,7JYdWkrLSPkdwr4,0.0,0.0,0.0
2020-06-14 21:30:00,4135001,ZnxXDlPa8U1GXgE,0.0,0.0,0.0
2020-06-14 21:30:00,4135001,zBIq5rxdHJRwDNY,0.0,0.0,0.0
2020-06-14 21:30:00,4135001,YxYtjZvoooNbGkE,0.0,0.0,0.0
2020-06-14 21:30:00,4135001,WRmjgnKYAwPKWDb,0.0,0.0,0.0
2020-06-14 21:30:00,4135001,3PZuoBAID5Wc2HD,0.0,0.0,0.0
2020-06-14 21:30:00,4135001,uHbuxQJl8lW7ozc,0.0,0.0,0.0
2020-06-14 21:30:00,4135001,sjndEbLyjtCKgGv,0.0,0.0,0.0
2020-06-14 21:30:00,4135001,zVJPv84UY57bAof,0.0,0.0,0.0
2020-06-14 21:30:00,4135001,ZoEaEvLYb1n2sOq,0.0,0.0,0.0
2020-06-14 21:30:00,4135001,ih0vzX44oOqAx2f,0.0,0.0,0.0
2020-06-14 21:30:00,4135001,z9Y9gH1T5YWrNuG,0.0,0.0,0.0
2020-06-14 21:30:00,4135001,adLQvlD726eNBSB,0.0,0.0,0.0
2020-06-14 21:30:00,4135001,1BY6WEcLGh8j5v7,0.0,0.0,0.0
2020-06-14 21:30:00,4135001,VHMLBKoKgIrUVDU,0.0,0.0,0.0
2020-06-14 21:30:00,4135001,McdE0feGgRqW7Ca,0.0,0.0,0.0
2020-06-14 21:30:00,4135001,bvBOhCH3iADSZry,0.0,0.0,0.0
2020-06-14 21:30:00,4135001,wCURE6d3bPkepu2,0.0,0.0,0.0
2020-06-14 21:45:00,4135001,ih0vzX44oOqAx2f,0.0,0.0,0.0
2020-06-14 21:45:00,4135001,zBIq5rxdHJRwDNY,0.0,0.0,0.0
2020-06-14 21:45:00,4135001,pkci93gMrogZuBj,0.0,0.0,0.0
2020-06-14 21:45:00,4135001,uHbuxQJl8lW7ozc,0.0,0.0,0.0
2020-06-14 21:45:00,4135001,VHMLBKoKgIrUVDU,0.0,0.0,0.0
2020-06-14 21:45:00,4135001,wCURE6d3bPkepu2,0.0,0.0,0.0
2020-06-14 21:45:00,4135001,iCRJl6heRkivqQ3,0.0,0.0,0.0
2020-06-14 21:45:00,4135001,1IF53ai7Xc0U56Y,0.0,0.0,0.0
2020-06-14 21:45:00,4135001,1BY6WEcLGh8j5v7,0.0,0.0,0.0
2020-06-14 21:45:00,4135001,bvBOhCH3iADSZry,0.0,0.0,0.0
2020-06-14 21:45:00,4135001,z9Y9gH1T5YWrNuG,0.0,0.0,0.0
2020-06-14 21:45:00,4135001,adLQvlD726eNBSB,0.0,0.0,0.0
2020-06-14 21:45:00,4135001,YxYtjZvoooNbGkE,0.0,0.0,0.0
2020-06-14 21:45:00,4135001,ZnxXDlPa8U1GXgE,0.0,0.0,0.0
2020-06-14 21:45:00,4135001,rGa61gmuvPhdLxV,0.0,0.0,0.0
2020-06-14 21:45:00,4135001,7JYdWkrLSPkdwr4,0.0,0.0,0.0
2020-06-14 21:45:00,4135001,zVJPv84UY57bAof,0.0,0.0,0.0
2020-06-14 21:45:00,4135001,ZoEaEvLYb1n2sOq,0.0,0.0,0.0
2020-06-14 21:45:00,4135001,McdE0feGgRqW7Ca,0.0,0.0,0.0
2020-06-14 21:45:00,4135001,WRmjgnKYAwPKWDb,0.0,0.0,0.0
2020-06-14 21:45:00,4135001,sjndEbLyjtCKgGv,0.0,0.0,0.0
2020-06-14 21:45:00,4135001,3PZuoBAID5Wc2HD,0.0,0.0,0.0
2020-06-14 22:00:00,4135001,pkci93gMrogZuBj,0.0,0.0,0.0
2020-06-14 22:00:00,4135001,zVJPv84UY57bAof,0.0,0.0,0.0
2020-06-14 22:00:00,4135001,z9Y9gH1T5YWrNuG,0.0,0.0,0.0
2020-06-14 22:00:00,4135001,McdE0feGgRqW7Ca,0.0,0.0,0.0
2020-06-14 22:00:00,4135001,rGa61gmuvPhdLxV,0.0,0.0,0.0
2020-06-14 22:00:00,4135001,zBIq5rxdHJRwDNY,0.0,0.0,0.0
2020-06-14 22:00:00,4135001,wCURE6d3bPkepu2,0.0,0.0,0.0
2020-06-14 22:00:00,4135001,VHMLBKoKgIrUVDU,0.0,0.0,0.0
2020-06-14 22:00:00,4135001,uHbuxQJl8lW7ozc,0.0,0.0,0.0
2020-06-14 22:00:00,4135001,7JYdWkrLSPkdwr4,0.0,0.0,0.0
2020-06-14 22:00:00,4135001,bvBOhCH3iADSZry,0.0,0.0,0.0
2020-06-14 22:00:00,4135001,ZoEaEvLYb1n2sOq,0.0,0.0,0.0
2020-06-14 22:00:00,4135001,adLQvlD726eNBSB,0.0,0.0,0.0
2020-06-14 22:00:00,4135001,3PZuoBAID5Wc2HD,0.0,0.0,0.0
2020-06-14 22:00:00,4135001,WRmjgnKYAwPKWDb,0.0,0.0,0.0
2020-06-14 22:00:00,4135001,YxYtjZvoooNbGkE,0.0,0.0,0.0
2020-06-14 22:00:00,4135001,sjndEbLyjtCKgGv,0.0,0.0,0.0
2020-06-14 22:00:00,4135001,ZnxXDlPa8U1GXgE,0.0,0.0,0.0
2020-06-14 22:00:00,4135001,ih0vzX44oOqAx2f,0.0,0.0,0.0
2020-06-14 22:00:00,4135001,1IF53ai7Xc0U56Y,0.0,0.0,0.0
2020-06-14 22:00:00,4135001,iCRJl6heRkivqQ3,0.0,0.0,0.0
2020-06-14 22:00:00,4135001,1BY6WEcLGh8j5v7,0.0,0.0,0.0
2020-06-14 22:15:00,4135001,z9Y9gH1T5YWrNuG,0.0,0.0,0.0
2020-06-14 22:15:00,4135001,bvBOhCH3iADSZry,0.0,0.0,0.0
2020-06-14 22:15:00,4135001,1BY6WEcLGh8j5v7,0.0,0.0,0.0
2020-06-14 22:15:00,4135001,pkci93gMrogZuBj,0.0,0.0,0.0
2020-06-14 22:15:00,4135001,7JYdWkrLSPkdwr4,0.0,0.0,0.0
2020-06-14 22:15:00,4135001,VHMLBKoKgIrUVDU,0.0,0.0,0.0
2020-06-14 22:15:00,4135001,sjndEbLyjtCKgGv,0.0,0.0,0.0
2020-06-14 22:15:00,4135001,iCRJl6heRkivqQ3,0.0,0.0,0.0
2020-06-14 22:15:00,4135001,rGa61gmuvPhdLxV,0.0,0.0,0.0
2020-06-14 22:15:00,4135001,McdE0feGgRqW7Ca,0.0,0.0,0.0
2020-06-14 22:15:00,4135001,1IF53ai7Xc0U56Y,0.0,0.0,0.0
2020-06-14 22:15:00,4135001,ih0vzX44oOqAx2f,0.0,0.0,0.0
2020-06-14 22:15:00,4135001,ZnxXDlPa8U1GXgE,0.0,0.0,0.0
2020-06-14 22:15:00,4135001,WRmjgnKYAwPKWDb,0.0,0.0,0.0
2020-06-14 22:15:00,4135001,3PZuoBAID5Wc2HD,0.0,0.0,0.0
2020-06-14 22:15:00,4135001,zBIq5rxdHJRwDNY,0.0,0.0,0.0
2020-06-14 22:15:00,4135001,ZoEaEvLYb1n2sOq,0.0,0.0,0.0
2020-06-14 22:15:00,4135001,YxYtjZvoooNbGkE,0.0,0.0,0.0
2020-06-14 22:15:00,4135001,zVJPv84UY57bAof,0.0,0.0,0.0
2020-06-14 22:15:00,4135001,adLQvlD726eNBSB,0.0,0.0,0.0
2020-06-14 22:15:00,4135001,wCURE6d3bPkepu2,0.0,0.0,0.0
2020-06-14 22:15:00,4135001,uHbuxQJl8lW7ozc,0.0,0.0,0.0
2020-06-14 22:30:00,4135001,iCRJl6heRkivqQ3,0.0,0.0,0.0
2020-06-14 22:30:00,4135001,1IF53ai7Xc0U56Y,0.0,0.0,0.0
2020-06-14 22:30:00,4135001,bvBOhCH3iADSZry,0.0,0.0,0.0
2020-06-14 22:30:00,4135001,VHMLBKoKgIrUVDU,0.0,0.0,0.0
2020-06-14 22:30:00,4135001,wCURE6d3bPkepu2,0.0,0.0,0.0
2020-06-14 22:30:00,4135001,1BY6WEcLGh8j5v7,0.0,0.0,0.0
2020-06-14 22:30:00,4135001,WRmjgnKYAwPKWDb,0.0,0.0,0.0
2020-06-14 22:30:00,4135001,uHbuxQJl8lW7ozc,0.0,0.0,0.0
2020-06-14 22:30:00,4135001,3PZuoBAID5Wc2HD,0.0,0.0,0.0
2020-06-14 22:30:00,4135001,z9Y9gH1T5YWrNuG,0.0,0.0,0.0
2020-06-14 22:30:00,4135001,McdE0feGgRqW7Ca,0.0,0.0,0.0
2020-06-14 22:30:00,4135001,zBIq5rxdHJRwDNY,0.0,0.0,0.0
2020-06-14 22:30:00,4135001,7JYdWkrLSPkdwr4,0.0,0.0,0.0
2020-06-14 22:30:00,4135001,ZoEaEvLYb1n2sOq,0.0,0.0,0.0
2020-06-14 22:30:00,4135001,pkci93gMrogZuBj,0.0,0.0,0.0
2020-06-14 22:30:00,4135001,YxYtjZvoooNbGkE,0.0,0.0,0.0
2020-06-14 22:30:00,4135001,adLQvlD726eNBSB,0.0,0.0,0.0
2020-06-14 22:30:00,4135001,ih0vzX44oOqAx2f,0.0,0.0,0.0
2020-06-14 22:30:00,4135001,sjndEbLyjtCKgGv,0.0,0.0,0.0
2020-06-14 22:30:00,4135001,rGa61gmuvPhdLxV,0.0,0.0,0.0
2020-06-14 22:30:00,4135001,ZnxXDlPa8U1GXgE,0.0,0.0,0.0
2020-06-14 22:30:00,4135001,zVJPv84UY57bAof,0.0,0.0,0.0
2020-06-14 22:45:00,4135001,ZnxXDlPa8U1GXgE,0.0,0.0,0.0
2020-06-14 22:45:00,4135001,adLQvlD726eNBSB,0.0,0.0,0.0
2020-06-14 22:45:00,4135001,McdE0feGgRqW7Ca,0.0,0.0,0.0
2020-06-14 22:45:00,4135001,3PZuoBAID5Wc2HD,0.0,0.0,0.0
2020-06-14 22:45:00,4135001,WRmjgnKYAwPKWDb,0.0,0.0,0.0
2020-06-14 22:45:00,4135001,ih0vzX44oOqAx2f,0.0,0.0,0.0
2020-06-14 22:45:00,4135001,ZoEaEvLYb1n2sOq,0.0,0.0,0.0
2020-06-14 22:45:00,4135001,1IF53ai7Xc0U56Y,0.0,0.0,0.0
2020-06-14 22:45:00,4135001,YxYtjZvoooNbGkE,0.0,0.0,0.0
2020-06-14 22:45:00,4135001,uHbuxQJl8lW7ozc,0.0,0.0,0.0
2020-06-14 22:45:00,4135001,zVJPv84UY57bAof,0.0,0.0,0.0
2020-06-14 22:45:00,4135001,zBIq5rxdHJRwDNY,0.0,0.0,0.0
2020-06-14 22:45:00,4135001,7JYdWkrLSPkdwr4,0.0,0.0,0.0
2020-06-14 22:45:00,4135001,z9Y9gH1T5YWrNuG,0.0,0.0,0.0
2020-06-14 22:45:00,4135001,VHMLBKoKgIrUVDU,0.0,0.0,0.0
2020-06-14 22:45:00,4135001,iCRJl6heRkivqQ3,0.0,0.0,0.0
2020-06-14 22:45:00,4135001,pkci93gMrogZuBj,0.0,0.0,0.0
2020-06-14 22:45:00,4135001,wCURE6d3bPkepu2,0.0,0.0,0.0
2020-06-14 22:45:00,4135001,sjndEbLyjtCKgGv,0.0,0.0,0.0
2020-06-14 22:45:00,4135001,bvBOhCH3iADSZry,0.0,0.0,0.0
2020-06-14 22:45:00,4135001,1BY6WEcLGh8j5v7,0.0,0.0,0.0
2020-06-14 22:45:00,4135001,rGa61gmuvPhdLxV,0.0,0.0,0.0
2020-06-14 23:00:00,4135001,adLQvlD726eNBSB,0.0,0.0,0.0
2020-06-14 23:00:00,4135001,iCRJl6heRkivqQ3,0.0,0.0,0.0
2020-06-14 23:00:00,4135001,sjndEbLyjtCKgGv,0.0,0.0,0.0
2020-06-14 23:00:00,4135001,z9Y9gH1T5YWrNuG,0.0,0.0,0.0
2020-06-14 23:00:00,4135001,1BY6WEcLGh8j5v7,0.0,0.0,0.0
2020-06-14 23:00:00,4135001,WRmjgnKYAwPKWDb,0.0,0.0,0.0
2020-06-14 23:00:00,4135001,ih0vzX44oOqAx2f,0.0,0.0,0.0
2020-06-14 23:00:00,4135001,ZnxXDlPa8U1GXgE,0.0,0.0,0.0
2020-06-14 23:00:00,4135001,McdE0feGgRqW7Ca,0.0,0.0,0.0
2020-06-14 23:00:00,4135001,ZoEaEvLYb1n2sOq,0.0,0.0,0.0
2020-06-14 23:00:00,4135001,7JYdWkrLSPkdwr4,0.0,0.0,0.0
2020-06-14 23:00:00,4135001,zBIq5rxdHJRwDNY,0.0,0.0,0.0
2020-06-14 23:00:00,4135001,pkci93gMrogZuBj,0.0,0.0,0.0
2020-06-14 23:00:00,4135001,uHbuxQJl8lW7ozc,0.0,0.0,0.0
2020-06-14 23:00:00,4135001,rGa61gmuvPhdLxV,0.0,0.0,0.0
2020-06-14 23:00:00,4135001,bvBOhCH3iADSZry,0.0,0.0,0.0
2020-06-14 23:00:00,4135001,zVJPv84UY57bAof,0.0,0.0,0.0
2020-06-14 23:00:00,4135001,VHMLBKoKgIrUVDU,0.0,0.0,0.0
2020-06-14 23:00:00,4135001,wCURE6d3bPkepu2,0.0,0.0,0.0
2020-06-14 23:00:00,4135001,1IF53ai7Xc0U56Y,0.0,0.0,0.0
2020-06-14 23:00:00,4135001,3PZuoBAID5Wc2HD,0.0,0.0,0.0
2020-06-14 23:00:00,4135001,YxYtjZvoooNbGkE,0.0,0.0,0.0
2020-06-14 23:15:00,4135001,bvBOhCH3iADSZry,0.0,0.0,0.0
2020-06-14 23:15:00,4135001,McdE0feGgRqW7Ca,0.0,0.0,0.0
2020-06-14 23:15:00,4135001,zBIq5rxdHJRwDNY,0.0,0.0,0.0
2020-06-14 23:15:00,4135001,1IF53ai7Xc0U56Y,0.0,0.0,0.0
2020-06-14 23:15:00,4135001,z9Y9gH1T5YWrNuG,0.0,0.0,0.0
2020-06-14 23:15:00,4135001,adLQvlD726eNBSB,0.0,0.0,0.0
2020-06-14 23:15:00,4135001,ih0vzX44oOqAx2f,0.0,0.0,0.0
2020-06-14 23:15:00,4135001,wCURE6d3bPkepu2,0.0,0.0,0.0
2020-06-14 23:15:00,4135001,sjndEbLyjtCKgGv,0.0,0.0,0.0
2020-06-14 23:15:00,4135001,ZnxXDlPa8U1GXgE,0.0,0.0,0.0
2020-06-14 23:15:00,4135001,ZoEaEvLYb1n2sOq,0.0,0.0,0.0
2020-06-14 23:15:00,4135001,7JYdWkrLSPkdwr4,0.0,0.0,0.0
2020-06-14 23:15:00,4135001,YxYtjZvoooNbGkE,0.0,0.0,0.0
2020-06-14 23:15:00,4135001,pkci93gMrogZuBj,0.0,0.0,0.0
2020-06-14 23:15:00,4135001,rGa61gmuvPhdLxV,0.0,0.0,0.0
2020-06-14 23:15:00,4135001,1BY6WEcLGh8j5v7,0.0,0.0,0.0
2020-06-14 23:15:00,4135001,VHMLBKoKgIrUVDU,0.0,0.0,0.0
2020-06-14 23:15:00,4135001,zVJPv84UY57bAof,0.0,0.0,0.0
2020-06-14 23:15:00,4135001,iCRJl6heRkivqQ3,0.0,0.0,0.0
2020-06-14 23:15:00,4135001,3PZuoBAID5Wc2HD,0.0,0.0,0.0
2020-06-14 23:15:00,4135001,uHbuxQJl8lW7ozc,0.0,0.0,0.0
2020-06-14 23:15:00,4135001,WRmjgnKYAwPKWDb,0.0,0.0,0.0
2020-06-14 23:30:00,4135001,1IF53ai7Xc0U56Y,0.0,0.0,0.0
2020-06-14 23:30:00,4135001,ZnxXDlPa8U1GXgE,0.0,0.0,0.0
2020-06-14 23:30:00,4135001,iCRJl6heRkivqQ3,0.0,0.0,0.0
2020-06-14 23:30:00,4135001,ZoEaEvLYb1n2sOq,0.0,0.0,0.0
2020-06-14 23:30:00,4135001,7JYdWkrLSPkdwr4,0.0,0.0,0.0
2020-06-14 23:30:00,4135001,adLQvlD726eNBSB,0.0,0.0,0.0
2020-06-14 23:30:00,4135001,zBIq5rxdHJRwDNY,0.0,0.0,0.0
2020-06-14 23:30:00,4135001,pkci93gMrogZuBj,0.0,0.0,0.0
2020-06-14 23:30:00,4135001,bvBOhCH3iADSZry,0.0,0.0,0.0
2020-06-14 23:30:00,4135001,rGa61gmuvPhdLxV,0.0,0.0,0.0
2020-06-14 23:30:00,4135001,sjndEbLyjtCKgGv,0.0,0.0,0.0
2020-06-14 23:30:00,4135001,zVJPv84UY57bAof,0.0,0.0,0.0
2020-06-14 23:30:00,4135001,3PZuoBAID5Wc2HD,0.0,0.0,0.0
2020-06-14 23:30:00,4135001,1BY6WEcLGh8j5v7,0.0,0.0,0.0
2020-06-14 23:30:00,4135001,ih0vzX44oOqAx2f,0.0,0.0,0.0
2020-06-14 23:30:00,4135001,McdE0feGgRqW7Ca,0.0,0.0,0.0
2020-06-14 23:30:00,4135001,uHbuxQJl8lW7ozc,0.0,0.0,0.0
2020-06-14 23:30:00,4135001,WRmjgnKYAwPKWDb,0.0,0.0,0.0
2020-06-14 23:30:00,4135001,VHMLBKoKgIrUVDU,0.0,0.0,0.0
2020-06-14 23:30:00,4135001,YxYtjZvoooNbGkE,0.0,0.0,0.0
2020-06-14 23:30:00,4135001,z9Y9gH1T5YWrNuG,0.0,0.0,0.0
2020-06-14 23:30:00,4135001,wCURE6d3bPkepu2,0.0,0.0,0.0
2020-06-14 23:45:00,4135001,1BY6WEcLGh8j5v7,0.0,0.0,0.0
2020-06-14 23:45:00,4135001,WRmjgnKYAwPKWDb,0.0,0.0,0.0
2020-06-14 23:45:00,4135001,uHbuxQJl8lW7ozc,0.0,0.0,0.0
2020-06-14 23:45:00,4135001,pkci93gMrogZuBj,0.0,0.0,0.0
2020-06-14 23:45:00,4135001,ih0vzX44oOqAx2f,0.0,0.0,0.0
2020-06-14 23:45:00,4135001,VHMLBKoKgIrUVDU,0.0,0.0,0.0
2020-06-14 23:45:00,4135001,zBIq5rxdHJRwDNY,0.0,0.0,0.0
2020-06-14 23:45:00,4135001,z9Y9gH1T5YWrNuG,0.0,0.0,0.0
2020-06-14 23:45:00,4135001,1IF53ai7Xc0U56Y,0.0,0.0,0.0
2020-06-14 23:45:00,4135001,ZnxXDlPa8U1GXgE,0.0,0.0,0.0
2020-06-14 23:45:00,4135001,3PZuoBAID5Wc2HD,0.0,0.0,0.0
2020-06-14 23:45:00,4135001,wCURE6d3bPkepu2,0.0,0.0,0.0
2020-06-14 23:45:00,4135001,adLQvlD726eNBSB,0.0,0.0,0.0
2020-06-14 23:45:00,4135001,bvBOhCH3iADSZry,0.0,0.0,0.0
2020-06-14 23:45:00,4135001,YxYtjZvoooNbGkE,0.0,0.0,0.0
2020-06-14 23:45:00,4135001,7JYdWkrLSPkdwr4,0.0,0.0,0.0
2020-06-14 23:45:00,4135001,sjndEbLyjtCKgGv,0.0,0.0,0.0
2020-06-14 23:45:00,4135001,iCRJl6heRkivqQ3,0.0,0.0,0.0
2020-06-14 23:45:00,4135001,McdE0feGgRqW7Ca,0.0,0.0,0.0
2020-06-14 23:45:00,4135001,rGa61gmuvPhdLxV,0.0,0.0,0.0
2020-06-14 23:45:00,4135001,ZoEaEvLYb1n2sOq,0.0,0.0,0.0
2020-06-14 23:45:00,4135001,zVJPv84UY57bAof,0.0,0.0,0.0
2020-06-15 00:00:00,4135001,wCURE6d3bPkepu2,0.0,0.0,0.0
2020-06-15 00:00:00,4135001,7JYdWkrLSPkdwr4,0.0,0.0,0.0
2020-06-15 00:00:00,4135001,McdE0feGgRqW7Ca,0.0,0.0,0.0
2020-06-15 00:00:00,4135001,1IF53ai7Xc0U56Y,0.0,0.0,0.0
2020-06-15 00:00:00,4135001,zVJPv84UY57bAof,0.0,0.0,0.0
2020-06-15 00:00:00,4135001,1BY6WEcLGh8j5v7,0.0,0.0,0.0
2020-06-15 00:00:00,4135001,VHMLBKoKgIrUVDU,0.0,0.0,0.0
2020-06-15 00:00:00,4135001,3PZuoBAID5Wc2HD,0.0,0.0,0.0
2020-06-15 00:00:00,4135001,ih0vzX44oOqAx2f,0.0,0.0,0.0
2020-06-15 00:00:00,4135001,rGa61gmuvPhdLxV,0.0,0.0,0.0
2020-06-15 00:00:00,4135001,YxYtjZvoooNbGkE,0.0,0.0,0.0
2020-06-15 00:00:00,4135001,adLQvlD726eNBSB,0.0,0.0,0.0
2020-06-15 00:00:00,4135001,z9Y9gH1T5YWrNuG,0.0,0.0,0.0
2020-06-15 00:00:00,4135001,WRmjgnKYAwPKWDb,0.0,0.0,0.0
2020-06-15 00:00:00,4135001,uHbuxQJl8lW7ozc,0.0,0.0,0.0
2020-06-15 00:00:00,4135001,sjndEbLyjtCKgGv,0.0,0.0,0.0
2020-06-15 00:00:00,4135001,bvBOhCH3iADSZry,0.0,0.0,0.0
2020-06-15 00:00:00,4135001,ZnxXDlPa8U1GXgE,0.0,0.0,0.0
2020-06-15 00:00:00,4135001,pkci93gMrogZuBj,0.0,0.0,0.0
2020-06-15 00:00:00,4135001,iCRJl6heRkivqQ3,0.0,0.0,0.0
2020-06-15 00:00:00,4135001,zBIq5rxdHJRwDNY,0.0,0.0,0.0
2020-06-15 00:00:00,4135001,ZoEaEvLYb1n2sOq,0.0,0.0,0.0
2020-06-15 00:15:00,4135001,adLQvlD726eNBSB,0.0,0.0,0.0
2020-06-15 00:15:00,4135001,VHMLBKoKgIrUVDU,0.0,0.0,0.0
2020-06-15 00:15:00,4135001,zVJPv84UY57bAof,0.0,0.0,0.0
2020-06-15 00:15:00,4135001,WRmjgnKYAwPKWDb,0.0,0.0,0.0
2020-06-15 00:15:00,4135001,ZnxXDlPa8U1GXgE,0.0,0.0,0.0
2020-06-15 00:15:00,4135001,1BY6WEcLGh8j5v7,0.0,0.0,0.0
2020-06-15 00:15:00,4135001,rGa61gmuvPhdLxV,0.0,0.0,0.0
2020-06-15 00:15:00,4135001,ih0vzX44oOqAx2f,0.0,0.0,0.0
2020-06-15 00:15:00,4135001,iCRJl6heRkivqQ3,0.0,0.0,0.0
2020-06-15 00:15:00,4135001,3PZuoBAID5Wc2HD,0.0,0.0,0.0
2020-06-15 00:15:00,4135001,McdE0feGgRqW7Ca,0.0,0.0,0.0
2020-06-15 00:15:00,4135001,pkci93gMrogZuBj,0.0,0.0,0.0
2020-06-15 00:15:00,4135001,z9Y9gH1T5YWrNuG,0.0,0.0,0.0
2020-06-15 00:15:00,4135001,zBIq5rxdHJRwDNY,0.0,0.0,0.0
2020-06-15 00:15:00,4135001,sjndEbLyjtCKgGv,0.0,0.0,0.0
2020-06-15 00:15:00,4135001,1IF53ai7Xc0U56Y,0.0,0.0,0.0
2020-06-15 00:15:00,4135001,YxYtjZvoooNbGkE,0.0,0.0,0.0
2020-06-15 00:15:00,4135001,bvBOhCH3iADSZry,0.0,0.0,0.0
2020-06-15 00:15:00,4135001,7JYdWkrLSPkdwr4,0.0,0.0,0.0
2020-06-15 00:15:00,4135001,uHbuxQJl8lW7ozc,0.0,0.0,0.0
2020-06-15 00:15:00,4135001,wCURE6d3bPkepu2,0.0,0.0,0.0
2020-06-15 00:15:00,4135001,ZoEaEvLYb1n2sOq,0.0,0.0,0.0
2020-06-15 00:30:00,4135001,wCURE6d3bPkepu2,0.0,0.0,0.0
2020-06-15 00:30:00,4135001,adLQvlD726eNBSB,0.0,0.0,0.0
2020-06-15 00:30:00,4135001,rGa61gmuvPhdLxV,0.0,0.0,0.0
2020-06-15 00:30:00,4135001,sjndEbLyjtCKgGv,0.0,0.0,0.0
2020-06-15 00:30:00,4135001,YxYtjZvoooNbGkE,0.0,0.0,0.0
2020-06-15 00:30:00,4135001,ZoEaEvLYb1n2sOq,0.0,0.0,0.0
2020-06-15 00:30:00,4135001,uHbuxQJl8lW7ozc,0.0,0.0,0.0
2020-06-15 00:30:00,4135001,WRmjgnKYAwPKWDb,0.0,0.0,0.0
2020-06-15 00:30:00,4135001,3PZuoBAID5Wc2HD,0.0,0.0,0.0
2020-06-15 00:30:00,4135001,7JYdWkrLSPkdwr4,0.0,0.0,0.0
2020-06-15 00:30:00,4135001,1IF53ai7Xc0U56Y,0.0,0.0,0.0
2020-06-15 00:30:00,4135001,zBIq5rxdHJRwDNY,0.0,0.0,0.0
2020-06-15 00:30:00,4135001,z9Y9gH1T5YWrNuG,0.0,0.0,0.0
2020-06-15 00:30:00,4135001,McdE0feGgRqW7Ca,0.0,0.0,0.0
2020-06-15 00:30:00,4135001,1BY6WEcLGh8j5v7,0.0,0.0,0.0
2020-06-15 00:30:00,4135001,bvBOhCH3iADSZry,0.0,0.0,0.0
2020-06-15 00:30:00,4135001,ZnxXDlPa8U1GXgE,0.0,0.0,0.0
2020-06-15 00:30:00,4135001,iCRJl6heRkivqQ3,0.0,0.0,0.0
2020-06-15 00:30:00,4135001,pkci93gMrogZuBj,0.0,0.0,0.0
2020-06-15 00:30:00,4135001,ih0vzX44oOqAx2f,0.0,0.0,0.0
2020-06-15 00:30:00,4135001,zVJPv84UY57bAof,0.0,0.0,0.0
2020-06-15 00:30:00,4135001,VHMLBKoKgIrUVDU,0.0,0.0,0.0
2020-06-15 00:45:00,4135001,zVJPv84UY57bAof,0.0,0.0,0.0
2020-06-15 00:45:00,4135001,bvBOhCH3iADSZry,0.0,0.0,0.0
2020-06-15 00:45:00,4135001,ih0vzX44oOqAx2f,0.0,0.0,0.0
2020-06-15 00:45:00,4135001,rGa61gmuvPhdLxV,0.0,0.0,0.0
2020-06-15 00:45:00,4135001,iCRJl6heRkivqQ3,0.0,0.0,0.0
2020-06-15 00:45:00,4135001,VHMLBKoKgIrUVDU,0.0,0.0,0.0
2020-06-15 00:45:00,4135001,McdE0feGgRqW7Ca,0.0,0.0,0.0
2020-06-15 00:45:00,4135001,adLQvlD726eNBSB,0.0,0.0,0.0
2020-06-15 00:45:00,4135001,3PZuoBAID5Wc2HD,0.0,0.0,0.0
2020-06-15 00:45:00,4135001,7JYdWkrLSPkdwr4,0.0,0.0,0.0
2020-06-15 00:45:00,4135001,1IF53ai7Xc0U56Y,0.0,0.0,0.0
2020-06-15 00:45:00,4135001,pkci93gMrogZuBj,0.0,0.0,0.0
2020-06-15 00:45:00,4135001,z9Y9gH1T5YWrNuG,0.0,0.0,0.0
2020-06-15 00:45:00,4135001,uHbuxQJl8lW7ozc,0.0,0.0,0.0
2020-06-15 00:45:00,4135001,zBIq5rxdHJRwDNY,0.0,0.0,0.0
2020-06-15 00:45:00,4135001,1BY6WEcLGh8j5v7,0.0,0.0,0.0
2020-06-15 00:45:00,4135001,ZoEaEvLYb1n2sOq,0.0,0.0,0.0
2020-06-15 00:45:00,4135001,wCURE6d3bPkepu2,0.0,0.0,0.0
2020-06-15 00:45:00,4135001,ZnxXDlPa8U1GXgE,0.0,0.0,0.0
2020-06-15 00:45:00,4135001,sjndEbLyjtCKgGv,0.0,0.0,0.0
2020-06-15 00:45:00,4135001,WRmjgnKYAwPKWDb,0.0,0.0,0.0
2020-06-15 00:45:00,4135001,YxYtjZvoooNbGkE,0.0,0.0,0.0
2020-06-15 01:00:00,4135001,WRmjgnKYAwPKWDb,0.0,0.0,0.0
2020-06-15 01:00:00,4135001,ZnxXDlPa8U1GXgE,0.0,0.0,0.0
2020-06-15 01:00:00,4135001,1IF53ai7Xc0U56Y,0.0,0.0,0.0
2020-06-15 01:00:00,4135001,pkci93gMrogZuBj,0.0,0.0,0.0
2020-06-15 01:00:00,4135001,zVJPv84UY57bAof,0.0,0.0,0.0
2020-06-15 01:00:00,4135001,3PZuoBAID5Wc2HD,0.0,0.0,0.0
2020-06-15 01:00:00,4135001,uHbuxQJl8lW7ozc,0.0,0.0,0.0
2020-06-15 01:00:00,4135001,ZoEaEvLYb1n2sOq,0.0,0.0,0.0
2020-06-15 01:00:00,4135001,adLQvlD726eNBSB,0.0,0.0,0.0
2020-06-15 01:00:00,4135001,sjndEbLyjtCKgGv,0.0,0.0,0.0
2020-06-15 01:00:00,4135001,rGa61gmuvPhdLxV,0.0,0.0,0.0
2020-06-15 01:00:00,4135001,VHMLBKoKgIrUVDU,0.0,0.0,0.0
2020-06-15 01:00:00,4135001,1BY6WEcLGh8j5v7,0.0,0.0,0.0
2020-06-15 01:00:00,4135001,McdE0feGgRqW7Ca,0.0,0.0,0.0
2020-06-15 01:00:00,4135001,iCRJl6heRkivqQ3,0.0,0.0,0.0
2020-06-15 01:00:00,4135001,YxYtjZvoooNbGkE,0.0,0.0,0.0
2020-06-15 01:00:00,4135001,wCURE6d3bPkepu2,0.0,0.0,0.0
2020-06-15 01:00:00,4135001,ih0vzX44oOqAx2f,0.0,0.0,0.0
2020-06-15 01:00:00,4135001,bvBOhCH3iADSZry,0.0,0.0,0.0
2020-06-15 01:00:00,4135001,z9Y9gH1T5YWrNuG,0.0,0.0,0.0
2020-06-15 01:00:00,4135001,zBIq5rxdHJRwDNY,0.0,0.0,0.0
2020-06-15 01:00:00,4135001,7JYdWkrLSPkdwr4,0.0,0.0,0.0
2020-06-15 01:15:00,4135001,rGa61gmuvPhdLxV,0.0,0.0,0.0
2020-06-15 01:15:00,4135001,7JYdWkrLSPkdwr4,0.0,0.0,0.0
2020-06-15 01:15:00,4135001,zVJPv84UY57bAof,0.0,0.0,0.0
2020-06-15 01:15:00,4135001,ZoEaEvLYb1n2sOq,0.0,0.0,0.0
2020-06-15 01:15:00,4135001,VHMLBKoKgIrUVDU,0.0,0.0,0.0
2020-06-15 01:15:00,4135001,iCRJl6heRkivqQ3,0.0,0.0,0.0
2020-06-15 01:15:00,4135001,ih0vzX44oOqAx2f,0.0,0.0,0.0
2020-06-15 01:15:00,4135001,3PZuoBAID5Wc2HD,0.0,0.0,0.0
2020-06-15 01:15:00,4135001,YxYtjZvoooNbGkE,0.0,0.0,0.0
2020-06-15 01:15:00,4135001,zBIq5rxdHJRwDNY,0.0,0.0,0.0
2020-06-15 01:15:00,4135001,ZnxXDlPa8U1GXgE,0.0,0.0,0.0
2020-06-15 01:15:00,4135001,WRmjgnKYAwPKWDb,0.0,0.0,0.0
2020-06-15 01:15:00,4135001,1IF53ai7Xc0U56Y,0.0,0.0,0.0
2020-06-15 01:15:00,4135001,McdE0feGgRqW7Ca,0.0,0.0,0.0
2020-06-15 01:15:00,4135001,1BY6WEcLGh8j5v7,0.0,0.0,0.0
2020-06-15 01:15:00,4135001,bvBOhCH3iADSZry,0.0,0.0,0.0
2020-06-15 01:15:00,4135001,uHbuxQJl8lW7ozc,0.0,0.0,0.0
2020-06-15 01:15:00,4135001,z9Y9gH1T5YWrNuG,0.0,0.0,0.0
2020-06-15 01:15:00,4135001,wCURE6d3bPkepu2,0.0,0.0,0.0
2020-06-15 01:15:00,4135001,adLQvlD726eNBSB,0.0,0.0,0.0
2020-06-15 01:15:00,4135001,pkci93gMrogZuBj,0.0,0.0,0.0
2020-06-15 01:15:00,4135001,sjndEbLyjtCKgGv,0.0,0.0,0.0
2020-06-15 01:30:00,4135001,3PZuoBAID5Wc2HD,0.0,0.0,0.0
2020-06-15 01:30:00,4135001,wCURE6d3bPkepu2,0.0,0.0,0.0
2020-06-15 01:30:00,4135001,adLQvlD726eNBSB,0.0,0.0,0.0
2020-06-15 01:30:00,4135001,1IF53ai7Xc0U56Y,0.0,0.0,0.0
2020-06-15 01:30:00,4135001,zBIq5rxdHJRwDNY,0.0,0.0,0.0
2020-06-15 01:30:00,4135001,uHbuxQJl8lW7ozc,0.0,0.0,0.0
2020-06-15 01:30:00,4135001,1BY6WEcLGh8j5v7,0.0,0.0,0.0
2020-06-15 01:30:00,4135001,WRmjgnKYAwPKWDb,0.0,0.0,0.0
2020-06-15 01:30:00,4135001,pkci93gMrogZuBj,0.0,0.0,0.0
2020-06-15 01:30:00,4135001,z9Y9gH1T5YWrNuG,0.0,0.0,0.0
2020-06-15 01:30:00,4135001,iCRJl6heRkivqQ3,0.0,0.0,0.0
2020-06-15 01:30:00,4135001,ZnxXDlPa8U1GXgE,0.0,0.0,0.0
2020-06-15 01:30:00,4135001,YxYtjZvoooNbGkE,0.0,0.0,0.0
2020-06-15 01:30:00,4135001,VHMLBKoKgIrUVDU,0.0,0.0,0.0
2020-06-15 01:30:00,4135001,7JYdWkrLSPkdwr4,0.0,0.0,0.0
2020-06-15 01:30:00,4135001,ih0vzX44oOqAx2f,0.0,0.0,0.0
2020-06-15 01:30:00,4135001,sjndEbLyjtCKgGv,0.0,0.0,0.0
2020-06-15 01:30:00,4135001,bvBOhCH3iADSZry,0.0,0.0,0.0
2020-06-15 01:30:00,4135001,McdE0feGgRqW7Ca,0.0,0.0,0.0
2020-06-15 01:30:00,4135001,zVJPv84UY57bAof,0.0,0.0,0.0
2020-06-15 01:30:00,4135001,ZoEaEvLYb1n2sOq,0.0,0.0,0.0
2020-06-15 01:30:00,4135001,rGa61gmuvPhdLxV,0.0,0.0,0.0
2020-06-15 01:45:00,4135001,zBIq5rxdHJRwDNY,0.0,0.0,0.0
2020-06-15 01:45:00,4135001,uHbuxQJl8lW7ozc,0.0,0.0,0.0
2020-06-15 01:45:00,4135001,bvBOhCH3iADSZry,0.0,0.0,0.0
2020-06-15 01:45:00,4135001,VHMLBKoKgIrUVDU,0.0,0.0,0.0
2020-06-15 01:45:00,4135001,3PZuoBAID5Wc2HD,0.0,0.0,0.0
2020-06-15 01:45:00,4135001,YxYtjZvoooNbGkE,0.0,0.0,0.0
2020-06-15 01:45:00,4135001,ih0vzX44oOqAx2f,0.0,0.0,0.0
2020-06-15 01:45:00,4135001,zVJPv84UY57bAof,0.0,0.0,0.0
2020-06-15 01:45:00,4135001,sjndEbLyjtCKgGv,0.0,0.0,0.0
2020-06-15 01:45:00,4135001,1IF53ai7Xc0U56Y,0.0,0.0,0.0
2020-06-15 01:45:00,4135001,adLQvlD726eNBSB,0.0,0.0,0.0
2020-06-15 01:45:00,4135001,ZnxXDlPa8U1GXgE,0.0,0.0,0.0
2020-06-15 01:45:00,4135001,ZoEaEvLYb1n2sOq,0.0,0.0,0.0
2020-06-15 01:45:00,4135001,wCURE6d3bPkepu2,0.0,0.0,0.0
2020-06-15 01:45:00,4135001,WRmjgnKYAwPKWDb,0.0,0.0,0.0
2020-06-15 01:45:00,4135001,z9Y9gH1T5YWrNuG,0.0,0.0,0.0
2020-06-15 01:45:00,4135001,pkci93gMrogZuBj,0.0,0.0,0.0
2020-06-15 01:45:00,4135001,rGa61gmuvPhdLxV,0.0,0.0,0.0
2020-06-15 01:45:00,4135001,7JYdWkrLSPkdwr4,0.0,0.0,0.0
2020-06-15 01:45:00,4135001,McdE0feGgRqW7Ca,0.0,0.0,0.0
2020-06-15 01:45:00,4135001,1BY6WEcLGh8j5v7,0.0,0.0,0.0
2020-06-15 01:45:00,4135001,iCRJl6heRkivqQ3,0.0,0.0,0.0
2020-06-15 02:00:00,4135001,1IF53ai7Xc0U56Y,0.0,0.0,0.0
2020-06-15 02:00:00,4135001,sjndEbLyjtCKgGv,0.0,0.0,0.0
2020-06-15 02:00:00,4135001,z9Y9gH1T5YWrNuG,0.0,0.0,0.0
2020-06-15 02:00:00,4135001,zVJPv84UY57bAof,0.0,0.0,0.0
2020-06-15 02:00:00,4135001,pkci93gMrogZuBj,0.0,0.0,0.0
2020-06-15 02:00:00,4135001,WRmjgnKYAwPKWDb,0.0,0.0,0.0
2020-06-15 02:00:00,4135001,ih0vzX44oOqAx2f,0.0,0.0,0.0
2020-06-15 02:00:00,4135001,ZoEaEvLYb1n2sOq,0.0,0.0,0.0
2020-06-15 02:00:00,4135001,McdE0feGgRqW7Ca,0.0,0.0,0.0
2020-06-15 02:00:00,4135001,iCRJl6heRkivqQ3,0.0,0.0,0.0
2020-06-15 02:00:00,4135001,ZnxXDlPa8U1GXgE,0.0,0.0,0.0
2020-06-15 02:00:00,4135001,rGa61gmuvPhdLxV,0.0,0.0,0.0
2020-06-15 02:00:00,4135001,VHMLBKoKgIrUVDU,0.0,0.0,0.0
2020-06-15 02:00:00,4135001,7JYdWkrLSPkdwr4,0.0,0.0,0.0
2020-06-15 02:00:00,4135001,1BY6WEcLGh8j5v7,0.0,0.0,0.0
2020-06-15 02:00:00,4135001,3PZuoBAID5Wc2HD,0.0,0.0,0.0
2020-06-15 02:00:00,4135001,wCURE6d3bPkepu2,0.0,0.0,0.0
2020-06-15 02:00:00,4135001,zBIq5rxdHJRwDNY,0.0,0.0,0.0
2020-06-15 02:00:00,4135001,uHbuxQJl8lW7ozc,0.0,0.0,0.0
2020-06-15 02:00:00,4135001,bvBOhCH3iADSZry,0.0,0.0,0.0
2020-06-15 02:00:00,4135001,adLQvlD726eNBSB,0.0,0.0,0.0
2020-06-15 02:00:00,4135001,YxYtjZvoooNbGkE,0.0,0.0,0.0
2020-06-15 02:15:00,4135001,wCURE6d3bPkepu2,0.0,0.0,0.0
2020-06-15 02:15:00,4135001,1BY6WEcLGh8j5v7,0.0,0.0,0.0
2020-06-15 02:15:00,4135001,ZnxXDlPa8U1GXgE,0.0,0.0,0.0
2020-06-15 02:15:00,4135001,McdE0feGgRqW7Ca,0.0,0.0,0.0
2020-06-15 02:15:00,4135001,uHbuxQJl8lW7ozc,0.0,0.0,0.0
2020-06-15 02:15:00,4135001,1IF53ai7Xc0U56Y,0.0,0.0,0.0
2020-06-15 02:15:00,4135001,WRmjgnKYAwPKWDb,0.0,0.0,0.0
2020-06-15 02:15:00,4135001,ih0vzX44oOqAx2f,0.0,0.0,0.0
2020-06-15 02:15:00,4135001,z9Y9gH1T5YWrNuG,0.0,0.0,0.0
2020-06-15 02:15:00,4135001,7JYdWkrLSPkdwr4,0.0,0.0,0.0
2020-06-15 02:15:00,4135001,YxYtjZvoooNbGkE,0.0,0.0,0.0
2020-06-15 02:15:00,4135001,bvBOhCH3iADSZry,0.0,0.0,0.0
2020-06-15 02:15:00,4135001,iCRJl6heRkivqQ3,0.0,0.0,0.0
2020-06-15 02:15:00,4135001,pkci93gMrogZuBj,0.0,0.0,0.0
2020-06-15 02:15:00,4135001,zBIq5rxdHJRwDNY,0.0,0.0,0.0
2020-06-15 02:15:00,4135001,rGa61gmuvPhdLxV,0.0,0.0,0.0
2020-06-15 02:15:00,4135001,3PZuoBAID5Wc2HD,0.0,0.0,0.0
2020-06-15 02:15:00,4135001,VHMLBKoKgIrUVDU,0.0,0.0,0.0
2020-06-15 02:15:00,4135001,sjndEbLyjtCKgGv,0.0,0.0,0.0
2020-06-15 02:15:00,4135001,zVJPv84UY57bAof,0.0,0.0,0.0
2020-06-15 02:15:00,4135001,adLQvlD726eNBSB,0.0,0.0,0.0
2020-06-15 02:15:00,4135001,ZoEaEvLYb1n2sOq,0.0,0.0,0.0
2020-06-15 02:30:00,4135001,uHbuxQJl8lW7ozc,0.0,0.0,0.0
2020-06-15 02:30:00,4135001,WRmjgnKYAwPKWDb,0.0,0.0,0.0
2020-06-15 02:30:00,4135001,pkci93gMrogZuBj,0.0,0.0,0.0
2020-06-15 02:30:00,4135001,ZoEaEvLYb1n2sOq,0.0,0.0,0.0
2020-06-15 02:30:00,4135001,bvBOhCH3iADSZry,0.0,0.0,0.0
2020-06-15 02:30:00,4135001,iCRJl6heRkivqQ3,0.0,0.0,0.0
2020-06-15 02:30:00,4135001,zBIq5rxdHJRwDNY,0.0,0.0,0.0
2020-06-15 02:30:00,4135001,sjndEbLyjtCKgGv,0.0,0.0,0.0
2020-06-15 02:30:00,4135001,1IF53ai7Xc0U56Y,0.0,0.0,0.0
2020-06-15 02:30:00,4135001,1BY6WEcLGh8j5v7,0.0,0.0,0.0
2020-06-15 02:30:00,4135001,ZnxXDlPa8U1GXgE,0.0,0.0,0.0
2020-06-15 02:30:00,4135001,z9Y9gH1T5YWrNuG,0.0,0.0,0.0
2020-06-15 02:30:00,4135001,adLQvlD726eNBSB,0.0,0.0,0.0
2020-06-15 02:30:00,4135001,rGa61gmuvPhdLxV,0.0,0.0,0.0
2020-06-15 02:30:00,4135001,YxYtjZvoooNbGkE,0.0,0.0,0.0
2020-06-15 02:30:00,4135001,7JYdWkrLSPkdwr4,0.0,0.0,0.0
2020-06-15 02:30:00,4135001,VHMLBKoKgIrUVDU,0.0,0.0,0.0
2020-06-15 02:30:00,4135001,zVJPv84UY57bAof,0.0,0.0,0.0
2020-06-15 02:30:00,4135001,ih0vzX44oOqAx2f,0.0,0.0,0.0
2020-06-15 02:30:00,4135001,McdE0feGgRqW7Ca,0.0,0.0,0.0
2020-06-15 02:30:00,4135001,3PZuoBAID5Wc2HD,0.0,0.0,0.0
2020-06-15 02:30:00,4135001,wCURE6d3bPkepu2,0.0,0.0,0.0
2020-06-15 02:45:00,4135001,ZnxXDlPa8U1GXgE,0.0,0.0,0.0
2020-06-15 02:45:00,4135001,iCRJl6heRkivqQ3,0.0,0.0,0.0
2020-06-15 02:45:00,4135001,VHMLBKoKgIrUVDU,0.0,0.0,0.0
2020-06-15 02:45:00,4135001,z9Y9gH1T5YWrNuG,0.0,0.0,0.0
2020-06-15 02:45:00,4135001,adLQvlD726eNBSB,0.0,0.0,0.0
2020-06-15 02:45:00,4135001,1BY6WEcLGh8j5v7,0.0,0.0,0.0
2020-06-15 02:45:00,4135001,WRmjgnKYAwPKWDb,0.0,0.0,0.0
2020-06-15 02:45:00,4135001,pkci93gMrogZuBj,0.0,0.0,0.0
2020-06-15 02:45:00,4135001,McdE0feGgRqW7Ca,0.0,0.0,0.0
2020-06-15 02:45:00,4135001,ZoEaEvLYb1n2sOq,0.0,0.0,0.0
2020-06-15 02:45:00,4135001,zBIq5rxdHJRwDNY,0.0,0.0,0.0
2020-06-15 02:45:00,4135001,7JYdWkrLSPkdwr4,0.0,0.0,0.0
2020-06-15 02:45:00,4135001,wCURE6d3bPkepu2,0.0,0.0,0.0
2020-06-15 02:45:00,4135001,uHbuxQJl8lW7ozc,0.0,0.0,0.0
2020-06-15 02:45:00,4135001,1IF53ai7Xc0U56Y,0.0,0.0,0.0
2020-06-15 02:45:00,4135001,YxYtjZvoooNbGkE,0.0,0.0,0.0
2020-06-15 02:45:00,4135001,ih0vzX44oOqAx2f,0.0,0.0,0.0
2020-06-15 02:45:00,4135001,bvBOhCH3iADSZry,0.0,0.0,0.0
2020-06-15 02:45:00,4135001,3PZuoBAID5Wc2HD,0.0,0.0,0.0
2020-06-15 02:45:00,4135001,zVJPv84UY57bAof,0.0,0.0,0.0
2020-06-15 02:45:00,4135001,rGa61gmuvPhdLxV,0.0,0.0,0.0
2020-06-15 02:45:00,4135001,sjndEbLyjtCKgGv,0.0,0.0,0.0
2020-06-15 03:00:00,4135001,ih0vzX44oOqAx2f,0.0,0.0,0.0
2020-06-15 03:00:00,4135001,bvBOhCH3iADSZry,0.0,0.0,0.0
2020-06-15 03:00:00,4135001,ZnxXDlPa8U1GXgE,0.0,0.0,0.0
2020-06-15 03:00:00,4135001,zVJPv84UY57bAof,0.0,0.0,0.0
2020-06-15 03:00:00,4135001,VHMLBKoKgIrUVDU,0.0,0.0,0.0
2020-06-15 03:00:00,4135001,pkci93gMrogZuBj,0.0,0.0,0.0
2020-06-15 03:00:00,4135001,sjndEbLyjtCKgGv,0.0,0.0,0.0
2020-06-15 03:00:00,4135001,3PZuoBAID5Wc2HD,0.0,0.0,0.0
2020-06-15 03:00:00,4135001,McdE0feGgRqW7Ca,0.0,0.0,0.0
2020-06-15 03:00:00,4135001,YxYtjZvoooNbGkE,0.0,0.0,0.0
2020-06-15 03:00:00,4135001,rGa61gmuvPhdLxV,0.0,0.0,0.0
2020-06-15 03:00:00,4135001,ZoEaEvLYb1n2sOq,0.0,0.0,0.0
2020-06-15 03:00:00,4135001,zBIq5rxdHJRwDNY,0.0,0.0,0.0
2020-06-15 03:00:00,4135001,7JYdWkrLSPkdwr4,0.0,0.0,0.0
2020-06-15 03:00:00,4135001,iCRJl6heRkivqQ3,0.0,0.0,0.0
2020-06-15 03:00:00,4135001,z9Y9gH1T5YWrNuG,0.0,0.0,0.0
2020-06-15 03:00:00,4135001,uHbuxQJl8lW7ozc,0.0,0.0,0.0
2020-06-15 03:00:00,4135001,WRmjgnKYAwPKWDb,0.0,0.0,0.0
2020-06-15 03:00:00,4135001,adLQvlD726eNBSB,0.0,0.0,0.0
2020-06-15 03:00:00,4135001,wCURE6d3bPkepu2,0.0,0.0,0.0
2020-06-15 03:00:00,4135001,1BY6WEcLGh8j5v7,0.0,0.0,0.0
2020-06-15 03:00:00,4135001,1IF53ai7Xc0U56Y,0.0,0.0,0.0
2020-06-15 03:15:00,4135001,sjndEbLyjtCKgGv,0.0,0.0,0.0
2020-06-15 03:15:00,4135001,WRmjgnKYAwPKWDb,0.0,0.0,0.0
2020-06-15 03:15:00,4135001,iCRJl6heRkivqQ3,0.0,0.0,0.0
2020-06-15 03:15:00,4135001,rGa61gmuvPhdLxV,0.0,0.0,0.0
2020-06-15 03:15:00,4135001,ZoEaEvLYb1n2sOq,0.0,0.0,0.0
2020-06-15 03:15:00,4135001,adLQvlD726eNBSB,0.0,0.0,0.0
2020-06-15 03:15:00,4135001,YxYtjZvoooNbGkE,0.0,0.0,0.0
2020-06-15 03:15:00,4135001,wCURE6d3bPkepu2,0.0,0.0,0.0
2020-06-15 03:15:00,4135001,3PZuoBAID5Wc2HD,0.0,0.0,0.0
2020-06-15 03:15:00,4135001,uHbuxQJl8lW7ozc,0.0,0.0,0.0
2020-06-15 03:15:00,4135001,zVJPv84UY57bAof,0.0,0.0,0.0
2020-06-15 03:15:00,4135001,bvBOhCH3iADSZry,0.0,0.0,0.0
2020-06-15 03:15:00,4135001,ih0vzX44oOqAx2f,0.0,0.0,0.0
2020-06-15 03:15:00,4135001,z9Y9gH1T5YWrNuG,0.0,0.0,0.0
2020-06-15 03:15:00,4135001,1IF53ai7Xc0U56Y,0.0,0.0,0.0
2020-06-15 03:15:00,4135001,pkci93gMrogZuBj,0.0,0.0,0.0
2020-06-15 03:15:00,4135001,7JYdWkrLSPkdwr4,0.0,0.0,0.0
2020-06-15 03:15:00,4135001,zBIq5rxdHJRwDNY,0.0,0.0,0.0
2020-06-15 03:15:00,4135001,VHMLBKoKgIrUVDU,0.0,0.0,0.0
2020-06-15 03:15:00,4135001,ZnxXDlPa8U1GXgE,0.0,0.0,0.0
2020-06-15 03:15:00,4135001,McdE0feGgRqW7Ca,0.0,0.0,0.0
2020-06-15 03:15:00,4135001,1BY6WEcLGh8j5v7,0.0,0.0,0.0
2020-06-15 03:30:00,4135001,rGa61gmuvPhdLxV,0.0,0.0,0.0
2020-06-15 03:30:00,4135001,bvBOhCH3iADSZry,0.0,0.0,0.0
2020-06-15 03:30:00,4135001,3PZuoBAID5Wc2HD,0.0,0.0,0.0
2020-06-15 03:30:00,4135001,zBIq5rxdHJRwDNY,0.0,0.0,0.0
2020-06-15 03:30:00,4135001,uHbuxQJl8lW7ozc,0.0,0.0,0.0
2020-06-15 03:30:00,4135001,1IF53ai7Xc0U56Y,0.0,0.0,0.0
2020-06-15 03:30:00,4135001,7JYdWkrLSPkdwr4,0.0,0.0,0.0
2020-06-15 03:30:00,4135001,iCRJl6heRkivqQ3,0.0,0.0,0.0
2020-06-15 03:30:00,4135001,1BY6WEcLGh8j5v7,0.0,0.0,0.0
2020-06-15 03:30:00,4135001,wCURE6d3bPkepu2,0.0,0.0,0.0
2020-06-15 03:30:00,4135001,adLQvlD726eNBSB,0.0,0.0,0.0
2020-06-15 03:30:00,4135001,ZoEaEvLYb1n2sOq,0.0,0.0,0.0
2020-06-15 03:30:00,4135001,zVJPv84UY57bAof,0.0,0.0,0.0
2020-06-15 03:30:00,4135001,pkci93gMrogZuBj,0.0,0.0,0.0
2020-06-15 03:30:00,4135001,McdE0feGgRqW7Ca,0.0,0.0,0.0
2020-06-15 03:30:00,4135001,sjndEbLyjtCKgGv,0.0,0.0,0.0
2020-06-15 03:30:00,4135001,WRmjgnKYAwPKWDb,0.0,0.0,0.0
2020-06-15 03:30:00,4135001,z9Y9gH1T5YWrNuG,0.0,0.0,0.0
2020-06-15 03:30:00,4135001,ZnxXDlPa8U1GXgE,0.0,0.0,0.0
2020-06-15 03:30:00,4135001,YxYtjZvoooNbGkE,0.0,0.0,0.0
2020-06-15 03:30:00,4135001,ih0vzX44oOqAx2f,0.0,0.0,0.0
2020-06-15 03:30:00,4135001,VHMLBKoKgIrUVDU,0.0,0.0,0.0
2020-06-15 03:45:00,4135001,wCURE6d3bPkepu2,0.0,0.0,0.0
2020-06-15 03:45:00,4135001,z9Y9gH1T5YWrNuG,0.0,0.0,0.0
2020-06-15 03:45:00,4135001,iCRJl6heRkivqQ3,0.0,0.0,0.0
2020-06-15 03:45:00,4135001,WRmjgnKYAwPKWDb,0.0,0.0,0.0
2020-06-15 03:45:00,4135001,YxYtjZvoooNbGkE,0.0,0.0,0.0
2020-06-15 03:45:00,4135001,zVJPv84UY57bAof,0.0,0.0,0.0
2020-06-15 03:45:00,4135001,sjndEbLyjtCKgGv,0.0,0.0,0.0
2020-06-15 03:45:00,4135001,uHbuxQJl8lW7ozc,0.0,0.0,0.0
2020-06-15 03:45:00,4135001,pkci93gMrogZuBj,0.0,0.0,0.0
2020-06-15 03:45:00,4135001,bvBOhCH3iADSZry,0.0,0.0,0.0
2020-06-15 03:45:00,4135001,McdE0feGgRqW7Ca,0.0,0.0,0.0
2020-06-15 03:45:00,4135001,ZnxXDlPa8U1GXgE,0.0,0.0,0.0
2020-06-15 03:45:00,4135001,ih0vzX44oOqAx2f,0.0,0.0,0.0
2020-06-15 03:45:00,4135001,VHMLBKoKgIrUVDU,0.0,0.0,0.0
2020-06-15 03:45:00,4135001,1BY6WEcLGh8j5v7,0.0,0.0,0.0
2020-06-15 03:45:00,4135001,rGa61gmuvPhdLxV,0.0,0.0,0.0
2020-06-15 03:45:00,4135001,adLQvlD726eNBSB,0.0,0.0,0.0
2020-06-15 03:45:00,4135001,3PZuoBAID5Wc2HD,0.0,0.0,0.0
2020-06-15 03:45:00,4135001,ZoEaEvLYb1n2sOq,0.0,0.0,0.0
2020-06-15 03:45:00,4135001,1IF53ai7Xc0U56Y,0.0,0.0,0.0
2020-06-15 03:45:00,4135001,zBIq5rxdHJRwDNY,0.0,0.0,0.0
2020-06-15 03:45:00,4135001,7JYdWkrLSPkdwr4,0.0,0.0,0.0
2020-06-15 04:00:00,4135001,iCRJl6heRkivqQ3,0.0,0.0,0.0
2020-06-15 04:00:00,4135001,ih0vzX44oOqAx2f,0.0,0.0,0.0
2020-06-15 04:00:00,4135001,ZnxXDlPa8U1GXgE,0.0,0.0,0.0
2020-06-15 04:00:00,4135001,WRmjgnKYAwPKWDb,0.0,0.0,0.0
2020-06-15 04:00:00,4135001,ZoEaEvLYb1n2sOq,0.0,0.0,0.0
2020-06-15 04:00:00,4135001,3PZuoBAID5Wc2HD,0.0,0.0,0.0
2020-06-15 04:00:00,4135001,1IF53ai7Xc0U56Y,0.0,0.0,0.0
2020-06-15 04:00:00,4135001,1BY6WEcLGh8j5v7,0.0,0.0,0.0
2020-06-15 04:00:00,4135001,7JYdWkrLSPkdwr4,0.0,0.0,0.0
2020-06-15 04:00:00,4135001,YxYtjZvoooNbGkE,0.0,0.0,0.0
2020-06-15 04:00:00,4135001,wCURE6d3bPkepu2,0.0,0.0,0.0
2020-06-15 04:00:00,4135001,pkci93gMrogZuBj,0.0,0.0,0.0
2020-06-15 04:00:00,4135001,zVJPv84UY57bAof,0.0,0.0,0.0
2020-06-15 04:00:00,4135001,uHbuxQJl8lW7ozc,0.0,0.0,0.0
2020-06-15 04:00:00,4135001,rGa61gmuvPhdLxV,0.0,0.0,0.0
2020-06-15 04:00:00,4135001,z9Y9gH1T5YWrNuG,0.0,0.0,0.0
2020-06-15 04:00:00,4135001,adLQvlD726eNBSB,0.0,0.0,0.0
2020-06-15 04:00:00,4135001,zBIq5rxdHJRwDNY,0.0,0.0,0.0
2020-06-15 04:00:00,4135001,VHMLBKoKgIrUVDU,0.0,0.0,0.0
2020-06-15 04:00:00,4135001,McdE0feGgRqW7Ca,0.0,0.0,0.0
2020-06-15 04:00:00,4135001,bvBOhCH3iADSZry,0.0,0.0,0.0
2020-06-15 04:00:00,4135001,sjndEbLyjtCKgGv,0.0,0.0,0.0
2020-06-15 04:15:00,4135001,ih0vzX44oOqAx2f,0.0,0.0,0.0
2020-06-15 04:15:00,4135001,rGa61gmuvPhdLxV,0.0,0.0,0.0
2020-06-15 04:15:00,4135001,McdE0feGgRqW7Ca,0.0,0.0,0.0
2020-06-15 04:15:00,4135001,ZnxXDlPa8U1GXgE,0.0,0.0,0.0
2020-06-15 04:15:00,4135001,YxYtjZvoooNbGkE,0.0,0.0,0.0
2020-06-15 04:15:00,4135001,wCURE6d3bPkepu2,0.0,0.0,0.0
2020-06-15 04:15:00,4135001,3PZuoBAID5Wc2HD,0.0,0.0,0.0
2020-06-15 04:15:00,4135001,WRmjgnKYAwPKWDb,0.0,0.0,0.0
2020-06-15 04:15:00,4135001,z9Y9gH1T5YWrNuG,0.0,0.0,0.0
2020-06-15 04:15:00,4135001,zBIq5rxdHJRwDNY,0.0,0.0,0.0
2020-06-15 04:15:00,4135001,VHMLBKoKgIrUVDU,0.0,0.0,0.0
2020-06-15 04:15:00,4135001,bvBOhCH3iADSZry,0.0,0.0,0.0
2020-06-15 04:15:00,4135001,zVJPv84UY57bAof,0.0,0.0,0.0
2020-06-15 04:15:00,4135001,7JYdWkrLSPkdwr4,0.0,0.0,0.0
2020-06-15 04:15:00,4135001,pkci93gMrogZuBj,0.0,0.0,0.0
2020-06-15 04:15:00,4135001,1BY6WEcLGh8j5v7,0.0,0.0,0.0
2020-06-15 04:15:00,4135001,1IF53ai7Xc0U56Y,0.0,0.0,0.0
2020-06-15 04:15:00,4135001,ZoEaEvLYb1n2sOq,0.0,0.0,0.0
2020-06-15 04:15:00,4135001,adLQvlD726eNBSB,0.0,0.0,0.0
2020-06-15 04:15:00,4135001,uHbuxQJl8lW7ozc,0.0,0.0,0.0
2020-06-15 04:15:00,4135001,sjndEbLyjtCKgGv,0.0,0.0,0.0
2020-06-15 04:15:00,4135001,iCRJl6heRkivqQ3,0.0,0.0,0.0
2020-06-15 04:30:00,4135001,McdE0feGgRqW7Ca,0.0,0.0,0.0
2020-06-15 04:30:00,4135001,1BY6WEcLGh8j5v7,0.0,0.0,0.0
2020-06-15 04:30:00,4135001,iCRJl6heRkivqQ3,0.0,0.0,0.0
2020-06-15 04:30:00,4135001,wCURE6d3bPkepu2,0.0,0.0,0.0
2020-06-15 04:30:00,4135001,3PZuoBAID5Wc2HD,0.0,0.0,0.0
2020-06-15 04:30:00,4135001,sjndEbLyjtCKgGv,0.0,0.0,0.0
2020-06-15 04:30:00,4135001,YxYtjZvoooNbGkE,0.0,0.0,0.0
2020-06-15 04:30:00,4135001,zBIq5rxdHJRwDNY,0.0,0.0,0.0
2020-06-15 04:30:00,4135001,ZoEaEvLYb1n2sOq,0.0,0.0,0.0
2020-06-15 04:30:00,4135001,VHMLBKoKgIrUVDU,0.0,0.0,0.0
2020-06-15 04:30:00,4135001,bvBOhCH3iADSZry,0.0,0.0,0.0
2020-06-15 04:30:00,4135001,pkci93gMrogZuBj,0.0,0.0,0.0
2020-06-15 04:30:00,4135001,WRmjgnKYAwPKWDb,0.0,0.0,0.0
2020-06-15 04:30:00,4135001,z9Y9gH1T5YWrNuG,0.0,0.0,0.0
2020-06-15 04:30:00,4135001,ih0vzX44oOqAx2f,0.0,0.0,0.0
2020-06-15 04:30:00,4135001,uHbuxQJl8lW7ozc,0.0,0.0,0.0
2020-06-15 04:30:00,4135001,rGa61gmuvPhdLxV,0.0,0.0,0.0
2020-06-15 04:30:00,4135001,zVJPv84UY57bAof,0.0,0.0,0.0
2020-06-15 04:30:00,4135001,7JYdWkrLSPkdwr4,0.0,0.0,0.0
2020-06-15 04:30:00,4135001,1IF53ai7Xc0U56Y,0.0,0.0,0.0
2020-06-15 04:30:00,4135001,ZnxXDlPa8U1GXgE,0.0,0.0,0.0
2020-06-15 04:30:00,4135001,adLQvlD726eNBSB,0.0,0.0,0.0
2020-06-15 04:45:00,4135001,1BY6WEcLGh8j5v7,0.0,0.0,0.0
2020-06-15 04:45:00,4135001,zBIq5rxdHJRwDNY,0.0,0.0,0.0
2020-06-15 04:45:00,4135001,rGa61gmuvPhdLxV,0.0,0.0,0.0
2020-06-15 04:45:00,4135001,adLQvlD726eNBSB,0.0,0.0,0.0
2020-06-15 04:45:00,4135001,VHMLBKoKgIrUVDU,0.0,0.0,0.0
2020-06-15 04:45:00,4135001,bvBOhCH3iADSZry,0.0,0.0,0.0
2020-06-15 04:45:00,4135001,pkci93gMrogZuBj,0.0,0.0,0.0
2020-06-15 04:45:00,4135001,7JYdWkrLSPkdwr4,0.0,0.0,0.0
2020-06-15 04:45:00,4135001,ZoEaEvLYb1n2sOq,0.0,0.0,0.0
2020-06-15 04:45:00,4135001,ih0vzX44oOqAx2f,0.0,0.0,0.0
2020-06-15 04:45:00,4135001,iCRJl6heRkivqQ3,0.0,0.0,0.0
2020-06-15 04:45:00,4135001,WRmjgnKYAwPKWDb,0.0,0.0,0.0
2020-06-15 04:45:00,4135001,uHbuxQJl8lW7ozc,0.0,0.0,0.0
2020-06-15 04:45:00,4135001,3PZuoBAID5Wc2HD,0.0,0.0,0.0
2020-06-15 04:45:00,4135001,ZnxXDlPa8U1GXgE,0.0,0.0,0.0
2020-06-15 04:45:00,4135001,wCURE6d3bPkepu2,0.0,0.0,0.0
2020-06-15 04:45:00,4135001,1IF53ai7Xc0U56Y,0.0,0.0,0.0
2020-06-15 04:45:00,4135001,McdE0feGgRqW7Ca,0.0,0.0,0.0
2020-06-15 04:45:00,4135001,sjndEbLyjtCKgGv,0.0,0.0,0.0
2020-06-15 04:45:00,4135001,zVJPv84UY57bAof,0.0,0.0,0.0
2020-06-15 04:45:00,4135001,YxYtjZvoooNbGkE,0.0,0.0,0.0
2020-06-15 04:45:00,4135001,z9Y9gH1T5YWrNuG,0.0,0.0,0.0
2020-06-15 05:00:00,4135001,3PZuoBAID5Wc2HD,0.0,0.0,0.0
2020-06-15 05:00:00,4135001,1BY6WEcLGh8j5v7,0.0,0.0,0.0
2020-06-15 05:00:00,4135001,ZnxXDlPa8U1GXgE,0.0,0.0,0.0
2020-06-15 05:00:00,4135001,McdE0feGgRqW7Ca,0.0,0.0,0.0
2020-06-15 05:00:00,4135001,z9Y9gH1T5YWrNuG,0.0,0.0,0.0
2020-06-15 05:00:00,4135001,VHMLBKoKgIrUVDU,0.0,0.0,0.0
2020-06-15 05:00:00,4135001,uHbuxQJl8lW7ozc,0.0,0.0,0.0
2020-06-15 05:00:00,4135001,ZoEaEvLYb1n2sOq,0.0,0.0,0.0
2020-06-15 05:00:00,4135001,sjndEbLyjtCKgGv,0.0,0.0,0.0
2020-06-15 05:00:00,4135001,1IF53ai7Xc0U56Y,0.0,0.0,0.0
2020-06-15 05:00:00,4135001,WRmjgnKYAwPKWDb,0.0,0.0,0.0
2020-06-15 05:00:00,4135001,adLQvlD726eNBSB,0.0,0.0,0.0
2020-06-15 05:00:00,4135001,iCRJl6heRkivqQ3,0.0,0.0,0.0
2020-06-15 05:00:00,4135001,7JYdWkrLSPkdwr4,0.0,0.0,0.0
2020-06-15 05:00:00,4135001,rGa61gmuvPhdLxV,0.0,0.0,0.0
2020-06-15 05:00:00,4135001,zVJPv84UY57bAof,0.0,0.0,0.0
2020-06-15 05:00:00,4135001,ih0vzX44oOqAx2f,0.0,0.0,0.0
2020-06-15 05:00:00,4135001,pkci93gMrogZuBj,0.0,0.0,0.0
2020-06-15 05:00:00,4135001,YxYtjZvoooNbGkE,0.0,0.0,0.0
2020-06-15 05:00:00,4135001,bvBOhCH3iADSZry,0.0,0.0,0.0
2020-06-15 05:00:00,4135001,wCURE6d3bPkepu2,0.0,0.0,0.0
2020-06-15 05:00:00,4135001,zBIq5rxdHJRwDNY,0.0,0.0,0.0
2020-06-15 05:15:00,4135001,pkci93gMrogZuBj,0.0,0.0,0.0
2020-06-15 05:15:00,4135001,VHMLBKoKgIrUVDU,0.0,0.0,0.0
2020-06-15 05:15:00,4135001,ZoEaEvLYb1n2sOq,0.0,0.0,0.0
2020-06-15 05:15:00,4135001,1BY6WEcLGh8j5v7,0.0,0.0,0.0
2020-06-15 05:15:00,4135001,bvBOhCH3iADSZry,0.0,0.0,0.0
2020-06-15 05:15:00,4135001,sjndEbLyjtCKgGv,0.0,0.0,0.0
2020-06-15 05:15:00,4135001,z9Y9gH1T5YWrNuG,0.0,0.0,0.0
2020-06-15 05:15:00,4135001,zVJPv84UY57bAof,0.0,0.0,0.0
2020-06-15 05:15:00,4135001,zBIq5rxdHJRwDNY,0.0,0.0,0.0
2020-06-15 05:15:00,4135001,wCURE6d3bPkepu2,0.0,0.0,0.0
2020-06-15 05:15:00,4135001,adLQvlD726eNBSB,0.0,0.0,0.0
2020-06-15 05:15:00,4135001,McdE0feGgRqW7Ca,0.0,0.0,0.0
2020-06-15 05:15:00,4135001,7JYdWkrLSPkdwr4,0.0,0.0,0.0
2020-06-15 05:15:00,4135001,rGa61gmuvPhdLxV,0.0,0.0,0.0
2020-06-15 05:15:00,4135001,YxYtjZvoooNbGkE,0.0,0.0,0.0
2020-06-15 05:15:00,4135001,1IF53ai7Xc0U56Y,0.0,0.0,0.0
2020-06-15 05:15:00,4135001,uHbuxQJl8lW7ozc,0.0,0.0,0.0
2020-06-15 05:15:00,4135001,WRmjgnKYAwPKWDb,0.0,0.0,0.0
2020-06-15 05:15:00,4135001,3PZuoBAID5Wc2HD,0.0,0.0,0.0
2020-06-15 05:15:00,4135001,ih0vzX44oOqAx2f,0.0,0.0,0.0
2020-06-15 05:15:00,4135001,iCRJl6heRkivqQ3,0.0,0.0,0.0
2020-06-15 05:15:00,4135001,ZnxXDlPa8U1GXgE,0.0,0.0,0.0
2020-06-15 05:30:00,4135001,pkci93gMrogZuBj,0.0,0.0,0.0
2020-06-15 05:30:00,4135001,uHbuxQJl8lW7ozc,0.0,0.0,0.0
2020-06-15 05:30:00,4135001,ih0vzX44oOqAx2f,0.0,0.0,0.0
2020-06-15 05:30:00,4135001,adLQvlD726eNBSB,0.0,0.0,0.0
2020-06-15 05:30:00,4135001,McdE0feGgRqW7Ca,0.0,0.0,0.0
2020-06-15 05:30:00,4135001,rGa61gmuvPhdLxV,0.0,0.0,0.0
2020-06-15 05:30:00,4135001,ZnxXDlPa8U1GXgE,0.0,0.0,0.0
2020-06-15 05:30:00,4135001,zVJPv84UY57bAof,0.0,0.0,0.0
2020-06-15 05:30:00,4135001,z9Y9gH1T5YWrNuG,0.0,0.0,0.0
2020-06-15 05:30:00,4135001,YxYtjZvoooNbGkE,0.0,0.0,0.0
2020-06-15 05:30:00,4135001,wCURE6d3bPkepu2,0.0,0.0,0.0
2020-06-15 05:30:00,4135001,zBIq5rxdHJRwDNY,0.0,0.0,0.0
2020-06-15 05:30:00,4135001,3PZuoBAID5Wc2HD,0.0,0.0,0.0
2020-06-15 05:30:00,4135001,bvBOhCH3iADSZry,0.0,0.0,0.0
2020-06-15 05:30:00,4135001,WRmjgnKYAwPKWDb,0.0,0.0,0.0
2020-06-15 05:30:00,4135001,VHMLBKoKgIrUVDU,0.0,0.0,0.0
2020-06-15 05:30:00,4135001,1IF53ai7Xc0U56Y,0.0,0.0,0.0
2020-06-15 05:30:00,4135001,sjndEbLyjtCKgGv,0.0,0.0,0.0
2020-06-15 05:30:00,4135001,7JYdWkrLSPkdwr4,0.0,0.0,0.0
2020-06-15 05:30:00,4135001,iCRJl6heRkivqQ3,0.0,0.0,0.0
2020-06-15 05:30:00,4135001,ZoEaEvLYb1n2sOq,0.0,0.0,0.0
2020-06-15 05:30:00,4135001,1BY6WEcLGh8j5v7,0.0,0.0,0.0
2020-06-15 05:45:00,4135001,McdE0feGgRqW7Ca,0.0,9.3,0.0
2020-06-15 05:45:00,4135001,7JYdWkrLSPkdwr4,0.0,9.171428571,0.0
2020-06-15 05:45:00,4135001,iCRJl6heRkivqQ3,0.0,7.1,0.0
2020-06-15 05:45:00,4135001,zBIq5rxdHJRwDNY,0.0,8.742857143,0.0
2020-06-15 05:45:00,4135001,adLQvlD726eNBSB,0.0,10.9,0.0
2020-06-15 05:45:00,4135001,rGa61gmuvPhdLxV,0.0,8.9375,0.0
2020-06-15 05:45:00,4135001,ih0vzX44oOqAx2f,0.0,10.51428571,0.0
2020-06-15 05:45:00,4135001,ZnxXDlPa8U1GXgE,0.0,10.58571429,0.0
2020-06-15 05:45:00,4135001,1BY6WEcLGh8j5v7,0.0,8.4,0.0
2020-06-15 05:45:00,4135001,uHbuxQJl8lW7ozc,0.0,8.7625,0.0
2020-06-15 05:45:00,4135001,zVJPv84UY57bAof,0.0,8.9,0.0
2020-06-15 05:45:00,4135001,WRmjgnKYAwPKWDb,0.0,8.525,0.0
2020-06-15 05:45:00,4135001,bvBOhCH3iADSZry,0.0,8.128571429,0.0
2020-06-15 05:45:00,4135001,pkci93gMrogZuBj,0.0,8.6875,0.0
2020-06-15 05:45:00,4135001,VHMLBKoKgIrUVDU,0.0,9.385714286,0.0
2020-06-15 05:45:00,4135001,wCURE6d3bPkepu2,0.0,10.67142857,0.0
2020-06-15 05:45:00,4135001,1IF53ai7Xc0U56Y,0.0,9.657142857,0.0
2020-06-15 05:45:00,4135001,z9Y9gH1T5YWrNuG,0.0,9.471428571,0.0
2020-06-15 05:45:00,4135001,ZoEaEvLYb1n2sOq,0.0,8.8375,0.0
2020-06-15 05:45:00,4135001,sjndEbLyjtCKgGv,0.0,9.271428571,0.0
2020-06-15 05:45:00,4135001,YxYtjZvoooNbGkE,0.0,10.0875,0.0
2020-06-15 05:45:00,4135001,3PZuoBAID5Wc2HD,0.0,8.6625,0.0
2020-06-15 06:00:00,4135001,YxYtjZvoooNbGkE,10.0875,44.12857143,10.0875
2020-06-15 06:00:00,4135001,WRmjgnKYAwPKWDb,8.525,44.42857143,8.525
2020-06-15 06:00:00,4135001,rGa61gmuvPhdLxV,8.9375,45.25714286,8.9375
2020-06-15 06:00:00,4135001,zBIq5rxdHJRwDNY,8.742857143,43.1,8.742857143
2020-06-15 06:00:00,4135001,3PZuoBAID5Wc2HD,8.6625,44.75714286,8.6625
2020-06-15 06:00:00,4135001,ZnxXDlPa8U1GXgE,10.58571429,44.375,10.58571429
2020-06-15 06:00:00,4135001,z9Y9gH1T5YWrNuG,9.471428571,44.825,9.471428571
2020-06-15 06:00:00,4135001,zVJPv84UY57bAof,8.9,44.84285714,8.9
2020-06-15 06:00:00,4135001,wCURE6d3bPkepu2,10.67142857,44.7,10.67142857
2020-06-15 06:00:00,4135001,iCRJl6heRkivqQ3,7.1,43.4,7.1
2020-06-15 06:00:00,4135001,McdE0feGgRqW7Ca,9.3,44.85,9.3
2020-06-15 06:00:00,4135001,ZoEaEvLYb1n2sOq,8.8375,44.4,8.8375
2020-06-15 06:00:00,4135001,adLQvlD726eNBSB,10.9,46.3875,10.9
2020-06-15 06:00:00,4135001,sjndEbLyjtCKgGv,9.271428571,44.8375,9.271428571
2020-06-15 06:00:00,4135001,7JYdWkrLSPkdwr4,9.171428571,45.0875,9.171428571
2020-06-15 06:00:00,4135001,VHMLBKoKgIrUVDU,9.385714286,45.5375,9.385714286
2020-06-15 06:00:00,4135001,pkci93gMrogZuBj,8.6875,44.3,8.6875
2020-06-15 06:00:00,4135001,1IF53ai7Xc0U56Y,9.657142857,45.3,9.657142857
2020-06-15 06:00:00,4135001,bvBOhCH3iADSZry,8.128571429,40.2625,8.128571429
2020-06-15 06:00:00,4135001,uHbuxQJl8lW7ozc,8.7625,44.55714286,8.7625
2020-06-15 06:00:00,4135001,ih0vzX44oOqAx2f,10.51428571,43.7125,10.51428571
2020-06-15 06:00:00,4135001,1BY6WEcLGh8j5v7,8.4,40.7875,8.4
2020-06-15 06:15:00,4135001,sjndEbLyjtCKgGv,44.8375,94.4,44.8375
2020-06-15 06:15:00,4135001,YxYtjZvoooNbGkE,44.12857143,93.475,44.12857143
2020-06-15 06:15:00,4135001,wCURE6d3bPkepu2,44.7,94.01428571,44.7
2020-06-15 06:15:00,4135001,1IF53ai7Xc0U56Y,45.3,96.11428571,45.3
2020-06-15 06:15:00,4135001,z9Y9gH1T5YWrNuG,44.825,94.31428571,44.825
2020-06-15 06:15:00,4135001,ZnxXDlPa8U1GXgE,44.375,94.14285714,44.375
2020-06-15 06:15:00,4135001,pkci93gMrogZuBj,44.3,93.8625,44.3
2020-06-15 06:15:00,4135001,McdE0feGgRqW7Ca,44.85,95.48571429,44.85
2020-06-15 06:15:00,4135001,zBIq5rxdHJRwDNY,43.1,92.34285714,43.1
2020-06-15 06:15:00,4135001,uHbuxQJl8lW7ozc,44.55714286,94.85,44.55714286
2020-06-15 06:15:00,4135001,VHMLBKoKgIrUVDU,45.5375,96.0,45.5375
2020-06-15 06:15:00,4135001,ih0vzX44oOqAx2f,43.7125,92.04285714,43.7125
2020-06-15 06:15:00,4135001,ZoEaEvLYb1n2sOq,44.4,93.7,44.4
2020-06-15 06:15:00,4135001,3PZuoBAID5Wc2HD,44.75714286,95.625,44.75714286
2020-06-15 06:15:00,4135001,1BY6WEcLGh8j5v7,40.7875,86.67142857,40.7875
2020-06-15 06:15:00,4135001,rGa61gmuvPhdLxV,45.25714286,95.175,45.25714286
2020-06-15 06:15:00,4135001,bvBOhCH3iADSZry,40.2625,85.64285714,40.2625
2020-06-15 06:15:00,4135001,WRmjgnKYAwPKWDb,44.42857143,94.875,44.42857143
2020-06-15 06:15:00,4135001,7JYdWkrLSPkdwr4,45.0875,94.68571429,45.0875
2020-06-15 06:15:00,4135001,iCRJl6heRkivqQ3,43.4,92.84285714,43.4
2020-06-15 06:15:00,4135001,zVJPv84UY57bAof,44.84285714,95.0,44.84285714
2020-06-15 06:15:00,4135001,adLQvlD726eNBSB,46.3875,97.95714286,46.3875
2020-06-15 06:30:00,4135001,bvBOhCH3iADSZry,85.64285714,132.2875,85.64285714
2020-06-15 06:30:00,4135001,VHMLBKoKgIrUVDU,96.0,147.15,96.0
2020-06-15 06:30:00,4135001,adLQvlD726eNBSB,97.95714286,149.6125,97.95714286
2020-06-15 06:30:00,4135001,z9Y9gH1T5YWrNuG,94.31428571,144.025,94.31428571
2020-06-15 06:30:00,4135001,pkci93gMrogZuBj,93.8625,141.4428571,93.8625
2020-06-15 06:30:00,4135001,wCURE6d3bPkepu2,94.01428571,143.575,94.01428571
2020-06-15 06:30:00,4135001,zBIq5rxdHJRwDNY,92.34285714,141.0875,92.34285714
2020-06-15 06:30:00,4135001,WRmjgnKYAwPKWDb,94.875,145.2285714,94.875
2020-06-15 06:30:00,4135001,3PZuoBAID5Wc2HD,95.625,145.8571429,95.625
2020-06-15 06:30:00,4135001,7JYdWkrLSPkdwr4,94.68571429,144.4,94.68571429
2020-06-15 06:30:00,4135001,McdE0feGgRqW7Ca,95.48571429,146.2625,95.48571429
2020-06-15 06:30:00,4135001,ih0vzX44oOqAx2f,92.04285714,141.3375,92.04285714
2020-06-15 06:30:00,4135001,1BY6WEcLGh8j5v7,86.67142857,134.0875,86.67142857
2020-06-15 06:30:00,4135001,rGa61gmuvPhdLxV,95.175,143.0142857,95.175
2020-06-15 06:30:00,4135001,1IF53ai7Xc0U56Y,96.11428571,147.2125,96.11428571
2020-06-15 06:30:00,4135001,uHbuxQJl8lW7ozc,94.85,143.0,94.85
2020-06-15 06:30:00,4135001,zVJPv84UY57bAof,95.0,143.6285714,95.0
2020-06-15 06:30:00,4135001,sjndEbLyjtCKgGv,94.4,143.7,94.4
2020-06-15 06:30:00,4135001,iCRJl6heRkivqQ3,92.84285714,142.375,92.84285714
2020-06-15 06:30:00,4135001,YxYtjZvoooNbGkE,93.475,141.8,93.475
2020-06-15 06:30:00,4135001,ZnxXDlPa8U1GXgE,94.14285714,144.65,94.14285714
2020-06-15 06:30:00,4135001,ZoEaEvLYb1n2sOq,93.7,141.7142857,93.7
2020-06-15 06:45:00,4135001,sjndEbLyjtCKgGv,143.7,202.8857143,143.7
2020-06-15 06:45:00,4135001,WRmjgnKYAwPKWDb,145.2285714,209.8125,145.2285714
2020-06-15 06:45:00,4135001,iCRJl6heRkivqQ3,142.375,201.8285714,142.375
2020-06-15 06:45:00,4135001,wCURE6d3bPkepu2,143.575,199.8142857,143.575
2020-06-15 06:45:00,4135001,bvBOhCH3iADSZry,132.2875,191.7571429,132.2875
2020-06-15 06:45:00,4135001,7JYdWkrLSPkdwr4,144.4,211.6285714,144.4
2020-06-15 06:45:00,4135001,ZnxXDlPa8U1GXgE,144.65,206.3285714,144.65
2020-06-15 06:45:00,4135001,1BY6WEcLGh8j5v7,134.0875,190.2571429,134.0875
2020-06-15 06:45:00,4135001,3PZuoBAID5Wc2HD,145.8571429,216.0375,145.8571429
2020-06-15 06:45:00,4135001,zBIq5rxdHJRwDNY,141.0875,202.9285714,141.0875
2020-06-15 06:45:00,4135001,YxYtjZvoooNbGkE,141.8,204.9625,141.8
2020-06-15 06:45:00,4135001,adLQvlD726eNBSB,149.6125,222.4142857,149.6125
2020-06-15 06:45:00,4135001,1IF53ai7Xc0U56Y,147.2125,218.6857143,147.2125
2020-06-15 06:45:00,4135001,ZoEaEvLYb1n2sOq,141.7142857,206.7,141.7142857
2020-06-15 06:45:00,4135001,z9Y9gH1T5YWrNuG,144.025,200.1,144.025
2020-06-15 06:45:00,4135001,pkci93gMrogZuBj,141.4428571,202.7875,141.4428571
2020-06-15 06:45:00,4135001,McdE0feGgRqW7Ca,146.2625,204.7142857,146.2625
2020-06-15 06:45:00,4135001,ih0vzX44oOqAx2f,141.3375,198.9714286,141.3375
2020-06-15 06:45:00,4135001,VHMLBKoKgIrUVDU,147.15,215.7571429,147.15
2020-06-15 06:45:00,4135001,zVJPv84UY57bAof,143.6285714,198.2,143.6285714
2020-06-15 06:45:00,4135001,rGa61gmuvPhdLxV,143.0142857,199.6571429,143.0142857
2020-06-15 06:45:00,4135001,uHbuxQJl8lW7ozc,143.0,205.0125,143.0
2020-06-15 07:00:00,4135001,VHMLBKoKgIrUVDU,215.7571429,208.9125,215.7571429
2020-06-15 07:00:00,4135001,zBIq5rxdHJRwDNY,202.9285714,204.4125,202.9285714
2020-06-15 07:00:00,4135001,3PZuoBAID5Wc2HD,216.0375,211.2571429,216.0375
2020-06-15 07:00:00,4135001,adLQvlD726eNBSB,222.4142857,217.3875,222.4142857
2020-06-15 07:00:00,4135001,wCURE6d3bPkepu2,199.8142857,217.6857143,199.8142857
2020-06-15 07:00:00,4135001,YxYtjZvoooNbGkE,204.9625,206.4285714,204.9625
2020-06-15 07:00:00,4135001,zVJPv84UY57bAof,198.2,226.475,198.2
2020-06-15 07:00:00,4135001,rGa61gmuvPhdLxV,199.6571429,209.375,199.6571429
2020-06-15 07:00:00,4135001,uHbuxQJl8lW7ozc,205.0125,229.0,205.0125
2020-06-15 07:00:00,4135001,1BY6WEcLGh8j5v7,190.2571429,196.6125,190.2571429
2020-06-15 07:00:00,4135001,1IF53ai7Xc0U56Y,218.6857143,215.4125,218.6857143
2020-06-15 07:00:00,4135001,sjndEbLyjtCKgGv,202.8857143,207.2125,202.8857143
2020-06-15 07:00:00,4135001,WRmjgnKYAwPKWDb,209.8125,209.1714286,209.8125
2020-06-15 07:00:00,4135001,ih0vzX44oOqAx2f,198.9714286,207.3875,198.9714286
2020-06-15 07:00:00,4135001,ZoEaEvLYb1n2sOq,206.7,201.5571429,206.7
2020-06-15 07:00:00,4135001,pkci93gMrogZuBj,202.7875,220.8428571,202.7875
2020-06-15 07:00:00,4135001,iCRJl6heRkivqQ3,201.8285714,209.975,201.8285714
2020-06-15 07:00:00,4135001,ZnxXDlPa8U1GXgE,206.3285714,211.5,206.3285714
2020-06-15 07:00:00,4135001,bvBOhCH3iADSZry,191.7571429,191.225,191.7571429
2020-06-15 07:00:00,4135001,7JYdWkrLSPkdwr4,211.6285714,204.1375,211.6285714
2020-06-15 07:00:00,4135001,McdE0feGgRqW7Ca,204.7142857,214.125,204.7142857
2020-06-15 07:00:00,4135001,z9Y9gH1T5YWrNuG,200.1,225.4428571,200.1
2020-06-15 07:15:00,4135001,sjndEbLyjtCKgGv,207.2125,191.7428571,207.2125
2020-06-15 07:15:00,4135001,WRmjgnKYAwPKWDb,209.1714286,183.35,209.1714286
2020-06-15 07:15:00,4135001,wCURE6d3bPkepu2,217.6857143,178.2375,217.6857143
2020-06-15 07:15:00,4135001,McdE0feGgRqW7Ca,214.125,192.1,214.125
2020-06-15 07:15:00,4135001,3PZuoBAID5Wc2HD,211.2571429,188.1125,211.2571429
2020-06-15 07:15:00,4135001,zBIq5rxdHJRwDNY,204.4125,193.2714286,204.4125
2020-06-15 07:15:00,4135001,1BY6WEcLGh8j5v7,196.6125,166.6714286,196.6125
2020-06-15 07:15:00,4135001,z9Y9gH1T5YWrNuG,225.4428571,177.2375,225.4428571
2020-06-15 07:15:00,4135001,ZoEaEvLYb1n2sOq,201.5571429,190.1625,201.5571429
2020-06-15 07:15:00,4135001,1IF53ai7Xc0U56Y,215.4125,196.2285714,215.4125
2020-06-15 07:15:00,4135001,pkci93gMrogZuBj,220.8428571,201.625,220.8428571
2020-06-15 07:15:00,4135001,uHbuxQJl8lW7ozc,229.0,202.1375,229.0
2020-06-15 07:15:00,4135001,ih0vzX44oOqAx2f,207.3875,182.5,207.3875
2020-06-15 07:15:00,4135001,bvBOhCH3iADSZry,191.225,169.7571429,191.225
2020-06-15 07:15:00,4135001,7JYdWkrLSPkdwr4,204.1375,189.1571429,204.1375
2020-06-15 07:15:00,4135001,adLQvlD726eNBSB,217.3875,197.8428571,217.3875
2020-06-15 07:15:00,4135001,YxYtjZvoooNbGkE,206.4285714,186.0625,206.4285714
2020-06-15 07:15:00,4135001,ZnxXDlPa8U1GXgE,211.5,186.2,211.5
2020-06-15 07:15:00,4135001,VHMLBKoKgIrUVDU,208.9125,190.8142857,208.9125
2020-06-15 07:15:00,4135001,rGa61gmuvPhdLxV,209.375,195.2142857,209.375
2020-06-15 07:15:00,4135001,zVJPv84UY57bAof,226.475,189.2142857,226.475
2020-06-15 07:15:00,4135001,iCRJl6heRkivqQ3,209.975,192.5142857,209.975
2020-06-15 07:30:00,4135001,3PZuoBAID5Wc2HD,188.1125,372.7285714,188.1125
2020-06-15 07:30:00,4135001,zVJPv84UY57bAof,189.2142857,362.4875,189.2142857
2020-06-15 07:30:00,4135001,sjndEbLyjtCKgGv,191.7428571,369.55,191.7428571
2020-06-15 07:30:00,4135001,zBIq5rxdHJRwDNY,193.2714286,353.925,193.2714286
2020-06-15 07:30:00,4135001,rGa61gmuvPhdLxV,195.2142857,354.5,195.2142857
2020-06-15 07:30:00,4135001,McdE0feGgRqW7Ca,192.1,383.1875,192.1
2020-06-15 07:30:00,4135001,uHbuxQJl8lW7ozc,202.1375,380.2285714,202.1375
2020-06-15 07:30:00,4135001,ZnxXDlPa8U1GXgE,186.2,361.05,186.2
2020-06-15 07:30:00,4135001,WRmjgnKYAwPKWDb,183.35,359.0142857,183.35
2020-06-15 07:30:00,4135001,7JYdWkrLSPkdwr4,189.1571429,358.375,189.1571429
2020-06-15 07:30:00,4135001,1IF53ai7Xc0U56Y,196.2285714,360.1,196.2285714
2020-06-15 07:30:00,4135001,adLQvlD726eNBSB,197.8428571,367.975,197.8428571
2020-06-15 07:30:00,4135001,bvBOhCH3iADSZry,169.7571429,336.7625,169.7571429
2020-06-15 07:30:00,4135001,YxYtjZvoooNbGkE,186.0625,373.2857143,186.0625
2020-06-15 07:30:00,4135001,ih0vzX44oOqAx2f,182.5,354.5875,182.5
2020-06-15 07:30:00,4135001,iCRJl6heRkivqQ3,192.5142857,362.9625,192.5142857
2020-06-15 07:30:00,4135001,1BY6WEcLGh8j5v7,166.6714286,339.2375,166.6714286
2020-06-15 07:30:00,4135001,ZoEaEvLYb1n2sOq,190.1625,359.9285714,190.1625
2020-06-15 07:30:00,4135001,pkci93gMrogZuBj,201.625,365.6571429,201.625
2020-06-15 07:30:00,4135001,wCURE6d3bPkepu2,178.2375,351.2857143,178.2375
2020-06-15 07:30:00,4135001,VHMLBKoKgIrUVDU,190.8142857,369.2,190.8142857
2020-06-15 07:30:00,4135001,z9Y9gH1T5YWrNuG,177.2375,361.5714286,177.2375
2020-06-15 07:45:00,4135001,iCRJl6heRkivqQ3,362.9625,615.6571429,362.9625
2020-06-15 07:45:00,4135001,1IF53ai7Xc0U56Y,360.1,648.2428571,360.1
2020-06-15 07:45:00,4135001,ZnxXDlPa8U1GXgE,361.05,635.2142857,361.05
2020-06-15 07:45:00,4135001,7JYdWkrLSPkdwr4,358.375,650.0,358.375
2020-06-15 07:45:00,4135001,z9Y9gH1T5YWrNuG,361.5714286,609.825,361.5714286
2020-06-15 07:45:00,4135001,VHMLBKoKgIrUVDU,369.2,646.7571429,369.2
2020-06-15 07:45:00,4135001,bvBOhCH3iADSZry,336.7625,547.7285714,336.7625
2020-06-15 07:45:00,4135001,WRmjgnKYAwPKWDb,359.0142857,634.5125,359.0142857
2020-06-15 07:45:00,4135001,McdE0feGgRqW7Ca,383.1875,638.6857143,383.1875
2020-06-15 07:45:00,4135001,rGa61gmuvPhdLxV,354.5,587.8428571,354.5
2020-06-15 07:45:00,4135001,ih0vzX44oOqAx2f,354.5875,638.2285714,354.5875
2020-06-15 07:45:00,4135001,wCURE6d3bPkepu2,351.2857143,629.1125,351.2857143
2020-06-15 07:45:00,4135001,3PZuoBAID5Wc2HD,372.7285714,631.2,372.7285714
2020-06-15 07:45:00,4135001,ZoEaEvLYb1n2sOq,359.9285714,610.4285714,359.9285714
2020-06-15 07:45:00,4135001,pkci93gMrogZuBj,365.6571429,571.9,365.6571429
2020-06-15 07:45:00,4135001,zBIq5rxdHJRwDNY,353.925,625.3285714,353.925
2020-06-15 07:45:00,4135001,1BY6WEcLGh8j5v7,339.2375,581.2285714,339.2375
2020-06-15 07:45:00,4135001,YxYtjZvoooNbGkE,373.2857143,592.1571429,373.2857143
2020-06-15 07:45:00,4135001,uHbuxQJl8lW7ozc,380.2285714,571.475,380.2285714
2020-06-15 07:45:00,4135001,zVJPv84UY57bAof,362.4875,588.2285714,362.4875
2020-06-15 07:45:00,4135001,sjndEbLyjtCKgGv,369.55,603.1714286,369.55
2020-06-15 07:45:00,4135001,adLQvlD726eNBSB,367.975,629.7,367.975
2020-06-15 08:00:00,4135001,YxYtjZvoooNbGkE,592.1571429,707.75,592.1571429
2020-06-15 08:00:00,4135001,zVJPv84UY57bAof,588.2285714,732.1125,588.2285714
2020-06-15 08:00:00,4135001,WRmjgnKYAwPKWDb,634.5125,805.9714286,634.5125
2020-06-15 08:00:00,4135001,iCRJl6heRkivqQ3,615.6571429,725.0,615.6571429
2020-06-15 08:00:00,4135001,McdE0feGgRqW7Ca,638.6857143,757.0857143,638.6857143
2020-06-15 08:00:00,4135001,ZnxXDlPa8U1GXgE,635.2142857,737.6875,635.2142857
2020-06-15 08:00:00,4135001,7JYdWkrLSPkdwr4,650.0,754.2875,650.0
2020-06-15 08:00:00,4135001,1IF53ai7Xc0U56Y,648.2428571,808.725,648.2428571
2020-06-15 08:00:00,4135001,pkci93gMrogZuBj,571.9,685.6714286,571.9
2020-06-15 08:00:00,4135001,uHbuxQJl8lW7ozc,571.475,703.4142857,571.475
2020-06-15 08:00:00,4135001,VHMLBKoKgIrUVDU,646.7571429,785.0375,646.7571429
2020-06-15 08:00:00,4135001,sjndEbLyjtCKgGv,603.1714286,721.6142857,603.1714286
2020-06-15 08:00:00,4135001,ZoEaEvLYb1n2sOq,610.4285714,700.3,610.4285714
2020-06-15 08:00:00,4135001,ih0vzX44oOqAx2f,638.2285714,709.075,638.2285714
2020-06-15 08:00:00,4135001,rGa61gmuvPhdLxV,587.8428571,704.2625,587.8428571
2020-06-15 08:00:00,4135001,z9Y9gH1T5YWrNuG,609.825,753.2571429,609.825
2020-06-15 08:00:00,4135001,wCURE6d3bPkepu2,629.1125,740.2571429,629.1125
2020-06-15 08:00:00,4135001,3PZuoBAID5Wc2HD,631.2,820.0142857,631.2
2020-06-15 08:00:00,4135001,bvBOhCH3iADSZry,547.7285714,685.7125,547.7285714
2020-06-15 08:00:00,4135001,1BY6WEcLGh8j5v7,581.2285714,690.4375,581.2285714
2020-06-15 08:00:00,4135001,adLQvlD726eNBSB,629.7,837.8125,629.7
2020-06-15 08:00:00,4135001,zBIq5rxdHJRwDNY,625.3285714,698.225,625.3285714
2020-06-15 08:15:00,4135001,zBIq5rxdHJRwDNY,698.225,764.2714286,698.225
2020-06-15 08:15:00,4135001,rGa61gmuvPhdLxV,704.2625,749.5857143,704.2625
2020-06-15 08:15:00,4135001,adLQvlD726eNBSB,837.8125,773.9428571,837.8125
2020-06-15 08:15:00,4135001,YxYtjZvoooNbGkE,707.75,712.3,707.75
2020-06-15 08:15:00,4135001,ZnxXDlPa8U1GXgE,737.6875,779.1857143,737.6875
2020-06-15 08:15:00,4135001,sjndEbLyjtCKgGv,721.6142857,764.5,721.6142857
2020-06-15 08:15:00,4135001,bvBOhCH3iADSZry,685.7125,684.6571429,685.7125
2020-06-15 08:15:00,4135001,pkci93gMrogZuBj,685.6714286,715.2,685.6714286
2020-06-15 08:15:00,4135001,iCRJl6heRkivqQ3,725.0,761.8428571,725.0
2020-06-15 08:15:00,4135001,VHMLBKoKgIrUVDU,785.0375,773.7285714,785.0375
2020-06-15 08:15:00,4135001,wCURE6d3bPkepu2,740.2571429,765.4625,740.2571429
2020-06-15 08:15:00,4135001,WRmjgnKYAwPKWDb,805.9714286,629.5,805.9714286
2020-06-15 08:15:00,4135001,z9Y9gH1T5YWrNuG,753.2571429,774.2875,753.2571429
2020-06-15 08:15:00,4135001,7JYdWkrLSPkdwr4,754.2875,753.0571429,754.2875
2020-06-15 08:15:00,4135001,zVJPv84UY57bAof,732.1125,744.2142857,732.1125
2020-06-15 08:15:00,4135001,1IF53ai7Xc0U56Y,808.725,771.0,808.725
2020-06-15 08:15:00,4135001,ZoEaEvLYb1n2sOq,700.3,735.0428571,700.3
2020-06-15 08:15:00,4135001,McdE0feGgRqW7Ca,757.0857143,807.325,757.0857143
2020-06-15 08:15:00,4135001,3PZuoBAID5Wc2HD,820.0142857,670.5,820.0142857
2020-06-15 08:15:00,4135001,uHbuxQJl8lW7ozc,703.4142857,752.25,703.4142857
2020-06-15 08:15:00,4135001,ih0vzX44oOqAx2f,709.075,760.5,709.075
2020-06-15 08:15:00,4135001,1BY6WEcLGh8j5v7,690.4375,651.6,690.4375
2020-06-15 08:30:00,4135001,1IF53ai7Xc0U56Y,771.0,741.3125,771.0
2020-06-15 08:30:00,4135001,YxYtjZvoooNbGkE,712.3,727.1,712.3
2020-06-15 08:30:00,4135001,1BY6WEcLGh8j5v7,651.6,697.025,651.6
2020-06-15 08:30:00,4135001,ZnxXDlPa8U1GXgE,779.1857143,745.025,779.1857143
2020-06-15 08:30:00,4135001,bvBOhCH3iADSZry,684.6571429,692.9875,684.6571429
2020-06-15 08:30:00,4135001,sjndEbLyjtCKgGv,764.5,714.2142857,764.5
2020-06-15 08:30:00,4135001,uHbuxQJl8lW7ozc,752.25,752.4571429,752.25
2020-06-15 08:30:00,4135001,pkci93gMrogZuBj,715.2,719.5857143,715.2
2020-06-15 08:30:00,4135001,adLQvlD726eNBSB,773.9428571,757.0875,773.9428571
2020-06-15 08:30:00,4135001,7JYdWkrLSPkdwr4,753.0571429,708.2571429,753.0571429
2020-06-15 08:30:00,4135001,WRmjgnKYAwPKWDb,629.5,708.2,629.5
2020-06-15 08:30:00,4135001,zBIq5rxdHJRwDNY,764.2714286,697.0625,764.2714286
2020-06-15 08:30:00,4135001,McdE0feGgRqW7Ca,807.325,719.2,807.325
2020-06-15 08:30:00,4135001,ZoEaEvLYb1n2sOq,735.0428571,714.2625,735.0428571
2020-06-15 08:30:00,4135001,zVJPv84UY57bAof,744.2142857,741.25,744.2142857
2020-06-15 08:30:00,4135001,wCURE6d3bPkepu2,765.4625,706.3428571,765.4625
2020-06-15 08:30:00,4135001,3PZuoBAID5Wc2HD,670.5,728.5,670.5
2020-06-15 08:30:00,4135001,iCRJl6heRkivqQ3,761.8428571,725.975,761.8428571
2020-06-15 08:30:00,4135001,ih0vzX44oOqAx2f,760.5,715.5625,760.5
2020-06-15 08:30:00,4135001,VHMLBKoKgIrUVDU,773.7285714,741.7714286,773.7285714
2020-06-15 08:30:00,4135001,rGa61gmuvPhdLxV,749.5857143,697.4,749.5857143
2020-06-15 08:30:00,4135001,z9Y9gH1T5YWrNuG,774.2875,716.8714286,774.2875
2020-06-15 08:45:00,4135001,zBIq5rxdHJRwDNY,697.0625,796.7857143,697.0625
2020-06-15 08:45:00,4135001,zVJPv84UY57bAof,741.25,741.5571429,741.25
2020-06-15 08:45:00,4135001,ih0vzX44oOqAx2f,715.5625,783.2285714,715.5625
2020-06-15 08:45:00,4135001,pkci93gMrogZuBj,719.5857143,714.3857143,719.5857143
2020-06-15 08:45:00,4135001,uHbuxQJl8lW7ozc,752.4571429,694.1142857,752.4571429
2020-06-15 08:45:00,4135001,1IF53ai7Xc0U56Y,741.3125,866.7285714,741.3125
2020-06-15 08:45:00,4135001,3PZuoBAID5Wc2HD,728.5,811.3125,728.5
2020-06-15 08:45:00,4135001,7JYdWkrLSPkdwr4,708.2571429,840.4875,708.2571429
2020-06-15 08:45:00,4135001,VHMLBKoKgIrUVDU,741.7714286,850.8625,741.7714286
2020-06-15 08:45:00,4135001,WRmjgnKYAwPKWDb,708.2,799.325,708.2
2020-06-15 08:45:00,4135001,rGa61gmuvPhdLxV,697.4,753.1428571,697.4
2020-06-15 08:45:00,4135001,1BY6WEcLGh8j5v7,697.025,726.8857143,697.025
2020-06-15 08:45:00,4135001,iCRJl6heRkivqQ3,725.975,776.5571429,725.975
2020-06-15 08:45:00,4135001,YxYtjZvoooNbGkE,727.1,729.6285714,727.1
2020-06-15 08:45:00,4135001,adLQvlD726eNBSB,757.0875,845.9285714,757.0875
2020-06-15 08:45:00,4135001,ZnxXDlPa8U1GXgE,745.025,782.5714286,745.025
2020-06-15 08:45:00,4135001,bvBOhCH3iADSZry,692.9875,704.8,692.9875
2020-06-15 08:45:00,4135001,sjndEbLyjtCKgGv,714.2142857,800.0375,714.2142857
2020-06-15 08:45:00,4135001,wCURE6d3bPkepu2,706.3428571,823.1625,706.3428571
2020-06-15 08:45:00,4135001,ZoEaEvLYb1n2sOq,714.2625,734.1,714.2625
2020-06-15 08:45:00,4135001,z9Y9gH1T5YWrNuG,716.8714286,821.0625,716.8714286
2020-06-15 08:45:00,4135001,McdE0feGgRqW7Ca,719.2,815.375,719.2
2020-06-15 09:00:00,4135001,ZnxXDlPa8U1GXgE,782.5714286,895.3285714,782.5714286
2020-06-15 09:00:00,4135001,bvBOhCH3iADSZry,704.8,808.4285714,704.8
2020-06-15 09:00:00,4135001,adLQvlD726eNBSB,845.9285714,929.675,845.9285714
2020-06-15 09:00:00,4135001,zBIq5rxdHJRwDNY,796.7857143,884.9,796.7857143
2020-06-15 09:00:00,4135001,1IF53ai7Xc0U56Y,866.7285714,934.975,866.7285714
2020-06-15 09:00:00,4135001,ih0vzX44oOqAx2f,783.2285714,840.7285714,783.2285714
2020-06-15 09:00:00,4135001,iCRJl6heRkivqQ3,776.5571429,847.1375,776.5571429
2020-06-15 09:00:00,4135001,zVJPv84UY57bAof,741.5571429,844.9875,741.5571429
2020-06-15 09:00:00,4135001,uHbuxQJl8lW7ozc,694.1142857,868.7125,694.1142857
2020-06-15 09:00:00,4135001,wCURE6d3bPkepu2,823.1625,868.2285714,823.1625
2020-06-15 09:00:00,4135001,McdE0feGgRqW7Ca,815.375,868.2285714,815.375
2020-06-15 09:00:00,4135001,WRmjgnKYAwPKWDb,799.325,870.7142857,799.325
2020-06-15 09:00:00,4135001,VHMLBKoKgIrUVDU,850.8625,917.4571429,850.8625
2020-06-15 09:00:00,4135001,rGa61gmuvPhdLxV,753.1428571,847.175,753.1428571
2020-06-15 09:00:00,4135001,sjndEbLyjtCKgGv,800.0375,861.5714286,800.0375
2020-06-15 09:00:00,4135001,7JYdWkrLSPkdwr4,840.4875,904.9142857,840.4875
2020-06-15 09:00:00,4135001,z9Y9gH1T5YWrNuG,821.0625,871.9428571,821.0625
2020-06-15 09:00:00,4135001,YxYtjZvoooNbGkE,729.6285714,848.0375,729.6285714
2020-06-15 09:00:00,4135001,pkci93gMrogZuBj,714.3857143,800.7,714.3857143
2020-06-15 09:00:00,4135001,1BY6WEcLGh8j5v7,726.8857143,838.4571429,726.8857143
2020-06-15 09:00:00,4135001,3PZuoBAID5Wc2HD,811.3125,879.9571429,811.3125
2020-06-15 09:00:00,4135001,ZoEaEvLYb1n2sOq,734.1,901.575,734.1
2020-06-15 09:15:00,4135001,YxYtjZvoooNbGkE,848.0375,876.8285714,848.0375
2020-06-15 09:15:00,4135001,zBIq5rxdHJRwDNY,884.9,834.6571429,884.9
2020-06-15 09:15:00,4135001,ZoEaEvLYb1n2sOq,901.575,853.1285714,901.575
2020-06-15 09:15:00,4135001,z9Y9gH1T5YWrNuG,871.9428571,863.8875,871.9428571
2020-06-15 09:15:00,4135001,ih0vzX44oOqAx2f,840.7285714,837.5125,840.7285714
2020-06-15 09:15:00,4135001,sjndEbLyjtCKgGv,861.5714286,871.275,861.5714286
2020-06-15 09:15:00,4135001,1BY6WEcLGh8j5v7,838.4571429,878.725,838.4571429
2020-06-15 09:15:00,4135001,adLQvlD726eNBSB,929.675,838.5714286,929.675
2020-06-15 09:15:00,4135001,ZnxXDlPa8U1GXgE,895.3285714,875.7,895.3285714
2020-06-15 09:15:00,4135001,rGa61gmuvPhdLxV,847.175,878.4571429,847.175
2020-06-15 09:15:00,4135001,VHMLBKoKgIrUVDU,917.4571429,877.775,917.4571429
2020-06-15 09:15:00,4135001,WRmjgnKYAwPKWDb,870.7142857,924.675,870.7142857
2020-06-15 09:15:00,4135001,uHbuxQJl8lW7ozc,868.7125,879.2857143,868.7125
2020-06-15 09:15:00,4135001,7JYdWkrLSPkdwr4,904.9142857,848.9875,904.9142857
2020-06-15 09:15:00,4135001,pkci93gMrogZuBj,800.7,864.7285714,800.7
2020-06-15 09:15:00,4135001,3PZuoBAID5Wc2HD,879.9571429,912.3875,879.9571429
2020-06-15 09:15:00,4135001,zVJPv84UY57bAof,844.9875,885.2714286,844.9875
2020-06-15 09:15:00,4135001,bvBOhCH3iADSZry,808.4285714,812.475,808.4285714
2020-06-15 09:15:00,4135001,iCRJl6heRkivqQ3,847.1375,877.1428571,847.1375
2020-06-15 09:15:00,4135001,1IF53ai7Xc0U56Y,934.975,850.9285714,934.975
2020-06-15 09:15:00,4135001,wCURE6d3bPkepu2,868.2285714,887.7375,868.2285714
2020-06-15 09:15:00,4135001,McdE0feGgRqW7Ca,868.2285714,919.9,868.2285714
2020-06-15 09:30:00,4135001,1BY6WEcLGh8j5v7,878.725,846.8285714,878.725
2020-06-15 09:30:00,4135001,zVJPv84UY57bAof,885.2714286,869.5625,885.2714286
2020-06-15 09:30:00,4135001,McdE0feGgRqW7Ca,919.9,893.1571429,919.9
2020-06-15 09:30:00,4135001,iCRJl6heRkivqQ3,877.1428571,840.0125,877.1428571
2020-06-15 09:30:00,4135001,VHMLBKoKgIrUVDU,877.775,893.7857143,877.775
2020-06-15 09:30:00,4135001,z9Y9gH1T5YWrNuG,863.8875,902.2571429,863.8875
2020-06-15 09:30:00,4135001,bvBOhCH3iADSZry,812.475,834.2571429,812.475
2020-06-15 09:30:00,4135001,ZoEaEvLYb1n2sOq,853.1285714,857.8875,853.1285714
2020-06-15 09:30:00,4135001,zBIq5rxdHJRwDNY,834.6571429,835.925,834.6571429
2020-06-15 09:30:00,4135001,uHbuxQJl8lW7ozc,879.2857143,887.0125,879.2857143
2020-06-15 09:30:00,4135001,1IF53ai7Xc0U56Y,850.9285714,844.3125,850.9285714
2020-06-15 09:30:00,4135001,pkci93gMrogZuBj,864.7285714,820.3125,864.7285714
2020-06-15 09:30:00,4135001,wCURE6d3bPkepu2,887.7375,871.5428571,887.7375
2020-06-15 09:30:00,4135001,ih0vzX44oOqAx2f,837.5125,828.4428571,837.5125
2020-06-15 09:30:00,4135001,adLQvlD726eNBSB,838.5714286,862.675,838.5714286
2020-06-15 09:30:00,4135001,3PZuoBAID5Wc2HD,912.3875,827.7714286,912.3875
2020-06-15 09:30:00,4135001,sjndEbLyjtCKgGv,871.275,838.4285714,871.275
2020-06-15 09:30:00,4135001,rGa61gmuvPhdLxV,878.4571429,816.1625,878.4571429
2020-06-15 09:30:00,4135001,ZnxXDlPa8U1GXgE,875.7,881.4,875.7
2020-06-15 09:30:00,4135001,YxYtjZvoooNbGkE,876.8285714,875.575,876.8285714
2020-06-15 09:30:00,4135001,WRmjgnKYAwPKWDb,924.675,815.0142857,924.675
2020-06-15 09:30:00,4135001,7JYdWkrLSPkdwr4,848.9875,857.7142857,848.9875
2020-06-15 09:45:00,4135001,z9Y9gH1T5YWrNuG,902.2571429,919.0625,902.2571429
2020-06-15 09:45:00,4135001,ZoEaEvLYb1n2sOq,857.8875,800.4571429,857.8875
2020-06-15 09:45:00,4135001,uHbuxQJl8lW7ozc,887.0125,836.8142857,887.0125
2020-06-15 09:45:00,4135001,iCRJl6heRkivqQ3,840.0125,836.4428571,840.0125
2020-06-15 09:45:00,4135001,pkci93gMrogZuBj,820.3125,785.5571429,820.3125
2020-06-15 09:45:00,4135001,YxYtjZvoooNbGkE,875.575,824.7428571,875.575
2020-06-15 09:45:00,4135001,1BY6WEcLGh8j5v7,846.8285714,772.075,846.8285714
2020-06-15 09:45:00,4135001,wCURE6d3bPkepu2,871.5428571,921.5625,871.5428571
2020-06-15 09:45:00,4135001,adLQvlD726eNBSB,862.675,944.5285714,862.675
2020-06-15 09:45:00,4135001,rGa61gmuvPhdLxV,816.1625,794.1714286,816.1625
2020-06-15 09:45:00,4135001,WRmjgnKYAwPKWDb,815.0142857,855.2142857,815.0142857
2020-06-15 09:45:00,4135001,1IF53ai7Xc0U56Y,844.3125,909.4571429,844.3125
2020-06-15 09:45:00,4135001,zBIq5rxdHJRwDNY,835.925,867.9,835.925
2020-06-15 09:45:00,4135001,ih0vzX44oOqAx2f,828.4428571,831.9375,828.4428571
2020-06-15 09:45:00,4135001,sjndEbLyjtCKgGv,838.4285714,884.3625,838.4285714
2020-06-15 09:45:00,4135001,ZnxXDlPa8U1GXgE,881.4,842.3,881.4
2020-06-15 09:45:00,4135001,bvBOhCH3iADSZry,834.2571429,760.65,834.2571429
2020-06-15 09:45:00,4135001,VHMLBKoKgIrUVDU,893.7857143,861.65,893.7857143
2020-06-15 09:45:00,4135001,McdE0feGgRqW7Ca,893.1571429,916.2125,893.1571429
2020-06-15 09:45:00,4135001,zVJPv84UY57bAof,869.5625,814.7,869.5625
2020-06-15 09:45:00,4135001,3PZuoBAID5Wc2HD,827.7714286,923.5,827.7714286
2020-06-15 09:45:00,4135001,7JYdWkrLSPkdwr4,857.7142857,852.2375,857.7142857
2020-06-15 10:00:00,4135001,VHMLBKoKgIrUVDU,861.65,1196.7,861.65
2020-06-15 10:00:00,4135001,z9Y9gH1T5YWrNuG,919.0625,1143.785714,919.0625
2020-06-15 10:00:00,4135001,ZnxXDlPa8U1GXgE,842.3,1107.285714,842.3
2020-06-15 10:00:00,4135001,WRmjgnKYAwPKWDb,855.2142857,1139.0625,855.2142857
2020-06-15 10:00:00,4135001,iCRJl6heRkivqQ3,836.4428571,1154.271429,836.4428571
2020-06-15 10:00:00,4135001,3PZuoBAID5Wc2HD,923.5,1201.6375,923.5
2020-06-15 10:00:00,4135001,rGa61gmuvPhdLxV,794.1714286,1186.475,794.1714286
2020-06-15 10:00:00,4135001,zVJPv84UY57bAof,814.7,1189.9875,814.7
2020-06-15 10:00:00,4135001,7JYdWkrLSPkdwr4,852.2375,1149.757143,852.2375
2020-06-15 10:00:00,4135001,wCURE6d3bPkepu2,921.5625,1158.857143,921.5625
2020-06-15 10:00:00,4135001,1BY6WEcLGh8j5v7,772.075,1057.2,772.075
2020-06-15 10:00:00,4135001,McdE0feGgRqW7Ca,916.2125,1212.785714,916.2125
2020-06-15 10:00:00,4135001,YxYtjZvoooNbGkE,824.7428571,1136.6375,824.7428571
2020-06-15 10:00:00,4135001,1IF53ai7Xc0U56Y,909.4571429,1182.8375,909.4571429
2020-06-15 10:00:00,4135001,zBIq5rxdHJRwDNY,867.9,1177.114286,867.9
2020-06-15 10:00:00,4135001,pkci93gMrogZuBj,785.5571429,1166.625,785.5571429
2020-06-15 10:00:00,4135001,sjndEbLyjtCKgGv,884.3625,1161.1,884.3625
2020-06-15 10:00:00,4135001,adLQvlD726eNBSB,944.5285714,1227.7375,944.5285714
2020-06-15 10:00:00,4135001,bvBOhCH3iADSZry,760.65,1027.214286,760.65
2020-06-15 10:00:00,4135001,ZoEaEvLYb1n2sOq,800.4571429,1144.7625,800.4571429
2020-06-15 10:00:00,4135001,ih0vzX44oOqAx2f,831.9375,1093.057143,831.9375
2020-06-15 10:00:00,4135001,uHbuxQJl8lW7ozc,836.8142857,1185.5375,836.8142857
2020-06-15 10:15:00,4135001,ih0vzX44oOqAx2f,1093.057143,977.0,1093.057143
2020-06-15 10:15:00,4135001,WRmjgnKYAwPKWDb,1139.0625,806.3428571,1139.0625
2020-06-15 10:15:00,4135001,z9Y9gH1T5YWrNuG,1143.785714,975.7125,1143.785714
2020-06-15 10:15:00,4135001,YxYtjZvoooNbGkE,1136.6375,738.8428571,1136.6375
2020-06-15 10:15:00,4135001,wCURE6d3bPkepu2,1158.857143,1079.8,1158.857143
2020-06-15 10:15:00,4135001,uHbuxQJl8lW7ozc,1185.5375,857.9571429,1185.5375
2020-06-15 10:15:00,4135001,zVJPv84UY57bAof,1189.9875,1010.0,1189.9875
2020-06-15 10:15:00,4135001,7JYdWkrLSPkdwr4,1149.757143,1102.7625,1149.757143
2020-06-15 10:15:00,4135001,1IF53ai7Xc0U56Y,1182.8375,1065.114286,1182.8375
2020-06-15 10:15:00,4135001,VHMLBKoKgIrUVDU,1196.7,1091.8125,1196.7
2020-06-15 10:15:00,4135001,zBIq5rxdHJRwDNY,1177.114286,1076.7625,1177.114286
2020-06-15 10:15:00,4135001,McdE0feGgRqW7Ca,1212.785714,997.1625,1212.785714
2020-06-15 10:15:00,4135001,ZoEaEvLYb1n2sOq,1144.7625,746.1714286,1144.7625
2020-06-15 10:15:00,4135001,ZnxXDlPa8U1GXgE,1107.285714,992.2375,1107.285714
2020-06-15 10:15:00,4135001,pkci93gMrogZuBj,1166.625,913.6285714,1166.625
2020-06-15 10:15:00,4135001,sjndEbLyjtCKgGv,1161.1,1040.85,1161.1
2020-06-15 10:15:00,4135001,1BY6WEcLGh8j5v7,1057.2,844.65,1057.2
2020-06-15 10:15:00,4135001,rGa61gmuvPhdLxV,1186.475,953.2428571,1186.475
2020-06-15 10:15:00,4135001,iCRJl6heRkivqQ3,1154.271429,998.8625,1154.271429
2020-06-15 10:15:00,4135001,adLQvlD726eNBSB,1227.7375,1049.585714,1227.7375
2020-06-15 10:15:00,4135001,3PZuoBAID5Wc2HD,1201.6375,773.2714286,1201.6375
2020-06-15 10:15:00,4135001,bvBOhCH3iADSZry,1027.214286,890.325,1027.214286
2020-06-15 10:30:00,4135001,YxYtjZvoooNbGkE,738.8428571,836.2625,738.8428571
2020-06-15 10:30:00,4135001,wCURE6d3bPkepu2,1079.8,1196.657143,1079.8
2020-06-15 10:30:00,4135001,iCRJl6heRkivqQ3,998.8625,1099.457143,998.8625
2020-06-15 10:30:00,4135001,7JYdWkrLSPkdwr4,1102.7625,1232.814286,1102.7625
2020-06-15 10:30:00,4135001,adLQvlD726eNBSB,1049.585714,1131.357143,1049.585714
2020-06-15 10:30:00,4135001,ZnxXDlPa8U1GXgE,992.2375,1076.414286,992.2375
2020-06-15 10:30:00,4135001,WRmjgnKYAwPKWDb,806.3428571,819.6,806.3428571
2020-06-15 10:30:00,4135001,VHMLBKoKgIrUVDU,1091.8125,1218.757143,1091.8125
2020-06-15 10:30:00,4135001,3PZuoBAID5Wc2HD,773.2714286,851.725,773.2714286
2020-06-15 10:30:00,4135001,rGa61gmuvPhdLxV,953.2428571,1016.95,953.2428571
2020-06-15 10:30:00,4135001,1IF53ai7Xc0U56Y,1065.114286,1156.3,1065.114286
2020-06-15 10:30:00,4135001,sjndEbLyjtCKgGv,1040.85,1100.2,1040.85
2020-06-15 10:30:00,4135001,z9Y9gH1T5YWrNuG,975.7125,1081.685714,975.7125
2020-06-15 10:30:00,4135001,ZoEaEvLYb1n2sOq,746.1714286,921.2625,746.1714286
2020-06-15 10:30:00,4135001,ih0vzX44oOqAx2f,977.0,1121.8,977.0
2020-06-15 10:30:00,4135001,1BY6WEcLGh8j5v7,844.65,948.5428571,844.65
2020-06-15 10:30:00,4135001,uHbuxQJl8lW7ozc,857.9571429,1062.35,857.9571429
2020-06-15 10:30:00,4135001,zBIq5rxdHJRwDNY,1076.7625,1120.657143,1076.7625
2020-06-15 10:30:00,4135001,zVJPv84UY57bAof,1010.0,1065.7125,1010.0
2020-06-15 10:30:00,4135001,pkci93gMrogZuBj,913.6285714,969.7125,913.6285714
2020-06-15 10:30:00,4135001,McdE0feGgRqW7Ca,997.1625,1093.314286,997.1625
2020-06-15 10:30:00,4135001,bvBOhCH3iADSZry,890.325,937.2,890.325
2020-06-15 10:45:00,4135001,3PZuoBAID5Wc2HD,851.725,893.9285714,851.725
2020-06-15 10:45:00,4135001,7JYdWkrLSPkdwr4,1232.814286,1024.1125,1232.814286
2020-06-15 10:45:00,4135001,pkci93gMrogZuBj,969.7125,873.4428571,969.7125
2020-06-15 10:45:00,4135001,adLQvlD726eNBSB,1131.357143,1198.2875,1131.357143
2020-06-15 10:45:00,4135001,uHbuxQJl8lW7ozc,1062.35,874.7571429,1062.35
2020-06-15 10:45:00,4135001,rGa61gmuvPhdLxV,1016.95,965.7,1016.95
2020-06-15 10:45:00,4135001,zBIq5rxdHJRwDNY,1120.657143,1124.975,1120.657143
2020-06-15 10:45:00,4135001,1IF53ai7Xc0U56Y,1156.3,1180.2625,1156.3
2020-06-15 10:45:00,4135001,ZoEaEvLYb1n2sOq,921.2625,844.7285714,921.2625
2020-06-15 10:45:00,4135001,zVJPv84UY57bAof,1065.7125,887.4,1065.7125
2020-06-15 10:45:00,4135001,wCURE6d3bPkepu2,1196.657143,1064.575,1196.657143
2020-06-15 10:45:00,4135001,z9Y9gH1T5YWrNuG,1081.685714,1063.6,1081.685714
2020-06-15 10:45:00,4135001,YxYtjZvoooNbGkE,836.2625,868.4142857,836.2625
2020-06-15 10:45:00,4135001,bvBOhCH3iADSZry,937.2,1034.35,937.2
2020-06-15 10:45:00,4135001,sjndEbLyjtCKgGv,1100.2,999.9625,1100.2
2020-06-15 10:45:00,4135001,VHMLBKoKgIrUVDU,1218.757143,1158.075,1218.757143
2020-06-15 10:45:00,4135001,ZnxXDlPa8U1GXgE,1076.414286,1045.8875,1076.414286
2020-06-15 10:45:00,4135001,WRmjgnKYAwPKWDb,819.6,882.6714286,819.6
2020-06-15 10:45:00,4135001,McdE0feGgRqW7Ca,1093.314286,1066.7,1093.314286
2020-06-15 10:45:00,4135001,1BY6WEcLGh8j5v7,948.5428571,1082.425,948.5428571
2020-06-15 10:45:00,4135001,ih0vzX44oOqAx2f,1121.8,965.375,1121.8
2020-06-15 10:45:00,4135001,iCRJl6heRkivqQ3,1099.457143,1029.2,1099.457143
2020-06-15 11:00:00,4135001,sjndEbLyjtCKgGv,999.9625,797.1,999.9625
2020-06-15 11:00:00,4135001,zBIq5rxdHJRwDNY,1124.975,848.0,1124.975
2020-06-15 11:00:00,4135001,WRmjgnKYAwPKWDb,882.6714286,758.6875,882.6714286
2020-06-15 11:00:00,4135001,pkci93gMrogZuBj,873.4428571,753.4375,873.4428571
2020-06-15 11:00:00,4135001,zVJPv84UY57bAof,887.4,761.7125,887.4
2020-06-15 11:00:00,4135001,wCURE6d3bPkepu2,1064.575,763.7714286,1064.575
2020-06-15 11:00:00,4135001,ZoEaEvLYb1n2sOq,844.7285714,786.0375,844.7285714
2020-06-15 11:00:00,4135001,1BY6WEcLGh8j5v7,1082.425,757.3571429,1082.425
2020-06-15 11:00:00,4135001,McdE0feGgRqW7Ca,1066.7,852.5571429,1066.7
2020-06-15 11:00:00,4135001,ZnxXDlPa8U1GXgE,1045.8875,725.3857143,1045.8875
2020-06-15 11:00:00,4135001,VHMLBKoKgIrUVDU,1158.075,768.0571429,1158.075
2020-06-15 11:00:00,4135001,adLQvlD726eNBSB,1198.2875,774.3857143,1198.2875
2020-06-15 11:00:00,4135001,uHbuxQJl8lW7ozc,874.7571429,678.8125,874.7571429
2020-06-15 11:00:00,4135001,YxYtjZvoooNbGkE,868.4142857,679.1375,868.4142857
2020-06-15 11:00:00,4135001,iCRJl6heRkivqQ3,1029.2,832.6285714,1029.2
2020-06-15 11:00:00,4135001,z9Y9gH1T5YWrNuG,1063.6,821.9285714,1063.6
2020-06-15 11:00:00,4135001,1IF53ai7Xc0U56Y,1180.2625,748.1,1180.2625
2020-06-15 11:00:00,4135001,rGa61gmuvPhdLxV,965.7,830.4375,965.7
2020-06-15 11:00:00,4135001,7JYdWkrLSPkdwr4,1024.1125,767.3571429,1024.1125
2020-06-15 11:00:00,4135001,3PZuoBAID5Wc2HD,893.9285714,738.175,893.9285714
2020-06-15 11:00:00,4135001,bvBOhCH3iADSZry,1034.35,706.5857143,1034.35
2020-06-15 11:00:00,4135001,ih0vzX44oOqAx2f,965.375,642.6571429,965.375
2020-06-15 11:15:00,4135001,VHMLBKoKgIrUVDU,768.0571429,796.9125,768.0571429
2020-06-15 11:15:00,4135001,1IF53ai7Xc0U56Y,748.1,814.225,748.1
2020-06-15 11:15:00,4135001,3PZuoBAID5Wc2HD,738.175,799.3,738.175
2020-06-15 11:15:00,4135001,McdE0feGgRqW7Ca,852.5571429,802.15,852.5571429
2020-06-15 11:15:00,4135001,rGa61gmuvPhdLxV,830.4375,772.5142857,830.4375
2020-06-15 11:15:00,4135001,z9Y9gH1T5YWrNuG,821.9285714,773.5,821.9285714
2020-06-15 11:15:00,4135001,pkci93gMrogZuBj,753.4375,907.1428571,753.4375
2020-06-15 11:15:00,4135001,wCURE6d3bPkepu2,763.7714286,889.6625,763.7714286
2020-06-15 11:15:00,4135001,iCRJl6heRkivqQ3,832.6285714,780.225,832.6285714
2020-06-15 11:15:00,4135001,adLQvlD726eNBSB,774.3857143,790.1625,774.3857143
2020-06-15 11:15:00,4135001,uHbuxQJl8lW7ozc,678.8125,895.2571429,678.8125
2020-06-15 11:15:00,4135001,ih0vzX44oOqAx2f,642.6571429,801.375,642.6571429
2020-06-15 11:15:00,4135001,zBIq5rxdHJRwDNY,848.0,792.175,848.0
2020-06-15 11:15:00,4135001,ZoEaEvLYb1n2sOq,786.0375,771.8142857,786.0375
2020-06-15 11:15:00,4135001,ZnxXDlPa8U1GXgE,725.3857143,808.3,725.3857143
2020-06-15 11:15:00,4135001,zVJPv84UY57bAof,761.7125,792.5428571,761.7125
2020-06-15 11:15:00,4135001,WRmjgnKYAwPKWDb,758.6875,816.0142857,758.6875
2020-06-15 11:15:00,4135001,bvBOhCH3iADSZry,706.5857143,732.0625,706.5857143
2020-06-15 11:15:00,4135001,sjndEbLyjtCKgGv,797.1,839.725,797.1
2020-06-15 11:15:00,4135001,1BY6WEcLGh8j5v7,757.3571429,848.5625,757.3571429
2020-06-15 11:15:00,4135001,YxYtjZvoooNbGkE,679.1375,735.1714286,679.1375
2020-06-15 11:15:00,4135001,7JYdWkrLSPkdwr4,767.3571429,781.925,767.3571429
2020-06-15 11:30:00,4135001,z9Y9gH1T5YWrNuG,773.5,823.8,773.5
2020-06-15 11:30:00,4135001,iCRJl6heRkivqQ3,780.225,853.7142857,780.225
2020-06-15 11:30:00,4135001,pkci93gMrogZuBj,907.1428571,1063.4875,907.1428571
2020-06-15 11:30:00,4135001,ZnxXDlPa8U1GXgE,808.3,791.7142857,808.3
2020-06-15 11:30:00,4135001,VHMLBKoKgIrUVDU,796.9125,908.2428571,796.9125
2020-06-15 11:30:00,4135001,ZoEaEvLYb1n2sOq,771.8142857,870.1875,771.8142857
2020-06-15 11:30:00,4135001,YxYtjZvoooNbGkE,735.1714286,933.975,735.1714286
2020-06-15 11:30:00,4135001,7JYdWkrLSPkdwr4,781.925,876.2428571,781.925
2020-06-15 11:30:00,4135001,uHbuxQJl8lW7ozc,895.2571429,992.6,895.2571429
2020-06-15 11:30:00,4135001,ih0vzX44oOqAx2f,801.375,768.1857143,801.375
2020-06-15 11:30:00,4135001,sjndEbLyjtCKgGv,839.725,792.0571429,839.725
2020-06-15 11:30:00,4135001,rGa61gmuvPhdLxV,772.5142857,888.8714286,772.5142857
2020-06-15 11:30:00,4135001,wCURE6d3bPkepu2,889.6625,824.5285714,889.6625
2020-06-15 11:30:00,4135001,McdE0feGgRqW7Ca,802.15,878.4571429,802.15
2020-06-15 11:30:00,4135001,zVJPv84UY57bAof,792.5428571,1060.014286,792.5428571
2020-06-15 11:30:00,4135001,bvBOhCH3iADSZry,732.0625,736.6428571,732.0625
2020-06-15 11:30:00,4135001,3PZuoBAID5Wc2HD,799.3,890.775,799.3
2020-06-15 11:30:00,4135001,WRmjgnKYAwPKWDb,816.0142857,919.0,816.0142857
2020-06-15 11:30:00,4135001,1BY6WEcLGh8j5v7,848.5625,770.8285714,848.5625
2020-06-15 11:30:00,4135001,1IF53ai7Xc0U56Y,814.225,785.4428571,814.225
2020-06-15 11:30:00,4135001,adLQvlD726eNBSB,790.1625,759.5285714,790.1625
2020-06-15 11:30:00,4135001,zBIq5rxdHJRwDNY,792.175,820.8571429,792.175
2020-06-15 11:45:00,4135001,ZnxXDlPa8U1GXgE,791.7142857,909.75,791.7142857
2020-06-15 11:45:00,4135001,3PZuoBAID5Wc2HD,890.775,970.4857143,890.775
2020-06-15 11:45:00,4135001,VHMLBKoKgIrUVDU,908.2428571,938.8125,908.2428571
2020-06-15 11:45:00,4135001,ZoEaEvLYb1n2sOq,870.1875,915.1428571,870.1875
2020-06-15 11:45:00,4135001,YxYtjZvoooNbGkE,933.975,996.4142857,933.975
2020-06-15 11:45:00,4135001,bvBOhCH3iADSZry,736.6428571,807.8375,736.6428571
2020-06-15 11:45:00,4135001,zVJPv84UY57bAof,1060.014286,967.5375,1060.014286
2020-06-15 11:45:00,4135001,uHbuxQJl8lW7ozc,992.6,1038.785714,992.6
2020-06-15 11:45:00,4135001,zBIq5rxdHJRwDNY,820.8571429,928.9375,820.8571429
2020-06-15 11:45:00,4135001,ih0vzX44oOqAx2f,768.1857143,892.225,768.1857143
2020-06-15 11:45:00,4135001,McdE0feGgRqW7Ca,878.4571429,962.2375,878.4571429
2020-06-15 11:45:00,4135001,1BY6WEcLGh8j5v7,770.8285714,775.125,770.8285714
2020-06-15 11:45:00,4135001,pkci93gMrogZuBj,1063.4875,1026.742857,1063.4875
2020-06-15 11:45:00,4135001,z9Y9gH1T5YWrNuG,823.8,946.9142857,823.8
2020-06-15 11:45:00,4135001,sjndEbLyjtCKgGv,792.0571429,925.5375,792.0571429
2020-06-15 11:45:00,4135001,1IF53ai7Xc0U56Y,785.4428571,945.3125,785.4428571
2020-06-15 11:45:00,4135001,wCURE6d3bPkepu2,824.5285714,924.7,824.5285714
2020-06-15 11:45:00,4135001,rGa61gmuvPhdLxV,888.8714286,973.5125,888.8714286
2020-06-15 11:45:00,4135001,adLQvlD726eNBSB,759.5285714,932.625,759.5285714
2020-06-15 11:45:00,4135001,iCRJl6heRkivqQ3,853.7142857,930.8375,853.7142857
2020-06-15 11:45:00,4135001,WRmjgnKYAwPKWDb,919.0,989.2285714,919.0
2020-06-15 11:45:00,4135001,7JYdWkrLSPkdwr4,876.2428571,892.85,876.2428571
2020-06-15 12:00:00,4135001,adLQvlD726eNBSB,932.625,584.1142857,932.625
2020-06-15 12:00:00,4135001,ZnxXDlPa8U1GXgE,909.75,580.9428571,909.75
2020-06-15 12:00:00,4135001,VHMLBKoKgIrUVDU,938.8125,569.5142857,938.8125
2020-06-15 12:00:00,4135001,1BY6WEcLGh8j5v7,775.125,538.8571429,775.125
2020-06-15 12:00:00,4135001,sjndEbLyjtCKgGv,925.5375,600.4285714,925.5375
2020-06-15 12:00:00,4135001,3PZuoBAID5Wc2HD,970.4857143,581.5625,970.4857143
2020-06-15 12:00:00,4135001,uHbuxQJl8lW7ozc,1038.785714,663.55,1038.785714
2020-06-15 12:00:00,4135001,ih0vzX44oOqAx2f,892.225,570.6857143,892.225
2020-06-15 12:00:00,4135001,wCURE6d3bPkepu2,924.7,666.4125,924.7
2020-06-15 12:00:00,4135001,rGa61gmuvPhdLxV,973.5125,631.7142857,973.5125
2020-06-15 12:00:00,4135001,zVJPv84UY57bAof,967.5375,712.6,967.5375
2020-06-15 12:00:00,4135001,YxYtjZvoooNbGkE,996.4142857,606.675,996.4142857
2020-06-15 12:00:00,4135001,bvBOhCH3iADSZry,807.8375,523.7142857,807.8375
2020-06-15 12:00:00,4135001,pkci93gMrogZuBj,1026.742857,691.7125,1026.742857
2020-06-15 12:00:00,4135001,zBIq5rxdHJRwDNY,928.9375,594.3142857,928.9375
2020-06-15 12:00:00,4135001,McdE0feGgRqW7Ca,962.2375,608.5571429,962.2375
2020-06-15 12:00:00,4135001,iCRJl6heRkivqQ3,930.8375,609.5285714,930.8375
2020-06-15 12:00:00,4135001,z9Y9gH1T5YWrNuG,946.9142857,631.1,946.9142857
2020-06-15 12:00:00,4135001,7JYdWkrLSPkdwr4,892.85,560.2,892.85
2020-06-15 12:00:00,4135001,ZoEaEvLYb1n2sOq,915.1428571,625.6375,915.1428571
2020-06-15 12:00:00,4135001,1IF53ai7Xc0U56Y,945.3125,583.4714286,945.3125
2020-06-15 12:00:00,4135001,WRmjgnKYAwPKWDb,989.2285714,570.9,989.2285714
2020-06-15 12:15:00,4135001,1IF53ai7Xc0U56Y,583.4714286,590.525,583.4714286
2020-06-15 12:15:00,4135001,3PZuoBAID5Wc2HD,581.5625,597.0285714,581.5625
2020-06-15 12:15:00,4135001,bvBOhCH3iADSZry,523.7142857,523.7625,523.7142857
2020-06-15 12:15:00,4135001,1BY6WEcLGh8j5v7,538.8571429,520.0625,538.8571429
2020-06-15 12:15:00,4135001,WRmjgnKYAwPKWDb,570.9,591.8571429,570.9
2020-06-15 12:15:00,4135001,iCRJl6heRkivqQ3,609.5285714,556.7,609.5285714
2020-06-15 12:15:00,4135001,rGa61gmuvPhdLxV,631.7142857,555.9625,631.7142857
2020-06-15 12:15:00,4135001,ih0vzX44oOqAx2f,570.6857143,540.3,570.6857143
2020-06-15 12:15:00,4135001,sjndEbLyjtCKgGv,600.4285714,557.35,600.4285714
2020-06-15 12:15:00,4135001,adLQvlD726eNBSB,584.1142857,599.7375,584.1142857
2020-06-15 12:15:00,4135001,McdE0feGgRqW7Ca,608.5571429,556.2,608.5571429
2020-06-15 12:15:00,4135001,7JYdWkrLSPkdwr4,560.2,575.75,560.2
2020-06-15 12:15:00,4135001,zBIq5rxdHJRwDNY,594.3142857,567.4375,594.3142857
2020-06-15 12:15:00,4135001,uHbuxQJl8lW7ozc,663.55,551.5857143,663.55
2020-06-15 12:15:00,4135001,VHMLBKoKgIrUVDU,569.5142857,596.6,569.5142857
2020-06-15 12:15:00,4135001,zVJPv84UY57bAof,712.6,539.9,712.6
2020-06-15 12:15:00,4135001,pkci93gMrogZuBj,691.7125,560.3714286,691.7125
2020-06-15 12:15:00,4135001,ZoEaEvLYb1n2sOq,625.6375,574.0714286,625.6375
2020-06-15 12:15:00,4135001,YxYtjZvoooNbGkE,606.675,561.2714286,606.675
2020-06-15 12:15:00,4135001,wCURE6d3bPkepu2,666.4125,545.6571429,666.4125
2020-06-15 12:15:00,4135001,ZnxXDlPa8U1GXgE,580.9428571,563.5375,580.9428571
2020-06-15 12:15:00,4135001,z9Y9gH1T5YWrNuG,631.1,536.4428571,631.1
2020-06-15 12:30:00,4135001,bvBOhCH3iADSZry,523.7625,574.7142857,523.7625
2020-06-15 12:30:00,4135001,1BY6WEcLGh8j5v7,520.0625,584.0428571,520.0625
2020-06-15 12:30:00,4135001,zBIq5rxdHJRwDNY,567.4375,639.7571429,567.4375
2020-06-15 12:30:00,4135001,rGa61gmuvPhdLxV,555.9625,634.3857143,555.9625
2020-06-15 12:30:00,4135001,7JYdWkrLSPkdwr4,575.75,623.3571429,575.75
2020-06-15 12:30:00,4135001,z9Y9gH1T5YWrNuG,536.4428571,628.5375,536.4428571
2020-06-15 12:30:00,4135001,ZnxXDlPa8U1GXgE,563.5375,621.2428571,563.5375
2020-06-15 12:30:00,4135001,sjndEbLyjtCKgGv,557.35,629.6857143,557.35
2020-06-15 12:30:00,4135001,pkci93gMrogZuBj,560.3714286,708.125,560.3714286
2020-06-15 12:30:00,4135001,1IF53ai7Xc0U56Y,590.525,651.0285714,590.525
2020-06-15 12:30:00,4135001,iCRJl6heRkivqQ3,556.7,633.7285714,556.7
2020-06-15 12:30:00,4135001,wCURE6d3bPkepu2,545.6571429,625.3125,545.6571429
2020-06-15 12:30:00,4135001,VHMLBKoKgIrUVDU,596.6,641.4142857,596.6
2020-06-15 12:30:00,4135001,YxYtjZvoooNbGkE,561.2714286,641.8,561.2714286
2020-06-15 12:30:00,4135001,zVJPv84UY57bAof,539.9,673.5142857,539.9
2020-06-15 12:30:00,4135001,ih0vzX44oOqAx2f,540.3,617.4428571,540.3
2020-06-15 12:30:00,4135001,McdE0feGgRqW7Ca,556.2,663.9428571,556.2
2020-06-15 12:30:00,4135001,adLQvlD726eNBSB,599.7375,654.1,599.7375
2020-06-15 12:30:00,4135001,uHbuxQJl8lW7ozc,551.5857143,688.5375,551.5857143
2020-06-15 12:30:00,4135001,ZoEaEvLYb1n2sOq,574.0714286,629.5285714,574.0714286
2020-06-15 12:30:00,4135001,WRmjgnKYAwPKWDb,591.8571429,678.6375,591.8571429
2020-06-15 12:30:00,4135001,3PZuoBAID5Wc2HD,597.0285714,672.275,597.0285714
2020-06-15 12:45:00,4135001,sjndEbLyjtCKgGv,629.6857143,1044.385714,629.6857143
2020-06-15 12:45:00,4135001,wCURE6d3bPkepu2,625.3125,1041.985714,625.3125
2020-06-15 12:45:00,4135001,VHMLBKoKgIrUVDU,641.4142857,975.725,641.4142857
2020-06-15 12:45:00,4135001,rGa61gmuvPhdLxV,634.3857143,975.825,634.3857143
2020-06-15 12:45:00,4135001,McdE0feGgRqW7Ca,663.9428571,1039.257143,663.9428571
2020-06-15 12:45:00,4135001,1BY6WEcLGh8j5v7,584.0428571,876.925,584.0428571
2020-06-15 12:45:00,4135001,3PZuoBAID5Wc2HD,672.275,1020.9,672.275
2020-06-15 12:45:00,4135001,bvBOhCH3iADSZry,574.7142857,885.575,574.7142857
2020-06-15 12:45:00,4135001,adLQvlD726eNBSB,654.1,987.5625,654.1
2020-06-15 12:45:00,4135001,pkci93gMrogZuBj,708.125,1042.771429,708.125
2020-06-15 12:45:00,4135001,zBIq5rxdHJRwDNY,639.7571429,980.675,639.7571429
2020-06-15 12:45:00,4135001,ZoEaEvLYb1n2sOq,629.5285714,940.475,629.5285714
2020-06-15 12:45:00,4135001,1IF53ai7Xc0U56Y,651.0285714,979.3625,651.0285714
2020-06-15 12:45:00,4135001,7JYdWkrLSPkdwr4,623.3571429,929.875,623.3571429
2020-06-15 12:45:00,4135001,zVJPv84UY57bAof,673.5142857,988.875,673.5142857
2020-06-15 12:45:00,4135001,ih0vzX44oOqAx2f,617.4428571,977.5375,617.4428571
2020-06-15 12:45:00,4135001,uHbuxQJl8lW7ozc,688.5375,1100.557143,688.5375
2020-06-15 12:45:00,4135001,iCRJl6heRkivqQ3,633.7285714,1037.375,633.7285714
2020-06-15 12:45:00,4135001,YxYtjZvoooNbGkE,641.8,940.9125,641.8
2020-06-15 12:45:00,4135001,WRmjgnKYAwPKWDb,678.6375,981.3142857,678.6375
2020-06-15 12:45:00,4135001,ZnxXDlPa8U1GXgE,621.2428571,991.4625,621.2428571
2020-06-15 12:45:00,4135001,z9Y9gH1T5YWrNuG,628.5375,1006.114286,628.5375
2020-06-15 13:00:00,4135001,rGa61gmuvPhdLxV,975.825,596.3714286,975.825
2020-06-15 13:00:00,4135001,zBIq5rxdHJRwDNY,980.675,579.8285714,980.675
2020-06-15 13:00:00,4135001,uHbuxQJl8lW7ozc,1100.557143,612.625,1100.557143
2020-06-15 13:00:00,4135001,1BY6WEcLGh8j5v7,876.925,490.4857143,876.925
2020-06-15 13:00:00,4135001,ZoEaEvLYb1n2sOq,940.475,563.8285714,940.475
2020-06-15 13:00:00,4135001,sjndEbLyjtCKgGv,1044.385714,606.875,1044.385714
2020-06-15 13:00:00,4135001,iCRJl6heRkivqQ3,1037.375,581.0571429,1037.375
2020-06-15 13:00:00,4135001,ZnxXDlPa8U1GXgE,991.4625,555.2,991.4625
2020-06-15 13:00:00,4135001,wCURE6d3bPkepu2,1041.985714,598.7625,1041.985714
2020-06-15 13:00:00,4135001,zVJPv84UY57bAof,988.875,592.2428571,988.875
2020-06-15 13:00:00,4135001,McdE0feGgRqW7Ca,1039.257143,648.2875,1039.257143
2020-06-15 13:00:00,4135001,3PZuoBAID5Wc2HD,1020.9,565.45,1020.9
2020-06-15 13:00:00,4135001,YxYtjZvoooNbGkE,940.9125,584.9428571,940.9125
2020-06-15 13:00:00,4135001,pkci93gMrogZuBj,1042.771429,607.5375,1042.771429
2020-06-15 13:00:00,4135001,VHMLBKoKgIrUVDU,975.725,563.9285714,975.725
2020-06-15 13:00:00,4135001,z9Y9gH1T5YWrNuG,1006.114286,620.55,1006.114286
2020-06-15 13:00:00,4135001,bvBOhCH3iADSZry,885.575,495.3714286,885.575
2020-06-15 13:00:00,4135001,adLQvlD726eNBSB,987.5625,582.4428571,987.5625
2020-06-15 13:00:00,4135001,1IF53ai7Xc0U56Y,979.3625,581.7,979.3625
2020-06-15 13:00:00,4135001,WRmjgnKYAwPKWDb,981.3142857,550.4875,981.3142857
2020-06-15 13:00:00,4135001,ih0vzX44oOqAx2f,977.5375,538.9857143,977.5375
2020-06-15 13:00:00,4135001,7JYdWkrLSPkdwr4,929.875,560.7714286,929.875
2020-06-15 13:15:00,4135001,YxYtjZvoooNbGkE,584.9428571,353.75,584.9428571
2020-06-15 13:15:00,4135001,zVJPv84UY57bAof,592.2428571,379.5,592.2428571
2020-06-15 13:15:00,4135001,adLQvlD726eNBSB,582.4428571,350.775,582.4428571
2020-06-15 13:15:00,4135001,uHbuxQJl8lW7ozc,612.625,372.8571429,612.625
2020-06-15 13:15:00,4135001,bvBOhCH3iADSZry,495.3714286,307.5125,495.3714286
2020-06-15 13:15:00,4135001,VHMLBKoKgIrUVDU,563.9285714,338.4857143,563.9285714
2020-06-15 13:15:00,4135001,zBIq5rxdHJRwDNY,579.8285714,362.3125,579.8285714
2020-06-15 13:15:00,4135001,ZnxXDlPa8U1GXgE,555.2,343.625,555.2
2020-06-15 13:15:00,4135001,3PZuoBAID5Wc2HD,565.45,321.9714286,565.45
2020-06-15 13:15:00,4135001,rGa61gmuvPhdLxV,596.3714286,374.3125,596.3714286
2020-06-15 13:15:00,4135001,McdE0feGgRqW7Ca,648.2875,366.0,648.2875
2020-06-15 13:15:00,4135001,7JYdWkrLSPkdwr4,560.7714286,333.5428571,560.7714286
2020-06-15 13:15:00,4135001,WRmjgnKYAwPKWDb,550.4875,312.6285714,550.4875
2020-06-15 13:15:00,4135001,1IF53ai7Xc0U56Y,581.7,351.775,581.7
2020-06-15 13:15:00,4135001,iCRJl6heRkivqQ3,581.0571429,368.7625,581.0571429
2020-06-15 13:15:00,4135001,z9Y9gH1T5YWrNuG,620.55,359.2428571,620.55
2020-06-15 13:15:00,4135001,pkci93gMrogZuBj,607.5375,366.0142857,607.5375
2020-06-15 13:15:00,4135001,sjndEbLyjtCKgGv,606.875,359.5,606.875
2020-06-15 13:15:00,4135001,1BY6WEcLGh8j5v7,490.4857143,307.3375,490.4857143
2020-06-15 13:15:00,4135001,ZoEaEvLYb1n2sOq,563.8285714,352.9875,563.8285714
2020-06-15 13:15:00,4135001,ih0vzX44oOqAx2f,538.9857143,340.4625,538.9857143
2020-06-15 13:15:00,4135001,wCURE6d3bPkepu2,598.7625,351.5571429,598.7625
2020-06-15 13:30:00,4135001,1BY6WEcLGh8j5v7,307.3375,283.6571429,307.3375
2020-06-15 13:30:00,4135001,zVJPv84UY57bAof,379.5,357.7142857,379.5
2020-06-15 13:30:00,4135001,VHMLBKoKgIrUVDU,338.4857143,327.3375,338.4857143
2020-06-15 13:30:00,4135001,WRmjgnKYAwPKWDb,312.6285714,318.825,312.6285714
2020-06-15 13:30:00,4135001,ZoEaEvLYb1n2sOq,352.9875,326.6714286,352.9875
2020-06-15 13:30:00,4135001,3PZuoBAID5Wc2HD,321.9714286,329.125,321.9714286
2020-06-15 13:30:00,4135001,bvBOhCH3iADSZry,307.5125,287.6857143,307.5125
2020-06-15 13:30:00,4135001,1IF53ai7Xc0U56Y,351.775,327.6571429,351.775
2020-06-15 13:30:00,4135001,iCRJl6heRkivqQ3,368.7625,347.0428571,368.7625
2020-06-15 13:30:00,4135001,adLQvlD726eNBSB,350.775,326.1285714,350.775
2020-06-15 13:30:00,4135001,ZnxXDlPa8U1GXgE,343.625,326.7,343.625
2020-06-15 13:30:00,4135001,7JYdWkrLSPkdwr4,333.5428571,321.5,333.5428571
2020-06-15 13:30:00,4135001,uHbuxQJl8lW7ozc,372.8571429,374.3857143,372.8571429
2020-06-15 13:30:00,4135001,zBIq5rxdHJRwDNY,362.3125,339.1714286,362.3125
2020-06-15 13:30:00,4135001,ih0vzX44oOqAx2f,340.4625,325.1714286,340.4625
2020-06-15 13:30:00,4135001,McdE0feGgRqW7Ca,366.0,355.0125,366.0
2020-06-15 13:30:00,4135001,rGa61gmuvPhdLxV,374.3125,347.8571429,374.3125
2020-06-15 13:30:00,4135001,z9Y9gH1T5YWrNuG,359.2428571,347.425,359.2428571
2020-06-15 13:30:00,4135001,pkci93gMrogZuBj,366.0142857,358.5714286,366.0142857
2020-06-15 13:30:00,4135001,YxYtjZvoooNbGkE,353.75,327.1571429,353.75
2020-06-15 13:30:00,4135001,wCURE6d3bPkepu2,351.5571429,342.75,351.5571429
2020-06-15 13:30:00,4135001,sjndEbLyjtCKgGv,359.5,349.7,359.5
2020-06-15 13:45:00,4135001,z9Y9gH1T5YWrNuG,347.425,380.3428571,347.425
2020-06-15 13:45:00,4135001,McdE0feGgRqW7Ca,355.0125,389.1428571,355.0125
2020-06-15 13:45:00,4135001,bvBOhCH3iADSZry,287.6857143,382.8625,287.6857143
2020-06-15 13:45:00,4135001,1IF53ai7Xc0U56Y,327.6571429,418.3875,327.6571429
2020-06-15 13:45:00,4135001,WRmjgnKYAwPKWDb,318.825,408.5285714,318.825
2020-06-15 13:45:00,4135001,ih0vzX44oOqAx2f,325.1714286,388.3571429,325.1714286
2020-06-15 13:45:00,4135001,VHMLBKoKgIrUVDU,327.3375,411.6285714,327.3375
2020-06-15 13:45:00,4135001,ZnxXDlPa8U1GXgE,326.7,405.2,326.7
2020-06-15 13:45:00,4135001,YxYtjZvoooNbGkE,327.1571429,401.725,327.1571429
2020-06-15 13:45:00,4135001,ZoEaEvLYb1n2sOq,326.6714286,401.05,326.6714286
2020-06-15 13:45:00,4135001,7JYdWkrLSPkdwr4,321.5,396.6,321.5
2020-06-15 13:45:00,4135001,3PZuoBAID5Wc2HD,329.125,411.5428571,329.125
2020-06-15 13:45:00,4135001,uHbuxQJl8lW7ozc,374.3857143,372.55,374.3857143
2020-06-15 13:45:00,4135001,zVJPv84UY57bAof,357.7142857,392.75,357.7142857
2020-06-15 13:45:00,4135001,zBIq5rxdHJRwDNY,339.1714286,398.4,339.1714286
2020-06-15 13:45:00,4135001,wCURE6d3bPkepu2,342.75,387.2142857,342.75
2020-06-15 13:45:00,4135001,1BY6WEcLGh8j5v7,283.6571429,391.2125,283.6571429
2020-06-15 13:45:00,4135001,pkci93gMrogZuBj,358.5714286,385.4375,358.5714286
2020-06-15 13:45:00,4135001,sjndEbLyjtCKgGv,349.7,381.8714286,349.7
2020-06-15 13:45:00,4135001,iCRJl6heRkivqQ3,347.0428571,397.825,347.0428571
2020-06-15 13:45:00,4135001,adLQvlD726eNBSB,326.1285714,426.9375,326.1285714
2020-06-15 13:45:00,4135001,rGa61gmuvPhdLxV,347.8571429,392.4375,347.8571429
2020-06-15 14:00:00,4135001,ZnxXDlPa8U1GXgE,405.2,601.325,405.2
2020-06-15 14:00:00,4135001,zVJPv84UY57bAof,392.75,610.5285714,392.75
2020-06-15 14:00:00,4135001,rGa61gmuvPhdLxV,392.4375,605.0857143,392.4375
2020-06-15 14:00:00,4135001,1IF53ai7Xc0U56Y,418.3875,634.5,418.3875
2020-06-15 14:00:00,4135001,ZoEaEvLYb1n2sOq,401.05,584.5285714,401.05
2020-06-15 14:00:00,4135001,3PZuoBAID5Wc2HD,411.5428571,632.825,411.5428571
2020-06-15 14:00:00,4135001,zBIq5rxdHJRwDNY,398.4,609.2571429,398.4
2020-06-15 14:00:00,4135001,7JYdWkrLSPkdwr4,396.6,629.95,396.6
2020-06-15 14:00:00,4135001,1BY6WEcLGh8j5v7,391.2125,557.4,391.2125
2020-06-15 14:00:00,4135001,VHMLBKoKgIrUVDU,411.6285714,633.6375,411.6285714
2020-06-15 14:00:00,4135001,bvBOhCH3iADSZry,382.8625,550.6142857,382.8625
2020-06-15 14:00:00,4135001,sjndEbLyjtCKgGv,381.8714286,606.625,381.8714286
2020-06-15 14:00:00,4135001,wCURE6d3bPkepu2,387.2142857,609.525,387.2142857
2020-06-15 14:00:00,4135001,pkci93gMrogZuBj,385.4375,602.9,385.4375
2020-06-15 14:00:00,4135001,z9Y9gH1T5YWrNuG,380.3428571,599.175,380.3428571
2020-06-15 14:00:00,4135001,McdE0feGgRqW7Ca,389.1428571,609.0625,389.1428571
2020-06-15 14:00:00,4135001,adLQvlD726eNBSB,426.9375,639.8571429,426.9375
2020-06-15 14:00:00,4135001,iCRJl6heRkivqQ3,397.825,612.3428571,397.825
2020-06-15 14:00:00,4135001,uHbuxQJl8lW7ozc,372.55,592.6714286,372.55
2020-06-15 14:00:00,4135001,WRmjgnKYAwPKWDb,408.5285714,614.625,408.5285714
2020-06-15 14:00:00,4135001,ih0vzX44oOqAx2f,388.3571429,588.5375,388.3571429
2020-06-15 14:00:00,4135001,YxYtjZvoooNbGkE,401.725,563.5428571,401.725
2020-06-15 14:15:00,4135001,pkci93gMrogZuBj,602.9,1078.9375,602.9
2020-06-15 14:15:00,4135001,wCURE6d3bPkepu2,609.525,1032.071429,609.525
2020-06-15 14:15:00,4135001,adLQvlD726eNBSB,639.8571429,1020.975,639.8571429
2020-06-15 14:15:00,4135001,sjndEbLyjtCKgGv,606.625,1030.142857,606.625
2020-06-15 14:15:00,4135001,rGa61gmuvPhdLxV,605.0857143,1005.275,605.0857143
2020-06-15 14:15:00,4135001,McdE0feGgRqW7Ca,609.0625,1043.557143,609.0625
2020-06-15 14:15:00,4135001,iCRJl6heRkivqQ3,612.3428571,991.8875,612.3428571
2020-06-15 14:15:00,4135001,ZoEaEvLYb1n2sOq,584.5285714,934.4625,584.5285714
2020-06-15 14:15:00,4135001,1IF53ai7Xc0U56Y,634.5,1010.55,634.5
2020-06-15 14:15:00,4135001,bvBOhCH3iADSZry,550.6142857,930.2857143,550.6142857
2020-06-15 14:15:00,4135001,zBIq5rxdHJRwDNY,609.2571429,1015.775,609.2571429
2020-06-15 14:15:00,4135001,1BY6WEcLGh8j5v7,557.4,827.2714286,557.4
2020-06-15 14:15:00,4135001,3PZuoBAID5Wc2HD,632.825,845.5285714,632.825
2020-06-15 14:15:00,4135001,uHbuxQJl8lW7ozc,592.6714286,1074.775,592.6714286
2020-06-15 14:15:00,4135001,VHMLBKoKgIrUVDU,633.6375,1021.071429,633.6375
2020-06-15 14:15:00,4135001,7JYdWkrLSPkdwr4,629.95,1000.8,629.95
2020-06-15 14:15:00,4135001,YxYtjZvoooNbGkE,563.5428571,912.9625,563.5428571
2020-06-15 14:15:00,4135001,ih0vzX44oOqAx2f,588.5375,941.0,588.5375
2020-06-15 14:15:00,4135001,WRmjgnKYAwPKWDb,614.625,840.4714286,614.625
2020-06-15 14:15:00,4135001,zVJPv84UY57bAof,610.5285714,1076.175,610.5285714
2020-06-15 14:15:00,4135001,ZnxXDlPa8U1GXgE,601.325,947.3428571,601.325
2020-06-15 14:15:00,4135001,z9Y9gH1T5YWrNuG,599.175,1018.3,599.175
2020-06-15 14:30:00,4135001,ih0vzX44oOqAx2f,941.0,660.425,941.0
2020-06-15 14:30:00,4135001,YxYtjZvoooNbGkE,912.9625,633.8142857,912.9625
2020-06-15 14:30:00,4135001,pkci93gMrogZuBj,1078.9375,714.8857143,1078.9375
2020-06-15 14:30:00,4135001,McdE0feGgRqW7Ca,1043.557143,680.125,1043.557143
2020-06-15 14:30:00,4135001,1BY6WEcLGh8j5v7,827.2714286,653.9,827.2714286
2020-06-15 14:30:00,4135001,rGa61gmuvPhdLxV,1005.275,630.6142857,1005.275
2020-06-15 14:30:00,4135001,zVJPv84UY57bAof,1076.175,642.0142857,1076.175
2020-06-15 14:30:00,4135001,sjndEbLyjtCKgGv,1030.142857,675.0125,1030.142857
2020-06-15 14:30:00,4135001,ZoEaEvLYb1n2sOq,934.4625,704.5,934.4625
2020-06-15 14:30:00,4135001,uHbuxQJl8lW7ozc,1074.775,728.5571429,1074.775
2020-06-15 14:30:00,4135001,VHMLBKoKgIrUVDU,1021.071429,720.775,1021.071429
2020-06-15 14:30:00,4135001,7JYdWkrLSPkdwr4,1000.8,681.5,1000.8
2020-06-15 14:30:00,4135001,ZnxXDlPa8U1GXgE,947.3428571,702.7,947.3428571
2020-06-15 14:30:00,4135001,WRmjgnKYAwPKWDb,840.4714286,681.6428571,840.4714286
2020-06-15 14:30:00,4135001,zBIq5rxdHJRwDNY,1015.775,609.8285714,1015.775
2020-06-15 14:30:00,4135001,bvBOhCH3iADSZry,930.2857143,639.2625,930.2857143
2020-06-15 14:30:00,4135001,z9Y9gH1T5YWrNuG,1018.3,658.5875,1018.3
2020-06-15 14:30:00,4135001,iCRJl6heRkivqQ3,991.8875,615.2571429,991.8875
2020-06-15 14:30:00,4135001,adLQvlD726eNBSB,1020.975,741.7142857,1020.975
2020-06-15 14:30:00,4135001,wCURE6d3bPkepu2,1032.071429,673.425,1032.071429
2020-06-15 14:30:00,4135001,1IF53ai7Xc0U56Y,1010.55,715.2,1010.55
2020-06-15 14:30:00,4135001,3PZuoBAID5Wc2HD,845.5285714,762.9,845.5285714
2020-06-15 14:45:00,4135001,zBIq5rxdHJRwDNY,609.8285714,670.5142857,609.8285714
2020-06-15 14:45:00,4135001,ih0vzX44oOqAx2f,660.425,610.4,660.425
2020-06-15 14:45:00,4135001,rGa61gmuvPhdLxV,630.6142857,665.6125,630.6142857
2020-06-15 14:45:00,4135001,ZnxXDlPa8U1GXgE,702.7,627.6285714,702.7
2020-06-15 14:45:00,4135001,7JYdWkrLSPkdwr4,681.5,618.0714286,681.5
2020-06-15 14:45:00,4135001,McdE0feGgRqW7Ca,680.125,636.5857143,680.125
2020-06-15 14:45:00,4135001,YxYtjZvoooNbGkE,633.8142857,651.0875,633.8142857
2020-06-15 14:45:00,4135001,sjndEbLyjtCKgGv,675.0125,647.6428571,675.0125
2020-06-15 14:45:00,4135001,iCRJl6heRkivqQ3,615.2571429,656.4142857,615.2571429
2020-06-15 14:45:00,4135001,3PZuoBAID5Wc2HD,762.9,640.575,762.9
2020-06-15 14:45:00,4135001,uHbuxQJl8lW7ozc,728.5571429,663.4625,728.5571429
2020-06-15 14:45:00,4135001,VHMLBKoKgIrUVDU,720.775,623.7428571,720.775
2020-06-15 14:45:00,4135001,WRmjgnKYAwPKWDb,681.6428571,622.325,681.6428571
2020-06-15 14:45:00,4135001,pkci93gMrogZuBj,714.8857143,652.375,714.8857143
2020-06-15 14:45:00,4135001,adLQvlD726eNBSB,741.7142857,659.8625,741.7142857
2020-06-15 14:45:00,4135001,1BY6WEcLGh8j5v7,653.9,594.5,653.9
2020-06-15 14:45:00,4135001,wCURE6d3bPkepu2,673.425,627.3142857,673.425
2020-06-15 14:45:00,4135001,zVJPv84UY57bAof,642.0142857,598.1875,642.0142857
2020-06-15 14:45:00,4135001,z9Y9gH1T5YWrNuG,658.5875,606.7142857,658.5875
2020-06-15 14:45:00,4135001,ZoEaEvLYb1n2sOq,704.5,608.1,704.5
2020-06-15 14:45:00,4135001,bvBOhCH3iADSZry,639.2625,569.0571429,639.2625
2020-06-15 14:45:00,4135001,1IF53ai7Xc0U56Y,715.2,651.3625,715.2
2020-06-15 15:00:00,4135001,1IF53ai7Xc0U56Y,651.3625,598.6714286,651.3625
2020-06-15 15:00:00,4135001,WRmjgnKYAwPKWDb,622.325,613.1571429,622.325
2020-06-15 15:00:00,4135001,7JYdWkrLSPkdwr4,618.0714286,581.475,618.0714286
2020-06-15 15:00:00,4135001,YxYtjZvoooNbGkE,651.0875,649.9571429,651.0875
2020-06-15 15:00:00,4135001,bvBOhCH3iADSZry,569.0571429,570.05,569.0571429
2020-06-15 15:00:00,4135001,ZnxXDlPa8U1GXgE,627.6285714,614.55,627.6285714
2020-06-15 15:00:00,4135001,sjndEbLyjtCKgGv,647.6428571,626.6375,647.6428571
2020-06-15 15:00:00,4135001,z9Y9gH1T5YWrNuG,606.7142857,608.3625,606.7142857
2020-06-15 15:00:00,4135001,zBIq5rxdHJRwDNY,670.5142857,616.75,670.5142857
2020-06-15 15:00:00,4135001,ZoEaEvLYb1n2sOq,608.1,650.0,608.1
2020-06-15 15:00:00,4135001,adLQvlD726eNBSB,659.8625,605.9,659.8625
2020-06-15 15:00:00,4135001,pkci93gMrogZuBj,652.375,640.4714286,652.375
2020-06-15 15:00:00,4135001,wCURE6d3bPkepu2,627.3142857,611.0625,627.3142857
2020-06-15 15:00:00,4135001,3PZuoBAID5Wc2HD,640.575,625.6,640.575
2020-06-15 15:00:00,4135001,iCRJl6heRkivqQ3,656.4142857,621.725,656.4142857
2020-06-15 15:00:00,4135001,VHMLBKoKgIrUVDU,623.7428571,604.1875,623.7428571
2020-06-15 15:00:00,4135001,uHbuxQJl8lW7ozc,663.4625,675.2142857,663.4625
2020-06-15 15:00:00,4135001,ih0vzX44oOqAx2f,610.4,596.175,610.4
2020-06-15 15:00:00,4135001,1BY6WEcLGh8j5v7,594.5,570.8375,594.5
2020-06-15 15:00:00,4135001,McdE0feGgRqW7Ca,636.5857143,630.4,636.5857143
2020-06-15 15:00:00,4135001,rGa61gmuvPhdLxV,665.6125,627.0714286,665.6125
2020-06-15 15:00:00,4135001,zVJPv84UY57bAof,598.1875,656.4285714,598.1875
2020-06-15 15:15:00,4135001,bvBOhCH3iADSZry,570.05,429.4428571,570.05
2020-06-15 15:15:00,4135001,7JYdWkrLSPkdwr4,581.475,523.8285714,581.475
2020-06-15 15:15:00,4135001,ZnxXDlPa8U1GXgE,614.55,478.6714286,614.55
2020-06-15 15:15:00,4135001,VHMLBKoKgIrUVDU,604.1875,515.0714286,604.1875
2020-06-15 15:15:00,4135001,uHbuxQJl8lW7ozc,675.2142857,572.8,675.2142857
2020-06-15 15:15:00,4135001,z9Y9gH1T5YWrNuG,608.3625,545.1714286,608.3625
2020-06-15 15:15:00,4135001,adLQvlD726eNBSB,605.9,544.3375,605.9
2020-06-15 15:15:00,4135001,wCURE6d3bPkepu2,611.0625,509.6714286,611.0625
2020-06-15 15:15:00,4135001,pkci93gMrogZuBj,640.4714286,561.65,640.4714286
2020-06-15 15:15:00,4135001,iCRJl6heRkivqQ3,621.725,545.5714286,621.725
2020-06-15 15:15:00,4135001,zBIq5rxdHJRwDNY,616.75,531.7857143,616.75
2020-06-15 15:15:00,4135001,ih0vzX44oOqAx2f,596.175,495.8714286,596.175
2020-06-15 15:15:00,4135001,McdE0feGgRqW7Ca,630.4,553.3571429,630.4
2020-06-15 15:15:00,4135001,ZoEaEvLYb1n2sOq,650.0,543.025,650.0
2020-06-15 15:15:00,4135001,1IF53ai7Xc0U56Y,598.6714286,535.4875,598.6714286
2020-06-15 15:15:00,4135001,sjndEbLyjtCKgGv,626.6375,541.9571429,626.6375
2020-06-15 15:15:00,4135001,3PZuoBAID5Wc2HD,625.6,503.35,625.6
2020-06-15 15:15:00,4135001,YxYtjZvoooNbGkE,649.9571429,504.45,649.9571429
2020-06-15 15:15:00,4135001,rGa61gmuvPhdLxV,627.0714286,587.425,627.0714286
2020-06-15 15:15:00,4135001,WRmjgnKYAwPKWDb,613.1571429,479.6625,613.1571429
2020-06-15 15:15:00,4135001,1BY6WEcLGh8j5v7,570.8375,426.9857143,570.8375
2020-06-15 15:15:00,4135001,zVJPv84UY57bAof,656.4285714,575.7125,656.4285714
2020-06-15 15:30:00,4135001,zVJPv84UY57bAof,575.7125,573.9285714,575.7125
2020-06-15 15:30:00,4135001,ih0vzX44oOqAx2f,495.8714286,605.975,495.8714286
2020-06-15 15:30:00,4135001,iCRJl6heRkivqQ3,545.5714286,619.1125,545.5714286
2020-06-15 15:30:00,4135001,adLQvlD726eNBSB,544.3375,691.9428571,544.3375
2020-06-15 15:30:00,4135001,ZnxXDlPa8U1GXgE,478.6714286,621.225,478.6714286
2020-06-15 15:30:00,4135001,YxYtjZvoooNbGkE,504.45,633.1857143,504.45
2020-06-15 15:30:00,4135001,VHMLBKoKgIrUVDU,515.0714286,656.6,515.0714286
2020-06-15 15:30:00,4135001,wCURE6d3bPkepu2,509.6714286,592.85,509.6714286
2020-06-15 15:30:00,4135001,uHbuxQJl8lW7ozc,572.8,587.3142857,572.8
2020-06-15 15:30:00,4135001,sjndEbLyjtCKgGv,541.9571429,592.4125,541.9571429
2020-06-15 15:30:00,4135001,McdE0feGgRqW7Ca,553.3571429,590.15,553.3571429
2020-06-15 15:30:00,4135001,zBIq5rxdHJRwDNY,531.7857143,619.9125,531.7857143
2020-06-15 15:30:00,4135001,3PZuoBAID5Wc2HD,503.35,674.3857143,503.35
2020-06-15 15:30:00,4135001,WRmjgnKYAwPKWDb,479.6625,715.7142857,479.6625
2020-06-15 15:30:00,4135001,rGa61gmuvPhdLxV,587.425,558.7,587.425
2020-06-15 15:30:00,4135001,pkci93gMrogZuBj,561.65,578.0,561.65
2020-06-15 15:30:00,4135001,1BY6WEcLGh8j5v7,426.9857143,599.275,426.9857143
2020-06-15 15:30:00,4135001,ZoEaEvLYb1n2sOq,543.025,641.6142857,543.025
2020-06-15 15:30:00,4135001,7JYdWkrLSPkdwr4,523.8285714,628.8875,523.8285714
2020-06-15 15:30:00,4135001,bvBOhCH3iADSZry,429.4428571,573.7375,429.4428571
2020-06-15 15:30:00,4135001,1IF53ai7Xc0U56Y,535.4875,629.0714286,535.4875
2020-06-15 15:30:00,4135001,z9Y9gH1T5YWrNuG,545.1714286,560.4125,545.1714286
2020-06-15 15:45:00,4135001,1IF53ai7Xc0U56Y,629.0714286,179.3285714,629.0714286
2020-06-15 15:45:00,4135001,ih0vzX44oOqAx2f,605.975,168.6857143,605.975
2020-06-15 15:45:00,4135001,1BY6WEcLGh8j5v7,599.275,160.0857143,599.275
2020-06-15 15:45:00,4135001,YxYtjZvoooNbGkE,633.1857143,178.0,633.1857143
2020-06-15 15:45:00,4135001,zVJPv84UY57bAof,573.9285714,182.8625,573.9285714
2020-06-15 15:45:00,4135001,z9Y9gH1T5YWrNuG,560.4125,170.9714286,560.4125
2020-06-15 15:45:00,4135001,ZoEaEvLYb1n2sOq,641.6142857,178.9375,641.6142857
2020-06-15 15:45:00,4135001,3PZuoBAID5Wc2HD,674.3857143,184.3,674.3857143
2020-06-15 15:45:00,4135001,adLQvlD726eNBSB,691.9428571,181.0857143,691.9428571
2020-06-15 15:45:00,4135001,pkci93gMrogZuBj,578.0,187.0625,578.0
2020-06-15 15:45:00,4135001,wCURE6d3bPkepu2,592.85,171.4714286,592.85
2020-06-15 15:45:00,4135001,WRmjgnKYAwPKWDb,715.7142857,182.375,715.7142857
2020-06-15 15:45:00,4135001,uHbuxQJl8lW7ozc,587.3142857,188.8625,587.3142857
2020-06-15 15:45:00,4135001,McdE0feGgRqW7Ca,590.15,176.2571429,590.15
2020-06-15 15:45:00,4135001,rGa61gmuvPhdLxV,558.7,184.5375,558.7
2020-06-15 15:45:00,4135001,iCRJl6heRkivqQ3,619.1125,177.4714286,619.1125
2020-06-15 15:45:00,4135001,VHMLBKoKgIrUVDU,656.6,175.2571429,656.6
2020-06-15 15:45:00,4135001,7JYdWkrLSPkdwr4,628.8875,172.4285714,628.8875
2020-06-15 15:45:00,4135001,ZnxXDlPa8U1GXgE,621.225,173.4857143,621.225
2020-06-15 15:45:00,4135001,sjndEbLyjtCKgGv,592.4125,175.6428571,592.4125
2020-06-15 15:45:00,4135001,bvBOhCH3iADSZry,573.7375,159.2,573.7375
2020-06-15 15:45:00,4135001,zBIq5rxdHJRwDNY,619.9125,176.8142857,619.9125
2020-06-15 16:00:00,4135001,7JYdWkrLSPkdwr4,172.4285714,242.35,172.4285714
2020-06-15 16:00:00,4135001,pkci93gMrogZuBj,187.0625,246.5571429,187.0625
2020-06-15 16:00:00,4135001,zVJPv84UY57bAof,182.8625,244.9714286,182.8625
2020-06-15 16:00:00,4135001,ZnxXDlPa8U1GXgE,173.4857143,242.6875,173.4857143
2020-06-15 16:00:00,4135001,uHbuxQJl8lW7ozc,188.8625,246.8285714,188.8625
2020-06-15 16:00:00,4135001,ZoEaEvLYb1n2sOq,178.9375,240.9428571,178.9375
2020-06-15 16:00:00,4135001,ih0vzX44oOqAx2f,168.6857143,236.975,168.6857143
2020-06-15 16:00:00,4135001,VHMLBKoKgIrUVDU,175.2571429,245.8625,175.2571429
2020-06-15 16:00:00,4135001,z9Y9gH1T5YWrNuG,170.9714286,242.5375,170.9714286
2020-06-15 16:00:00,4135001,bvBOhCH3iADSZry,159.2,221.4125,159.2
2020-06-15 16:00:00,4135001,McdE0feGgRqW7Ca,176.2571429,248.8375,176.2571429
2020-06-15 16:00:00,4135001,rGa61gmuvPhdLxV,184.5375,249.3714286,184.5375
2020-06-15 16:00:00,4135001,iCRJl6heRkivqQ3,177.4714286,246.1875,177.4714286
2020-06-15 16:00:00,4135001,zBIq5rxdHJRwDNY,176.8142857,246.025,176.8142857
2020-06-15 16:00:00,4135001,3PZuoBAID5Wc2HD,184.3,240.3285714,184.3
2020-06-15 16:00:00,4135001,wCURE6d3bPkepu2,171.4714286,244.6625,171.4714286
2020-06-15 16:00:00,4135001,YxYtjZvoooNbGkE,178.0,238.5714286,178.0
2020-06-15 16:00:00,4135001,sjndEbLyjtCKgGv,175.6428571,247.5375,175.6428571
2020-06-15 16:00:00,4135001,adLQvlD726eNBSB,181.0857143,249.4375,181.0857143
2020-06-15 16:00:00,4135001,1BY6WEcLGh8j5v7,160.0857143,220.425,160.0857143
2020-06-15 16:00:00,4135001,WRmjgnKYAwPKWDb,182.375,237.0571429,182.375
2020-06-15 16:00:00,4135001,1IF53ai7Xc0U56Y,179.3285714,247.35,179.3285714
2020-06-15 16:15:00,4135001,zVJPv84UY57bAof,244.9714286,344.25,244.9714286
2020-06-15 16:15:00,4135001,bvBOhCH3iADSZry,221.4125,318.5714286,221.4125
2020-06-15 16:15:00,4135001,adLQvlD726eNBSB,249.4375,350.1285714,249.4375
2020-06-15 16:15:00,4135001,ZoEaEvLYb1n2sOq,240.9428571,341.8375,240.9428571
2020-06-15 16:15:00,4135001,WRmjgnKYAwPKWDb,237.0571429,344.0,237.0571429
2020-06-15 16:15:00,4135001,3PZuoBAID5Wc2HD,240.3285714,345.9625,240.3285714
2020-06-15 16:15:00,4135001,iCRJl6heRkivqQ3,246.1875,347.0571429,246.1875
2020-06-15 16:15:00,4135001,rGa61gmuvPhdLxV,249.3714286,344.4125,249.3714286
2020-06-15 16:15:00,4135001,McdE0feGgRqW7Ca,248.8375,351.3571429,248.8375
2020-06-15 16:15:00,4135001,7JYdWkrLSPkdwr4,242.35,338.1714286,242.35
2020-06-15 16:15:00,4135001,uHbuxQJl8lW7ozc,246.8285714,344.0375,246.8285714
2020-06-15 16:15:00,4135001,ZnxXDlPa8U1GXgE,242.6875,350.1428571,242.6875
2020-06-15 16:15:00,4135001,wCURE6d3bPkepu2,244.6625,346.7285714,244.6625
2020-06-15 16:15:00,4135001,z9Y9gH1T5YWrNuG,242.5375,342.7571429,242.5375
2020-06-15 16:15:00,4135001,YxYtjZvoooNbGkE,238.5714286,345.575,238.5714286
2020-06-15 16:15:00,4135001,1IF53ai7Xc0U56Y,247.35,346.5714286,247.35
2020-06-15 16:15:00,4135001,sjndEbLyjtCKgGv,247.5375,346.3428571,247.5375
2020-06-15 16:15:00,4135001,ih0vzX44oOqAx2f,236.975,340.1571429,236.975
2020-06-15 16:15:00,4135001,zBIq5rxdHJRwDNY,246.025,343.9285714,246.025
2020-06-15 16:15:00,4135001,1BY6WEcLGh8j5v7,220.425,323.8857143,220.425
2020-06-15 16:15:00,4135001,VHMLBKoKgIrUVDU,245.8625,346.4285714,245.8625
2020-06-15 16:15:00,4135001,pkci93gMrogZuBj,246.5571429,342.6875,246.5571429
2020-06-15 16:30:00,4135001,1IF53ai7Xc0U56Y,346.5714286,392.9625,346.5714286
2020-06-15 16:30:00,4135001,rGa61gmuvPhdLxV,344.4125,408.4571429,344.4125
2020-06-15 16:30:00,4135001,ZoEaEvLYb1n2sOq,341.8375,404.2,341.8375
2020-06-15 16:30:00,4135001,VHMLBKoKgIrUVDU,346.4285714,396.225,346.4285714
2020-06-15 16:30:00,4135001,McdE0feGgRqW7Ca,351.3571429,414.8,351.3571429
2020-06-15 16:30:00,4135001,wCURE6d3bPkepu2,346.7285714,415.1714286,346.7285714
2020-06-15 16:30:00,4135001,ZnxXDlPa8U1GXgE,350.1428571,397.125,350.1428571
2020-06-15 16:30:00,4135001,z9Y9gH1T5YWrNuG,342.7571429,420.3,342.7571429
2020-06-15 16:30:00,4135001,adLQvlD726eNBSB,350.1285714,397.2625,350.1285714
2020-06-15 16:30:00,4135001,pkci93gMrogZuBj,342.6875,416.4142857,342.6875
2020-06-15 16:30:00,4135001,3PZuoBAID5Wc2HD,345.9625,394.5857143,345.9625
2020-06-15 16:30:00,4135001,ih0vzX44oOqAx2f,340.1571429,390.9375,340.1571429
2020-06-15 16:30:00,4135001,WRmjgnKYAwPKWDb,344.0,390.9428571,344.0
2020-06-15 16:30:00,4135001,sjndEbLyjtCKgGv,346.3428571,399.2625,346.3428571
2020-06-15 16:30:00,4135001,zVJPv84UY57bAof,344.25,421.2428571,344.25
2020-06-15 16:30:00,4135001,iCRJl6heRkivqQ3,347.0571429,403.4125,347.0571429
2020-06-15 16:30:00,4135001,1BY6WEcLGh8j5v7,323.8857143,360.775,323.8857143
2020-06-15 16:30:00,4135001,bvBOhCH3iADSZry,318.5714286,358.725,318.5714286
2020-06-15 16:30:00,4135001,YxYtjZvoooNbGkE,345.575,400.7428571,345.575
2020-06-15 16:30:00,4135001,zBIq5rxdHJRwDNY,343.9285714,395.95,343.9285714
2020-06-15 16:30:00,4135001,7JYdWkrLSPkdwr4,338.1714286,384.1625,338.1714286
2020-06-15 16:30:00,4135001,uHbuxQJl8lW7ozc,344.0375,412.7142857,344.0375
2020-06-15 16:45:00,4135001,1IF53ai7Xc0U56Y,392.9625,281.3571429,392.9625
2020-06-15 16:45:00,4135001,YxYtjZvoooNbGkE,400.7428571,268.5125,400.7428571
2020-06-15 16:45:00,4135001,bvBOhCH3iADSZry,358.725,250.4,358.725
2020-06-15 16:45:00,4135001,z9Y9gH1T5YWrNuG,420.3,277.675,420.3
2020-06-15 16:45:00,4135001,VHMLBKoKgIrUVDU,396.225,275.2428571,396.225
2020-06-15 16:45:00,4135001,zBIq5rxdHJRwDNY,395.95,277.2,395.95
2020-06-15 16:45:00,4135001,ZoEaEvLYb1n2sOq,404.2,270.4125,404.2
2020-06-15 16:45:00,4135001,3PZuoBAID5Wc2HD,394.5857143,276.5125,394.5857143
2020-06-15 16:45:00,4135001,uHbuxQJl8lW7ozc,412.7142857,274.1375,412.7142857
2020-06-15 16:45:00,4135001,pkci93gMrogZuBj,416.4142857,276.8625,416.4142857
2020-06-15 16:45:00,4135001,iCRJl6heRkivqQ3,403.4125,280.4285714,403.4125
2020-06-15 16:45:00,4135001,ZnxXDlPa8U1GXgE,397.125,273.8,397.125
2020-06-15 16:45:00,4135001,adLQvlD726eNBSB,397.2625,284.1142857,397.2625
2020-06-15 16:45:00,4135001,WRmjgnKYAwPKWDb,390.9428571,275.2875,390.9428571
2020-06-15 16:45:00,4135001,ih0vzX44oOqAx2f,390.9375,266.6571429,390.9375
2020-06-15 16:45:00,4135001,7JYdWkrLSPkdwr4,384.1625,271.1714286,384.1625
2020-06-15 16:45:00,4135001,rGa61gmuvPhdLxV,408.4571429,285.2142857,408.4571429
2020-06-15 16:45:00,4135001,wCURE6d3bPkepu2,415.1714286,280.5125,415.1714286
2020-06-15 16:45:00,4135001,sjndEbLyjtCKgGv,399.2625,275.7142857,399.2625
2020-06-15 16:45:00,4135001,McdE0feGgRqW7Ca,414.8,276.1857143,414.8
2020-06-15 16:45:00,4135001,1BY6WEcLGh8j5v7,360.775,251.7857143,360.775
2020-06-15 16:45:00,4135001,zVJPv84UY57bAof,421.2428571,278.9142857,421.2428571
2020-06-15 17:00:00,4135001,McdE0feGgRqW7Ca,276.1857143,225.325,276.1857143
2020-06-15 17:00:00,4135001,1BY6WEcLGh8j5v7,251.7857143,206.1125,251.7857143
2020-06-15 17:00:00,4135001,zBIq5rxdHJRwDNY,277.2,223.1125,277.2
2020-06-15 17:00:00,4135001,bvBOhCH3iADSZry,250.4,204.1875,250.4
2020-06-15 17:00:00,4135001,3PZuoBAID5Wc2HD,276.5125,225.9714286,276.5125
2020-06-15 17:00:00,4135001,z9Y9gH1T5YWrNuG,277.675,225.7571429,277.675
2020-06-15 17:00:00,4135001,adLQvlD726eNBSB,284.1142857,227.55,284.1142857
2020-06-15 17:00:00,4135001,pkci93gMrogZuBj,276.8625,227.5428571,276.8625
2020-06-15 17:00:00,4135001,zVJPv84UY57bAof,278.9142857,224.95,278.9142857
2020-06-15 17:00:00,4135001,wCURE6d3bPkepu2,280.5125,227.4142857,280.5125
2020-06-15 17:00:00,4135001,VHMLBKoKgIrUVDU,275.2428571,222.625,275.2428571
2020-06-15 17:00:00,4135001,1IF53ai7Xc0U56Y,281.3571429,225.4625,281.3571429
2020-06-15 17:00:00,4135001,iCRJl6heRkivqQ3,280.4285714,224.8375,280.4285714
2020-06-15 17:00:00,4135001,YxYtjZvoooNbGkE,268.5125,223.3428571,268.5125
2020-06-15 17:00:00,4135001,7JYdWkrLSPkdwr4,271.1714286,218.6,271.1714286
2020-06-15 17:00:00,4135001,rGa61gmuvPhdLxV,285.2142857,225.4375,285.2142857
2020-06-15 17:00:00,4135001,uHbuxQJl8lW7ozc,274.1375,228.1428571,274.1375
2020-06-15 17:00:00,4135001,sjndEbLyjtCKgGv,275.7142857,222.55,275.7142857
2020-06-15 17:00:00,4135001,WRmjgnKYAwPKWDb,275.2875,224.4714286,275.2875
2020-06-15 17:00:00,4135001,ZnxXDlPa8U1GXgE,273.8,224.0875,273.8
2020-06-15 17:00:00,4135001,ZoEaEvLYb1n2sOq,270.4125,223.5714286,270.4125
2020-06-15 17:00:00,4135001,ih0vzX44oOqAx2f,266.6571429,218.625,266.6571429
2020-06-15 17:15:00,4135001,1BY6WEcLGh8j5v7,206.1125,129.5428571,206.1125
2020-06-15 17:15:00,4135001,zVJPv84UY57bAof,224.95,140.5428571,224.95
2020-06-15 17:15:00,4135001,WRmjgnKYAwPKWDb,224.4714286,142.8375,224.4714286
2020-06-15 17:15:00,4135001,ZnxXDlPa8U1GXgE,224.0875,140.8714286,224.0875
2020-06-15 17:15:00,4135001,wCURE6d3bPkepu2,227.4142857,143.025,227.4142857
2020-06-15 17:15:00,4135001,pkci93gMrogZuBj,227.5428571,144.65,227.5428571
2020-06-15 17:15:00,4135001,z9Y9gH1T5YWrNuG,225.7571429,141.85,225.7571429
2020-06-15 17:15:00,4135001,3PZuoBAID5Wc2HD,225.9714286,143.8375,225.9714286
2020-06-15 17:15:00,4135001,uHbuxQJl8lW7ozc,228.1428571,144.4125,228.1428571
2020-06-15 17:15:00,4135001,sjndEbLyjtCKgGv,222.55,139.5142857,222.55
2020-06-15 17:15:00,4135001,rGa61gmuvPhdLxV,225.4375,141.4857143,225.4375
2020-06-15 17:15:00,4135001,7JYdWkrLSPkdwr4,218.6,137.8285714,218.6
2020-06-15 17:15:00,4135001,1IF53ai7Xc0U56Y,225.4625,142.2285714,225.4625
2020-06-15 17:15:00,4135001,VHMLBKoKgIrUVDU,222.625,140.1428571,222.625
2020-06-15 17:15:00,4135001,zBIq5rxdHJRwDNY,223.1125,140.2142857,223.1125
2020-06-15 17:15:00,4135001,ih0vzX44oOqAx2f,218.625,137.3714286,218.625
2020-06-15 17:15:00,4135001,YxYtjZvoooNbGkE,223.3428571,140.1,223.3428571
2020-06-15 17:15:00,4135001,iCRJl6heRkivqQ3,224.8375,140.9,224.8375
2020-06-15 17:15:00,4135001,ZoEaEvLYb1n2sOq,223.5714286,140.4714286,223.5714286
2020-06-15 17:15:00,4135001,bvBOhCH3iADSZry,204.1875,128.9,204.1875
2020-06-15 17:15:00,4135001,McdE0feGgRqW7Ca,225.325,140.8142857,225.325
2020-06-15 17:15:00,4135001,adLQvlD726eNBSB,227.55,144.2,227.55
2020-06-15 17:30:00,4135001,iCRJl6heRkivqQ3,140.9,121.1625,140.9
2020-06-15 17:30:00,4135001,1IF53ai7Xc0U56Y,142.2285714,120.8375,142.2285714
2020-06-15 17:30:00,4135001,YxYtjZvoooNbGkE,140.1,121.9625,140.1
2020-06-15 17:30:00,4135001,VHMLBKoKgIrUVDU,140.1428571,117.225,140.1428571
2020-06-15 17:30:00,4135001,uHbuxQJl8lW7ozc,144.4125,122.8571429,144.4125
2020-06-15 17:30:00,4135001,McdE0feGgRqW7Ca,140.8142857,125.5142857,140.8142857
2020-06-15 17:30:00,4135001,z9Y9gH1T5YWrNuG,141.85,121.6714286,141.85
2020-06-15 17:30:00,4135001,1BY6WEcLGh8j5v7,129.5428571,110.25,129.5428571
2020-06-15 17:30:00,4135001,zBIq5rxdHJRwDNY,140.2142857,120.125,140.2142857
2020-06-15 17:30:00,4135001,WRmjgnKYAwPKWDb,142.8375,118.3571429,142.8375
2020-06-15 17:30:00,4135001,rGa61gmuvPhdLxV,141.4857143,124.3375,141.4857143
2020-06-15 17:30:00,4135001,pkci93gMrogZuBj,144.65,122.3857143,144.65
2020-06-15 17:30:00,4135001,wCURE6d3bPkepu2,143.025,122.5,143.025
2020-06-15 17:30:00,4135001,zVJPv84UY57bAof,140.5428571,123.4125,140.5428571
2020-06-15 17:30:00,4135001,ih0vzX44oOqAx2f,137.3714286,116.625,137.3714286
2020-06-15 17:30:00,4135001,sjndEbLyjtCKgGv,139.5142857,124.5714286,139.5142857
2020-06-15 17:30:00,4135001,ZnxXDlPa8U1GXgE,140.8714286,119.2375,140.8714286
2020-06-15 17:30:00,4135001,adLQvlD726eNBSB,144.2,122.1375,144.2
2020-06-15 17:30:00,4135001,3PZuoBAID5Wc2HD,143.8375,119.4571429,143.8375
2020-06-15 17:30:00,4135001,7JYdWkrLSPkdwr4,137.8285714,115.5625,137.8285714
2020-06-15 17:30:00,4135001,ZoEaEvLYb1n2sOq,140.4714286,121.8875,140.4714286
2020-06-15 17:30:00,4135001,bvBOhCH3iADSZry,128.9,108.6375,128.9
2020-06-15 17:45:00,4135001,1IF53ai7Xc0U56Y,120.8375,52.74285714,120.8375
2020-06-15 17:45:00,4135001,rGa61gmuvPhdLxV,124.3375,52.0,124.3375
2020-06-15 17:45:00,4135001,ZoEaEvLYb1n2sOq,121.8875,51.72857143,121.8875
2020-06-15 17:45:00,4135001,McdE0feGgRqW7Ca,125.5142857,54.825,125.5142857
2020-06-15 17:45:00,4135001,3PZuoBAID5Wc2HD,119.4571429,51.6,119.4571429
2020-06-15 17:45:00,4135001,ih0vzX44oOqAx2f,116.625,50.72857143,116.625
2020-06-15 17:45:00,4135001,z9Y9gH1T5YWrNuG,121.6714286,53.3625,121.6714286
2020-06-15 17:45:00,4135001,ZnxXDlPa8U1GXgE,119.2375,51.6,119.2375
2020-06-15 17:45:00,4135001,VHMLBKoKgIrUVDU,117.225,51.21428571,117.225
2020-06-15 17:45:00,4135001,adLQvlD726eNBSB,122.1375,53.87142857,122.1375
2020-06-15 17:45:00,4135001,zVJPv84UY57bAof,123.4125,52.17142857,123.4125
2020-06-15 17:45:00,4135001,sjndEbLyjtCKgGv,124.5714286,53.925,124.5714286
2020-06-15 17:45:00,4135001,bvBOhCH3iADSZry,108.6375,47.02857143,108.6375
2020-06-15 17:45:00,4135001,wCURE6d3bPkepu2,122.5,53.4375,122.5
2020-06-15 17:45:00,4135001,7JYdWkrLSPkdwr4,115.5625,50.4,115.5625
2020-06-15 17:45:00,4135001,iCRJl6heRkivqQ3,121.1625,51.41428571,121.1625
2020-06-15 17:45:00,4135001,pkci93gMrogZuBj,122.3857143,51.3125,122.3857143
2020-06-15 17:45:00,4135001,WRmjgnKYAwPKWDb,118.3571429,51.475,118.3571429
2020-06-15 17:45:00,4135001,zBIq5rxdHJRwDNY,120.125,50.64285714,120.125
2020-06-15 17:45:00,4135001,1BY6WEcLGh8j5v7,110.25,47.81428571,110.25
2020-06-15 17:45:00,4135001,uHbuxQJl8lW7ozc,122.8571429,51.95,122.8571429
2020-06-15 17:45:00,4135001,YxYtjZvoooNbGkE,121.9625,51.92857143,121.9625
2020-06-15 18:00:00,4135001,WRmjgnKYAwPKWDb,51.475,22.32857143,51.475
2020-06-15 18:00:00,4135001,ZnxXDlPa8U1GXgE,51.6,23.05,51.6
2020-06-15 18:00:00,4135001,3PZuoBAID5Wc2HD,51.6,22.42857143,51.6
2020-06-15 18:00:00,4135001,z9Y9gH1T5YWrNuG,53.3625,23.42857143,53.3625
2020-06-15 18:00:00,4135001,1IF53ai7Xc0U56Y,52.74285714,23.4625,52.74285714
2020-06-15 18:00:00,4135001,sjndEbLyjtCKgGv,53.925,23.47142857,53.925
2020-06-15 18:00:00,4135001,YxYtjZvoooNbGkE,51.92857143,23.35,51.92857143
2020-06-15 18:00:00,4135001,ih0vzX44oOqAx2f,50.72857143,22.7625,50.72857143
2020-06-15 18:00:00,4135001,iCRJl6heRkivqQ3,51.41428571,22.3875,51.41428571
2020-06-15 18:00:00,4135001,VHMLBKoKgIrUVDU,51.21428571,24.21428571,51.21428571
2020-06-15 18:00:00,4135001,pkci93gMrogZuBj,51.3125,21.37142857,51.3125
2020-06-15 18:00:00,4135001,wCURE6d3bPkepu2,53.4375,23.38571429,53.4375
2020-06-15 18:00:00,4135001,ZoEaEvLYb1n2sOq,51.72857143,23.0875,51.72857143
2020-06-15 18:00:00,4135001,adLQvlD726eNBSB,53.87142857,24.425,53.87142857
2020-06-15 18:00:00,4135001,bvBOhCH3iADSZry,47.02857143,20.8125,47.02857143
2020-06-15 18:00:00,4135001,7JYdWkrLSPkdwr4,50.4,23.67142857,50.4
2020-06-15 18:00:00,4135001,uHbuxQJl8lW7ozc,51.95,21.37142857,51.95
2020-06-15 18:00:00,4135001,1BY6WEcLGh8j5v7,47.81428571,21.55,47.81428571
2020-06-15 18:00:00,4135001,zVJPv84UY57bAof,52.17142857,22.8125,52.17142857
2020-06-15 18:00:00,4135001,zBIq5rxdHJRwDNY,50.64285714,21.8375,50.64285714
2020-06-15 18:00:00,4135001,rGa61gmuvPhdLxV,52.0,22.5125,52.0
2020-06-15 18:00:00,4135001,McdE0feGgRqW7Ca,54.825,23.82857143,54.825
2020-06-15 18:15:00,4135001,7JYdWkrLSPkdwr4,23.67142857,1.475,23.67142857
2020-06-15 18:15:00,4135001,ZnxXDlPa8U1GXgE,23.05,0.0,23.05
2020-06-15 18:15:00,4135001,zVJPv84UY57bAof,22.8125,1.185714286,22.8125
2020-06-15 18:15:00,4135001,zBIq5rxdHJRwDNY,21.8375,1.142857143,21.8375
2020-06-15 18:15:00,4135001,McdE0feGgRqW7Ca,23.82857143,2.5125,23.82857143
2020-06-15 18:15:00,4135001,WRmjgnKYAwPKWDb,22.32857143,2.15,22.32857143
2020-06-15 18:15:00,4135001,sjndEbLyjtCKgGv,23.47142857,2.3625,23.47142857
2020-06-15 18:15:00,4135001,pkci93gMrogZuBj,21.37142857,1.257142857,21.37142857
2020-06-15 18:15:00,4135001,uHbuxQJl8lW7ozc,21.37142857,1.3,21.37142857
2020-06-15 18:15:00,4135001,VHMLBKoKgIrUVDU,24.21428571,2.5,24.21428571
2020-06-15 18:15:00,4135001,wCURE6d3bPkepu2,23.38571429,2.375,23.38571429
2020-06-15 18:15:00,4135001,adLQvlD726eNBSB,24.425,2.571428571,24.425
2020-06-15 18:15:00,4135001,iCRJl6heRkivqQ3,22.3875,1.185714286,22.3875
2020-06-15 18:15:00,4135001,ZoEaEvLYb1n2sOq,23.0875,1.271428571,23.0875
2020-06-15 18:15:00,4135001,z9Y9gH1T5YWrNuG,23.42857143,2.4375,23.42857143
2020-06-15 18:15:00,4135001,bvBOhCH3iADSZry,20.8125,1.071428571,20.8125
2020-06-15 18:15:00,4135001,1BY6WEcLGh8j5v7,21.55,1.2,21.55
2020-06-15 18:15:00,4135001,YxYtjZvoooNbGkE,23.35,2.357142857,23.35
2020-06-15 18:15:00,4135001,3PZuoBAID5Wc2HD,22.42857143,2.15,22.42857143
2020-06-15 18:15:00,4135001,rGa61gmuvPhdLxV,22.5125,1.214285714,22.5125
2020-06-15 18:15:00,4135001,1IF53ai7Xc0U56Y,23.4625,2.342857143,23.4625
2020-06-15 18:15:00,4135001,ih0vzX44oOqAx2f,22.7625,1.228571429,22.7625
2020-06-15 18:30:00,4135001,adLQvlD726eNBSB,2.571428571,0.0,2.571428571
2020-06-15 18:30:00,4135001,WRmjgnKYAwPKWDb,2.15,0.0,2.15
2020-06-15 18:30:00,4135001,ZoEaEvLYb1n2sOq,1.271428571,0.0,1.271428571
2020-06-15 18:30:00,4135001,sjndEbLyjtCKgGv,2.3625,0.0,2.3625
2020-06-15 18:30:00,4135001,YxYtjZvoooNbGkE,2.357142857,0.0,2.357142857
2020-06-15 18:30:00,4135001,ih0vzX44oOqAx2f,1.228571429,0.0,1.228571429
2020-06-15 18:30:00,4135001,iCRJl6heRkivqQ3,1.185714286,0.0,1.185714286
2020-06-15 18:30:00,4135001,zVJPv84UY57bAof,1.185714286,0.0,1.185714286
2020-06-15 18:30:00,4135001,1BY6WEcLGh8j5v7,1.2,0.0,1.2
2020-06-15 18:30:00,4135001,bvBOhCH3iADSZry,1.071428571,0.0,1.071428571
2020-06-15 18:30:00,4135001,VHMLBKoKgIrUVDU,2.5,0.0,2.5
2020-06-15 18:30:00,4135001,McdE0feGgRqW7Ca,2.5125,0.0,2.5125
2020-06-15 18:30:00,4135001,wCURE6d3bPkepu2,2.375,0.0,2.375
2020-06-15 18:30:00,4135001,1IF53ai7Xc0U56Y,2.342857143,0.0,2.342857143
2020-06-15 18:30:00,4135001,uHbuxQJl8lW7ozc,1.3,0.0,1.3
2020-06-15 18:30:00,4135001,zBIq5rxdHJRwDNY,1.142857143,0.0,1.142857143
2020-06-15 18:30:00,4135001,z9Y9gH1T5YWrNuG,2.4375,0.0,2.4375
2020-06-15 18:30:00,4135001,7JYdWkrLSPkdwr4,1.475,0.0,1.475
2020-06-15 18:30:00,4135001,3PZuoBAID5Wc2HD,2.15,0.0,2.15
2020-06-15 18:30:00,4135001,rGa61gmuvPhdLxV,1.214285714,0.0,1.214285714
2020-06-15 18:30:00,4135001,ZnxXDlPa8U1GXgE,0.0,0.0,0.0
2020-06-15 18:30:00,4135001,pkci93gMrogZuBj,1.257142857,0.0,1.257142857
2020-06-15 18:45:00,4135001,VHMLBKoKgIrUVDU,0.0,0.0,0.0
2020-06-15 18:45:00,4135001,YxYtjZvoooNbGkE,0.0,0.0,0.0
2020-06-15 18:45:00,4135001,7JYdWkrLSPkdwr4,0.0,0.0,0.0
2020-06-15 18:45:00,4135001,uHbuxQJl8lW7ozc,0.0,0.0,0.0
2020-06-15 18:45:00,4135001,iCRJl6heRkivqQ3,0.0,0.0,0.0
2020-06-15 18:45:00,4135001,bvBOhCH3iADSZry,0.0,0.0,0.0
2020-06-15 18:45:00,4135001,z9Y9gH1T5YWrNuG,0.0,0.0,0.0
2020-06-15 18:45:00,4135001,WRmjgnKYAwPKWDb,0.0,0.0,0.0
2020-06-15 18:45:00,4135001,1BY6WEcLGh8j5v7,0.0,0.0,0.0
2020-06-15 18:45:00,4135001,zVJPv84UY57bAof,0.0,0.0,0.0
2020-06-15 18:45:00,4135001,rGa61gmuvPhdLxV,0.0,0.0,0.0
2020-06-15 18:45:00,4135001,1IF53ai7Xc0U56Y,0.0,0.0,0.0
2020-06-15 18:45:00,4135001,adLQvlD726eNBSB,0.0,0.0,0.0
2020-06-15 18:45:00,4135001,wCURE6d3bPkepu2,0.0,0.0,0.0
2020-06-15 18:45:00,4135001,ZnxXDlPa8U1GXgE,0.0,0.0,0.0
2020-06-15 18:45:00,4135001,ih0vzX44oOqAx2f,0.0,0.0,0.0
2020-06-15 18:45:00,4135001,3PZuoBAID5Wc2HD,0.0,0.0,0.0
2020-06-15 18:45:00,4135001,pkci93gMrogZuBj,0.0,0.0,0.0
2020-06-15 18:45:00,4135001,McdE0feGgRqW7Ca,0.0,0.0,0.0
2020-06-15 18:45:00,4135001,zBIq5rxdHJRwDNY,0.0,0.0,0.0
2020-06-15 18:45:00,4135001,ZoEaEvLYb1n2sOq,0.0,0.0,0.0
2020-06-15 18:45:00,4135001,sjndEbLyjtCKgGv,0.0,0.0,0.0
2020-06-15 19:00:00,4135001,rGa61gmuvPhdLxV,0.0,0.0,0.0
2020-06-15 19:00:00,4135001,ih0vzX44oOqAx2f,0.0,0.0,0.0
2020-06-15 19:00:00,4135001,wCURE6d3bPkepu2,0.0,0.0,0.0
2020-06-15 19:00:00,4135001,ZoEaEvLYb1n2sOq,0.0,0.0,0.0
2020-06-15 19:00:00,4135001,1BY6WEcLGh8j5v7,0.0,0.0,0.0
2020-06-15 19:00:00,4135001,YxYtjZvoooNbGkE,0.0,0.0,0.0
2020-06-15 19:00:00,4135001,iCRJl6heRkivqQ3,0.0,0.0,0.0
2020-06-15 19:00:00,4135001,ZnxXDlPa8U1GXgE,0.0,0.0,0.0
2020-06-15 19:00:00,4135001,uHbuxQJl8lW7ozc,0.0,0.0,0.0
2020-06-15 19:00:00,4135001,adLQvlD726eNBSB,0.0,0.0,0.0
2020-06-15 19:00:00,4135001,McdE0feGgRqW7Ca,0.0,0.0,0.0
2020-06-15 19:00:00,4135001,zBIq5rxdHJRwDNY,0.0,0.0,0.0
2020-06-15 19:00:00,4135001,sjndEbLyjtCKgGv,0.0,0.0,0.0
2020-06-15 19:00:00,4135001,pkci93gMrogZuBj,0.0,0.0,0.0
2020-06-15 19:00:00,4135001,3PZuoBAID5Wc2HD,0.0,0.0,0.0
2020-06-15 19:00:00,4135001,1IF53ai7Xc0U56Y,0.0,0.0,0.0
2020-06-15 19:00:00,4135001,zVJPv84UY57bAof,0.0,0.0,0.0
2020-06-15 19:00:00,4135001,VHMLBKoKgIrUVDU,0.0,0.0,0.0
2020-06-15 19:00:00,4135001,WRmjgnKYAwPKWDb,0.0,0.0,0.0
2020-06-15 19:00:00,4135001,7JYdWkrLSPkdwr4,0.0,0.0,0.0
2020-06-15 19:00:00,4135001,bvBOhCH3iADSZry,0.0,0.0,0.0
2020-06-15 19:00:00,4135001,z9Y9gH1T5YWrNuG,0.0,0.0,0.0
2020-06-15 19:15:00,4135001,WRmjgnKYAwPKWDb,0.0,0.0,0.0
2020-06-15 19:15:00,4135001,adLQvlD726eNBSB,0.0,0.0,0.0
2020-06-15 19:15:00,4135001,z9Y9gH1T5YWrNuG,0.0,0.0,0.0
2020-06-15 19:15:00,4135001,ih0vzX44oOqAx2f,0.0,0.0,0.0
2020-06-15 19:15:00,4135001,ZoEaEvLYb1n2sOq,0.0,0.0,0.0
2020-06-15 19:15:00,4135001,1BY6WEcLGh8j5v7,0.0,0.0,0.0
2020-06-15 19:15:00,4135001,zVJPv84UY57bAof,0.0,0.0,0.0
2020-06-15 19:15:00,4135001,McdE0feGgRqW7Ca,0.0,0.0,0.0
2020-06-15 19:15:00,4135001,uHbuxQJl8lW7ozc,0.0,0.0,0.0
2020-06-15 19:15:00,4135001,zBIq5rxdHJRwDNY,0.0,0.0,0.0
2020-06-15 19:15:00,4135001,bvBOhCH3iADSZry,0.0,0.0,0.0
2020-06-15 19:15:00,4135001,3PZuoBAID5Wc2HD,0.0,0.0,0.0
2020-06-15 19:15:00,4135001,rGa61gmuvPhdLxV,0.0,0.0,0.0
2020-06-15 19:15:00,4135001,wCURE6d3bPkepu2,0.0,0.0,0.0
2020-06-15 19:15:00,4135001,1IF53ai7Xc0U56Y,0.0,0.0,0.0
2020-06-15 19:15:00,4135001,ZnxXDlPa8U1GXgE,0.0,0.0,0.0
2020-06-15 19:15:00,4135001,pkci93gMrogZuBj,0.0,0.0,0.0
2020-06-15 19:15:00,4135001,sjndEbLyjtCKgGv,0.0,0.0,0.0
2020-06-15 19:15:00,4135001,VHMLBKoKgIrUVDU,0.0,0.0,0.0
2020-06-15 19:15:00,4135001,iCRJl6heRkivqQ3,0.0,0.0,0.0
2020-06-15 19:15:00,4135001,YxYtjZvoooNbGkE,0.0,0.0,0.0
2020-06-15 19:15:00,4135001,7JYdWkrLSPkdwr4,0.0,0.0,0.0
2020-06-15 19:30:00,4135001,uHbuxQJl8lW7ozc,0.0,0.0,0.0
2020-06-15 19:30:00,4135001,wCURE6d3bPkepu2,0.0,0.0,0.0
2020-06-15 19:30:00,4135001,3PZuoBAID5Wc2HD,0.0,0.0,0.0
2020-06-15 19:30:00,4135001,pkci93gMrogZuBj,0.0,0.0,0.0
2020-06-15 19:30:00,4135001,ZoEaEvLYb1n2sOq,0.0,0.0,0.0
2020-06-15 19:30:00,4135001,7JYdWkrLSPkdwr4,0.0,0.0,0.0
2020-06-15 19:30:00,4135001,rGa61gmuvPhdLxV,0.0,0.0,0.0
2020-06-15 19:30:00,4135001,zVJPv84UY57bAof,0.0,0.0,0.0
2020-06-15 19:30:00,4135001,adLQvlD726eNBSB,0.0,0.0,0.0
2020-06-15 19:30:00,4135001,bvBOhCH3iADSZry,0.0,0.0,0.0
2020-06-15 19:30:00,4135001,iCRJl6heRkivqQ3,0.0,0.0,0.0
2020-06-15 19:30:00,4135001,ih0vzX44oOqAx2f,0.0,0.0,0.0
2020-06-15 19:30:00,4135001,WRmjgnKYAwPKWDb,0.0,0.0,0.0
2020-06-15 19:30:00,4135001,VHMLBKoKgIrUVDU,0.0,0.0,0.0
2020-06-15 19:30:00,4135001,zBIq5rxdHJRwDNY,0.0,0.0,0.0
2020-06-15 19:30:00,4135001,ZnxXDlPa8U1GXgE,0.0,0.0,0.0
2020-06-15 19:30:00,4135001,1IF53ai7Xc0U56Y,0.0,0.0,0.0
2020-06-15 19:30:00,4135001,1BY6WEcLGh8j5v7,0.0,0.0,0.0
2020-06-15 19:30:00,4135001,McdE0feGgRqW7Ca,0.0,0.0,0.0
2020-06-15 19:30:00,4135001,YxYtjZvoooNbGkE,0.0,0.0,0.0
2020-06-15 19:30:00,4135001,sjndEbLyjtCKgGv,0.0,0.0,0.0
2020-06-15 19:30:00,4135001,z9Y9gH1T5YWrNuG,0.0,0.0,0.0
2020-06-15 19:45:00,4135001,wCURE6d3bPkepu2,0.0,0.0,0.0
2020-06-15 19:45:00,4135001,1BY6WEcLGh8j5v7,0.0,0.0,0.0
2020-06-15 19:45:00,4135001,YxYtjZvoooNbGkE,0.0,0.0,0.0
2020-06-15 19:45:00,4135001,7JYdWkrLSPkdwr4,0.0,0.0,0.0
2020-06-15 19:45:00,4135001,bvBOhCH3iADSZry,0.0,0.0,0.0
2020-06-15 19:45:00,4135001,iCRJl6heRkivqQ3,0.0,0.0,0.0
2020-06-15 19:45:00,4135001,1IF53ai7Xc0U56Y,0.0,0.0,0.0
2020-06-15 19:45:00,4135001,3PZuoBAID5Wc2HD,0.0,0.0,0.0
2020-06-15 19:45:00,4135001,ih0vzX44oOqAx2f,0.0,0.0,0.0
2020-06-15 19:45:00,4135001,sjndEbLyjtCKgGv,0.0,0.0,0.0
2020-06-15 19:45:00,4135001,uHbuxQJl8lW7ozc,0.0,0.0,0.0
2020-06-15 19:45:00,4135001,ZoEaEvLYb1n2sOq,0.0,0.0,0.0
2020-06-15 19:45:00,4135001,VHMLBKoKgIrUVDU,0.0,0.0,0.0
2020-06-15 19:45:00,4135001,McdE0feGgRqW7Ca,0.0,0.0,0.0
2020-06-15 19:45:00,4135001,pkci93gMrogZuBj,0.0,0.0,0.0
2020-06-15 19:45:00,4135001,WRmjgnKYAwPKWDb,0.0,0.0,0.0
2020-06-15 19:45:00,4135001,adLQvlD726eNBSB,0.0,0.0,0.0
2020-06-15 19:45:00,4135001,ZnxXDlPa8U1GXgE,0.0,0.0,0.0
2020-06-15 19:45:00,4135001,rGa61gmuvPhdLxV,0.0,0.0,0.0
2020-06-15 19:45:00,4135001,zVJPv84UY57bAof,0.0,0.0,0.0
2020-06-15 19:45:00,4135001,zBIq5rxdHJRwDNY,0.0,0.0,0.0
2020-06-15 19:45:00,4135001,z9Y9gH1T5YWrNuG,0.0,0.0,0.0
2020-06-15 20:00:00,4135001,pkci93gMrogZuBj,0.0,0.0,0.0
2020-06-15 20:00:00,4135001,ZnxXDlPa8U1GXgE,0.0,0.0,0.0
2020-06-15 20:00:00,4135001,1BY6WEcLGh8j5v7,0.0,0.0,0.0
2020-06-15 20:00:00,4135001,sjndEbLyjtCKgGv,0.0,0.0,0.0
2020-06-15 20:00:00,4135001,wCURE6d3bPkepu2,0.0,0.0,0.0
2020-06-15 20:00:00,4135001,iCRJl6heRkivqQ3,0.0,0.0,0.0
2020-06-15 20:00:00,4135001,z9Y9gH1T5YWrNuG,0.0,0.0,0.0
2020-06-15 20:00:00,4135001,ih0vzX44oOqAx2f,0.0,0.0,0.0
2020-06-15 20:00:00,4135001,bvBOhCH3iADSZry,0.0,0.0,0.0
2020-06-15 20:00:00,4135001,YxYtjZvoooNbGkE,0.0,0.0,0.0
2020-06-15 20:00:00,4135001,McdE0feGgRqW7Ca,0.0,0.0,0.0
2020-06-15 20:00:00,4135001,WRmjgnKYAwPKWDb,0.0,0.0,0.0
2020-06-15 20:00:00,4135001,zBIq5rxdHJRwDNY,0.0,0.0,0.0
2020-06-15 20:00:00,4135001,adLQvlD726eNBSB,0.0,0.0,0.0
2020-06-15 20:00:00,4135001,3PZuoBAID5Wc2HD,0.0,0.0,0.0
2020-06-15 20:00:00,4135001,1IF53ai7Xc0U56Y,0.0,0.0,0.0
2020-06-15 20:00:00,4135001,ZoEaEvLYb1n2sOq,0.0,0.0,0.0
2020-06-15 20:00:00,4135001,zVJPv84UY57bAof,0.0,0.0,0.0
2020-06-15 20:00:00,4135001,VHMLBKoKgIrUVDU,0.0,0.0,0.0
2020-06-15 20:00:00,4135001,uHbuxQJl8lW7ozc,0.0,0.0,0.0
2020-06-15 20:00:00,4135001,7JYdWkrLSPkdwr4,0.0,0.0,0.0
2020-06-15 20:00:00,4135001,rGa61gmuvPhdLxV,0.0,0.0,0.0
2020-06-15 20:15:00,4135001,WRmjgnKYAwPKWDb,0.0,0.0,0.0
2020-06-15 20:15:00,4135001,z9Y9gH1T5YWrNuG,0.0,0.0,0.0
2020-06-15 20:15:00,4135001,VHMLBKoKgIrUVDU,0.0,0.0,0.0
2020-06-15 20:15:00,4135001,1IF53ai7Xc0U56Y,0.0,0.0,0.0
2020-06-15 20:15:00,4135001,McdE0feGgRqW7Ca,0.0,0.0,0.0
2020-06-15 20:15:00,4135001,zBIq5rxdHJRwDNY,0.0,0.0,0.0
2020-06-15 20:15:00,4135001,ih0vzX44oOqAx2f,0.0,0.0,0.0
2020-06-15 20:15:00,4135001,3PZuoBAID5Wc2HD,0.0,0.0,0.0
2020-06-15 20:15:00,4135001,1BY6WEcLGh8j5v7,0.0,0.0,0.0
2020-06-15 20:15:00,4135001,wCURE6d3bPkepu2,0.0,0.0,0.0
2020-06-15 20:15:00,4135001,ZnxXDlPa8U1GXgE,0.0,0.0,0.0
2020-06-15 20:15:00,4135001,pkci93gMrogZuBj,0.0,0.0,0.0
2020-06-15 20:15:00,4135001,bvBOhCH3iADSZry,0.0,0.0,0.0
2020-06-15 20:15:00,4135001,ZoEaEvLYb1n2sOq,0.0,0.0,0.0
2020-06-15 20:15:00,4135001,zVJPv84UY57bAof,0.0,0.0,0.0
2020-06-15 20:15:00,4135001,YxYtjZvoooNbGkE,0.0,0.0,0.0
2020-06-15 20:15:00,4135001,rGa61gmuvPhdLxV,0.0,0.0,0.0
2020-06-15 20:15:00,4135001,iCRJl6heRkivqQ3,0.0,0.0,0.0
2020-06-15 20:15:00,4135001,7JYdWkrLSPkdwr4,0.0,0.0,0.0
2020-06-15 20:15:00,4135001,sjndEbLyjtCKgGv,0.0,0.0,0.0
2020-06-15 20:15:00,4135001,uHbuxQJl8lW7ozc,0.0,0.0,0.0
2020-06-15 20:15:00,4135001,adLQvlD726eNBSB,0.0,0.0,0.0
2020-06-15 20:30:00,4135001,adLQvlD726eNBSB,0.0,0.0,0.0
2020-06-15 20:30:00,4135001,sjndEbLyjtCKgGv,0.0,0.0,0.0
2020-06-15 20:30:00,4135001,uHbuxQJl8lW7ozc,0.0,0.0,0.0
2020-06-15 20:30:00,4135001,McdE0feGgRqW7Ca,0.0,0.0,0.0
2020-06-15 20:30:00,4135001,YxYtjZvoooNbGkE,0.0,0.0,0.0
2020-06-15 20:30:00,4135001,z9Y9gH1T5YWrNuG,0.0,0.0,0.0
2020-06-15 20:30:00,4135001,1BY6WEcLGh8j5v7,0.0,0.0,0.0
2020-06-15 20:30:00,4135001,ZnxXDlPa8U1GXgE,0.0,0.0,0.0
2020-06-15 20:30:00,4135001,VHMLBKoKgIrUVDU,0.0,0.0,0.0
2020-06-15 20:30:00,4135001,zBIq5rxdHJRwDNY,0.0,0.0,0.0
2020-06-15 20:30:00,4135001,WRmjgnKYAwPKWDb,0.0,0.0,0.0
2020-06-15 20:30:00,4135001,rGa61gmuvPhdLxV,0.0,0.0,0.0
2020-06-15 20:30:00,4135001,ZoEaEvLYb1n2sOq,0.0,0.0,0.0
2020-06-15 20:30:00,4135001,1IF53ai7Xc0U56Y,0.0,0.0,0.0
2020-06-15 20:30:00,4135001,7JYdWkrLSPkdwr4,0.0,0.0,0.0
2020-06-15 20:30:00,4135001,wCURE6d3bPkepu2,0.0,0.0,0.0
2020-06-15 20:30:00,4135001,zVJPv84UY57bAof,0.0,0.0,0.0
2020-06-15 20:30:00,4135001,pkci93gMrogZuBj,0.0,0.0,0.0
2020-06-15 20:30:00,4135001,3PZuoBAID5Wc2HD,0.0,0.0,0.0
2020-06-15 20:30:00,4135001,bvBOhCH3iADSZry,0.0,0.0,0.0
2020-06-15 20:30:00,4135001,iCRJl6heRkivqQ3,0.0,0.0,0.0
2020-06-15 20:30:00,4135001,ih0vzX44oOqAx2f,0.0,0.0,0.0
2020-06-15 20:45:00,4135001,pkci93gMrogZuBj,0.0,0.0,0.0
2020-06-15 20:45:00,4135001,wCURE6d3bPkepu2,0.0,0.0,0.0
2020-06-15 20:45:00,4135001,iCRJl6heRkivqQ3,0.0,0.0,0.0
2020-06-15 20:45:00,4135001,uHbuxQJl8lW7ozc,0.0,0.0,0.0
2020-06-15 20:45:00,4135001,1BY6WEcLGh8j5v7,0.0,0.0,0.0
2020-06-15 20:45:00,4135001,rGa61gmuvPhdLxV,0.0,0.0,0.0
2020-06-15 20:45:00,4135001,7JYdWkrLSPkdwr4,0.0,0.0,0.0
2020-06-15 20:45:00,4135001,YxYtjZvoooNbGkE,0.0,0.0,0.0
2020-06-15 20:45:00,4135001,adLQvlD726eNBSB,0.0,0.0,0.0
2020-06-15 20:45:00,4135001,bvBOhCH3iADSZry,0.0,0.0,0.0
2020-06-15 20:45:00,4135001,zVJPv84UY57bAof,0.0,0.0,0.0
2020-06-15 20:45:00,4135001,ih0vzX44oOqAx2f,0.0,0.0,0.0
2020-06-15 20:45:00,4135001,sjndEbLyjtCKgGv,0.0,0.0,0.0
2020-06-15 20:45:00,4135001,zBIq5rxdHJRwDNY,0.0,0.0,0.0
2020-06-15 20:45:00,4135001,1IF53ai7Xc0U56Y,0.0,0.0,0.0
2020-06-15 20:45:00,4135001,McdE0feGgRqW7Ca,0.0,0.0,0.0
2020-06-15 20:45:00,4135001,WRmjgnKYAwPKWDb,0.0,0.0,0.0
2020-06-15 20:45:00,4135001,3PZuoBAID5Wc2HD,0.0,0.0,0.0
2020-06-15 20:45:00,4135001,z9Y9gH1T5YWrNuG,0.0,0.0,0.0
2020-06-15 20:45:00,4135001,VHMLBKoKgIrUVDU,0.0,0.0,0.0
2020-06-15 20:45:00,4135001,ZnxXDlPa8U1GXgE,0.0,0.0,0.0
2020-06-15 20:45:00,4135001,ZoEaEvLYb1n2sOq,0.0,0.0,0.0
2020-06-15 21:00:00,4135001,WRmjgnKYAwPKWDb,0.0,0.0,0.0
2020-06-15 21:00:00,4135001,1BY6WEcLGh8j5v7,0.0,0.0,0.0
2020-06-15 21:00:00,4135001,3PZuoBAID5Wc2HD,0.0,0.0,0.0
2020-06-15 21:00:00,4135001,iCRJl6heRkivqQ3,0.0,0.0,0.0
2020-06-15 21:00:00,4135001,1IF53ai7Xc0U56Y,0.0,0.0,0.0
2020-06-15 21:00:00,4135001,uHbuxQJl8lW7ozc,0.0,0.0,0.0
2020-06-15 21:00:00,4135001,zVJPv84UY57bAof,0.0,0.0,0.0
2020-06-15 21:00:00,4135001,rGa61gmuvPhdLxV,0.0,0.0,0.0
2020-06-15 21:00:00,4135001,pkci93gMrogZuBj,0.0,0.0,0.0
2020-06-15 21:00:00,4135001,bvBOhCH3iADSZry,0.0,0.0,0.0
2020-06-15 21:00:00,4135001,zBIq5rxdHJRwDNY,0.0,0.0,0.0
2020-06-15 21:00:00,4135001,ZoEaEvLYb1n2sOq,0.0,0.0,0.0
2020-06-15 21:00:00,4135001,z9Y9gH1T5YWrNuG,0.0,0.0,0.0
2020-06-15 21:00:00,4135001,ih0vzX44oOqAx2f,0.0,0.0,0.0
2020-06-15 21:00:00,4135001,ZnxXDlPa8U1GXgE,0.0,0.0,0.0
2020-06-15 21:00:00,4135001,adLQvlD726eNBSB,0.0,0.0,0.0
2020-06-15 21:00:00,4135001,wCURE6d3bPkepu2,0.0,0.0,0.0
2020-06-15 21:00:00,4135001,McdE0feGgRqW7Ca,0.0,0.0,0.0
2020-06-15 21:00:00,4135001,sjndEbLyjtCKgGv,0.0,0.0,0.0
2020-06-15 21:00:00,4135001,YxYtjZvoooNbGkE,0.0,0.0,0.0
2020-06-15 21:00:00,4135001,VHMLBKoKgIrUVDU,0.0,0.0,0.0
2020-06-15 21:00:00,4135001,7JYdWkrLSPkdwr4,0.0,0.0,0.0
2020-06-15 21:15:00,4135001,z9Y9gH1T5YWrNuG,0.0,0.0,0.0
2020-06-15 21:15:00,4135001,zVJPv84UY57bAof,0.0,0.0,0.0
2020-06-15 21:15:00,4135001,pkci93gMrogZuBj,0.0,0.0,0.0
2020-06-15 21:15:00,4135001,1BY6WEcLGh8j5v7,0.0,0.0,0.0
2020-06-15 21:15:00,4135001,rGa61gmuvPhdLxV,0.0,0.0,0.0
2020-06-15 21:15:00,4135001,uHbuxQJl8lW7ozc,0.0,0.0,0.0
2020-06-15 21:15:00,4135001,ih0vzX44oOqAx2f,0.0,0.0,0.0
2020-06-15 21:15:00,4135001,VHMLBKoKgIrUVDU,0.0,0.0,0.0
2020-06-15 21:15:00,4135001,McdE0feGgRqW7Ca,0.0,0.0,0.0
2020-06-15 21:15:00,4135001,3PZuoBAID5Wc2HD,0.0,0.0,0.0
2020-06-15 21:15:00,4135001,ZnxXDlPa8U1GXgE,0.0,0.0,0.0
2020-06-15 21:15:00,4135001,WRmjgnKYAwPKWDb,0.0,0.0,0.0
2020-06-15 21:15:00,4135001,adLQvlD726eNBSB,0.0,0.0,0.0
2020-06-15 21:15:00,4135001,wCURE6d3bPkepu2,0.0,0.0,0.0
2020-06-15 21:15:00,4135001,1IF53ai7Xc0U56Y,0.0,0.0,0.0
2020-06-15 21:15:00,4135001,zBIq5rxdHJRwDNY,0.0,0.0,0.0
2020-06-15 21:15:00,4135001,7JYdWkrLSPkdwr4,0.0,0.0,0.0
2020-06-15 21:15:00,4135001,bvBOhCH3iADSZry,0.0,0.0,0.0
2020-06-15 21:15:00,4135001,iCRJl6heRkivqQ3,0.0,0.0,0.0
2020-06-15 21:15:00,4135001,sjndEbLyjtCKgGv,0.0,0.0,0.0
2020-06-15 21:15:00,4135001,YxYtjZvoooNbGkE,0.0,0.0,0.0
2020-06-15 21:15:00,4135001,ZoEaEvLYb1n2sOq,0.0,0.0,0.0
2020-06-15 21:30:00,4135001,ZnxXDlPa8U1GXgE,0.0,0.0,0.0
2020-06-15 21:30:00,4135001,bvBOhCH3iADSZry,0.0,0.0,0.0
2020-06-15 21:30:00,4135001,uHbuxQJl8lW7ozc,0.0,0.0,0.0
2020-06-15 21:30:00,4135001,YxYtjZvoooNbGkE,0.0,0.0,0.0
2020-06-15 21:30:00,4135001,ih0vzX44oOqAx2f,0.0,0.0,0.0
2020-06-15 21:30:00,4135001,pkci93gMrogZuBj,0.0,0.0,0.0
2020-06-15 21:30:00,4135001,sjndEbLyjtCKgGv,0.0,0.0,0.0
2020-06-15 21:30:00,4135001,VHMLBKoKgIrUVDU,0.0,0.0,0.0
2020-06-15 21:30:00,4135001,1IF53ai7Xc0U56Y,0.0,0.0,0.0
2020-06-15 21:30:00,4135001,3PZuoBAID5Wc2HD,0.0,0.0,0.0
2020-06-15 21:30:00,4135001,McdE0feGgRqW7Ca,0.0,0.0,0.0
2020-06-15 21:30:00,4135001,wCURE6d3bPkepu2,0.0,0.0,0.0
2020-06-15 21:30:00,4135001,adLQvlD726eNBSB,0.0,0.0,0.0
2020-06-15 21:30:00,4135001,7JYdWkrLSPkdwr4,0.0,0.0,0.0
2020-06-15 21:30:00,4135001,WRmjgnKYAwPKWDb,0.0,0.0,0.0
2020-06-15 21:30:00,4135001,1BY6WEcLGh8j5v7,0.0,0.0,0.0
2020-06-15 21:30:00,4135001,z9Y9gH1T5YWrNuG,0.0,0.0,0.0
2020-06-15 21:30:00,4135001,ZoEaEvLYb1n2sOq,0.0,0.0,0.0
2020-06-15 21:30:00,4135001,rGa61gmuvPhdLxV,0.0,0.0,0.0
2020-06-15 21:30:00,4135001,zBIq5rxdHJRwDNY,0.0,0.0,0.0
2020-06-15 21:30:00,4135001,iCRJl6heRkivqQ3,0.0,0.0,0.0
2020-06-15 21:30:00,4135001,zVJPv84UY57bAof,0.0,0.0,0.0
2020-06-15 21:45:00,4135001,rGa61gmuvPhdLxV,0.0,0.0,0.0
2020-06-15 21:45:00,4135001,wCURE6d3bPkepu2,0.0,0.0,0.0
2020-06-15 21:45:00,4135001,adLQvlD726eNBSB,0.0,0.0,0.0
2020-06-15 21:45:00,4135001,z9Y9gH1T5YWrNuG,0.0,0.0,0.0
2020-06-15 21:45:00,4135001,1IF53ai7Xc0U56Y,0.0,0.0,0.0
2020-06-15 21:45:00,4135001,zVJPv84UY57bAof,0.0,0.0,0.0
2020-06-15 21:45:00,4135001,zBIq5rxdHJRwDNY,0.0,0.0,0.0
2020-06-15 21:45:00,4135001,ZnxXDlPa8U1GXgE,0.0,0.0,0.0
2020-06-15 21:45:00,4135001,ZoEaEvLYb1n2sOq,0.0,0.0,0.0
2020-06-15 21:45:00,4135001,VHMLBKoKgIrUVDU,0.0,0.0,0.0
2020-06-15 21:45:00,4135001,3PZuoBAID5Wc2HD,0.0,0.0,0.0
2020-06-15 21:45:00,4135001,bvBOhCH3iADSZry,0.0,0.0,0.0
2020-06-15 21:45:00,4135001,7JYdWkrLSPkdwr4,0.0,0.0,0.0
2020-06-15 21:45:00,4135001,ih0vzX44oOqAx2f,0.0,0.0,0.0
2020-06-15 21:45:00,4135001,pkci93gMrogZuBj,0.0,0.0,0.0
2020-06-15 21:45:00,4135001,iCRJl6heRkivqQ3,0.0,0.0,0.0
2020-06-15 21:45:00,4135001,uHbuxQJl8lW7ozc,0.0,0.0,0.0
2020-06-15 21:45:00,4135001,McdE0feGgRqW7Ca,0.0,0.0,0.0
2020-06-15 21:45:00,4135001,sjndEbLyjtCKgGv,0.0,0.0,0.0
2020-06-15 21:45:00,4135001,1BY6WEcLGh8j5v7,0.0,0.0,0.0
2020-06-15 21:45:00,4135001,WRmjgnKYAwPKWDb,0.0,0.0,0.0
2020-06-15 21:45:00,4135001,YxYtjZvoooNbGkE,0.0,0.0,0.0
2020-06-15 22:00:00,4135001,YxYtjZvoooNbGkE,0.0,0.0,0.0
2020-06-15 22:00:00,4135001,1BY6WEcLGh8j5v7,0.0,0.0,0.0
2020-06-15 22:00:00,4135001,WRmjgnKYAwPKWDb,0.0,0.0,0.0
2020-06-15 22:00:00,4135001,ih0vzX44oOqAx2f,0.0,0.0,0.0
2020-06-15 22:00:00,4135001,rGa61gmuvPhdLxV,0.0,0.0,0.0
2020-06-15 22:00:00,4135001,uHbuxQJl8lW7ozc,0.0,0.0,0.0
2020-06-15 22:00:00,4135001,bvBOhCH3iADSZry,0.0,0.0,0.0
2020-06-15 22:00:00,4135001,3PZuoBAID5Wc2HD,0.0,0.0,0.0
2020-06-15 22:00:00,4135001,McdE0feGgRqW7Ca,0.0,0.0,0.0
2020-06-15 22:00:00,4135001,VHMLBKoKgIrUVDU,0.0,0.0,0.0
2020-06-15 22:00:00,4135001,pkci93gMrogZuBj,0.0,0.0,0.0
2020-06-15 22:00:00,4135001,ZoEaEvLYb1n2sOq,0.0,0.0,0.0
2020-06-15 22:00:00,4135001,z9Y9gH1T5YWrNuG,0.0,0.0,0.0
2020-06-15 22:00:00,4135001,ZnxXDlPa8U1GXgE,0.0,0.0,0.0
2020-06-15 22:00:00,4135001,adLQvlD726eNBSB,0.0,0.0,0.0
2020-06-15 22:00:00,4135001,wCURE6d3bPkepu2,0.0,0.0,0.0
2020-06-15 22:00:00,4135001,zVJPv84UY57bAof,0.0,0.0,0.0
2020-06-15 22:00:00,4135001,sjndEbLyjtCKgGv,0.0,0.0,0.0
2020-06-15 22:00:00,4135001,7JYdWkrLSPkdwr4,0.0,0.0,0.0
2020-06-15 22:00:00,4135001,iCRJl6heRkivqQ3,0.0,0.0,0.0
2020-06-15 22:00:00,4135001,zBIq5rxdHJRwDNY,0.0,0.0,0.0
2020-06-15 22:00:00,4135001,1IF53ai7Xc0U56Y,0.0,0.0,0.0
2020-06-15 22:15:00,4135001,1BY6WEcLGh8j5v7,0.0,0.0,0.0
2020-06-15 22:15:00,4135001,zVJPv84UY57bAof,0.0,0.0,0.0
2020-06-15 22:15:00,4135001,z9Y9gH1T5YWrNuG,0.0,0.0,0.0
2020-06-15 22:15:00,4135001,zBIq5rxdHJRwDNY,0.0,0.0,0.0
2020-06-15 22:15:00,4135001,WRmjgnKYAwPKWDb,0.0,0.0,0.0
2020-06-15 22:15:00,4135001,adLQvlD726eNBSB,0.0,0.0,0.0
2020-06-15 22:15:00,4135001,rGa61gmuvPhdLxV,0.0,0.0,0.0
2020-06-15 22:15:00,4135001,iCRJl6heRkivqQ3,0.0,0.0,0.0
2020-06-15 22:15:00,4135001,3PZuoBAID5Wc2HD,0.0,0.0,0.0
2020-06-15 22:15:00,4135001,ZnxXDlPa8U1GXgE,0.0,0.0,0.0
2020-06-15 22:15:00,4135001,pkci93gMrogZuBj,0.0,0.0,0.0
2020-06-15 22:15:00,4135001,ZoEaEvLYb1n2sOq,0.0,0.0,0.0
2020-06-15 22:15:00,4135001,McdE0feGgRqW7Ca,0.0,0.0,0.0
2020-06-15 22:15:00,4135001,ih0vzX44oOqAx2f,0.0,0.0,0.0
2020-06-15 22:15:00,4135001,VHMLBKoKgIrUVDU,0.0,0.0,0.0
2020-06-15 22:15:00,4135001,7JYdWkrLSPkdwr4,0.0,0.0,0.0
2020-06-15 22:15:00,4135001,wCURE6d3bPkepu2,0.0,0.0,0.0
2020-06-15 22:15:00,4135001,bvBOhCH3iADSZry,0.0,0.0,0.0
2020-06-15 22:15:00,4135001,uHbuxQJl8lW7ozc,0.0,0.0,0.0
2020-06-15 22:15:00,4135001,YxYtjZvoooNbGkE,0.0,0.0,0.0
2020-06-15 22:15:00,4135001,1IF53ai7Xc0U56Y,0.0,0.0,0.0
2020-06-15 22:15:00,4135001,sjndEbLyjtCKgGv,0.0,0.0,0.0
2020-06-15 22:30:00,4135001,1IF53ai7Xc0U56Y,0.0,0.0,0.0
2020-06-15 22:30:00,4135001,iCRJl6heRkivqQ3,0.0,0.0,0.0
2020-06-15 22:30:00,4135001,sjndEbLyjtCKgGv,0.0,0.0,0.0
2020-06-15 22:30:00,4135001,zBIq5rxdHJRwDNY,0.0,0.0,0.0
2020-06-15 22:30:00,4135001,ZoEaEvLYb1n2sOq,0.0,0.0,0.0
2020-06-15 22:30:00,4135001,zVJPv84UY57bAof,0.0,0.0,0.0
2020-06-15 22:30:00,4135001,bvBOhCH3iADSZry,0.0,0.0,0.0
2020-06-15 22:30:00,4135001,wCURE6d3bPkepu2,0.0,0.0,0.0
2020-06-15 22:30:00,4135001,1BY6WEcLGh8j5v7,0.0,0.0,0.0
2020-06-15 22:30:00,4135001,z9Y9gH1T5YWrNuG,0.0,0.0,0.0
2020-06-15 22:30:00,4135001,ih0vzX44oOqAx2f,0.0,0.0,0.0
2020-06-15 22:30:00,4135001,YxYtjZvoooNbGkE,0.0,0.0,0.0
2020-06-15 22:30:00,4135001,WRmjgnKYAwPKWDb,0.0,0.0,0.0
2020-06-15 22:30:00,4135001,McdE0feGgRqW7Ca,0.0,0.0,0.0
2020-06-15 22:30:00,4135001,7JYdWkrLSPkdwr4,0.0,0.0,0.0
2020-06-15 22:30:00,4135001,adLQvlD726eNBSB,0.0,0.0,0.0
2020-06-15 22:30:00,4135001,VHMLBKoKgIrUVDU,0.0,0.0,0.0
2020-06-15 22:30:00,4135001,rGa61gmuvPhdLxV,0.0,0.0,0.0
2020-06-15 22:30:00,4135001,3PZuoBAID5Wc2HD,0.0,0.0,0.0
2020-06-15 22:30:00,4135001,uHbuxQJl8lW7ozc,0.0,0.0,0.0
2020-06-15 22:30:00,4135001,ZnxXDlPa8U1GXgE,0.0,0.0,0.0
2020-06-15 22:30:00,4135001,pkci93gMrogZuBj,0.0,0.0,0.0
2020-06-15 22:45:00,4135001,wCURE6d3bPkepu2,0.0,0.0,0.0
2020-06-15 22:45:00,4135001,sjndEbLyjtCKgGv,0.0,0.0,0.0
2020-06-15 22:45:00,4135001,iCRJl6heRkivqQ3,0.0,0.0,0.0
2020-06-15 22:45:00,4135001,ZnxXDlPa8U1GXgE,0.0,0.0,0.0
2020-06-15 22:45:00,4135001,adLQvlD726eNBSB,0.0,0.0,0.0
2020-06-15 22:45:00,4135001,McdE0feGgRqW7Ca,0.0,0.0,0.0
2020-06-15 22:45:00,4135001,YxYtjZvoooNbGkE,0.0,0.0,0.0
2020-06-15 22:45:00,4135001,bvBOhCH3iADSZry,0.0,0.0,0.0
2020-06-15 22:45:00,4135001,zVJPv84UY57bAof,0.0,0.0,0.0
2020-06-15 22:45:00,4135001,1BY6WEcLGh8j5v7,0.0,0.0,0.0
2020-06-15 22:45:00,4135001,1IF53ai7Xc0U56Y,0.0,0.0,0.0
2020-06-15 22:45:00,4135001,zBIq5rxdHJRwDNY,0.0,0.0,0.0
2020-06-15 22:45:00,4135001,ZoEaEvLYb1n2sOq,0.0,0.0,0.0
2020-06-15 22:45:00,4135001,ih0vzX44oOqAx2f,0.0,0.0,0.0
2020-06-15 22:45:00,4135001,WRmjgnKYAwPKWDb,0.0,0.0,0.0
2020-06-15 22:45:00,4135001,VHMLBKoKgIrUVDU,0.0,0.0,0.0
2020-06-15 22:45:00,4135001,rGa61gmuvPhdLxV,0.0,0.0,0.0
2020-06-15 22:45:00,4135001,uHbuxQJl8lW7ozc,0.0,0.0,0.0
2020-06-15 22:45:00,4135001,7JYdWkrLSPkdwr4,0.0,0.0,0.0
2020-06-15 22:45:00,4135001,3PZuoBAID5Wc2HD,0.0,0.0,0.0
2020-06-15 22:45:00,4135001,z9Y9gH1T5YWrNuG,0.0,0.0,0.0
2020-06-15 22:45:00,4135001,pkci93gMrogZuBj,0.0,0.0,0.0
2020-06-15 23:00:00,4135001,WRmjgnKYAwPKWDb,0.0,0.0,0.0
2020-06-15 23:00:00,4135001,adLQvlD726eNBSB,0.0,0.0,0.0
2020-06-15 23:00:00,4135001,bvBOhCH3iADSZry,0.0,0.0,0.0
2020-06-15 23:00:00,4135001,1IF53ai7Xc0U56Y,0.0,0.0,0.0
2020-06-15 23:00:00,4135001,sjndEbLyjtCKgGv,0.0,0.0,0.0
2020-06-15 23:00:00,4135001,iCRJl6heRkivqQ3,0.0,0.0,0.0
2020-06-15 23:00:00,4135001,1BY6WEcLGh8j5v7,0.0,0.0,0.0
2020-06-15 23:00:00,4135001,ih0vzX44oOqAx2f,0.0,0.0,0.0
2020-06-15 23:00:00,4135001,VHMLBKoKgIrUVDU,0.0,0.0,0.0
2020-06-15 23:00:00,4135001,pkci93gMrogZuBj,0.0,0.0,0.0
2020-06-15 23:00:00,4135001,rGa61gmuvPhdLxV,0.0,0.0,0.0
2020-06-15 23:00:00,4135001,zVJPv84UY57bAof,0.0,0.0,0.0
2020-06-15 23:00:00,4135001,wCURE6d3bPkepu2,0.0,0.0,0.0
2020-06-15 23:00:00,4135001,3PZuoBAID5Wc2HD,0.0,0.0,0.0
2020-06-15 23:00:00,4135001,zBIq5rxdHJRwDNY,0.0,0.0,0.0
2020-06-15 23:00:00,4135001,z9Y9gH1T5YWrNuG,0.0,0.0,0.0
2020-06-15 23:00:00,4135001,YxYtjZvoooNbGkE,0.0,0.0,0.0
2020-06-15 23:00:00,4135001,McdE0feGgRqW7Ca,0.0,0.0,0.0
2020-06-15 23:00:00,4135001,uHbuxQJl8lW7ozc,0.0,0.0,0.0
2020-06-15 23:00:00,4135001,7JYdWkrLSPkdwr4,0.0,0.0,0.0
2020-06-15 23:00:00,4135001,ZoEaEvLYb1n2sOq,0.0,0.0,0.0
2020-06-15 23:00:00,4135001,ZnxXDlPa8U1GXgE,0.0,0.0,0.0
2020-06-15 23:15:00,4135001,bvBOhCH3iADSZry,0.0,0.0,0.0
2020-06-15 23:15:00,4135001,1BY6WEcLGh8j5v7,0.0,0.0,0.0
2020-06-15 23:15:00,4135001,sjndEbLyjtCKgGv,0.0,0.0,0.0
2020-06-15 23:15:00,4135001,7JYdWkrLSPkdwr4,0.0,0.0,0.0
2020-06-15 23:15:00,4135001,ZoEaEvLYb1n2sOq,0.0,0.0,0.0
2020-06-15 23:15:00,4135001,adLQvlD726eNBSB,0.0,0.0,0.0
2020-06-15 23:15:00,4135001,zBIq5rxdHJRwDNY,0.0,0.0,0.0
2020-06-15 23:15:00,4135001,VHMLBKoKgIrUVDU,0.0,0.0,0.0
2020-06-15 23:15:00,4135001,rGa61gmuvPhdLxV,0.0,0.0,0.0
2020-06-15 23:15:00,4135001,zVJPv84UY57bAof,0.0,0.0,0.0
2020-06-15 23:15:00,4135001,3PZuoBAID5Wc2HD,0.0,0.0,0.0
2020-06-15 23:15:00,4135001,WRmjgnKYAwPKWDb,0.0,0.0,0.0
2020-06-15 23:15:00,4135001,ih0vzX44oOqAx2f,0.0,0.0,0.0
2020-06-15 23:15:00,4135001,pkci93gMrogZuBj,0.0,0.0,0.0
2020-06-15 23:15:00,4135001,uHbuxQJl8lW7ozc,0.0,0.0,0.0
2020-06-15 23:15:00,4135001,wCURE6d3bPkepu2,0.0,0.0,0.0
2020-06-15 23:15:00,4135001,McdE0feGgRqW7Ca,0.0,0.0,0.0
2020-06-15 23:15:00,4135001,YxYtjZvoooNbGkE,0.0,0.0,0.0
2020-06-15 23:15:00,4135001,z9Y9gH1T5YWrNuG,0.0,0.0,0.0
2020-06-15 23:15:00,4135001,1IF53ai7Xc0U56Y,0.0,0.0,0.0
2020-06-15 23:15:00,4135001,iCRJl6heRkivqQ3,0.0,0.0,0.0
2020-06-15 23:15:00,4135001,ZnxXDlPa8U1GXgE,0.0,0.0,0.0
2020-06-15 23:30:00,4135001,3PZuoBAID5Wc2HD,0.0,0.0,0.0
2020-06-15 23:30:00,4135001,z9Y9gH1T5YWrNuG,0.0,0.0,0.0
2020-06-15 23:30:00,4135001,1BY6WEcLGh8j5v7,0.0,0.0,0.0
2020-06-15 23:30:00,4135001,ih0vzX44oOqAx2f,0.0,0.0,0.0
2020-06-15 23:30:00,4135001,pkci93gMrogZuBj,0.0,0.0,0.0
2020-06-15 23:30:00,4135001,bvBOhCH3iADSZry,0.0,0.0,0.0
2020-06-15 23:30:00,4135001,iCRJl6heRkivqQ3,0.0,0.0,0.0
2020-06-15 23:30:00,4135001,uHbuxQJl8lW7ozc,0.0,0.0,0.0
2020-06-15 23:30:00,4135001,VHMLBKoKgIrUVDU,0.0,0.0,0.0
2020-06-15 23:30:00,4135001,zBIq5rxdHJRwDNY,0.0,0.0,0.0
2020-06-15 23:30:00,4135001,7JYdWkrLSPkdwr4,0.0,0.0,0.0
2020-06-15 23:30:00,4135001,wCURE6d3bPkepu2,0.0,0.0,0.0
2020-06-15 23:30:00,4135001,sjndEbLyjtCKgGv,0.0,0.0,0.0
2020-06-15 23:30:00,4135001,ZnxXDlPa8U1GXgE,0.0,0.0,0.0
2020-06-15 23:30:00,4135001,McdE0feGgRqW7Ca,0.0,0.0,0.0
2020-06-15 23:30:00,4135001,zVJPv84UY57bAof,0.0,0.0,0.0
2020-06-15 23:30:00,4135001,ZoEaEvLYb1n2sOq,0.0,0.0,0.0
2020-06-15 23:30:00,4135001,1IF53ai7Xc0U56Y,0.0,0.0,0.0
2020-06-15 23:30:00,4135001,WRmjgnKYAwPKWDb,0.0,0.0,0.0
2020-06-15 23:30:00,4135001,adLQvlD726eNBSB,0.0,0.0,0.0
2020-06-15 23:30:00,4135001,YxYtjZvoooNbGkE,0.0,0.0,0.0
2020-06-15 23:30:00,4135001,rGa61gmuvPhdLxV,0.0,0.0,0.0
2020-06-15 23:45:00,4135001,VHMLBKoKgIrUVDU,0.0,0.0,0.0
2020-06-15 23:45:00,4135001,1BY6WEcLGh8j5v7,0.0,0.0,0.0
2020-06-15 23:45:00,4135001,adLQvlD726eNBSB,0.0,0.0,0.0
2020-06-15 23:45:00,4135001,ih0vzX44oOqAx2f,0.0,0.0,0.0
2020-06-15 23:45:00,4135001,1IF53ai7Xc0U56Y,0.0,0.0,0.0
2020-06-15 23:45:00,4135001,z9Y9gH1T5YWrNuG,0.0,0.0,0.0
2020-06-15 23:45:00,4135001,zBIq5rxdHJRwDNY,0.0,0.0,0.0
2020-06-15 23:45:00,4135001,pkci93gMrogZuBj,0.0,0.0,0.0
2020-06-15 23:45:00,4135001,rGa61gmuvPhdLxV,0.0,0.0,0.0
2020-06-15 23:45:00,4135001,McdE0feGgRqW7Ca,0.0,0.0,0.0
2020-06-15 23:45:00,4135001,uHbuxQJl8lW7ozc,0.0,0.0,0.0
2020-06-15 23:45:00,4135001,YxYtjZvoooNbGkE,0.0,0.0,0.0
2020-06-15 23:45:00,4135001,sjndEbLyjtCKgGv,0.0,0.0,0.0
2020-06-15 23:45:00,4135001,zVJPv84UY57bAof,0.0,0.0,0.0
2020-06-15 23:45:00,4135001,7JYdWkrLSPkdwr4,0.0,0.0,0.0
2020-06-15 23:45:00,4135001,ZoEaEvLYb1n2sOq,0.0,0.0,0.0
2020-06-15 23:45:00,4135001,3PZuoBAID5Wc2HD,0.0,0.0,0.0
2020-06-15 23:45:00,4135001,WRmjgnKYAwPKWDb,0.0,0.0,0.0
2020-06-15 23:45:00,4135001,ZnxXDlPa8U1GXgE,0.0,0.0,0.0
2020-06-15 23:45:00,4135001,iCRJl6heRkivqQ3,0.0,0.0,0.0
2020-06-15 23:45:00,4135001,bvBOhCH3iADSZry,0.0,0.0,0.0
2020-06-15 23:45:00,4135001,wCURE6d3bPkepu2,0.0,0.0,0.0
2020-06-16 00:00:00,4135001,3PZuoBAID5Wc2HD,0.0,0.0,0.0
2020-06-16 00:00:00,4135001,z9Y9gH1T5YWrNuG,0.0,0.0,0.0
2020-06-16 00:00:00,4135001,ZnxXDlPa8U1GXgE,0.0,0.0,0.0
2020-06-16 00:00:00,4135001,ZoEaEvLYb1n2sOq,0.0,0.0,0.0
2020-06-16 00:00:00,4135001,YxYtjZvoooNbGkE,0.0,0.0,0.0
2020-06-16 00:00:00,4135001,7JYdWkrLSPkdwr4,0.0,0.0,0.0
2020-06-16 00:00:00,4135001,1BY6WEcLGh8j5v7,0.0,0.0,0.0
2020-06-16 00:00:00,4135001,zVJPv84UY57bAof,0.0,0.0,0.0
2020-06-16 00:00:00,4135001,VHMLBKoKgIrUVDU,0.0,0.0,0.0
2020-06-16 00:00:00,4135001,rGa61gmuvPhdLxV,0.0,0.0,0.0
2020-06-16 00:00:00,4135001,WRmjgnKYAwPKWDb,0.0,0.0,0.0
2020-06-16 00:00:00,4135001,1IF53ai7Xc0U56Y,0.0,0.0,0.0
2020-06-16 00:00:00,4135001,McdE0feGgRqW7Ca,0.0,0.0,0.0
2020-06-16 00:00:00,4135001,iCRJl6heRkivqQ3,0.0,0.0,0.0
2020-06-16 00:00:00,4135001,wCURE6d3bPkepu2,0.0,0.0,0.0
2020-06-16 00:00:00,4135001,sjndEbLyjtCKgGv,0.0,0.0,0.0
2020-06-16 00:00:00,4135001,uHbuxQJl8lW7ozc,0.0,0.0,0.0
2020-06-16 00:00:00,4135001,adLQvlD726eNBSB,0.0,0.0,0.0
2020-06-16 00:00:00,4135001,pkci93gMrogZuBj,0.0,0.0,0.0
2020-06-16 00:00:00,4135001,ih0vzX44oOqAx2f,0.0,0.0,0.0
2020-06-16 00:00:00,4135001,zBIq5rxdHJRwDNY,0.0,0.0,0.0
2020-06-16 00:00:00,4135001,bvBOhCH3iADSZry,0.0,0.0,0.0
2020-06-16 00:15:00,4135001,uHbuxQJl8lW7ozc,0.0,0.0,0.0
2020-06-16 00:15:00,4135001,pkci93gMrogZuBj,0.0,0.0,0.0
2020-06-16 00:15:00,4135001,iCRJl6heRkivqQ3,0.0,0.0,0.0
2020-06-16 00:15:00,4135001,ih0vzX44oOqAx2f,0.0,0.0,0.0
2020-06-16 00:15:00,4135001,VHMLBKoKgIrUVDU,0.0,0.0,0.0
2020-06-16 00:15:00,4135001,YxYtjZvoooNbGkE,0.0,0.0,0.0
2020-06-16 00:15:00,4135001,McdE0feGgRqW7Ca,0.0,0.0,0.0
2020-06-16 00:15:00,4135001,zBIq5rxdHJRwDNY,0.0,0.0,0.0
2020-06-16 00:15:00,4135001,3PZuoBAID5Wc2HD,0.0,0.0,0.0
2020-06-16 00:15:00,4135001,WRmjgnKYAwPKWDb,0.0,0.0,0.0
2020-06-16 00:15:00,4135001,zVJPv84UY57bAof,0.0,0.0,0.0
2020-06-16 00:15:00,4135001,wCURE6d3bPkepu2,0.0,0.0,0.0
2020-06-16 00:15:00,4135001,z9Y9gH1T5YWrNuG,0.0,0.0,0.0
2020-06-16 00:15:00,4135001,rGa61gmuvPhdLxV,0.0,0.0,0.0
2020-06-16 00:15:00,4135001,1IF53ai7Xc0U56Y,0.0,0.0,0.0
2020-06-16 00:15:00,4135001,ZoEaEvLYb1n2sOq,0.0,0.0,0.0
2020-06-16 00:15:00,4135001,7JYdWkrLSPkdwr4,0.0,0.0,0.0
2020-06-16 00:15:00,4135001,adLQvlD726eNBSB,0.0,0.0,0.0
2020-06-16 00:15:00,4135001,bvBOhCH3iADSZry,0.0,0.0,0.0
2020-06-16 00:15:00,4135001,ZnxXDlPa8U1GXgE,0.0,0.0,0.0
2020-06-16 00:15:00,4135001,1BY6WEcLGh8j5v7,0.0,0.0,0.0
2020-06-16 00:15:00,4135001,sjndEbLyjtCKgGv,0.0,0.0,0.0
2020-06-16 00:30:00,4135001,1BY6WEcLGh8j5v7,0.0,0.0,0.0
2020-06-16 00:30:00,4135001,3PZuoBAID5Wc2HD,0.0,0.0,0.0
2020-06-16 00:30:00,4135001,1IF53ai7Xc0U56Y,0.0,0.0,0.0
2020-06-16 00:30:00,4135001,ZnxXDlPa8U1GXgE,0.0,0.0,0.0
2020-06-16 00:30:00,4135001,iCRJl6heRkivqQ3,0.0,0.0,0.0
2020-06-16 00:30:00,4135001,ih0vzX44oOqAx2f,0.0,0.0,0.0
2020-06-16 00:30:00,4135001,sjndEbLyjtCKgGv,0.0,0.0,0.0
2020-06-16 00:30:00,4135001,VHMLBKoKgIrUVDU,0.0,0.0,0.0
2020-06-16 00:30:00,4135001,zVJPv84UY57bAof,0.0,0.0,0.0
2020-06-16 00:30:00,4135001,rGa61gmuvPhdLxV,0.0,0.0,0.0
2020-06-16 00:30:00,4135001,zBIq5rxdHJRwDNY,0.0,0.0,0.0
2020-06-16 00:30:00,4135001,adLQvlD726eNBSB,0.0,0.0,0.0
2020-06-16 00:30:00,4135001,YxYtjZvoooNbGkE,0.0,0.0,0.0
2020-06-16 00:30:00,4135001,uHbuxQJl8lW7ozc,0.0,0.0,0.0
2020-06-16 00:30:00,4135001,ZoEaEvLYb1n2sOq,0.0,0.0,0.0
2020-06-16 00:30:00,4135001,wCURE6d3bPkepu2,0.0,0.0,0.0
2020-06-16 00:30:00,4135001,WRmjgnKYAwPKWDb,0.0,0.0,0.0
2020-06-16 00:30:00,4135001,pkci93gMrogZuBj,0.0,0.0,0.0
2020-06-16 00:30:00,4135001,z9Y9gH1T5YWrNuG,0.0,0.0,0.0
2020-06-16 00:30:00,4135001,McdE0feGgRqW7Ca,0.0,0.0,0.0
2020-06-16 00:30:00,4135001,bvBOhCH3iADSZry,0.0,0.0,0.0
2020-06-16 00:30:00,4135001,7JYdWkrLSPkdwr4,0.0,0.0,0.0
2020-06-16 00:45:00,4135001,pkci93gMrogZuBj,0.0,0.0,0.0
2020-06-16 00:45:00,4135001,ZnxXDlPa8U1GXgE,0.0,0.0,0.0
2020-06-16 00:45:00,4135001,bvBOhCH3iADSZry,0.0,0.0,0.0
2020-06-16 00:45:00,4135001,ih0vzX44oOqAx2f,0.0,0.0,0.0
2020-06-16 00:45:00,4135001,VHMLBKoKgIrUVDU,0.0,0.0,0.0
2020-06-16 00:45:00,4135001,uHbuxQJl8lW7ozc,0.0,0.0,0.0
2020-06-16 00:45:00,4135001,rGa61gmuvPhdLxV,0.0,0.0,0.0
2020-06-16 00:45:00,4135001,iCRJl6heRkivqQ3,0.0,0.0,0.0
2020-06-16 00:45:00,4135001,zBIq5rxdHJRwDNY,0.0,0.0,0.0
2020-06-16 00:45:00,4135001,1BY6WEcLGh8j5v7,0.0,0.0,0.0
2020-06-16 00:45:00,4135001,1IF53ai7Xc0U56Y,0.0,0.0,0.0
2020-06-16 00:45:00,4135001,z9Y9gH1T5YWrNuG,0.0,0.0,0.0
2020-06-16 00:45:00,4135001,3PZuoBAID5Wc2HD,0.0,0.0,0.0
2020-06-16 00:45:00,4135001,YxYtjZvoooNbGkE,0.0,0.0,0.0
2020-06-16 00:45:00,4135001,ZoEaEvLYb1n2sOq,0.0,0.0,0.0
2020-06-16 00:45:00,4135001,McdE0feGgRqW7Ca,0.0,0.0,0.0
2020-06-16 00:45:00,4135001,7JYdWkrLSPkdwr4,0.0,0.0,0.0
2020-06-16 00:45:00,4135001,WRmjgnKYAwPKWDb,0.0,0.0,0.0
2020-06-16 00:45:00,4135001,sjndEbLyjtCKgGv,0.0,0.0,0.0
2020-06-16 00:45:00,4135001,wCURE6d3bPkepu2,0.0,0.0,0.0
2020-06-16 00:45:00,4135001,adLQvlD726eNBSB,0.0,0.0,0.0
2020-06-16 00:45:00,4135001,zVJPv84UY57bAof,0.0,0.0,0.0
2020-06-16 01:00:00,4135001,z9Y9gH1T5YWrNuG,0.0,0.0,0.0
2020-06-16 01:00:00,4135001,ZnxXDlPa8U1GXgE,0.0,0.0,0.0
2020-06-16 01:00:00,4135001,uHbuxQJl8lW7ozc,0.0,0.0,0.0
2020-06-16 01:00:00,4135001,adLQvlD726eNBSB,0.0,0.0,0.0
2020-06-16 01:00:00,4135001,pkci93gMrogZuBj,0.0,0.0,0.0
2020-06-16 01:00:00,4135001,7JYdWkrLSPkdwr4,0.0,0.0,0.0
2020-06-16 01:00:00,4135001,wCURE6d3bPkepu2,0.0,0.0,0.0
2020-06-16 01:00:00,4135001,WRmjgnKYAwPKWDb,0.0,0.0,0.0
2020-06-16 01:00:00,4135001,1BY6WEcLGh8j5v7,0.0,0.0,0.0
2020-06-16 01:00:00,4135001,1IF53ai7Xc0U56Y,0.0,0.0,0.0
2020-06-16 01:00:00,4135001,VHMLBKoKgIrUVDU,0.0,0.0,0.0
2020-06-16 01:00:00,4135001,3PZuoBAID5Wc2HD,0.0,0.0,0.0
2020-06-16 01:00:00,4135001,zVJPv84UY57bAof,0.0,0.0,0.0
2020-06-16 01:00:00,4135001,zBIq5rxdHJRwDNY,0.0,0.0,0.0
2020-06-16 01:00:00,4135001,sjndEbLyjtCKgGv,0.0,0.0,0.0
2020-06-16 01:00:00,4135001,iCRJl6heRkivqQ3,0.0,0.0,0.0
2020-06-16 01:00:00,4135001,YxYtjZvoooNbGkE,0.0,0.0,0.0
2020-06-16 01:00:00,4135001,rGa61gmuvPhdLxV,0.0,0.0,0.0
2020-06-16 01:00:00,4135001,bvBOhCH3iADSZry,0.0,0.0,0.0
2020-06-16 01:00:00,4135001,ih0vzX44oOqAx2f,0.0,0.0,0.0
2020-06-16 01:00:00,4135001,McdE0feGgRqW7Ca,0.0,0.0,0.0
2020-06-16 01:00:00,4135001,ZoEaEvLYb1n2sOq,0.0,0.0,0.0
2020-06-16 01:15:00,4135001,McdE0feGgRqW7Ca,0.0,0.0,0.0
2020-06-16 01:15:00,4135001,rGa61gmuvPhdLxV,0.0,0.0,0.0
2020-06-16 01:15:00,4135001,ZnxXDlPa8U1GXgE,0.0,0.0,0.0
2020-06-16 01:15:00,4135001,uHbuxQJl8lW7ozc,0.0,0.0,0.0
2020-06-16 01:15:00,4135001,1IF53ai7Xc0U56Y,0.0,0.0,0.0
2020-06-16 01:15:00,4135001,WRmjgnKYAwPKWDb,0.0,0.0,0.0
2020-06-16 01:15:00,4135001,bvBOhCH3iADSZry,0.0,0.0,0.0
2020-06-16 01:15:00,4135001,iCRJl6heRkivqQ3,0.0,0.0,0.0
2020-06-16 01:15:00,4135001,pkci93gMrogZuBj,0.0,0.0,0.0
2020-06-16 01:15:00,4135001,zBIq5rxdHJRwDNY,0.0,0.0,0.0
2020-06-16 01:15:00,4135001,3PZuoBAID5Wc2HD,0.0,0.0,0.0
2020-06-16 01:15:00,4135001,VHMLBKoKgIrUVDU,0.0,0.0,0.0
2020-06-16 01:15:00,4135001,z9Y9gH1T5YWrNuG,0.0,0.0,0.0
2020-06-16 01:15:00,4135001,YxYtjZvoooNbGkE,0.0,0.0,0.0
2020-06-16 01:15:00,4135001,1BY6WEcLGh8j5v7,0.0,0.0,0.0
2020-06-16 01:15:00,4135001,7JYdWkrLSPkdwr4,0.0,0.0,0.0
2020-06-16 01:15:00,4135001,zVJPv84UY57bAof,0.0,0.0,0.0
2020-06-16 01:15:00,4135001,ih0vzX44oOqAx2f,0.0,0.0,0.0
2020-06-16 01:15:00,4135001,sjndEbLyjtCKgGv,0.0,0.0,0.0
2020-06-16 01:15:00,4135001,wCURE6d3bPkepu2,0.0,0.0,0.0
2020-06-16 01:15:00,4135001,ZoEaEvLYb1n2sOq,0.0,0.0,0.0
2020-06-16 01:15:00,4135001,adLQvlD726eNBSB,0.0,0.0,0.0
2020-06-16 01:30:00,4135001,sjndEbLyjtCKgGv,0.0,0.0,0.0
2020-06-16 01:30:00,4135001,ZoEaEvLYb1n2sOq,0.0,0.0,0.0
2020-06-16 01:30:00,4135001,zBIq5rxdHJRwDNY,0.0,0.0,0.0
2020-06-16 01:30:00,4135001,7JYdWkrLSPkdwr4,0.0,0.0,0.0
2020-06-16 01:30:00,4135001,ZnxXDlPa8U1GXgE,0.0,0.0,0.0
2020-06-16 01:30:00,4135001,bvBOhCH3iADSZry,0.0,0.0,0.0
2020-06-16 01:30:00,4135001,adLQvlD726eNBSB,0.0,0.0,0.0
2020-06-16 01:30:00,4135001,ih0vzX44oOqAx2f,0.0,0.0,0.0
2020-06-16 01:30:00,4135001,1BY6WEcLGh8j5v7,0.0,0.0,0.0
2020-06-16 01:30:00,4135001,WRmjgnKYAwPKWDb,0.0,0.0,0.0
2020-06-16 01:30:00,4135001,YxYtjZvoooNbGkE,0.0,0.0,0.0
2020-06-16 01:30:00,4135001,iCRJl6heRkivqQ3,0.0,0.0,0.0
2020-06-16 01:30:00,4135001,z9Y9gH1T5YWrNuG,0.0,0.0,0.0
2020-06-16 01:30:00,4135001,pkci93gMrogZuBj,0.0,0.0,0.0
2020-06-16 01:30:00,4135001,zVJPv84UY57bAof,0.0,0.0,0.0
2020-06-16 01:30:00,4135001,uHbuxQJl8lW7ozc,0.0,0.0,0.0
2020-06-16 01:30:00,4135001,VHMLBKoKgIrUVDU,0.0,0.0,0.0
2020-06-16 01:30:00,4135001,wCURE6d3bPkepu2,0.0,0.0,0.0
2020-06-16 01:30:00,4135001,rGa61gmuvPhdLxV,0.0,0.0,0.0
2020-06-16 01:30:00,4135001,McdE0feGgRqW7Ca,0.0,0.0,0.0
2020-06-16 01:30:00,4135001,1IF53ai7Xc0U56Y,0.0,0.0,0.0
2020-06-16 01:30:00,4135001,3PZuoBAID5Wc2HD,0.0,0.0,0.0
2020-06-16 01:45:00,4135001,z9Y9gH1T5YWrNuG,0.0,0.0,0.0
2020-06-16 01:45:00,4135001,McdE0feGgRqW7Ca,0.0,0.0,0.0
2020-06-16 01:45:00,4135001,ih0vzX44oOqAx2f,0.0,0.0,0.0
2020-06-16 01:45:00,4135001,sjndEbLyjtCKgGv,0.0,0.0,0.0
2020-06-16 01:45:00,4135001,zBIq5rxdHJRwDNY,0.0,0.0,0.0
2020-06-16 01:45:00,4135001,WRmjgnKYAwPKWDb,0.0,0.0,0.0
2020-06-16 01:45:00,4135001,1IF53ai7Xc0U56Y,0.0,0.0,0.0
2020-06-16 01:45:00,4135001,iCRJl6heRkivqQ3,0.0,0.0,0.0
2020-06-16 01:45:00,4135001,pkci93gMrogZuBj,0.0,0.0,0.0
2020-06-16 01:45:00,4135001,wCURE6d3bPkepu2,0.0,0.0,0.0
2020-06-16 01:45:00,4135001,rGa61gmuvPhdLxV,0.0,0.0,0.0
2020-06-16 01:45:00,4135001,1BY6WEcLGh8j5v7,0.0,0.0,0.0
2020-06-16 01:45:00,4135001,adLQvlD726eNBSB,0.0,0.0,0.0
2020-06-16 01:45:00,4135001,ZnxXDlPa8U1GXgE,0.0,0.0,0.0
2020-06-16 01:45:00,4135001,YxYtjZvoooNbGkE,0.0,0.0,0.0
2020-06-16 01:45:00,4135001,bvBOhCH3iADSZry,0.0,0.0,0.0
2020-06-16 01:45:00,4135001,7JYdWkrLSPkdwr4,0.0,0.0,0.0
2020-06-16 01:45:00,4135001,uHbuxQJl8lW7ozc,0.0,0.0,0.0
2020-06-16 01:45:00,4135001,VHMLBKoKgIrUVDU,0.0,0.0,0.0
2020-06-16 01:45:00,4135001,3PZuoBAID5Wc2HD,0.0,0.0,0.0
2020-06-16 01:45:00,4135001,ZoEaEvLYb1n2sOq,0.0,0.0,0.0
2020-06-16 01:45:00,4135001,zVJPv84UY57bAof,0.0,0.0,0.0
2020-06-16 02:00:00,4135001,YxYtjZvoooNbGkE,0.0,0.0,0.0
2020-06-16 02:00:00,4135001,iCRJl6heRkivqQ3,0.0,0.0,0.0
2020-06-16 02:00:00,4135001,uHbuxQJl8lW7ozc,0.0,0.0,0.0
2020-06-16 02:00:00,4135001,wCURE6d3bPkepu2,0.0,0.0,0.0
2020-06-16 02:00:00,4135001,ZnxXDlPa8U1GXgE,0.0,0.0,0.0
2020-06-16 02:00:00,4135001,rGa61gmuvPhdLxV,0.0,0.0,0.0
2020-06-16 02:00:00,4135001,zVJPv84UY57bAof,0.0,0.0,0.0
2020-06-16 02:00:00,4135001,bvBOhCH3iADSZry,0.0,0.0,0.0
2020-06-16 02:00:00,4135001,WRmjgnKYAwPKWDb,0.0,0.0,0.0
2020-06-16 02:00:00,4135001,1BY6WEcLGh8j5v7,0.0,0.0,0.0
2020-06-16 02:00:00,4135001,ih0vzX44oOqAx2f,0.0,0.0,0.0
2020-06-16 02:00:00,4135001,sjndEbLyjtCKgGv,0.0,0.0,0.0
2020-06-16 02:00:00,4135001,zBIq5rxdHJRwDNY,0.0,0.0,0.0
2020-06-16 02:00:00,4135001,ZoEaEvLYb1n2sOq,0.0,0.0,0.0
2020-06-16 02:00:00,4135001,3PZuoBAID5Wc2HD,0.0,0.0,0.0
2020-06-16 02:00:00,4135001,z9Y9gH1T5YWrNuG,0.0,0.0,0.0
2020-06-16 02:00:00,4135001,adLQvlD726eNBSB,0.0,0.0,0.0
2020-06-16 02:00:00,4135001,7JYdWkrLSPkdwr4,0.0,0.0,0.0
2020-06-16 02:00:00,4135001,1IF53ai7Xc0U56Y,0.0,0.0,0.0
2020-06-16 02:00:00,4135001,McdE0feGgRqW7Ca,0.0,0.0,0.0
2020-06-16 02:00:00,4135001,pkci93gMrogZuBj,0.0,0.0,0.0
2020-06-16 02:00:00,4135001,VHMLBKoKgIrUVDU,0.0,0.0,0.0
2020-06-16 02:15:00,4135001,1IF53ai7Xc0U56Y,0.0,0.0,0.0
2020-06-16 02:15:00,4135001,zBIq5rxdHJRwDNY,0.0,0.0,0.0
2020-06-16 02:15:00,4135001,VHMLBKoKgIrUVDU,0.0,0.0,0.0
2020-06-16 02:15:00,4135001,ZoEaEvLYb1n2sOq,0.0,0.0,0.0
2020-06-16 02:15:00,4135001,wCURE6d3bPkepu2,0.0,0.0,0.0
2020-06-16 02:15:00,4135001,3PZuoBAID5Wc2HD,0.0,0.0,0.0
2020-06-16 02:15:00,4135001,iCRJl6heRkivqQ3,0.0,0.0,0.0
2020-06-16 02:15:00,4135001,1BY6WEcLGh8j5v7,0.0,0.0,0.0
2020-06-16 02:15:00,4135001,bvBOhCH3iADSZry,0.0,0.0,0.0
2020-06-16 02:15:00,4135001,z9Y9gH1T5YWrNuG,0.0,0.0,0.0
2020-06-16 02:15:00,4135001,ih0vzX44oOqAx2f,0.0,0.0,0.0
2020-06-16 02:15:00,4135001,pkci93gMrogZuBj,0.0,0.0,0.0
2020-06-16 02:15:00,4135001,ZnxXDlPa8U1GXgE,0.0,0.0,0.0
2020-06-16 02:15:00,4135001,WRmjgnKYAwPKWDb,0.0,0.0,0.0
2020-06-16 02:15:00,4135001,uHbuxQJl8lW7ozc,0.0,0.0,0.0
2020-06-16 02:15:00,4135001,McdE0feGgRqW7Ca,0.0,0.0,0.0
2020-06-16 02:15:00,4135001,sjndEbLyjtCKgGv,0.0,0.0,0.0
2020-06-16 02:15:00,4135001,zVJPv84UY57bAof,0.0,0.0,0.0
2020-06-16 02:15:00,4135001,adLQvlD726eNBSB,0.0,0.0,0.0
2020-06-16 02:15:00,4135001,YxYtjZvoooNbGkE,0.0,0.0,0.0
2020-06-16 02:15:00,4135001,rGa61gmuvPhdLxV,0.0,0.0,0.0
2020-06-16 02:15:00,4135001,7JYdWkrLSPkdwr4,0.0,0.0,0.0
2020-06-16 02:30:00,4135001,uHbuxQJl8lW7ozc,0.0,0.0,0.0
2020-06-16 02:30:00,4135001,iCRJl6heRkivqQ3,0.0,0.0,0.0
2020-06-16 02:30:00,4135001,sjndEbLyjtCKgGv,0.0,0.0,0.0
2020-06-16 02:30:00,4135001,zBIq5rxdHJRwDNY,0.0,0.0,0.0
2020-06-16 02:30:00,4135001,wCURE6d3bPkepu2,0.0,0.0,0.0
2020-06-16 02:30:00,4135001,YxYtjZvoooNbGkE,0.0,0.0,0.0
2020-06-16 02:30:00,4135001,pkci93gMrogZuBj,0.0,0.0,0.0
2020-06-16 02:30:00,4135001,ih0vzX44oOqAx2f,0.0,0.0,0.0
2020-06-16 02:30:00,4135001,VHMLBKoKgIrUVDU,0.0,0.0,0.0
2020-06-16 02:30:00,4135001,7JYdWkrLSPkdwr4,0.0,0.0,0.0
2020-06-16 02:30:00,4135001,rGa61gmuvPhdLxV,0.0,0.0,0.0
2020-06-16 02:30:00,4135001,ZoEaEvLYb1n2sOq,0.0,0.0,0.0
2020-06-16 02:30:00,4135001,adLQvlD726eNBSB,0.0,0.0,0.0
2020-06-16 02:30:00,4135001,zVJPv84UY57bAof,0.0,0.0,0.0
2020-06-16 02:30:00,4135001,McdE0feGgRqW7Ca,0.0,0.0,0.0
2020-06-16 02:30:00,4135001,1BY6WEcLGh8j5v7,0.0,0.0,0.0
2020-06-16 02:30:00,4135001,WRmjgnKYAwPKWDb,0.0,0.0,0.0
2020-06-16 02:30:00,4135001,ZnxXDlPa8U1GXgE,0.0,0.0,0.0
2020-06-16 02:30:00,4135001,z9Y9gH1T5YWrNuG,0.0,0.0,0.0
2020-06-16 02:30:00,4135001,1IF53ai7Xc0U56Y,0.0,0.0,0.0
2020-06-16 02:30:00,4135001,3PZuoBAID5Wc2HD,0.0,0.0,0.0
2020-06-16 02:30:00,4135001,bvBOhCH3iADSZry,0.0,0.0,0.0
2020-06-16 02:45:00,4135001,wCURE6d3bPkepu2,0.0,0.0,0.0
2020-06-16 02:45:00,4135001,ZnxXDlPa8U1GXgE,0.0,0.0,0.0
2020-06-16 02:45:00,4135001,1IF53ai7Xc0U56Y,0.0,0.0,0.0
2020-06-16 02:45:00,4135001,pkci93gMrogZuBj,0.0,0.0,0.0
2020-06-16 02:45:00,4135001,WRmjgnKYAwPKWDb,0.0,0.0,0.0
2020-06-16 02:45:00,4135001,zVJPv84UY57bAof,0.0,0.0,0.0
2020-06-16 02:45:00,4135001,ih0vzX44oOqAx2f,0.0,0.0,0.0
2020-06-16 02:45:00,4135001,iCRJl6heRkivqQ3,0.0,0.0,0.0
2020-06-16 02:45:00,4135001,YxYtjZvoooNbGkE,0.0,0.0,0.0
2020-06-16 02:45:00,4135001,ZoEaEvLYb1n2sOq,0.0,0.0,0.0
2020-06-16 02:45:00,4135001,adLQvlD726eNBSB,0.0,0.0,0.0
2020-06-16 02:45:00,4135001,McdE0feGgRqW7Ca,0.0,0.0,0.0
2020-06-16 02:45:00,4135001,VHMLBKoKgIrUVDU,0.0,0.0,0.0
2020-06-16 02:45:00,4135001,z9Y9gH1T5YWrNuG,0.0,0.0,0.0
2020-06-16 02:45:00,4135001,3PZuoBAID5Wc2HD,0.0,0.0,0.0
2020-06-16 02:45:00,4135001,bvBOhCH3iADSZry,0.0,0.0,0.0
2020-06-16 02:45:00,4135001,7JYdWkrLSPkdwr4,0.0,0.0,0.0
2020-06-16 02:45:00,4135001,1BY6WEcLGh8j5v7,0.0,0.0,0.0
2020-06-16 02:45:00,4135001,sjndEbLyjtCKgGv,0.0,0.0,0.0
2020-06-16 02:45:00,4135001,uHbuxQJl8lW7ozc,0.0,0.0,0.0
2020-06-16 02:45:00,4135001,rGa61gmuvPhdLxV,0.0,0.0,0.0
2020-06-16 02:45:00,4135001,zBIq5rxdHJRwDNY,0.0,0.0,0.0
2020-06-16 03:00:00,4135001,pkci93gMrogZuBj,0.0,0.0,0.0
2020-06-16 03:00:00,4135001,ZoEaEvLYb1n2sOq,0.0,0.0,0.0
2020-06-16 03:00:00,4135001,zBIq5rxdHJRwDNY,0.0,0.0,0.0
2020-06-16 03:00:00,4135001,adLQvlD726eNBSB,0.0,0.0,0.0
2020-06-16 03:00:00,4135001,z9Y9gH1T5YWrNuG,0.0,0.0,0.0
2020-06-16 03:00:00,4135001,zVJPv84UY57bAof,0.0,0.0,0.0
2020-06-16 03:00:00,4135001,3PZuoBAID5Wc2HD,0.0,0.0,0.0
2020-06-16 03:00:00,4135001,sjndEbLyjtCKgGv,0.0,0.0,0.0
2020-06-16 03:00:00,4135001,ih0vzX44oOqAx2f,0.0,0.0,0.0
2020-06-16 03:00:00,4135001,1IF53ai7Xc0U56Y,0.0,0.0,0.0
2020-06-16 03:00:00,4135001,bvBOhCH3iADSZry,0.0,0.0,0.0
2020-06-16 03:00:00,4135001,7JYdWkrLSPkdwr4,0.0,0.0,0.0
2020-06-16 03:00:00,4135001,rGa61gmuvPhdLxV,0.0,0.0,0.0
2020-06-16 03:00:00,4135001,WRmjgnKYAwPKWDb,0.0,0.0,0.0
2020-06-16 03:00:00,4135001,wCURE6d3bPkepu2,0.0,0.0,0.0
2020-06-16 03:00:00,4135001,ZnxXDlPa8U1GXgE,0.0,0.0,0.0
2020-06-16 03:00:00,4135001,uHbuxQJl8lW7ozc,0.0,0.0,0.0
2020-06-16 03:00:00,4135001,iCRJl6heRkivqQ3,0.0,0.0,0.0
2020-06-16 03:00:00,4135001,McdE0feGgRqW7Ca,0.0,0.0,0.0
2020-06-16 03:00:00,4135001,VHMLBKoKgIrUVDU,0.0,0.0,0.0
2020-06-16 03:00:00,4135001,1BY6WEcLGh8j5v7,0.0,0.0,0.0
2020-06-16 03:00:00,4135001,YxYtjZvoooNbGkE,0.0,0.0,0.0
2020-06-16 03:15:00,4135001,z9Y9gH1T5YWrNuG,0.0,0.0,0.0
2020-06-16 03:15:00,4135001,VHMLBKoKgIrUVDU,0.0,0.0,0.0
2020-06-16 03:15:00,4135001,ZoEaEvLYb1n2sOq,0.0,0.0,0.0
2020-06-16 03:15:00,4135001,McdE0feGgRqW7Ca,0.0,0.0,0.0
2020-06-16 03:15:00,4135001,bvBOhCH3iADSZry,0.0,0.0,0.0
2020-06-16 03:15:00,4135001,wCURE6d3bPkepu2,0.0,0.0,0.0
2020-06-16 03:15:00,4135001,1IF53ai7Xc0U56Y,0.0,0.0,0.0
2020-06-16 03:15:00,4135001,3PZuoBAID5Wc2HD,0.0,0.0,0.0
2020-06-16 03:15:00,4135001,pkci93gMrogZuBj,0.0,0.0,0.0
2020-06-16 03:15:00,4135001,YxYtjZvoooNbGkE,0.0,0.0,0.0
2020-06-16 03:15:00,4135001,ih0vzX44oOqAx2f,0.0,0.0,0.0
2020-06-16 03:15:00,4135001,sjndEbLyjtCKgGv,0.0,0.0,0.0
2020-06-16 03:15:00,4135001,zVJPv84UY57bAof,0.0,0.0,0.0
2020-06-16 03:15:00,4135001,adLQvlD726eNBSB,0.0,0.0,0.0
2020-06-16 03:15:00,4135001,uHbuxQJl8lW7ozc,0.0,0.0,0.0
2020-06-16 03:15:00,4135001,1BY6WEcLGh8j5v7,0.0,0.0,0.0
2020-06-16 03:15:00,4135001,ZnxXDlPa8U1GXgE,0.0,0.0,0.0
2020-06-16 03:15:00,4135001,zBIq5rxdHJRwDNY,0.0,0.0,0.0
2020-06-16 03:15:00,4135001,rGa61gmuvPhdLxV,0.0,0.0,0.0
2020-06-16 03:15:00,4135001,WRmjgnKYAwPKWDb,0.0,0.0,0.0
2020-06-16 03:15:00,4135001,iCRJl6heRkivqQ3,0.0,0.0,0.0
2020-06-16 03:15:00,4135001,7JYdWkrLSPkdwr4,0.0,0.0,0.0
2020-06-16 03:30:00,4135001,ih0vzX44oOqAx2f,0.0,0.0,0.0
2020-06-16 03:30:00,4135001,1IF53ai7Xc0U56Y,0.0,0.0,0.0
2020-06-16 03:30:00,4135001,7JYdWkrLSPkdwr4,0.0,0.0,0.0
2020-06-16 03:30:00,4135001,zBIq5rxdHJRwDNY,0.0,0.0,0.0
2020-06-16 03:30:00,4135001,wCURE6d3bPkepu2,0.0,0.0,0.0
2020-06-16 03:30:00,4135001,ZoEaEvLYb1n2sOq,0.0,0.0,0.0
2020-06-16 03:30:00,4135001,bvBOhCH3iADSZry,0.0,0.0,0.0
2020-06-16 03:30:00,4135001,1BY6WEcLGh8j5v7,0.0,0.0,0.0
2020-06-16 03:30:00,4135001,3PZuoBAID5Wc2HD,0.0,0.0,0.0
2020-06-16 03:30:00,4135001,uHbuxQJl8lW7ozc,0.0,0.0,0.0
2020-06-16 03:30:00,4135001,rGa61gmuvPhdLxV,0.0,0.0,0.0
2020-06-16 03:30:00,4135001,WRmjgnKYAwPKWDb,0.0,0.0,0.0
2020-06-16 03:30:00,4135001,sjndEbLyjtCKgGv,0.0,0.0,0.0
2020-06-16 03:30:00,4135001,VHMLBKoKgIrUVDU,0.0,0.0,0.0
2020-06-16 03:30:00,4135001,zVJPv84UY57bAof,0.0,0.0,0.0
2020-06-16 03:30:00,4135001,McdE0feGgRqW7Ca,0.0,0.0,0.0
2020-06-16 03:30:00,4135001,pkci93gMrogZuBj,0.0,0.0,0.0
2020-06-16 03:30:00,4135001,ZnxXDlPa8U1GXgE,0.0,0.0,0.0
2020-06-16 03:30:00,4135001,adLQvlD726eNBSB,0.0,0.0,0.0
2020-06-16 03:30:00,4135001,YxYtjZvoooNbGkE,0.0,0.0,0.0
2020-06-16 03:30:00,4135001,iCRJl6heRkivqQ3,0.0,0.0,0.0
2020-06-16 03:30:00,4135001,z9Y9gH1T5YWrNuG,0.0,0.0,0.0
2020-06-16 03:45:00,4135001,ZnxXDlPa8U1GXgE,0.0,0.0,0.0
2020-06-16 03:45:00,4135001,zBIq5rxdHJRwDNY,0.0,0.0,0.0
2020-06-16 03:45:00,4135001,zVJPv84UY57bAof,0.0,0.0,0.0
2020-06-16 03:45:00,4135001,adLQvlD726eNBSB,0.0,0.0,0.0
2020-06-16 03:45:00,4135001,iCRJl6heRkivqQ3,0.0,0.0,0.0
2020-06-16 03:45:00,4135001,pkci93gMrogZuBj,0.0,0.0,0.0
2020-06-16 03:45:00,4135001,1BY6WEcLGh8j5v7,0.0,0.0,0.0
2020-06-16 03:45:00,4135001,ZoEaEvLYb1n2sOq,0.0,0.0,0.0
2020-06-16 03:45:00,4135001,7JYdWkrLSPkdwr4,0.0,0.0,0.0
2020-06-16 03:45:00,4135001,uHbuxQJl8lW7ozc,0.0,0.0,0.0
2020-06-16 03:45:00,4135001,z9Y9gH1T5YWrNuG,0.0,0.0,0.0
2020-06-16 03:45:00,4135001,sjndEbLyjtCKgGv,0.0,0.0,0.0
2020-06-16 03:45:00,4135001,ih0vzX44oOqAx2f,0.0,0.0,0.0
2020-06-16 03:45:00,4135001,VHMLBKoKgIrUVDU,0.0,0.0,0.0
2020-06-16 03:45:00,4135001,WRmjgnKYAwPKWDb,0.0,0.0,0.0
2020-06-16 03:45:00,4135001,3PZuoBAID5Wc2HD,0.0,0.0,0.0
2020-06-16 03:45:00,4135001,McdE0feGgRqW7Ca,0.0,0.0,0.0
2020-06-16 03:45:00,4135001,rGa61gmuvPhdLxV,0.0,0.0,0.0
2020-06-16 03:45:00,4135001,bvBOhCH3iADSZry,0.0,0.0,0.0
2020-06-16 03:45:00,4135001,1IF53ai7Xc0U56Y,0.0,0.0,0.0
2020-06-16 03:45:00,4135001,YxYtjZvoooNbGkE,0.0,0.0,0.0
2020-06-16 03:45:00,4135001,wCURE6d3bPkepu2,0.0,0.0,0.0
2020-06-16 04:00:00,4135001,7JYdWkrLSPkdwr4,0.0,0.0,0.0
2020-06-16 04:00:00,4135001,McdE0feGgRqW7Ca,0.0,0.0,0.0
2020-06-16 04:00:00,4135001,1BY6WEcLGh8j5v7,0.0,0.0,0.0
2020-06-16 04:00:00,4135001,3PZuoBAID5Wc2HD,0.0,0.0,0.0
2020-06-16 04:00:00,4135001,adLQvlD726eNBSB,0.0,0.0,0.0
2020-06-16 04:00:00,4135001,uHbuxQJl8lW7ozc,0.0,0.0,0.0
2020-06-16 04:00:00,4135001,z9Y9gH1T5YWrNuG,0.0,0.0,0.0
2020-06-16 04:00:00,4135001,VHMLBKoKgIrUVDU,0.0,0.0,0.0
2020-06-16 04:00:00,4135001,rGa61gmuvPhdLxV,0.0,0.0,0.0
2020-06-16 04:00:00,4135001,1IF53ai7Xc0U56Y,0.0,0.0,0.0
2020-06-16 04:00:00,4135001,ZoEaEvLYb1n2sOq,0.0,0.0,0.0
2020-06-16 04:00:00,4135001,pkci93gMrogZuBj,0.0,0.0,0.0
2020-06-16 04:00:00,4135001,wCURE6d3bPkepu2,0.0,0.0,0.0
2020-06-16 04:00:00,4135001,ih0vzX44oOqAx2f,0.0,0.0,0.0
2020-06-16 04:00:00,4135001,sjndEbLyjtCKgGv,0.0,0.0,0.0
2020-06-16 04:00:00,4135001,zVJPv84UY57bAof,0.0,0.0,0.0
2020-06-16 04:00:00,4135001,ZnxXDlPa8U1GXgE,0.0,0.0,0.0
2020-06-16 04:00:00,4135001,YxYtjZvoooNbGkE,0.0,0.0,0.0
2020-06-16 04:00:00,4135001,WRmjgnKYAwPKWDb,0.0,0.0,0.0
2020-06-16 04:00:00,4135001,iCRJl6heRkivqQ3,0.0,0.0,0.0
2020-06-16 04:00:00,4135001,zBIq5rxdHJRwDNY,0.0,0.0,0.0
2020-06-16 04:00:00,4135001,bvBOhCH3iADSZry,0.0,0.0,0.0
2020-06-16 04:15:00,4135001,bvBOhCH3iADSZry,0.0,0.0,0.0
2020-06-16 04:15:00,4135001,rGa61gmuvPhdLxV,0.0,0.0,0.0
2020-06-16 04:15:00,4135001,adLQvlD726eNBSB,0.0,0.0,0.0
2020-06-16 04:15:00,4135001,VHMLBKoKgIrUVDU,0.0,0.0,0.0
2020-06-16 04:15:00,4135001,z9Y9gH1T5YWrNuG,0.0,0.0,0.0
2020-06-16 04:15:00,4135001,1BY6WEcLGh8j5v7,0.0,0.0,0.0
2020-06-16 04:15:00,4135001,wCURE6d3bPkepu2,0.0,0.0,0.0
2020-06-16 04:15:00,4135001,3PZuoBAID5Wc2HD,0.0,0.0,0.0
2020-06-16 04:15:00,4135001,zVJPv84UY57bAof,0.0,0.0,0.0
2020-06-16 04:15:00,4135001,1IF53ai7Xc0U56Y,0.0,0.0,0.0
2020-06-16 04:15:00,4135001,YxYtjZvoooNbGkE,0.0,0.0,0.0
2020-06-16 04:15:00,4135001,iCRJl6heRkivqQ3,0.0,0.0,0.0
2020-06-16 04:15:00,4135001,ih0vzX44oOqAx2f,0.0,0.0,0.0
2020-06-16 04:15:00,4135001,zBIq5rxdHJRwDNY,0.0,0.0,0.0
2020-06-16 04:15:00,4135001,uHbuxQJl8lW7ozc,0.0,0.0,0.0
2020-06-16 04:15:00,4135001,7JYdWkrLSPkdwr4,0.0,0.0,0.0
2020-06-16 04:15:00,4135001,ZoEaEvLYb1n2sOq,0.0,0.0,0.0
2020-06-16 04:15:00,4135001,pkci93gMrogZuBj,0.0,0.0,0.0
2020-06-16 04:15:00,4135001,sjndEbLyjtCKgGv,0.0,0.0,0.0
2020-06-16 04:15:00,4135001,McdE0feGgRqW7Ca,0.0,0.0,0.0
2020-06-16 04:15:00,4135001,ZnxXDlPa8U1GXgE,0.0,0.0,0.0
2020-06-16 04:15:00,4135001,WRmjgnKYAwPKWDb,0.0,0.0,0.0
2020-06-16 04:30:00,4135001,pkci93gMrogZuBj,0.0,0.0,0.0
2020-06-16 04:30:00,4135001,7JYdWkrLSPkdwr4,0.0,0.0,0.0
2020-06-16 04:30:00,4135001,ZnxXDlPa8U1GXgE,0.0,0.0,0.0
2020-06-16 04:30:00,4135001,WRmjgnKYAwPKWDb,0.0,0.0,0.0
2020-06-16 04:30:00,4135001,bvBOhCH3iADSZry,0.0,0.0,0.0
2020-06-16 04:30:00,4135001,z9Y9gH1T5YWrNuG,0.0,0.0,0.0
2020-06-16 04:30:00,4135001,zBIq5rxdHJRwDNY,0.0,0.0,0.0
2020-06-16 04:30:00,4135001,3PZuoBAID5Wc2HD,0.0,0.0,0.0
2020-06-16 04:30:00,4135001,iCRJl6heRkivqQ3,0.0,0.0,0.0
2020-06-16 04:30:00,4135001,McdE0feGgRqW7Ca,0.0,0.0,0.0
2020-06-16 04:30:00,4135001,uHbuxQJl8lW7ozc,0.0,0.0,0.0
2020-06-16 04:30:00,4135001,1BY6WEcLGh8j5v7,0.0,0.0,0.0
2020-06-16 04:30:00,4135001,zVJPv84UY57bAof,0.0,0.0,0.0
2020-06-16 04:30:00,4135001,sjndEbLyjtCKgGv,0.0,0.0,0.0
2020-06-16 04:30:00,4135001,YxYtjZvoooNbGkE,0.0,0.0,0.0
2020-06-16 04:30:00,4135001,ih0vzX44oOqAx2f,0.0,0.0,0.0
2020-06-16 04:30:00,4135001,rGa61gmuvPhdLxV,0.0,0.0,0.0
2020-06-16 04:30:00,4135001,VHMLBKoKgIrUVDU,0.0,0.0,0.0
2020-06-16 04:30:00,4135001,wCURE6d3bPkepu2,0.0,0.0,0.0
2020-06-16 04:30:00,4135001,ZoEaEvLYb1n2sOq,0.0,0.0,0.0
2020-06-16 04:30:00,4135001,1IF53ai7Xc0U56Y,0.0,0.0,0.0
2020-06-16 04:30:00,4135001,adLQvlD726eNBSB,0.0,0.0,0.0
2020-06-16 04:45:00,4135001,YxYtjZvoooNbGkE,0.0,0.0,0.0
2020-06-16 04:45:00,4135001,bvBOhCH3iADSZry,0.0,0.0,0.0
2020-06-16 04:45:00,4135001,1BY6WEcLGh8j5v7,0.0,0.0,0.0
2020-06-16 04:45:00,4135001,ZoEaEvLYb1n2sOq,0.0,0.0,0.0
2020-06-16 04:45:00,4135001,iCRJl6heRkivqQ3,0.0,0.0,0.0
2020-06-16 04:45:00,4135001,3PZuoBAID5Wc2HD,0.0,0.0,0.0
2020-06-16 04:45:00,4135001,WRmjgnKYAwPKWDb,0.0,0.0,0.0
2020-06-16 04:45:00,4135001,ZnxXDlPa8U1GXgE,0.0,0.0,0.0
2020-06-16 04:45:00,4135001,zVJPv84UY57bAof,0.0,0.0,0.0
2020-06-16 04:45:00,4135001,wCURE6d3bPkepu2,0.0,0.0,0.0
2020-06-16 04:45:00,4135001,ih0vzX44oOqAx2f,0.0,0.0,0.0
2020-06-16 04:45:00,4135001,z9Y9gH1T5YWrNuG,0.0,0.0,0.0
2020-06-16 04:45:00,4135001,sjndEbLyjtCKgGv,0.0,0.0,0.0
2020-06-16 04:45:00,4135001,McdE0feGgRqW7Ca,0.0,0.0,0.0
2020-06-16 04:45:00,4135001,pkci93gMrogZuBj,0.0,0.0,0.0
2020-06-16 04:45:00,4135001,zBIq5rxdHJRwDNY,0.0,0.0,0.0
2020-06-16 04:45:00,4135001,uHbuxQJl8lW7ozc,0.0,0.0,0.0
2020-06-16 04:45:00,4135001,7JYdWkrLSPkdwr4,0.0,0.0,0.0
2020-06-16 04:45:00,4135001,adLQvlD726eNBSB,0.0,0.0,0.0
2020-06-16 04:45:00,4135001,VHMLBKoKgIrUVDU,0.0,0.0,0.0
2020-06-16 04:45:00,4135001,rGa61gmuvPhdLxV,0.0,0.0,0.0
2020-06-16 04:45:00,4135001,1IF53ai7Xc0U56Y,0.0,0.0,0.0
2020-06-16 05:00:00,4135001,adLQvlD726eNBSB,0.0,0.0,0.0
2020-06-16 05:00:00,4135001,1BY6WEcLGh8j5v7,0.0,0.0,0.0
2020-06-16 05:00:00,4135001,rGa61gmuvPhdLxV,0.0,0.0,0.0
2020-06-16 05:00:00,4135001,bvBOhCH3iADSZry,0.0,0.0,0.0
2020-06-16 05:00:00,4135001,WRmjgnKYAwPKWDb,0.0,0.0,0.0
2020-06-16 05:00:00,4135001,1IF53ai7Xc0U56Y,0.0,0.0,0.0
2020-06-16 05:00:00,4135001,7JYdWkrLSPkdwr4,0.0,0.0,0.0
2020-06-16 05:00:00,4135001,pkci93gMrogZuBj,0.0,0.0,0.0
2020-06-16 05:00:00,4135001,ZoEaEvLYb1n2sOq,0.0,0.0,0.0
2020-06-16 05:00:00,4135001,zVJPv84UY57bAof,0.0,0.0,0.0
2020-06-16 05:00:00,4135001,iCRJl6heRkivqQ3,0.0,0.0,0.0
2020-06-16 05:00:00,4135001,sjndEbLyjtCKgGv,0.0,0.0,0.0
2020-06-16 05:00:00,4135001,zBIq5rxdHJRwDNY,0.0,0.0,0.0
2020-06-16 05:00:00,4135001,YxYtjZvoooNbGkE,0.0,0.0,0.0
2020-06-16 05:00:00,4135001,wCURE6d3bPkepu2,0.0,0.0,0.0
2020-06-16 05:00:00,4135001,z9Y9gH1T5YWrNuG,0.0,0.0,0.0
2020-06-16 05:00:00,4135001,3PZuoBAID5Wc2HD,0.0,0.0,0.0
2020-06-16 05:00:00,4135001,McdE0feGgRqW7Ca,0.0,0.0,0.0
2020-06-16 05:00:00,4135001,uHbuxQJl8lW7ozc,0.0,0.0,0.0
2020-06-16 05:00:00,4135001,VHMLBKoKgIrUVDU,0.0,0.0,0.0
2020-06-16 05:00:00,4135001,ih0vzX44oOqAx2f,0.0,0.0,0.0
2020-06-16 05:00:00,4135001,ZnxXDlPa8U1GXgE,0.0,0.0,0.0
2020-06-16 05:15:00,4135001,z9Y9gH1T5YWrNuG,0.0,0.0,0.0
2020-06-16 05:15:00,4135001,pkci93gMrogZuBj,0.0,0.0,0.0
2020-06-16 05:15:00,4135001,VHMLBKoKgIrUVDU,0.0,0.0,0.0
2020-06-16 05:15:00,4135001,zVJPv84UY57bAof,0.0,0.0,0.0
2020-06-16 05:15:00,4135001,3PZuoBAID5Wc2HD,0.0,0.0,0.0
2020-06-16 05:15:00,4135001,adLQvlD726eNBSB,0.0,0.0,0.0
2020-06-16 05:15:00,4135001,ZnxXDlPa8U1GXgE,0.0,0.0,0.0
2020-06-16 05:15:00,4135001,ZoEaEvLYb1n2sOq,0.0,0.0,0.0
2020-06-16 05:15:00,4135001,YxYtjZvoooNbGkE,0.0,0.0,0.0
2020-06-16 05:15:00,4135001,ih0vzX44oOqAx2f,0.0,0.0,0.0
2020-06-16 05:15:00,4135001,iCRJl6heRkivqQ3,0.0,0.0,0.0
2020-06-16 05:15:00,4135001,1BY6WEcLGh8j5v7,0.0,0.0,0.0
2020-06-16 05:15:00,4135001,zBIq5rxdHJRwDNY,0.0,0.0,0.0
2020-06-16 05:15:00,4135001,rGa61gmuvPhdLxV,0.0,0.0,0.0
2020-06-16 05:15:00,4135001,wCURE6d3bPkepu2,0.0,0.0,0.0
2020-06-16 05:15:00,4135001,McdE0feGgRqW7Ca,0.0,0.0,0.0
2020-06-16 05:15:00,4135001,sjndEbLyjtCKgGv,0.0,0.0,0.0
2020-06-16 05:15:00,4135001,bvBOhCH3iADSZry,0.0,0.0,0.0
2020-06-16 05:15:00,4135001,7JYdWkrLSPkdwr4,0.0,0.0,0.0
2020-06-16 05:15:00,4135001,uHbuxQJl8lW7ozc,0.0,0.0,0.0
2020-06-16 05:15:00,4135001,WRmjgnKYAwPKWDb,0.0,0.0,0.0
2020-06-16 05:15:00,4135001,1IF53ai7Xc0U56Y,0.0,0.0,0.0
2020-06-16 05:30:00,4135001,zBIq5rxdHJRwDNY,0.0,0.0,0.0
2020-06-16 05:30:00,4135001,pkci93gMrogZuBj,0.0,0.0,0.0
2020-06-16 05:30:00,4135001,zVJPv84UY57bAof,0.0,0.0,0.0
2020-06-16 05:30:00,4135001,iCRJl6heRkivqQ3,0.0,0.0,0.0
2020-06-16 05:30:00,4135001,rGa61gmuvPhdLxV,0.0,0.0,0.0
2020-06-16 05:30:00,4135001,wCURE6d3bPkepu2,0.0,0.0,0.0
2020-06-16 05:30:00,4135001,McdE0feGgRqW7Ca,0.0,0.0,0.0
2020-06-16 05:30:00,4135001,1IF53ai7Xc0U56Y,0.0,0.0,0.0
2020-06-16 05:30:00,4135001,ih0vzX44oOqAx2f,0.0,0.0,0.0
2020-06-16 05:30:00,4135001,ZnxXDlPa8U1GXgE,0.0,0.0,0.0
2020-06-16 05:30:00,4135001,uHbuxQJl8lW7ozc,0.0,0.0,0.0
2020-06-16 05:30:00,4135001,1BY6WEcLGh8j5v7,0.0,0.0,0.0
2020-06-16 05:30:00,4135001,bvBOhCH3iADSZry,0.0,0.0,0.0
2020-06-16 05:30:00,4135001,ZoEaEvLYb1n2sOq,0.0,0.0,0.0
2020-06-16 05:30:00,4135001,sjndEbLyjtCKgGv,0.0,0.0,0.0
2020-06-16 05:30:00,4135001,7JYdWkrLSPkdwr4,0.0,0.0,0.0
2020-06-16 05:30:00,4135001,z9Y9gH1T5YWrNuG,0.0,0.0,0.0
2020-06-16 05:30:00,4135001,YxYtjZvoooNbGkE,0.0,0.0,0.0
2020-06-16 05:30:00,4135001,adLQvlD726eNBSB,0.0,0.0,0.0
2020-06-16 05:30:00,4135001,VHMLBKoKgIrUVDU,0.0,0.0,0.0
2020-06-16 05:30:00,4135001,3PZuoBAID5Wc2HD,0.0,0.0,0.0
2020-06-16 05:30:00,4135001,WRmjgnKYAwPKWDb,0.0,0.0,0.0
2020-06-16 05:45:00,4135001,ih0vzX44oOqAx2f,0.0,1.275,0.0
2020-06-16 05:45:00,4135001,VHMLBKoKgIrUVDU,0.0,0.0,0.0
2020-06-16 05:45:00,4135001,1IF53ai7Xc0U56Y,0.0,1.5,0.0
2020-06-16 05:45:00,4135001,bvBOhCH3iADSZry,0.0,0.0,0.0
2020-06-16 05:45:00,4135001,rGa61gmuvPhdLxV,0.0,0.0,0.0
2020-06-16 05:45:00,4135001,iCRJl6heRkivqQ3,0.0,0.0,0.0
2020-06-16 05:45:00,4135001,ZoEaEvLYb1n2sOq,0.0,0.0,0.0
2020-06-16 05:45:00,4135001,pkci93gMrogZuBj,0.0,0.0,0.0
2020-06-16 05:45:00,4135001,wCURE6d3bPkepu2,0.0,1.2625,0.0
2020-06-16 05:45:00,4135001,zVJPv84UY57bAof,0.0,0.0,0.0
2020-06-16 05:45:00,4135001,z9Y9gH1T5YWrNuG,0.0,0.0,0.0
2020-06-16 05:45:00,4135001,adLQvlD726eNBSB,0.0,1.557142857,0.0
2020-06-16 05:45:00,4135001,McdE0feGgRqW7Ca,0.0,1.3,0.0
2020-06-16 05:45:00,4135001,zBIq5rxdHJRwDNY,0.0,0.0,0.0
2020-06-16 05:45:00,4135001,YxYtjZvoooNbGkE,0.0,0.0,0.0
2020-06-16 05:45:00,4135001,1BY6WEcLGh8j5v7,0.0,0.0,0.0
2020-06-16 05:45:00,4135001,ZnxXDlPa8U1GXgE,0.0,1.2625,0.0
2020-06-16 05:45:00,4135001,sjndEbLyjtCKgGv,0.0,0.0,0.0
2020-06-16 05:45:00,4135001,7JYdWkrLSPkdwr4,0.0,0.0,0.0
2020-06-16 05:45:00,4135001,WRmjgnKYAwPKWDb,0.0,0.0,0.0
2020-06-16 05:45:00,4135001,3PZuoBAID5Wc2HD,0.0,0.0,0.0
2020-06-16 05:45:00,4135001,uHbuxQJl8lW7ozc,0.0,0.0,0.0
2020-06-16 06:00:00,4135001,wCURE6d3bPkepu2,1.2625,19.22857143,1.2625
2020-06-16 06:00:00,4135001,rGa61gmuvPhdLxV,0.0,17.7875,0.0
2020-06-16 06:00:00,4135001,3PZuoBAID5Wc2HD,0.0,19.8625,0.0
2020-06-16 06:00:00,4135001,sjndEbLyjtCKgGv,0.0,19.44285714,0.0
2020-06-16 06:00:00,4135001,pkci93gMrogZuBj,0.0,16.75,0.0
2020-06-16 06:00:00,4135001,ZoEaEvLYb1n2sOq,0.0,17.3875,0.0
2020-06-16 06:00:00,4135001,VHMLBKoKgIrUVDU,0.0,18.17142857,0.0
2020-06-16 06:00:00,4135001,7JYdWkrLSPkdwr4,0.0,19.55714286,0.0
2020-06-16 06:00:00,4135001,bvBOhCH3iADSZry,0.0,17.0,0.0
2020-06-16 06:00:00,4135001,1BY6WEcLGh8j5v7,0.0,17.57142857,0.0
2020-06-16 06:00:00,4135001,YxYtjZvoooNbGkE,0.0,19.7875,0.0
2020-06-16 06:00:00,4135001,ZnxXDlPa8U1GXgE,1.2625,19.1,1.2625
2020-06-16 06:00:00,4135001,uHbuxQJl8lW7ozc,0.0,16.725,0.0
2020-06-16 06:00:00,4135001,adLQvlD726eNBSB,1.557142857,19.91428571,1.557142857
2020-06-16 06:00:00,4135001,z9Y9gH1T5YWrNuG,0.0,19.15714286,0.0
2020-06-16 06:00:00,4135001,WRmjgnKYAwPKWDb,0.0,15.6875,0.0
2020-06-16 06:00:00,4135001,zBIq5rxdHJRwDNY,0.0,18.42857143,0.0
2020-06-16 06:00:00,4135001,ih0vzX44oOqAx2f,1.275,18.98571429,1.275
2020-06-16 06:00:00,4135001,McdE0feGgRqW7Ca,1.3,19.47142857,1.3
2020-06-16 06:00:00,4135001,iCRJl6heRkivqQ3,0.0,15.31428571,0.0
2020-06-16 06:00:00,4135001,zVJPv84UY57bAof,0.0,17.2625,0.0
2020-06-16 06:00:00,4135001,1IF53ai7Xc0U56Y,1.5,18.91428571,1.5
2020-06-16 06:15:00,4135001,pkci93gMrogZuBj,16.75,66.71428571,16.75
2020-06-16 06:15:00,4135001,ZnxXDlPa8U1GXgE,19.1,67.45,19.1
2020-06-16 06:15:00,4135001,McdE0feGgRqW7Ca,19.47142857,68.4875,19.47142857
2020-06-16 06:15:00,4135001,uHbuxQJl8lW7ozc,16.725,67.48571429,16.725
2020-06-16 06:15:00,4135001,WRmjgnKYAwPKWDb,15.6875,67.44285714,15.6875
2020-06-16 06:15:00,4135001,zVJPv84UY57bAof,17.2625,67.92857143,17.2625
2020-06-16 06:15:00,4135001,bvBOhCH3iADSZry,17.0,61.25,17.0
2020-06-16 06:15:00,4135001,sjndEbLyjtCKgGv,19.44285714,67.7,19.44285714
2020-06-16 06:15:00,4135001,3PZuoBAID5Wc2HD,19.8625,67.72857143,19.8625
2020-06-16 06:15:00,4135001,ZoEaEvLYb1n2sOq,17.3875,66.97142857,17.3875
2020-06-16 06:15:00,4135001,z9Y9gH1T5YWrNuG,19.15714286,67.5875,19.15714286
2020-06-16 06:15:00,4135001,adLQvlD726eNBSB,19.91428571,68.875,19.91428571
2020-06-16 06:15:00,4135001,YxYtjZvoooNbGkE,19.7875,67.14285714,19.7875
2020-06-16 06:15:00,4135001,VHMLBKoKgIrUVDU,18.17142857,68.4625,18.17142857
2020-06-16 06:15:00,4135001,7JYdWkrLSPkdwr4,19.55714286,67.3375,19.55714286
2020-06-16 06:15:00,4135001,1BY6WEcLGh8j5v7,17.57142857,62.1,17.57142857
2020-06-16 06:15:00,4135001,zBIq5rxdHJRwDNY,18.42857143,65.4625,18.42857143
2020-06-16 06:15:00,4135001,ih0vzX44oOqAx2f,18.98571429,66.275,18.98571429
2020-06-16 06:15:00,4135001,iCRJl6heRkivqQ3,15.31428571,66.175,15.31428571
2020-06-16 06:15:00,4135001,wCURE6d3bPkepu2,19.22857143,67.6,19.22857143
2020-06-16 06:15:00,4135001,rGa61gmuvPhdLxV,17.7875,68.14285714,17.7875
2020-06-16 06:15:00,4135001,1IF53ai7Xc0U56Y,18.91428571,67.2125,18.91428571
2020-06-16 06:30:00,4135001,WRmjgnKYAwPKWDb,67.44285714,98.8875,67.44285714
2020-06-16 06:30:00,4135001,ih0vzX44oOqAx2f,66.275,96.61428571,66.275
2020-06-16 06:30:00,4135001,bvBOhCH3iADSZry,61.25,89.85714286,61.25
2020-06-16 06:30:00,4135001,7JYdWkrLSPkdwr4,67.3375,98.15714286,67.3375
2020-06-16 06:30:00,4135001,ZnxXDlPa8U1GXgE,67.45,98.68571429,67.45
2020-06-16 06:30:00,4135001,VHMLBKoKgIrUVDU,68.4625,99.71428571,68.4625
2020-06-16 06:30:00,4135001,pkci93gMrogZuBj,66.71428571,97.8875,66.71428571
2020-06-16 06:30:00,4135001,uHbuxQJl8lW7ozc,67.48571429,99.25,67.48571429
2020-06-16 06:30:00,4135001,wCURE6d3bPkepu2,67.6,98.45714286,67.6
2020-06-16 06:30:00,4135001,iCRJl6heRkivqQ3,66.175,97.77142857,66.175
2020-06-16 06:30:00,4135001,zVJPv84UY57bAof,67.92857143,96.58571429,67.92857143
2020-06-16 06:30:00,4135001,1BY6WEcLGh8j5v7,62.1,91.11428571,62.1
2020-06-16 06:30:00,4135001,YxYtjZvoooNbGkE,67.14285714,97.6875,67.14285714
2020-06-16 06:30:00,4135001,z9Y9gH1T5YWrNuG,67.5875,98.62857143,67.5875
2020-06-16 06:30:00,4135001,ZoEaEvLYb1n2sOq,66.97142857,97.175,66.97142857
2020-06-16 06:30:00,4135001,sjndEbLyjtCKgGv,67.7,98.85714286,67.7
2020-06-16 06:30:00,4135001,3PZuoBAID5Wc2HD,67.72857143,99.2125,67.72857143
2020-06-16 06:30:00,4135001,adLQvlD726eNBSB,68.875,101.4428571,68.875
2020-06-16 06:30:00,4135001,zBIq5rxdHJRwDNY,65.4625,96.81428571,65.4625
2020-06-16 06:30:00,4135001,rGa61gmuvPhdLxV,68.14285714,96.31428571,68.14285714
2020-06-16 06:30:00,4135001,McdE0feGgRqW7Ca,68.4875,100.4571429,68.4875
2020-06-16 06:30:00,4135001,1IF53ai7Xc0U56Y,67.2125,99.75714286,67.2125
2020-06-16 06:45:00,4135001,bvBOhCH3iADSZry,89.85714286,130.9625,89.85714286
2020-06-16 06:45:00,4135001,WRmjgnKYAwPKWDb,98.8875,143.1428571,98.8875
2020-06-16 06:45:00,4135001,ZoEaEvLYb1n2sOq,97.175,139.1714286,97.175
2020-06-16 06:45:00,4135001,1IF53ai7Xc0U56Y,99.75714286,144.6625,99.75714286
2020-06-16 06:45:00,4135001,ZnxXDlPa8U1GXgE,98.68571429,143.325,98.68571429
2020-06-16 06:45:00,4135001,McdE0feGgRqW7Ca,100.4571429,145.1875,100.4571429
2020-06-16 06:45:00,4135001,1BY6WEcLGh8j5v7,91.11428571,132.6875,91.11428571
2020-06-16 06:45:00,4135001,iCRJl6heRkivqQ3,97.77142857,140.4875,97.77142857
2020-06-16 06:45:00,4135001,YxYtjZvoooNbGkE,97.6875,139.9571429,97.6875
2020-06-16 06:45:00,4135001,VHMLBKoKgIrUVDU,99.71428571,145.7625,99.71428571
2020-06-16 06:45:00,4135001,7JYdWkrLSPkdwr4,98.15714286,142.8125,98.15714286
2020-06-16 06:45:00,4135001,ih0vzX44oOqAx2f,96.61428571,139.6625,96.61428571
2020-06-16 06:45:00,4135001,zBIq5rxdHJRwDNY,96.81428571,139.075,96.81428571
2020-06-16 06:45:00,4135001,sjndEbLyjtCKgGv,98.85714286,142.5875,98.85714286
2020-06-16 06:45:00,4135001,z9Y9gH1T5YWrNuG,98.62857143,137.7571429,98.62857143
2020-06-16 06:45:00,4135001,wCURE6d3bPkepu2,98.45714286,137.5857143,98.45714286
2020-06-16 06:45:00,4135001,zVJPv84UY57bAof,96.58571429,138.575,96.58571429
2020-06-16 06:45:00,4135001,uHbuxQJl8lW7ozc,99.25,140.9428571,99.25
2020-06-16 06:45:00,4135001,pkci93gMrogZuBj,97.8875,139.0714286,97.8875
2020-06-16 06:45:00,4135001,adLQvlD726eNBSB,101.4428571,147.1375,101.4428571
2020-06-16 06:45:00,4135001,rGa61gmuvPhdLxV,96.31428571,137.5375,96.31428571
2020-06-16 06:45:00,4135001,3PZuoBAID5Wc2HD,99.2125,143.9857143,99.2125
2020-06-16 07:00:00,4135001,YxYtjZvoooNbGkE,139.9571429,231.1875,139.9571429
2020-06-16 07:00:00,4135001,iCRJl6heRkivqQ3,140.4875,230.2857143,140.4875
2020-06-16 07:00:00,4135001,VHMLBKoKgIrUVDU,145.7625,237.4571429,145.7625
2020-06-16 07:00:00,4135001,1BY6WEcLGh8j5v7,132.6875,219.2285714,132.6875
2020-06-16 07:00:00,4135001,ih0vzX44oOqAx2f,139.6625,228.9857143,139.6625
2020-06-16 07:00:00,4135001,McdE0feGgRqW7Ca,145.1875,238.9142857,145.1875
2020-06-16 07:00:00,4135001,rGa61gmuvPhdLxV,137.5375,223.7,137.5375
2020-06-16 07:00:00,4135001,zBIq5rxdHJRwDNY,139.075,226.8571429,139.075
2020-06-16 07:00:00,4135001,ZnxXDlPa8U1GXgE,143.325,234.6714286,143.325
2020-06-16 07:00:00,4135001,7JYdWkrLSPkdwr4,142.8125,232.7142857,142.8125
2020-06-16 07:00:00,4135001,1IF53ai7Xc0U56Y,144.6625,233.6428571,144.6625
2020-06-16 07:00:00,4135001,3PZuoBAID5Wc2HD,143.9857143,237.575,143.9857143
2020-06-16 07:00:00,4135001,z9Y9gH1T5YWrNuG,137.7571429,228.6875,137.7571429
2020-06-16 07:00:00,4135001,bvBOhCH3iADSZry,130.9625,214.1714286,130.9625
2020-06-16 07:00:00,4135001,pkci93gMrogZuBj,139.0714286,228.6625,139.0714286
2020-06-16 07:00:00,4135001,ZoEaEvLYb1n2sOq,139.1714286,228.4,139.1714286
2020-06-16 07:00:00,4135001,sjndEbLyjtCKgGv,142.5875,233.6285714,142.5875
2020-06-16 07:00:00,4135001,zVJPv84UY57bAof,138.575,228.7,138.575
2020-06-16 07:00:00,4135001,wCURE6d3bPkepu2,137.5857143,226.375,137.5857143
2020-06-16 07:00:00,4135001,WRmjgnKYAwPKWDb,143.1428571,235.8375,143.1428571
2020-06-16 07:00:00,4135001,adLQvlD726eNBSB,147.1375,237.0428571,147.1375
2020-06-16 07:00:00,4135001,uHbuxQJl8lW7ozc,140.9428571,232.4625,140.9428571
2020-06-16 07:15:00,4135001,ih0vzX44oOqAx2f,228.9857143,271.6375,228.9857143
2020-06-16 07:15:00,4135001,iCRJl6heRkivqQ3,230.2857143,277.55,230.2857143
2020-06-16 07:15:00,4135001,1BY6WEcLGh8j5v7,219.2285714,257.7625,219.2285714
2020-06-16 07:15:00,4135001,pkci93gMrogZuBj,228.6625,275.9571429,228.6625
2020-06-16 07:15:00,4135001,wCURE6d3bPkepu2,226.375,276.6285714,226.375
2020-06-16 07:15:00,4135001,zBIq5rxdHJRwDNY,226.8571429,275.0875,226.8571429
2020-06-16 07:15:00,4135001,bvBOhCH3iADSZry,214.1714286,254.975,214.1714286
2020-06-16 07:15:00,4135001,ZnxXDlPa8U1GXgE,234.6714286,278.5625,234.6714286
2020-06-16 07:15:00,4135001,uHbuxQJl8lW7ozc,232.4625,280.1714286,232.4625
2020-06-16 07:15:00,4135001,rGa61gmuvPhdLxV,223.7,275.4875,223.7
2020-06-16 07:15:00,4135001,ZoEaEvLYb1n2sOq,228.4,272.4142857,228.4
2020-06-16 07:15:00,4135001,VHMLBKoKgIrUVDU,237.4571429,282.775,237.4571429
2020-06-16 07:15:00,4135001,McdE0feGgRqW7Ca,238.9142857,284.7285714,238.9142857
2020-06-16 07:15:00,4135001,WRmjgnKYAwPKWDb,235.8375,284.3857143,235.8375
2020-06-16 07:15:00,4135001,7JYdWkrLSPkdwr4,232.7142857,277.775,232.7142857
2020-06-16 07:15:00,4135001,3PZuoBAID5Wc2HD,237.575,287.3857143,237.575
2020-06-16 07:15:00,4135001,sjndEbLyjtCKgGv,233.6285714,278.8428571,233.6285714
2020-06-16 07:15:00,4135001,zVJPv84UY57bAof,228.7,277.375,228.7
2020-06-16 07:15:00,4135001,adLQvlD726eNBSB,237.0428571,293.5375,237.0428571
2020-06-16 07:15:00,4135001,YxYtjZvoooNbGkE,231.1875,274.4428571,231.1875
2020-06-16 07:15:00,4135001,1IF53ai7Xc0U56Y,233.6428571,289.6875,233.6428571
2020-06-16 07:15:00,4135001,z9Y9gH1T5YWrNuG,228.6875,278.0,228.6875
2020-06-16 07:30:00,4135001,ZoEaEvLYb1n2sOq,272.4142857,345.0375,272.4142857
2020-06-16 07:30:00,4135001,3PZuoBAID5Wc2HD,287.3857143,365.025,287.3857143
2020-06-16 07:30:00,4135001,bvBOhCH3iADSZry,254.975,322.1285714,254.975
2020-06-16 07:30:00,4135001,zVJPv84UY57bAof,277.375,345.0571429,277.375
2020-06-16 07:30:00,4135001,uHbuxQJl8lW7ozc,280.1714286,357.075,280.1714286
2020-06-16 07:30:00,4135001,ZnxXDlPa8U1GXgE,278.5625,351.9714286,278.5625
2020-06-16 07:30:00,4135001,McdE0feGgRqW7Ca,284.7285714,352.9875,284.7285714
2020-06-16 07:30:00,4135001,rGa61gmuvPhdLxV,275.4875,341.6285714,275.4875
2020-06-16 07:30:00,4135001,sjndEbLyjtCKgGv,278.8428571,344.9375,278.8428571
2020-06-16 07:30:00,4135001,adLQvlD726eNBSB,293.5375,364.6,293.5375
2020-06-16 07:30:00,4135001,pkci93gMrogZuBj,275.9571429,353.425,275.9571429
2020-06-16 07:30:00,4135001,ih0vzX44oOqAx2f,271.6375,343.4571429,271.6375
2020-06-16 07:30:00,4135001,WRmjgnKYAwPKWDb,284.3857143,360.3375,284.3857143
2020-06-16 07:30:00,4135001,z9Y9gH1T5YWrNuG,278.0,342.2625,278.0
2020-06-16 07:30:00,4135001,wCURE6d3bPkepu2,276.6285714,341.8625,276.6285714
2020-06-16 07:30:00,4135001,VHMLBKoKgIrUVDU,282.775,361.3571429,282.775
2020-06-16 07:30:00,4135001,YxYtjZvoooNbGkE,274.4428571,345.925,274.4428571
2020-06-16 07:30:00,4135001,iCRJl6heRkivqQ3,277.55,351.1714286,277.55
2020-06-16 07:30:00,4135001,zBIq5rxdHJRwDNY,275.0875,347.6142857,275.0875
2020-06-16 07:30:00,4135001,1BY6WEcLGh8j5v7,257.7625,326.0285714,257.7625
2020-06-16 07:30:00,4135001,7JYdWkrLSPkdwr4,277.775,354.2571429,277.775
2020-06-16 07:30:00,4135001,1IF53ai7Xc0U56Y,289.6875,359.0,289.6875
2020-06-16 07:45:00,4135001,rGa61gmuvPhdLxV,341.6285714,475.025,341.6285714
2020-06-16 07:45:00,4135001,ZoEaEvLYb1n2sOq,345.0375,478.2428571,345.0375
2020-06-16 07:45:00,4135001,VHMLBKoKgIrUVDU,361.3571429,486.6571429,361.3571429
2020-06-16 07:45:00,4135001,zBIq5rxdHJRwDNY,347.6142857,476.1875,347.6142857
2020-06-16 07:45:00,4135001,iCRJl6heRkivqQ3,351.1714286,481.0375,351.1714286
2020-06-16 07:45:00,4135001,bvBOhCH3iADSZry,322.1285714,445.9,322.1285714
2020-06-16 07:45:00,4135001,ZnxXDlPa8U1GXgE,351.9714286,489.75,351.9714286
2020-06-16 07:45:00,4135001,WRmjgnKYAwPKWDb,360.3375,492.0285714,360.3375
2020-06-16 07:45:00,4135001,1BY6WEcLGh8j5v7,326.0285714,452.775,326.0285714
2020-06-16 07:45:00,4135001,YxYtjZvoooNbGkE,345.925,477.4571429,345.925
2020-06-16 07:45:00,4135001,7JYdWkrLSPkdwr4,354.2571429,475.6428571,354.2571429
2020-06-16 07:45:00,4135001,sjndEbLyjtCKgGv,344.9375,472.1142857,344.9375
2020-06-16 07:45:00,4135001,zVJPv84UY57bAof,345.0571429,476.675,345.0571429
2020-06-16 07:45:00,4135001,McdE0feGgRqW7Ca,352.9875,482.4,352.9875
2020-06-16 07:45:00,4135001,1IF53ai7Xc0U56Y,359.0,499.1375,359.0
2020-06-16 07:45:00,4135001,uHbuxQJl8lW7ozc,357.075,484.1142857,357.075
2020-06-16 07:45:00,4135001,adLQvlD726eNBSB,364.6,506.4875,364.6
2020-06-16 07:45:00,4135001,z9Y9gH1T5YWrNuG,342.2625,472.5857143,342.2625
2020-06-16 07:45:00,4135001,pkci93gMrogZuBj,353.425,480.7428571,353.425
2020-06-16 07:45:00,4135001,wCURE6d3bPkepu2,341.8625,472.1142857,341.8625
2020-06-16 07:45:00,4135001,ih0vzX44oOqAx2f,343.4571429,477.6875,343.4571429
2020-06-16 07:45:00,4135001,3PZuoBAID5Wc2HD,365.025,500.2714286,365.025
2020-06-16 08:00:00,4135001,uHbuxQJl8lW7ozc,484.1142857,455.75,484.1142857
2020-06-16 08:00:00,4135001,WRmjgnKYAwPKWDb,492.0285714,456.7375,492.0285714
2020-06-16 08:00:00,4135001,sjndEbLyjtCKgGv,472.1142857,458.6875,472.1142857
2020-06-16 08:00:00,4135001,ih0vzX44oOqAx2f,477.6875,435.8857143,477.6875
2020-06-16 08:00:00,4135001,McdE0feGgRqW7Ca,482.4,474.75,482.4
2020-06-16 08:00:00,4135001,VHMLBKoKgIrUVDU,486.6571429,470.4,486.6571429
2020-06-16 08:00:00,4135001,rGa61gmuvPhdLxV,475.025,445.5428571,475.025
2020-06-16 08:00:00,4135001,zVJPv84UY57bAof,476.675,454.2857143,476.675
2020-06-16 08:00:00,4135001,1BY6WEcLGh8j5v7,452.775,425.6428571,452.775
2020-06-16 08:00:00,4135001,adLQvlD726eNBSB,506.4875,463.4714286,506.4875
2020-06-16 08:00:00,4135001,pkci93gMrogZuBj,480.7428571,450.5875,480.7428571
2020-06-16 08:00:00,4135001,YxYtjZvoooNbGkE,477.4571429,452.6428571,477.4571429
2020-06-16 08:00:00,4135001,1IF53ai7Xc0U56Y,499.1375,458.4428571,499.1375
2020-06-16 08:00:00,4135001,z9Y9gH1T5YWrNuG,472.5857143,466.45,472.5857143
2020-06-16 08:00:00,4135001,wCURE6d3bPkepu2,472.1142857,462.725,472.1142857
2020-06-16 08:00:00,4135001,ZoEaEvLYb1n2sOq,478.2428571,451.9857143,478.2428571
2020-06-16 08:00:00,4135001,ZnxXDlPa8U1GXgE,489.75,451.4,489.75
2020-06-16 08:00:00,4135001,bvBOhCH3iADSZry,445.9,415.0571429,445.9
2020-06-16 08:00:00,4135001,7JYdWkrLSPkdwr4,475.6428571,457.55,475.6428571
2020-06-16 08:00:00,4135001,zBIq5rxdHJRwDNY,476.1875,440.0857143,476.1875
2020-06-16 08:00:00,4135001,3PZuoBAID5Wc2HD,500.2714286,458.475,500.2714286
2020-06-16 08:00:00,4135001,iCRJl6heRkivqQ3,481.0375,448.3714286,481.0375
2020-06-16 08:15:00,4135001,1IF53ai7Xc0U56Y,458.4428571,597.15,458.4428571
2020-06-16 08:15:00,4135001,wCURE6d3bPkepu2,462.725,554.3,462.725
2020-06-16 08:15:00,4135001,ZoEaEvLYb1n2sOq,451.9857143,555.6625,451.9857143
2020-06-16 08:15:00,4135001,uHbuxQJl8lW7ozc,455.75,576.0714286,455.75
2020-06-16 08:15:00,4135001,rGa61gmuvPhdLxV,445.5428571,566.375,445.5428571
2020-06-16 08:15:00,4135001,McdE0feGgRqW7Ca,474.75,566.4285714,474.75
2020-06-16 08:15:00,4135001,VHMLBKoKgIrUVDU,470.4,594.5857143,470.4
2020-06-16 08:15:00,4135001,ih0vzX44oOqAx2f,435.8857143,551.5,435.8857143
2020-06-16 08:15:00,4135001,WRmjgnKYAwPKWDb,456.7375,605.8714286,456.7375
2020-06-16 08:15:00,4135001,sjndEbLyjtCKgGv,458.6875,564.6142857,458.6875
2020-06-16 08:15:00,4135001,z9Y9gH1T5YWrNuG,466.45,543.7285714,466.45
2020-06-16 08:15:00,4135001,YxYtjZvoooNbGkE,452.6428571,548.6625,452.6428571
2020-06-16 08:15:00,4135001,zBIq5rxdHJRwDNY,440.0857143,568.8,440.0857143
2020-06-16 08:15:00,4135001,1BY6WEcLGh8j5v7,425.6428571,534.6875,425.6428571
2020-06-16 08:15:00,4135001,ZnxXDlPa8U1GXgE,451.4,567.3857143,451.4
2020-06-16 08:15:00,4135001,7JYdWkrLSPkdwr4,457.55,581.2142857,457.55
2020-06-16 08:15:00,4135001,iCRJl6heRkivqQ3,448.3714286,569.225,448.3714286
2020-06-16 08:15:00,4135001,bvBOhCH3iADSZry,415.0571429,528.8875,415.0571429
2020-06-16 08:15:00,4135001,3PZuoBAID5Wc2HD,458.475,613.4714286,458.475
2020-06-16 08:15:00,4135001,pkci93gMrogZuBj,450.5875,582.1285714,450.5875
2020-06-16 08:15:00,4135001,zVJPv84UY57bAof,454.2857143,554.2625,454.2857143
2020-06-16 08:15:00,4135001,adLQvlD726eNBSB,463.4714286,608.0375,463.4714286
2020-06-16 08:30:00,4135001,zVJPv84UY57bAof,554.2625,570.0,554.2625
2020-06-16 08:30:00,4135001,WRmjgnKYAwPKWDb,605.8714286,589.3875,605.8714286
2020-06-16 08:30:00,4135001,uHbuxQJl8lW7ozc,576.0714286,568.9285714,576.0714286
2020-06-16 08:30:00,4135001,1BY6WEcLGh8j5v7,534.6875,545.1714286,534.6875
2020-06-16 08:30:00,4135001,3PZuoBAID5Wc2HD,613.4714286,595.2375,613.4714286
2020-06-16 08:30:00,4135001,adLQvlD726eNBSB,608.0375,603.5714286,608.0375
2020-06-16 08:30:00,4135001,wCURE6d3bPkepu2,554.3,574.5,554.3
2020-06-16 08:30:00,4135001,zBIq5rxdHJRwDNY,568.8,527.1428571,568.8
2020-06-16 08:30:00,4135001,iCRJl6heRkivqQ3,569.225,531.1571429,569.225
2020-06-16 08:30:00,4135001,pkci93gMrogZuBj,582.1285714,565.4571429,582.1285714
2020-06-16 08:30:00,4135001,bvBOhCH3iADSZry,528.8875,537.7142857,528.8875
2020-06-16 08:30:00,4135001,ZnxXDlPa8U1GXgE,567.3857143,583.5875,567.3857143
2020-06-16 08:30:00,4135001,YxYtjZvoooNbGkE,548.6625,571.5285714,548.6625
2020-06-16 08:30:00,4135001,ih0vzX44oOqAx2f,551.5,563.1125,551.5
2020-06-16 08:30:00,4135001,sjndEbLyjtCKgGv,564.6142857,575.8,564.6142857
2020-06-16 08:30:00,4135001,z9Y9gH1T5YWrNuG,543.7285714,573.0125,543.7285714
2020-06-16 08:30:00,4135001,VHMLBKoKgIrUVDU,594.5857143,595.4625,594.5857143
2020-06-16 08:30:00,4135001,McdE0feGgRqW7Ca,566.4285714,584.8,566.4285714
2020-06-16 08:30:00,4135001,1IF53ai7Xc0U56Y,597.15,594.8857143,597.15
2020-06-16 08:30:00,4135001,ZoEaEvLYb1n2sOq,555.6625,570.8571429,555.6625
2020-06-16 08:30:00,4135001,rGa61gmuvPhdLxV,566.375,571.0857143,566.375
2020-06-16 08:30:00,4135001,7JYdWkrLSPkdwr4,581.2142857,580.275,581.2142857
2020-06-16 08:45:00,4135001,sjndEbLyjtCKgGv,575.8,571.8285714,575.8
2020-06-16 08:45:00,4135001,YxYtjZvoooNbGkE,571.5285714,570.15,571.5285714
2020-06-16 08:45:00,4135001,VHMLBKoKgIrUVDU,595.4625,575.7857143,595.4625
2020-06-16 08:45:00,4135001,zVJPv84UY57bAof,570.0,571.4125,570.0
2020-06-16 08:45:00,4135001,ZnxXDlPa8U1GXgE,583.5875,573.6857143,583.5875
2020-06-16 08:45:00,4135001,1BY6WEcLGh8j5v7,545.1714286,535.55,545.1714286
2020-06-16 08:45:00,4135001,iCRJl6heRkivqQ3,531.1571429,577.3625,531.1571429
2020-06-16 08:45:00,4135001,wCURE6d3bPkepu2,574.5,569.5142857,574.5
2020-06-16 08:45:00,4135001,uHbuxQJl8lW7ozc,568.9285714,578.4125,568.9285714
2020-06-16 08:45:00,4135001,pkci93gMrogZuBj,565.4571429,567.175,565.4571429
2020-06-16 08:45:00,4135001,adLQvlD726eNBSB,603.5714286,592.325,603.5714286
2020-06-16 08:45:00,4135001,rGa61gmuvPhdLxV,571.0857143,571.7625,571.0857143
2020-06-16 08:45:00,4135001,McdE0feGgRqW7Ca,584.8,579.4,584.8
2020-06-16 08:45:00,4135001,1IF53ai7Xc0U56Y,594.8857143,584.55,594.8857143
2020-06-16 08:45:00,4135001,ih0vzX44oOqAx2f,563.1125,558.4571429,563.1125
2020-06-16 08:45:00,4135001,3PZuoBAID5Wc2HD,595.2375,585.9857143,595.2375
2020-06-16 08:45:00,4135001,z9Y9gH1T5YWrNuG,573.0125,562.6,573.0125
2020-06-16 08:45:00,4135001,WRmjgnKYAwPKWDb,589.3875,586.1428571,589.3875
2020-06-16 08:45:00,4135001,bvBOhCH3iADSZry,537.7142857,527.4875,537.7142857
2020-06-16 08:45:00,4135001,ZoEaEvLYb1n2sOq,570.8571429,564.5,570.8571429
2020-06-16 08:45:00,4135001,7JYdWkrLSPkdwr4,580.275,562.3285714,580.275
2020-06-16 08:45:00,4135001,zBIq5rxdHJRwDNY,527.1428571,572.0375,527.1428571
2020-06-16 09:00:00,4135001,rGa61gmuvPhdLxV,571.7625,641.9428571,571.7625
2020-06-16 09:00:00,4135001,ZnxXDlPa8U1GXgE,573.6857143,641.7875,573.6857143
2020-06-16 09:00:00,4135001,McdE0feGgRqW7Ca,579.4,650.8,579.4
2020-06-16 09:00:00,4135001,7JYdWkrLSPkdwr4,562.3285714,645.0375,562.3285714
2020-06-16 09:00:00,4135001,ih0vzX44oOqAx2f,558.4571429,620.4875,558.4571429
2020-06-16 09:00:00,4135001,z9Y9gH1T5YWrNuG,562.6,646.5875,562.6
2020-06-16 09:00:00,4135001,YxYtjZvoooNbGkE,570.15,634.3571429,570.15
2020-06-16 09:00:00,4135001,VHMLBKoKgIrUVDU,575.7857143,660.4875,575.7857143
2020-06-16 09:00:00,4135001,ZoEaEvLYb1n2sOq,564.5,628.9428571,564.5
2020-06-16 09:00:00,4135001,uHbuxQJl8lW7ozc,578.4125,635.1142857,578.4125
2020-06-16 09:00:00,4135001,sjndEbLyjtCKgGv,571.8285714,639.8125,571.8285714
2020-06-16 09:00:00,4135001,zVJPv84UY57bAof,571.4125,635.6142857,571.4125
2020-06-16 09:00:00,4135001,iCRJl6heRkivqQ3,577.3625,647.2571429,577.3625
2020-06-16 09:00:00,4135001,adLQvlD726eNBSB,592.325,661.7,592.325
2020-06-16 09:00:00,4135001,1IF53ai7Xc0U56Y,584.55,655.5571429,584.55
2020-06-16 09:00:00,4135001,zBIq5rxdHJRwDNY,572.0375,653.5285714,572.0375
2020-06-16 09:00:00,4135001,pkci93gMrogZuBj,567.175,630.7857143,567.175
2020-06-16 09:00:00,4135001,3PZuoBAID5Wc2HD,585.9857143,667.925,585.9857143
2020-06-16 09:00:00,4135001,1BY6WEcLGh8j5v7,535.55,594.7857143,535.55
2020-06-16 09:00:00,4135001,WRmjgnKYAwPKWDb,586.1428571,658.6,586.1428571
2020-06-16 09:00:00,4135001,wCURE6d3bPkepu2,569.5142857,648.175,569.5142857
2020-06-16 09:00:00,4135001,bvBOhCH3iADSZry,527.4875,587.3857143,527.4875
2020-06-16 09:15:00,4135001,adLQvlD726eNBSB,661.7,732.375,661.7
2020-06-16 09:15:00,4135001,ZnxXDlPa8U1GXgE,641.7875,709.9428571,641.7875
2020-06-16 09:15:00,4135001,bvBOhCH3iADSZry,587.3857143,647.4285714,587.3857143
2020-06-16 09:15:00,4135001,z9Y9gH1T5YWrNuG,646.5875,747.8571429,646.5875
2020-06-16 09:15:00,4135001,7JYdWkrLSPkdwr4,645.0375,748.2571429,645.0375
2020-06-16 09:15:00,4135001,McdE0feGgRqW7Ca,650.8,741.1857143,650.8
2020-06-16 09:15:00,4135001,1IF53ai7Xc0U56Y,655.5571429,736.0125,655.5571429
2020-06-16 09:15:00,4135001,pkci93gMrogZuBj,630.7857143,775.2625,630.7857143
2020-06-16 09:15:00,4135001,VHMLBKoKgIrUVDU,660.4875,732.8714286,660.4875
2020-06-16 09:15:00,4135001,iCRJl6heRkivqQ3,647.2571429,755.8142857,647.2571429
2020-06-16 09:15:00,4135001,zBIq5rxdHJRwDNY,653.5285714,736.5285714,653.5285714
2020-06-16 09:15:00,4135001,wCURE6d3bPkepu2,648.175,734.3285714,648.175
2020-06-16 09:15:00,4135001,uHbuxQJl8lW7ozc,635.1142857,781.5625,635.1142857
2020-06-16 09:15:00,4135001,YxYtjZvoooNbGkE,634.3571429,752.85,634.3571429
2020-06-16 09:15:00,4135001,ZoEaEvLYb1n2sOq,628.9428571,737.875,628.9428571
2020-06-16 09:15:00,4135001,zVJPv84UY57bAof,635.6142857,768.4,635.6142857
2020-06-16 09:15:00,4135001,rGa61gmuvPhdLxV,641.9428571,769.9,641.9428571
2020-06-16 09:15:00,4135001,WRmjgnKYAwPKWDb,658.6,747.5142857,658.6
2020-06-16 09:15:00,4135001,ih0vzX44oOqAx2f,620.4875,700.7428571,620.4875
2020-06-16 09:15:00,4135001,sjndEbLyjtCKgGv,639.8125,724.2571429,639.8125
2020-06-16 09:15:00,4135001,3PZuoBAID5Wc2HD,667.925,748.0714286,667.925
2020-06-16 09:15:00,4135001,1BY6WEcLGh8j5v7,594.7857143,681.6,594.7857143
2020-06-16 09:30:00,4135001,zBIq5rxdHJRwDNY,736.5285714,853.15,736.5285714
2020-06-16 09:30:00,4135001,ZoEaEvLYb1n2sOq,737.875,864.0142857,737.875
2020-06-16 09:30:00,4135001,3PZuoBAID5Wc2HD,748.0714286,889.5142857,748.0714286
2020-06-16 09:30:00,4135001,1BY6WEcLGh8j5v7,681.6,808.7625,681.6
2020-06-16 09:30:00,4135001,pkci93gMrogZuBj,775.2625,869.8571429,775.2625
2020-06-16 09:30:00,4135001,1IF53ai7Xc0U56Y,736.0125,873.7142857,736.0125
2020-06-16 09:30:00,4135001,bvBOhCH3iADSZry,647.4285714,791.3625,647.4285714
2020-06-16 09:30:00,4135001,z9Y9gH1T5YWrNuG,747.8571429,876.3625,747.8571429
2020-06-16 09:30:00,4135001,YxYtjZvoooNbGkE,752.85,850.3571429,752.85
2020-06-16 09:30:00,4135001,adLQvlD726eNBSB,732.375,890.9,732.375
2020-06-16 09:30:00,4135001,zVJPv84UY57bAof,768.4,878.0142857,768.4
2020-06-16 09:30:00,4135001,iCRJl6heRkivqQ3,755.8142857,871.4875,755.8142857
2020-06-16 09:30:00,4135001,McdE0feGgRqW7Ca,741.1857143,884.525,741.1857143
2020-06-16 09:30:00,4135001,WRmjgnKYAwPKWDb,747.5142857,883.0,747.5142857
2020-06-16 09:30:00,4135001,7JYdWkrLSPkdwr4,748.2571429,837.175,748.2571429
2020-06-16 09:30:00,4135001,VHMLBKoKgIrUVDU,732.8714286,869.525,732.8714286
2020-06-16 09:30:00,4135001,uHbuxQJl8lW7ozc,781.5625,880.2428571,781.5625
2020-06-16 09:30:00,4135001,ZnxXDlPa8U1GXgE,709.9428571,872.6875,709.9428571
2020-06-16 09:30:00,4135001,wCURE6d3bPkepu2,734.3285714,877.9125,734.3285714
2020-06-16 09:30:00,4135001,sjndEbLyjtCKgGv,724.2571429,864.3125,724.2571429
2020-06-16 09:30:00,4135001,ih0vzX44oOqAx2f,700.7428571,854.85,700.7428571
2020-06-16 09:30:00,4135001,rGa61gmuvPhdLxV,769.9,874.3857143,769.9
2020-06-16 09:45:00,4135001,pkci93gMrogZuBj,869.8571429,1089.175,869.8571429
2020-06-16 09:45:00,4135001,bvBOhCH3iADSZry,791.3625,983.0428571,791.3625
2020-06-16 09:45:00,4135001,rGa61gmuvPhdLxV,874.3857143,1068.8375,874.3857143
2020-06-16 09:45:00,4135001,z9Y9gH1T5YWrNuG,876.3625,1036.3,876.3625
2020-06-16 09:45:00,4135001,adLQvlD726eNBSB,890.9,1173.45,890.9
2020-06-16 09:45:00,4135001,ZnxXDlPa8U1GXgE,872.6875,1110.6,872.6875
2020-06-16 09:45:00,4135001,zVJPv84UY57bAof,878.0142857,1083.825,878.0142857
2020-06-16 09:45:00,4135001,YxYtjZvoooNbGkE,850.3571429,1113.625,850.3571429
2020-06-16 09:45:00,4135001,ZoEaEvLYb1n2sOq,864.0142857,1102.0875,864.0142857
2020-06-16 09:45:00,4135001,1IF53ai7Xc0U56Y,873.7142857,1157.0375,873.7142857
2020-06-16 09:45:00,4135001,uHbuxQJl8lW7ozc,880.2428571,1079.2125,880.2428571
2020-06-16 09:45:00,4135001,7JYdWkrLSPkdwr4,837.175,1130.371429,837.175
2020-06-16 09:45:00,4135001,iCRJl6heRkivqQ3,871.4875,1087.471429,871.4875
2020-06-16 09:45:00,4135001,wCURE6d3bPkepu2,877.9125,1074.914286,877.9125
2020-06-16 09:45:00,4135001,3PZuoBAID5Wc2HD,889.5142857,1096.8,889.5142857
2020-06-16 09:45:00,4135001,zBIq5rxdHJRwDNY,853.15,1136.414286,853.15
2020-06-16 09:45:00,4135001,sjndEbLyjtCKgGv,864.3125,1124.285714,864.3125
2020-06-16 09:45:00,4135001,WRmjgnKYAwPKWDb,883.0,1112.0,883.0
2020-06-16 09:45:00,4135001,McdE0feGgRqW7Ca,884.525,1090.6,884.525
2020-06-16 09:45:00,4135001,VHMLBKoKgIrUVDU,869.525,1169.214286,869.525
2020-06-16 09:45:00,4135001,1BY6WEcLGh8j5v7,808.7625,1020.257143,808.7625
2020-06-16 09:45:00,4135001,ih0vzX44oOqAx2f,854.85,1043.442857,854.85
2020-06-16 10:00:00,4135001,pkci93gMrogZuBj,1089.175,1019.942857,1089.175
2020-06-16 10:00:00,4135001,ZoEaEvLYb1n2sOq,1102.0875,1033.585714,1102.0875
2020-06-16 10:00:00,4135001,wCURE6d3bPkepu2,1074.914286,1038.9875,1074.914286
2020-06-16 10:00:00,4135001,sjndEbLyjtCKgGv,1124.285714,1003.7,1124.285714
2020-06-16 10:00:00,4135001,3PZuoBAID5Wc2HD,1096.8,1043.071429,1096.8
2020-06-16 10:00:00,4135001,WRmjgnKYAwPKWDb,1112.0,1052.214286,1112.0
2020-06-16 10:00:00,4135001,ih0vzX44oOqAx2f,1043.442857,1004.575,1043.442857
2020-06-16 10:00:00,4135001,adLQvlD726eNBSB,1173.45,1040.514286,1173.45
2020-06-16 10:00:00,4135001,YxYtjZvoooNbGkE,1113.625,995.1857143,1113.625
2020-06-16 10:00:00,4135001,zVJPv84UY57bAof,1083.825,1037.342857,1083.825
2020-06-16 10:00:00,4135001,1BY6WEcLGh8j5v7,1020.257143,962.45,1020.257143
2020-06-16 10:00:00,4135001,McdE0feGgRqW7Ca,1090.6,1054.6625,1090.6
2020-06-16 10:00:00,4135001,7JYdWkrLSPkdwr4,1130.371429,922.6,1130.371429
2020-06-16 10:00:00,4135001,rGa61gmuvPhdLxV,1068.8375,1022.1,1068.8375
2020-06-16 10:00:00,4135001,z9Y9gH1T5YWrNuG,1036.3,1055.6375,1036.3
2020-06-16 10:00:00,4135001,1IF53ai7Xc0U56Y,1157.0375,1023.857143,1157.0375
2020-06-16 10:00:00,4135001,ZnxXDlPa8U1GXgE,1110.6,1036.05,1110.6
2020-06-16 10:00:00,4135001,uHbuxQJl8lW7ozc,1079.2125,1060.685714,1079.2125
2020-06-16 10:00:00,4135001,bvBOhCH3iADSZry,983.0428571,966.725,983.0428571
2020-06-16 10:00:00,4135001,VHMLBKoKgIrUVDU,1169.214286,982.9375,1169.214286
2020-06-16 10:00:00,4135001,iCRJl6heRkivqQ3,1087.471429,1030.725,1087.471429
2020-06-16 10:00:00,4135001,zBIq5rxdHJRwDNY,1136.414286,990.7875,1136.414286
2020-06-16 10:15:00,4135001,7JYdWkrLSPkdwr4,922.6,816.2285714,922.6
2020-06-16 10:15:00,4135001,wCURE6d3bPkepu2,1038.9875,838.3428571,1038.9875
2020-06-16 10:15:00,4135001,WRmjgnKYAwPKWDb,1052.214286,852.5625,1052.214286
2020-06-16 10:15:00,4135001,bvBOhCH3iADSZry,966.725,781.1714286,966.725
2020-06-16 10:15:00,4135001,1IF53ai7Xc0U56Y,1023.857143,841.1375,1023.857143
2020-06-16 10:15:00,4135001,zBIq5rxdHJRwDNY,990.7875,820.4714286,990.7875
2020-06-16 10:15:00,4135001,McdE0feGgRqW7Ca,1054.6625,854.0285714,1054.6625
2020-06-16 10:15:00,4135001,adLQvlD726eNBSB,1040.514286,856.7625,1040.514286
2020-06-16 10:15:00,4135001,3PZuoBAID5Wc2HD,1043.071429,857.2125,1043.071429
2020-06-16 10:15:00,4135001,YxYtjZvoooNbGkE,995.1857143,791.0125,995.1857143
2020-06-16 10:15:00,4135001,ih0vzX44oOqAx2f,1004.575,822.4571429,1004.575
2020-06-16 10:15:00,4135001,zVJPv84UY57bAof,1037.342857,801.4375,1037.342857
2020-06-16 10:15:00,4135001,ZoEaEvLYb1n2sOq,1033.585714,817.8875,1033.585714
2020-06-16 10:15:00,4135001,1BY6WEcLGh8j5v7,962.45,768.0857143,962.45
2020-06-16 10:15:00,4135001,sjndEbLyjtCKgGv,1003.7,846.3285714,1003.7
2020-06-16 10:15:00,4135001,rGa61gmuvPhdLxV,1022.1,823.4625,1022.1
2020-06-16 10:15:00,4135001,ZnxXDlPa8U1GXgE,1036.05,856.3714286,1036.05
2020-06-16 10:15:00,4135001,pkci93gMrogZuBj,1019.942857,801.9625,1019.942857
2020-06-16 10:15:00,4135001,VHMLBKoKgIrUVDU,982.9375,851.5,982.9375
2020-06-16 10:15:00,4135001,uHbuxQJl8lW7ozc,1060.685714,799.7375,1060.685714
2020-06-16 10:15:00,4135001,iCRJl6heRkivqQ3,1030.725,841.5428571,1030.725
2020-06-16 10:15:00,4135001,z9Y9gH1T5YWrNuG,1055.6375,861.9142857,1055.6375
2020-06-16 10:30:00,4135001,YxYtjZvoooNbGkE,791.0125,881.4285714,791.0125
2020-06-16 10:30:00,4135001,7JYdWkrLSPkdwr4,816.2285714,899.175,816.2285714
2020-06-16 10:30:00,4135001,zBIq5rxdHJRwDNY,820.4714286,946.9625,820.4714286
2020-06-16 10:30:00,4135001,1IF53ai7Xc0U56Y,841.1375,930.9857143,841.1375
2020-06-16 10:30:00,4135001,bvBOhCH3iADSZry,781.1714286,853.4875,781.1714286
2020-06-16 10:30:00,4135001,McdE0feGgRqW7Ca,854.0285714,951.25,854.0285714
2020-06-16 10:30:00,4135001,WRmjgnKYAwPKWDb,852.5625,846.4714286,852.5625
2020-06-16 10:30:00,4135001,3PZuoBAID5Wc2HD,857.2125,859.3714286,857.2125
2020-06-16 10:30:00,4135001,ih0vzX44oOqAx2f,822.4571429,932.675,822.4571429
2020-06-16 10:30:00,4135001,zVJPv84UY57bAof,801.4375,944.4857143,801.4375
2020-06-16 10:30:00,4135001,1BY6WEcLGh8j5v7,768.0857143,842.525,768.0857143
2020-06-16 10:30:00,4135001,z9Y9gH1T5YWrNuG,861.9142857,944.3875,861.9142857
2020-06-16 10:30:00,4135001,rGa61gmuvPhdLxV,823.4625,958.9142857,823.4625
2020-06-16 10:30:00,4135001,ZnxXDlPa8U1GXgE,856.3714286,957.1375,856.3714286
2020-06-16 10:30:00,4135001,sjndEbLyjtCKgGv,846.3285714,930.5375,846.3285714
2020-06-16 10:30:00,4135001,uHbuxQJl8lW7ozc,799.7375,943.9,799.7375
2020-06-16 10:30:00,4135001,iCRJl6heRkivqQ3,841.5428571,961.325,841.5428571
2020-06-16 10:30:00,4135001,adLQvlD726eNBSB,856.7625,915.4857143,856.7625
2020-06-16 10:30:00,4135001,pkci93gMrogZuBj,801.9625,949.9857143,801.9625
2020-06-16 10:30:00,4135001,VHMLBKoKgIrUVDU,851.5,914.725,851.5
2020-06-16 10:30:00,4135001,ZoEaEvLYb1n2sOq,817.8875,895.5142857,817.8875
2020-06-16 10:30:00,4135001,wCURE6d3bPkepu2,838.3428571,950.1375,838.3428571
2020-06-16 10:45:00,4135001,1IF53ai7Xc0U56Y,930.9857143,1137.328571,930.9857143
2020-06-16 10:45:00,4135001,zBIq5rxdHJRwDNY,946.9625,1202.328571,946.9625
2020-06-16 10:45:00,4135001,bvBOhCH3iADSZry,853.4875,1024.028571,853.4875
2020-06-16 10:45:00,4135001,wCURE6d3bPkepu2,950.1375,1196.571429,950.1375
2020-06-16 10:45:00,4135001,3PZuoBAID5Wc2HD,859.3714286,1074.7875,859.3714286
2020-06-16 10:45:00,4135001,pkci93gMrogZuBj,949.9857143,1122.8875,949.9857143
2020-06-16 10:45:00,4135001,zVJPv84UY57bAof,944.4857143,1126.9875,944.4857143
2020-06-16 10:45:00,4135001,uHbuxQJl8lW7ozc,943.9,1121.1125,943.9
2020-06-16 10:45:00,4135001,VHMLBKoKgIrUVDU,914.725,1111.471429,914.725
2020-06-16 10:45:00,4135001,McdE0feGgRqW7Ca,951.25,1205.042857,951.25
2020-06-16 10:45:00,4135001,ZnxXDlPa8U1GXgE,957.1375,1194.714286,957.1375
2020-06-16 10:45:00,4135001,7JYdWkrLSPkdwr4,899.175,1079.628571,899.175
2020-06-16 10:45:00,4135001,sjndEbLyjtCKgGv,930.5375,1186.842857,930.5375
2020-06-16 10:45:00,4135001,adLQvlD726eNBSB,915.4857143,1124.785714,915.4857143
2020-06-16 10:45:00,4135001,WRmjgnKYAwPKWDb,846.4714286,1032.75,846.4714286
2020-06-16 10:45:00,4135001,iCRJl6heRkivqQ3,961.325,1204.328571,961.325
2020-06-16 10:45:00,4135001,z9Y9gH1T5YWrNuG,944.3875,1143.542857,944.3875
2020-06-16 10:45:00,4135001,ZoEaEvLYb1n2sOq,895.5142857,1119.475,895.5142857
2020-06-16 10:45:00,4135001,YxYtjZvoooNbGkE,881.4285714,1192.375,881.4285714
2020-06-16 10:45:00,4135001,1BY6WEcLGh8j5v7,842.525,1111.228571,842.525
2020-06-16 10:45:00,4135001,ih0vzX44oOqAx2f,932.675,1157.371429,932.675
2020-06-16 10:45:00,4135001,rGa61gmuvPhdLxV,958.9142857,1108.5375,958.9142857
2020-06-16 11:00:00,4135001,zVJPv84UY57bAof,1126.9875,808.9142857,1126.9875
2020-06-16 11:00:00,4135001,1BY6WEcLGh8j5v7,1111.228571,813.0,1111.228571
2020-06-16 11:00:00,4135001,pkci93gMrogZuBj,1122.8875,815.3,1122.8875
2020-06-16 11:00:00,4135001,sjndEbLyjtCKgGv,1186.842857,778.8875,1186.842857
2020-06-16 11:00:00,4135001,bvBOhCH3iADSZry,1024.028571,790.1625,1024.028571
2020-06-16 11:00:00,4135001,rGa61gmuvPhdLxV,1108.5375,789.4,1108.5375
2020-06-16 11:00:00,4135001,wCURE6d3bPkepu2,1196.571429,816.35,1196.571429
2020-06-16 11:00:00,4135001,1IF53ai7Xc0U56Y,1137.328571,855.7625,1137.328571
2020-06-16 11:00:00,4135001,7JYdWkrLSPkdwr4,1079.628571,790.175,1079.628571
2020-06-16 11:00:00,4135001,ZoEaEvLYb1n2sOq,1119.475,855.8857143,1119.475
2020-06-16 11:00:00,4135001,VHMLBKoKgIrUVDU,1111.471429,832.125,1111.471429
2020-06-16 11:00:00,4135001,uHbuxQJl8lW7ozc,1121.1125,792.3714286,1121.1125
2020-06-16 11:00:00,4135001,adLQvlD726eNBSB,1124.785714,864.2625,1124.785714
2020-06-16 11:00:00,4135001,ZnxXDlPa8U1GXgE,1194.714286,837.65,1194.714286
2020-06-16 11:00:00,4135001,ih0vzX44oOqAx2f,1157.371429,800.4875,1157.371429
2020-06-16 11:00:00,4135001,iCRJl6heRkivqQ3,1204.328571,805.775,1204.328571
2020-06-16 11:00:00,4135001,3PZuoBAID5Wc2HD,1074.7875,877.7571429,1074.7875
2020-06-16 11:00:00,4135001,WRmjgnKYAwPKWDb,1032.75,850.8714286,1032.75
2020-06-16 11:00:00,4135001,YxYtjZvoooNbGkE,1192.375,865.4,1192.375
2020-06-16 11:00:00,4135001,z9Y9gH1T5YWrNuG,1143.542857,824.625,1143.542857
2020-06-16 11:00:00,4135001,zBIq5rxdHJRwDNY,1202.328571,794.1125,1202.328571
2020-06-16 11:00:00,4135001,McdE0feGgRqW7Ca,1205.042857,809.9875,1205.042857
2020-06-16 11:15:00,4135001,3PZuoBAID5Wc2HD,877.7571429,635.225,877.7571429
2020-06-16 11:15:00,4135001,VHMLBKoKgIrUVDU,832.125,616.1,832.125
2020-06-16 11:15:00,4135001,1IF53ai7Xc0U56Y,855.7625,595.5,855.7625
2020-06-16 11:15:00,4135001,ZnxXDlPa8U1GXgE,837.65,581.5571429,837.65
2020-06-16 11:15:00,4135001,McdE0feGgRqW7Ca,809.9875,571.4142857,809.9875
2020-06-16 11:15:00,4135001,iCRJl6heRkivqQ3,805.775,564.3857143,805.775
2020-06-16 11:15:00,4135001,ZoEaEvLYb1n2sOq,855.8857143,604.0875,855.8857143
2020-06-16 11:15:00,4135001,ih0vzX44oOqAx2f,800.4875,554.5285714,800.4875
2020-06-16 11:15:00,4135001,bvBOhCH3iADSZry,790.1625,543.6571429,790.1625
2020-06-16 11:15:00,4135001,rGa61gmuvPhdLxV,789.4,555.1285714,789.4
2020-06-16 11:15:00,4135001,adLQvlD726eNBSB,864.2625,612.4142857,864.2625
2020-06-16 11:15:00,4135001,wCURE6d3bPkepu2,816.35,567.5857143,816.35
2020-06-16 11:15:00,4135001,sjndEbLyjtCKgGv,778.8875,570.9142857,778.8875
2020-06-16 11:15:00,4135001,7JYdWkrLSPkdwr4,790.175,591.3,790.175
2020-06-16 11:15:00,4135001,pkci93gMrogZuBj,815.3,574.8375,815.3
2020-06-16 11:15:00,4135001,uHbuxQJl8lW7ozc,792.3714286,573.7875,792.3714286
2020-06-16 11:15:00,4135001,z9Y9gH1T5YWrNuG,824.625,547.0142857,824.625
2020-06-16 11:15:00,4135001,1BY6WEcLGh8j5v7,813.0,549.4142857,813.0
2020-06-16 11:15:00,4135001,zVJPv84UY57bAof,808.9142857,542.3142857,808.9142857
2020-06-16 11:15:00,4135001,zBIq5rxdHJRwDNY,794.1125,572.1,794.1125
2020-06-16 11:15:00,4135001,YxYtjZvoooNbGkE,865.4,616.5,865.4
2020-06-16 11:15:00,4135001,WRmjgnKYAwPKWDb,850.8714286,640.6375,850.8714286
2020-06-16 11:30:00,4135001,bvBOhCH3iADSZry,543.6571429,702.6,543.6571429
2020-06-16 11:30:00,4135001,iCRJl6heRkivqQ3,564.3857143,723.4,564.3857143
2020-06-16 11:30:00,4135001,McdE0feGgRqW7Ca,571.4142857,732.2375,571.4142857
2020-06-16 11:30:00,4135001,ZoEaEvLYb1n2sOq,604.0875,720.8714286,604.0875
2020-06-16 11:30:00,4135001,ih0vzX44oOqAx2f,554.5285714,716.1875,554.5285714
2020-06-16 11:30:00,4135001,uHbuxQJl8lW7ozc,573.7875,720.8285714,573.7875
2020-06-16 11:30:00,4135001,7JYdWkrLSPkdwr4,591.3,727.525,591.3
2020-06-16 11:30:00,4135001,WRmjgnKYAwPKWDb,640.6375,798.5571429,640.6375
2020-06-16 11:30:00,4135001,zBIq5rxdHJRwDNY,572.1,731.8875,572.1
2020-06-16 11:30:00,4135001,adLQvlD726eNBSB,612.4142857,784.6125,612.4142857
2020-06-16 11:30:00,4135001,wCURE6d3bPkepu2,567.5857143,750.0571429,567.5857143
2020-06-16 11:30:00,4135001,1BY6WEcLGh8j5v7,549.4142857,719.85,549.4142857
2020-06-16 11:30:00,4135001,3PZuoBAID5Wc2HD,635.225,795.6428571,635.225
2020-06-16 11:30:00,4135001,rGa61gmuvPhdLxV,555.1285714,715.15,555.1285714
2020-06-16 11:30:00,4135001,z9Y9gH1T5YWrNuG,547.0142857,738.1428571,547.0142857
2020-06-16 11:30:00,4135001,VHMLBKoKgIrUVDU,616.1,755.675,616.1
2020-06-16 11:30:00,4135001,ZnxXDlPa8U1GXgE,581.5571429,736.875,581.5571429
2020-06-16 11:30:00,4135001,YxYtjZvoooNbGkE,616.5,725.1571429,616.5
2020-06-16 11:30:00,4135001,zVJPv84UY57bAof,542.3142857,725.7375,542.3142857
2020-06-16 11:30:00,4135001,1IF53ai7Xc0U56Y,595.5,769.95,595.5
2020-06-16 11:30:00,4135001,sjndEbLyjtCKgGv,570.9142857,716.9875,570.9142857
2020-06-16 11:30:00,4135001,pkci93gMrogZuBj,574.8375,702.7,574.8375
2020-06-16 11:45:00,4135001,1BY6WEcLGh8j5v7,719.85,310.8142857,719.85
2020-06-16 11:45:00,4135001,adLQvlD726eNBSB,784.6125,337.3714286,784.6125
2020-06-16 11:45:00,4135001,uHbuxQJl8lW7ozc,720.8285714,343.725,720.8285714
2020-06-16 11:45:00,4135001,zVJPv84UY57bAof,725.7375,335.9571429,725.7375
2020-06-16 11:45:00,4135001,WRmjgnKYAwPKWDb,798.5571429,338.275,798.5571429
2020-06-16 11:45:00,4135001,3PZuoBAID5Wc2HD,795.6428571,339.5125,795.6428571
2020-06-16 11:45:00,4135001,ih0vzX44oOqAx2f,716.1875,318.6285714,716.1875
2020-06-16 11:45:00,4135001,7JYdWkrLSPkdwr4,727.525,319.7,727.525
2020-06-16 11:45:00,4135001,McdE0feGgRqW7Ca,732.2375,328.6285714,732.2375
2020-06-16 11:45:00,4135001,iCRJl6heRkivqQ3,723.4,329.0857143,723.4
2020-06-16 11:45:00,4135001,bvBOhCH3iADSZry,702.6,305.0571429,702.6
2020-06-16 11:45:00,4135001,sjndEbLyjtCKgGv,716.9875,323.3,716.9875
2020-06-16 11:45:00,4135001,rGa61gmuvPhdLxV,715.15,331.0142857,715.15
2020-06-16 11:45:00,4135001,ZnxXDlPa8U1GXgE,736.875,329.2714286,736.875
2020-06-16 11:45:00,4135001,wCURE6d3bPkepu2,750.0571429,347.925,750.0571429
2020-06-16 11:45:00,4135001,z9Y9gH1T5YWrNuG,738.1428571,345.775,738.1428571
2020-06-16 11:45:00,4135001,YxYtjZvoooNbGkE,725.1571429,330.9625,725.1571429
2020-06-16 11:45:00,4135001,zBIq5rxdHJRwDNY,731.8875,324.6285714,731.8875
2020-06-16 11:45:00,4135001,ZoEaEvLYb1n2sOq,720.8714286,329.7,720.8714286
2020-06-16 11:45:00,4135001,VHMLBKoKgIrUVDU,755.675,328.9142857,755.675
2020-06-16 11:45:00,4135001,pkci93gMrogZuBj,702.7,337.95,702.7
2020-06-16 11:45:00,4135001,1IF53ai7Xc0U56Y,769.95,333.0857143,769.95
2020-06-16 12:00:00,4135001,7JYdWkrLSPkdwr4,319.7,634.0375,319.7
2020-06-16 12:00:00,4135001,rGa61gmuvPhdLxV,331.0142857,627.1125,331.0142857
2020-06-16 12:00:00,4135001,z9Y9gH1T5YWrNuG,345.775,609.0714286,345.775
2020-06-16 12:00:00,4135001,VHMLBKoKgIrUVDU,328.9142857,625.225,328.9142857
2020-06-16 12:00:00,4135001,ZnxXDlPa8U1GXgE,329.2714286,602.7375,329.2714286
2020-06-16 12:00:00,4135001,adLQvlD726eNBSB,337.3714286,597.3375,337.3714286
2020-06-16 12:00:00,4135001,wCURE6d3bPkepu2,347.925,599.4857143,347.925
2020-06-16 12:00:00,4135001,pkci93gMrogZuBj,337.95,660.4857143,337.95
2020-06-16 12:00:00,4135001,zVJPv84UY57bAof,335.9571429,627.7125,335.9571429
2020-06-16 12:00:00,4135001,1BY6WEcLGh8j5v7,310.8142857,525.85,310.8142857
2020-06-16 12:00:00,4135001,zBIq5rxdHJRwDNY,324.6285714,446.1375,324.6285714
2020-06-16 12:00:00,4135001,YxYtjZvoooNbGkE,330.9625,630.3428571,330.9625
2020-06-16 12:00:00,4135001,3PZuoBAID5Wc2HD,339.5125,597.4714286,339.5125
2020-06-16 12:00:00,4135001,McdE0feGgRqW7Ca,328.6285714,642.7142857,328.6285714
2020-06-16 12:00:00,4135001,ih0vzX44oOqAx2f,318.6285714,594.9625,318.6285714
2020-06-16 12:00:00,4135001,1IF53ai7Xc0U56Y,333.0857143,603.525,333.0857143
2020-06-16 12:00:00,4135001,sjndEbLyjtCKgGv,323.3,631.7,323.3
2020-06-16 12:00:00,4135001,WRmjgnKYAwPKWDb,338.275,579.9571429,338.275
2020-06-16 12:00:00,4135001,bvBOhCH3iADSZry,305.0571429,530.3125,305.0571429
2020-06-16 12:00:00,4135001,iCRJl6heRkivqQ3,329.0857143,642.375,329.0857143
2020-06-16 12:00:00,4135001,uHbuxQJl8lW7ozc,343.725,671.9714286,343.725
2020-06-16 12:00:00,4135001,ZoEaEvLYb1n2sOq,329.7,618.5857143,329.7
2020-06-16 12:15:00,4135001,zBIq5rxdHJRwDNY,446.1375,0.0,446.1375
2020-06-16 12:15:00,4135001,McdE0feGgRqW7Ca,642.7142857,683.5375,642.7142857
2020-06-16 12:15:00,4135001,1BY6WEcLGh8j5v7,525.85,683.4285714,525.85
2020-06-16 12:15:00,4135001,3PZuoBAID5Wc2HD,597.4714286,709.875,597.4714286
2020-06-16 12:15:00,4135001,zVJPv84UY57bAof,627.7125,654.9714286,627.7125
2020-06-16 12:15:00,4135001,ZoEaEvLYb1n2sOq,618.5857143,678.8571429,618.5857143
2020-06-16 12:15:00,4135001,pkci93gMrogZuBj,660.4857143,605.5625,660.4857143
2020-06-16 12:15:00,4135001,1IF53ai7Xc0U56Y,603.525,684.3714286,603.525
2020-06-16 12:15:00,4135001,sjndEbLyjtCKgGv,631.7,665.2625,631.7
2020-06-16 12:15:00,4135001,ih0vzX44oOqAx2f,594.9625,676.8285714,594.9625
2020-06-16 12:15:00,4135001,ZnxXDlPa8U1GXgE,602.7375,682.9142857,602.7375
2020-06-16 12:15:00,4135001,YxYtjZvoooNbGkE,630.3428571,683.9285714,630.3428571
2020-06-16 12:15:00,4135001,VHMLBKoKgIrUVDU,625.225,736.7571429,625.225
2020-06-16 12:15:00,4135001,uHbuxQJl8lW7ozc,671.9714286,597.0,671.9714286
2020-06-16 12:15:00,4135001,bvBOhCH3iADSZry,530.3125,639.0714286,530.3125
2020-06-16 12:15:00,4135001,adLQvlD726eNBSB,597.3375,703.8285714,597.3375
2020-06-16 12:15:00,4135001,7JYdWkrLSPkdwr4,634.0375,686.7142857,634.0375
2020-06-16 12:15:00,4135001,z9Y9gH1T5YWrNuG,609.0714286,663.3125,609.0714286
2020-06-16 12:15:00,4135001,rGa61gmuvPhdLxV,627.1125,630.3428571,627.1125
2020-06-16 12:15:00,4135001,WRmjgnKYAwPKWDb,579.9571429,762.325,579.9571429
2020-06-16 12:15:00,4135001,iCRJl6heRkivqQ3,642.375,647.1428571,642.375
2020-06-16 12:15:00,4135001,wCURE6d3bPkepu2,599.4857143,700.6375,599.4857143
2020-06-16 12:30:00,4135001,zVJPv84UY57bAof,654.9714286,684.6375,654.9714286
2020-06-16 12:30:00,4135001,1IF53ai7Xc0U56Y,684.3714286,740.25,684.3714286
2020-06-16 12:30:00,4135001,zBIq5rxdHJRwDNY,0.0,0.0,0.0
2020-06-16 12:30:00,4135001,pkci93gMrogZuBj,605.5625,748.1571429,605.5625
2020-06-16 12:30:00,4135001,WRmjgnKYAwPKWDb,762.325,810.7285714,762.325
2020-06-16 12:30:00,4135001,bvBOhCH3iADSZry,639.0714286,729.875,639.0714286
2020-06-16 12:30:00,4135001,1BY6WEcLGh8j5v7,683.4285714,713.7125,683.4285714
2020-06-16 12:30:00,4135001,sjndEbLyjtCKgGv,665.2625,690.8285714,665.2625
2020-06-16 12:30:00,4135001,3PZuoBAID5Wc2HD,709.875,803.1571429,709.875
2020-06-16 12:30:00,4135001,YxYtjZvoooNbGkE,683.9285714,734.9625,683.9285714
2020-06-16 12:30:00,4135001,z9Y9gH1T5YWrNuG,663.3125,716.8428571,663.3125
2020-06-16 12:30:00,4135001,uHbuxQJl8lW7ozc,597.0,705.2428571,597.0
2020-06-16 12:30:00,4135001,VHMLBKoKgIrUVDU,736.7571429,862.0571429,736.7571429
2020-06-16 12:30:00,4135001,ZoEaEvLYb1n2sOq,678.8571429,734.2375,678.8571429
2020-06-16 12:30:00,4135001,ZnxXDlPa8U1GXgE,682.9142857,739.6375,682.9142857
2020-06-16 12:30:00,4135001,7JYdWkrLSPkdwr4,686.7142857,812.2571429,686.7142857
2020-06-16 12:30:00,4135001,iCRJl6heRkivqQ3,647.1428571,708.175,647.1428571
2020-06-16 12:30:00,4135001,adLQvlD726eNBSB,703.8285714,792.175,703.8285714
2020-06-16 12:30:00,4135001,rGa61gmuvPhdLxV,630.3428571,681.325,630.3428571
2020-06-16 12:30:00,4135001,wCURE6d3bPkepu2,700.6375,719.9,700.6375
2020-06-16 12:30:00,4135001,McdE0feGgRqW7Ca,683.5375,719.3428571,683.5375
2020-06-16 12:30:00,4135001,ih0vzX44oOqAx2f,676.8285714,675.3625,676.8285714
2020-06-16 12:45:00,4135001,adLQvlD726eNBSB,792.175,463.6714286,792.175
2020-06-16 12:45:00,4135001,uHbuxQJl8lW7ozc,705.2428571,538.45,705.2428571
2020-06-16 12:45:00,4135001,1BY6WEcLGh8j5v7,713.7125,420.4285714,713.7125
2020-06-16 12:45:00,4135001,zBIq5rxdHJRwDNY,0.0,352.9571429,0.0
2020-06-16 12:45:00,4135001,iCRJl6heRkivqQ3,708.175,501.3285714,708.175
2020-06-16 12:45:00,4135001,McdE0feGgRqW7Ca,719.3428571,499.3375,719.3428571
2020-06-16 12:45:00,4135001,z9Y9gH1T5YWrNuG,716.8428571,486.5125,716.8428571
2020-06-16 12:45:00,4135001,bvBOhCH3iADSZry,729.875,419.6142857,729.875
2020-06-16 12:45:00,4135001,VHMLBKoKgIrUVDU,862.0571429,458.2625,862.0571429
2020-06-16 12:45:00,4135001,ZnxXDlPa8U1GXgE,739.6375,470.9714286,739.6375
2020-06-16 12:45:00,4135001,ih0vzX44oOqAx2f,675.3625,465.2857143,675.3625
2020-06-16 12:45:00,4135001,wCURE6d3bPkepu2,719.9,483.325,719.9
2020-06-16 12:45:00,4135001,3PZuoBAID5Wc2HD,803.1571429,467.65,803.1571429
2020-06-16 12:45:00,4135001,ZoEaEvLYb1n2sOq,734.2375,454.8571429,734.2375
2020-06-16 12:45:00,4135001,zVJPv84UY57bAof,684.6375,492.1,684.6375
2020-06-16 12:45:00,4135001,sjndEbLyjtCKgGv,690.8285714,484.3,690.8285714
2020-06-16 12:45:00,4135001,WRmjgnKYAwPKWDb,810.7285714,456.375,810.7285714
2020-06-16 12:45:00,4135001,pkci93gMrogZuBj,748.1571429,527.0375,748.1571429
2020-06-16 12:45:00,4135001,7JYdWkrLSPkdwr4,812.2571429,450.7125,812.2571429
2020-06-16 12:45:00,4135001,YxYtjZvoooNbGkE,734.9625,456.0857143,734.9625
2020-06-16 12:45:00,4135001,1IF53ai7Xc0U56Y,740.25,463.9714286,740.25
2020-06-16 12:45:00,4135001,rGa61gmuvPhdLxV,681.325,492.3142857,681.325
2020-06-16 13:00:00,4135001,zVJPv84UY57bAof,492.1,753.625,492.1
2020-06-16 13:00:00,4135001,ih0vzX44oOqAx2f,465.2857143,688.6857143,465.2857143
2020-06-16 13:00:00,4135001,pkci93gMrogZuBj,527.0375,752.8571429,527.0375
2020-06-16 13:00:00,4135001,YxYtjZvoooNbGkE,456.0857143,718.6375,456.0857143
2020-06-16 13:00:00,4135001,3PZuoBAID5Wc2HD,467.65,708.4571429,467.65
2020-06-16 13:00:00,4135001,ZoEaEvLYb1n2sOq,454.8571429,714.7125,454.8571429
2020-06-16 13:00:00,4135001,1BY6WEcLGh8j5v7,420.4285714,667.3125,420.4285714
2020-06-16 13:00:00,4135001,adLQvlD726eNBSB,463.6714286,749.6375,463.6714286
2020-06-16 13:00:00,4135001,rGa61gmuvPhdLxV,492.3142857,734.6875,492.3142857
2020-06-16 13:00:00,4135001,z9Y9gH1T5YWrNuG,486.5125,709.7285714,486.5125
2020-06-16 13:00:00,4135001,7JYdWkrLSPkdwr4,450.7125,684.3142857,450.7125
2020-06-16 13:00:00,4135001,ZnxXDlPa8U1GXgE,470.9714286,706.4428571,470.9714286
2020-06-16 13:00:00,4135001,uHbuxQJl8lW7ozc,538.45,764.9142857,538.45
2020-06-16 13:00:00,4135001,VHMLBKoKgIrUVDU,458.2625,700.0714286,458.2625
2020-06-16 13:00:00,4135001,WRmjgnKYAwPKWDb,456.375,695.7,456.375
2020-06-16 13:00:00,4135001,McdE0feGgRqW7Ca,499.3375,725.4857143,499.3375
2020-06-16 13:00:00,4135001,iCRJl6heRkivqQ3,501.3285714,742.025,501.3285714
2020-06-16 13:00:00,4135001,1IF53ai7Xc0U56Y,463.9714286,741.975,463.9714286
2020-06-16 13:00:00,4135001,zBIq5rxdHJRwDNY,352.9571429,679.25,352.9571429
2020-06-16 13:00:00,4135001,bvBOhCH3iADSZry,419.6142857,664.525,419.6142857
2020-06-16 13:00:00,4135001,sjndEbLyjtCKgGv,484.3,712.5571429,484.3
2020-06-16 13:00:00,4135001,wCURE6d3bPkepu2,483.325,714.6714286,483.325
2020-06-16 13:15:00,4135001,McdE0feGgRqW7Ca,725.4857143,821.4375,725.4857143
2020-06-16 13:15:00,4135001,WRmjgnKYAwPKWDb,695.7,767.9875,695.7
2020-06-16 13:15:00,4135001,7JYdWkrLSPkdwr4,684.3142857,811.5,684.3142857
2020-06-16 13:15:00,4135001,bvBOhCH3iADSZry,664.525,754.1857143,664.525
2020-06-16 13:15:00,4135001,1IF53ai7Xc0U56Y,741.975,809.5714286,741.975
2020-06-16 13:15:00,4135001,zVJPv84UY57bAof,753.625,782.7714286,753.625
2020-06-16 13:15:00,4135001,pkci93gMrogZuBj,752.8571429,770.5142857,752.8571429
2020-06-16 13:15:00,4135001,sjndEbLyjtCKgGv,712.5571429,799.4,712.5571429
2020-06-16 13:15:00,4135001,ih0vzX44oOqAx2f,688.6857143,790.5,688.6857143
2020-06-16 13:15:00,4135001,rGa61gmuvPhdLxV,734.6875,768.9142857,734.6875
2020-06-16 13:15:00,4135001,YxYtjZvoooNbGkE,718.6375,816.7142857,718.6375
2020-06-16 13:15:00,4135001,3PZuoBAID5Wc2HD,708.4571429,760.3,708.4571429
2020-06-16 13:15:00,4135001,ZnxXDlPa8U1GXgE,706.4428571,833.35,706.4428571
2020-06-16 13:15:00,4135001,zBIq5rxdHJRwDNY,679.25,707.8857143,679.25
2020-06-16 13:15:00,4135001,1BY6WEcLGh8j5v7,667.3125,759.1,667.3125
2020-06-16 13:15:00,4135001,ZoEaEvLYb1n2sOq,714.7125,808.0,714.7125
2020-06-16 13:15:00,4135001,iCRJl6heRkivqQ3,742.025,780.8142857,742.025
2020-06-16 13:15:00,4135001,wCURE6d3bPkepu2,714.6714286,824.125,714.6714286
2020-06-16 13:15:00,4135001,uHbuxQJl8lW7ozc,764.9142857,779.5,764.9142857
2020-06-16 13:15:00,4135001,VHMLBKoKgIrUVDU,700.0714286,835.2125,700.0714286
2020-06-16 13:15:00,4135001,adLQvlD726eNBSB,749.6375,823.5,749.6375
2020-06-16 13:15:00,4135001,z9Y9gH1T5YWrNuG,709.7285714,819.575,709.7285714
2020-06-16 13:30:00,4135001,iCRJl6heRkivqQ3,780.8142857,634.475,780.8142857
2020-06-16 13:30:00,4135001,uHbuxQJl8lW7ozc,779.5,596.45,779.5
2020-06-16 13:30:00,4135001,ZoEaEvLYb1n2sOq,808.0,606.5,808.0
2020-06-16 13:30:00,4135001,ih0vzX44oOqAx2f,790.5,550.1857143,790.5
2020-06-16 13:30:00,4135001,z9Y9gH1T5YWrNuG,819.575,599.5571429,819.575
2020-06-16 13:30:00,4135001,VHMLBKoKgIrUVDU,835.2125,516.2714286,835.2125
2020-06-16 13:30:00,4135001,wCURE6d3bPkepu2,824.125,590.7571429,824.125
2020-06-16 13:30:00,4135001,zBIq5rxdHJRwDNY,707.8857143,561.0875,707.8857143
2020-06-16 13:30:00,4135001,pkci93gMrogZuBj,770.5142857,616.8375,770.5142857
2020-06-16 13:30:00,4135001,1IF53ai7Xc0U56Y,809.5714286,602.625,809.5714286
2020-06-16 13:30:00,4135001,zVJPv84UY57bAof,782.7714286,607.8625,782.7714286
2020-06-16 13:30:00,4135001,bvBOhCH3iADSZry,754.1857143,536.3875,754.1857143
2020-06-16 13:30:00,4135001,adLQvlD726eNBSB,823.5,575.05,823.5
2020-06-16 13:30:00,4135001,YxYtjZvoooNbGkE,816.7142857,626.8375,816.7142857
2020-06-16 13:30:00,4135001,sjndEbLyjtCKgGv,799.4,577.1,799.4
2020-06-16 13:30:00,4135001,rGa61gmuvPhdLxV,768.9142857,612.875,768.9142857
2020-06-16 13:30:00,4135001,McdE0feGgRqW7Ca,821.4375,624.9285714,821.4375
2020-06-16 13:30:00,4135001,7JYdWkrLSPkdwr4,811.5,509.0571429,811.5
2020-06-16 13:30:00,4135001,WRmjgnKYAwPKWDb,767.9875,613.7857143,767.9875
2020-06-16 13:30:00,4135001,3PZuoBAID5Wc2HD,760.3,651.3142857,760.3
2020-06-16 13:30:00,4135001,ZnxXDlPa8U1GXgE,833.35,549.4428571,833.35
2020-06-16 13:30:00,4135001,1BY6WEcLGh8j5v7,759.1,535.5125,759.1
2020-06-16 13:45:00,4135001,sjndEbLyjtCKgGv,577.1,659.975,577.1
2020-06-16 13:45:00,4135001,wCURE6d3bPkepu2,590.7571429,692.0,590.7571429
2020-06-16 13:45:00,4135001,1BY6WEcLGh8j5v7,535.5125,643.4714286,535.5125
2020-06-16 13:45:00,4135001,1IF53ai7Xc0U56Y,602.625,625.7,602.625
2020-06-16 13:45:00,4135001,pkci93gMrogZuBj,616.8375,672.7857143,616.8375
2020-06-16 13:45:00,4135001,YxYtjZvoooNbGkE,626.8375,585.0142857,626.8375
2020-06-16 13:45:00,4135001,3PZuoBAID5Wc2HD,651.3142857,659.6,651.3142857
2020-06-16 13:45:00,4135001,zBIq5rxdHJRwDNY,561.0875,576.9285714,561.0875
2020-06-16 13:45:00,4135001,McdE0feGgRqW7Ca,624.9285714,689.575,624.9285714
2020-06-16 13:45:00,4135001,rGa61gmuvPhdLxV,612.875,634.8142857,612.875
2020-06-16 13:45:00,4135001,ZnxXDlPa8U1GXgE,549.4428571,679.25,549.4428571
2020-06-16 13:45:00,4135001,ih0vzX44oOqAx2f,550.1857143,639.75,550.1857143
2020-06-16 13:45:00,4135001,7JYdWkrLSPkdwr4,509.0571429,587.35,509.0571429
2020-06-16 13:45:00,4135001,adLQvlD726eNBSB,575.05,645.7714286,575.05
2020-06-16 13:45:00,4135001,z9Y9gH1T5YWrNuG,599.5571429,669.1875,599.5571429
2020-06-16 13:45:00,4135001,ZoEaEvLYb1n2sOq,606.5,650.1285714,606.5
2020-06-16 13:45:00,4135001,uHbuxQJl8lW7ozc,596.45,688.9285714,596.45
2020-06-16 13:45:00,4135001,WRmjgnKYAwPKWDb,613.7857143,605.8625,613.7857143
2020-06-16 13:45:00,4135001,bvBOhCH3iADSZry,536.3875,624.4285714,536.3875
2020-06-16 13:45:00,4135001,VHMLBKoKgIrUVDU,516.2714286,631.85,516.2714286
2020-06-16 13:45:00,4135001,zVJPv84UY57bAof,607.8625,650.7714286,607.8625
2020-06-16 13:45:00,4135001,iCRJl6heRkivqQ3,634.475,645.6571429,634.475
2020-06-16 14:00:00,4135001,WRmjgnKYAwPKWDb,605.8625,410.3,605.8625
2020-06-16 14:00:00,4135001,1IF53ai7Xc0U56Y,625.7,439.0875,625.7
2020-06-16 14:00:00,4135001,7JYdWkrLSPkdwr4,587.35,414.5714286,587.35
2020-06-16 14:00:00,4135001,pkci93gMrogZuBj,672.7857143,455.7625,672.7857143
2020-06-16 14:00:00,4135001,sjndEbLyjtCKgGv,659.975,441.4,659.975
2020-06-16 14:00:00,4135001,zVJPv84UY57bAof,650.7714286,456.1125,650.7714286
2020-06-16 14:00:00,4135001,ZoEaEvLYb1n2sOq,650.1285714,432.925,650.1285714
2020-06-16 14:00:00,4135001,adLQvlD726eNBSB,645.7714286,439.0375,645.7714286
2020-06-16 14:00:00,4135001,rGa61gmuvPhdLxV,634.8142857,456.2,634.8142857
2020-06-16 14:00:00,4135001,ih0vzX44oOqAx2f,639.75,423.1,639.75
2020-06-16 14:00:00,4135001,iCRJl6heRkivqQ3,645.6571429,444.0714286,645.6571429
2020-06-16 14:00:00,4135001,z9Y9gH1T5YWrNuG,669.1875,441.0857143,669.1875
2020-06-16 14:00:00,4135001,YxYtjZvoooNbGkE,585.0142857,435.425,585.0142857
2020-06-16 14:00:00,4135001,zBIq5rxdHJRwDNY,576.9285714,402.6142857,576.9285714
2020-06-16 14:00:00,4135001,VHMLBKoKgIrUVDU,631.85,423.4428571,631.85
2020-06-16 14:00:00,4135001,wCURE6d3bPkepu2,692.0,439.5,692.0
2020-06-16 14:00:00,4135001,ZnxXDlPa8U1GXgE,679.25,431.0714286,679.25
2020-06-16 14:00:00,4135001,uHbuxQJl8lW7ozc,688.9285714,466.625,688.9285714
2020-06-16 14:00:00,4135001,3PZuoBAID5Wc2HD,659.6,419.0571429,659.6
2020-06-16 14:00:00,4135001,bvBOhCH3iADSZry,624.4285714,389.8571429,624.4285714
2020-06-16 14:00:00,4135001,McdE0feGgRqW7Ca,689.575,450.4571429,689.575
2020-06-16 14:00:00,4135001,1BY6WEcLGh8j5v7,643.4714286,396.1285714,643.4714286
2020-06-16 14:15:00,4135001,ZoEaEvLYb1n2sOq,432.925,1051.828571,432.925
2020-06-16 14:15:00,4135001,VHMLBKoKgIrUVDU,423.4428571,1032.025,423.4428571
2020-06-16 14:15:00,4135001,zBIq5rxdHJRwDNY,402.6142857,915.55,402.6142857
2020-06-16 14:15:00,4135001,3PZuoBAID5Wc2HD,419.0571429,952.6857143,419.0571429
2020-06-16 14:15:00,4135001,WRmjgnKYAwPKWDb,410.3,904.6571429,410.3
2020-06-16 14:15:00,4135001,rGa61gmuvPhdLxV,456.2,1004.471429,456.2
2020-06-16 14:15:00,4135001,1BY6WEcLGh8j5v7,396.1285714,869.8125,396.1285714
2020-06-16 14:15:00,4135001,ZnxXDlPa8U1GXgE,431.0714286,936.425,431.0714286
2020-06-16 14:15:00,4135001,YxYtjZvoooNbGkE,435.425,1036.642857,435.425
2020-06-16 14:15:00,4135001,z9Y9gH1T5YWrNuG,441.0857143,913.6375,441.0857143
2020-06-16 14:15:00,4135001,1IF53ai7Xc0U56Y,439.0875,983.9142857,439.0875
2020-06-16 14:15:00,4135001,bvBOhCH3iADSZry,389.8571429,837.0125,389.8571429
2020-06-16 14:15:00,4135001,iCRJl6heRkivqQ3,444.0714286,950.7625,444.0714286
2020-06-16 14:15:00,4135001,uHbuxQJl8lW7ozc,466.625,959.3714286,466.625
2020-06-16 14:15:00,4135001,ih0vzX44oOqAx2f,423.1,938.8125,423.1
2020-06-16 14:15:00,4135001,adLQvlD726eNBSB,439.0375,1050.128571,439.0375
2020-06-16 14:15:00,4135001,7JYdWkrLSPkdwr4,414.5714286,1000.4125,414.5714286
2020-06-16 14:15:00,4135001,zVJPv84UY57bAof,456.1125,928.2714286,456.1125
2020-06-16 14:15:00,4135001,sjndEbLyjtCKgGv,441.4,976.2125,441.4
2020-06-16 14:15:00,4135001,wCURE6d3bPkepu2,439.5,966.675,439.5
2020-06-16 14:15:00,4135001,McdE0feGgRqW7Ca,450.4571429,966.925,450.4571429
2020-06-16 14:15:00,4135001,pkci93gMrogZuBj,455.7625,969.6285714,455.7625
2020-06-16 14:30:00,4135001,WRmjgnKYAwPKWDb,904.6571429,755.975,904.6571429
2020-06-16 14:30:00,4135001,wCURE6d3bPkepu2,966.675,685.5857143,966.675
2020-06-16 14:30:00,4135001,zVJPv84UY57bAof,928.2714286,753.7,928.2714286
2020-06-16 14:30:00,4135001,McdE0feGgRqW7Ca,966.925,713.5714286,966.925
2020-06-16 14:30:00,4135001,zBIq5rxdHJRwDNY,915.55,714.6285714,915.55
2020-06-16 14:30:00,4135001,1IF53ai7Xc0U56Y,983.9142857,720.6125,983.9142857
2020-06-16 14:30:00,4135001,ZoEaEvLYb1n2sOq,1051.828571,697.525,1051.828571
2020-06-16 14:30:00,4135001,ih0vzX44oOqAx2f,938.8125,640.6142857,938.8125
2020-06-16 14:30:00,4135001,YxYtjZvoooNbGkE,1036.642857,748.8,1036.642857
2020-06-16 14:30:00,4135001,z9Y9gH1T5YWrNuG,913.6375,685.1571429,913.6375
2020-06-16 14:30:00,4135001,iCRJl6heRkivqQ3,950.7625,717.9142857,950.7625
2020-06-16 14:30:00,4135001,adLQvlD726eNBSB,1050.128571,707.3,1050.128571
2020-06-16 14:30:00,4135001,1BY6WEcLGh8j5v7,869.8125,622.1142857,869.8125
2020-06-16 14:30:00,4135001,sjndEbLyjtCKgGv,976.2125,705.2857143,976.2125
2020-06-16 14:30:00,4135001,pkci93gMrogZuBj,969.6285714,736.0125,969.6285714
2020-06-16 14:30:00,4135001,rGa61gmuvPhdLxV,1004.471429,711.1875,1004.471429
2020-06-16 14:30:00,4135001,VHMLBKoKgIrUVDU,1032.025,772.1,1032.025
2020-06-16 14:30:00,4135001,7JYdWkrLSPkdwr4,1000.4125,782.6142857,1000.4125
2020-06-16 14:30:00,4135001,3PZuoBAID5Wc2HD,952.6857143,718.45,952.6857143
2020-06-16 14:30:00,4135001,bvBOhCH3iADSZry,837.0125,606.9571429,837.0125
2020-06-16 14:30:00,4135001,ZnxXDlPa8U1GXgE,936.425,666.3714286,936.425
2020-06-16 14:30:00,4135001,uHbuxQJl8lW7ozc,959.3714286,778.075,959.3714286
2020-06-16 14:45:00,4135001,7JYdWkrLSPkdwr4,782.6142857,382.6,782.6142857
2020-06-16 14:45:00,4135001,VHMLBKoKgIrUVDU,772.1,394.0,772.1
2020-06-16 14:45:00,4135001,1IF53ai7Xc0U56Y,720.6125,401.9571429,720.6125
2020-06-16 14:45:00,4135001,ZnxXDlPa8U1GXgE,666.3714286,417.275,666.3714286
2020-06-16 14:45:00,4135001,ih0vzX44oOqAx2f,640.6142857,409.95,640.6142857
2020-06-16 14:45:00,4135001,zVJPv84UY57bAof,753.7,428.9,753.7
2020-06-16 14:45:00,4135001,zBIq5rxdHJRwDNY,714.6285714,401.3375,714.6285714
2020-06-16 14:45:00,4135001,wCURE6d3bPkepu2,685.5857143,430.575,685.5857143
2020-06-16 14:45:00,4135001,uHbuxQJl8lW7ozc,778.075,424.2428571,778.075
2020-06-16 14:45:00,4135001,z9Y9gH1T5YWrNuG,685.1571429,436.1375,685.1571429
2020-06-16 14:45:00,4135001,McdE0feGgRqW7Ca,713.5714286,435.8875,713.5714286
2020-06-16 14:45:00,4135001,bvBOhCH3iADSZry,606.9571429,361.275,606.9571429
2020-06-16 14:45:00,4135001,ZoEaEvLYb1n2sOq,697.525,381.4428571,697.525
2020-06-16 14:45:00,4135001,iCRJl6heRkivqQ3,717.9142857,424.5125,717.9142857
2020-06-16 14:45:00,4135001,rGa61gmuvPhdLxV,711.1875,409.7,711.1875
2020-06-16 14:45:00,4135001,3PZuoBAID5Wc2HD,718.45,369.4285714,718.45
2020-06-16 14:45:00,4135001,adLQvlD726eNBSB,707.3,399.3571429,707.3
2020-06-16 14:45:00,4135001,pkci93gMrogZuBj,736.0125,422.8428571,736.0125
2020-06-16 14:45:00,4135001,WRmjgnKYAwPKWDb,755.975,360.8714286,755.975
2020-06-16 14:45:00,4135001,1BY6WEcLGh8j5v7,622.1142857,347.775,622.1142857
2020-06-16 14:45:00,4135001,sjndEbLyjtCKgGv,705.2857143,422.4875,705.2857143
2020-06-16 14:45:00,4135001,YxYtjZvoooNbGkE,748.8,381.8571429,748.8
2020-06-16 15:00:00,4135001,ih0vzX44oOqAx2f,409.95,451.6571429,409.95
2020-06-16 15:00:00,4135001,ZoEaEvLYb1n2sOq,381.4428571,465.65,381.4428571
2020-06-16 15:00:00,4135001,3PZuoBAID5Wc2HD,369.4285714,465.0875,369.4285714
2020-06-16 15:00:00,4135001,1IF53ai7Xc0U56Y,401.9571429,466.2125,401.9571429
2020-06-16 15:00:00,4135001,z9Y9gH1T5YWrNuG,436.1375,461.1142857,436.1375
2020-06-16 15:00:00,4135001,bvBOhCH3iADSZry,361.275,411.1857143,361.275
2020-06-16 15:00:00,4135001,iCRJl6heRkivqQ3,424.5125,461.0857143,424.5125
2020-06-16 15:00:00,4135001,adLQvlD726eNBSB,399.3571429,470.15,399.3571429
2020-06-16 15:00:00,4135001,1BY6WEcLGh8j5v7,347.775,423.4714286,347.775
2020-06-16 15:00:00,4135001,McdE0feGgRqW7Ca,435.8875,463.5571429,435.8875
2020-06-16 15:00:00,4135001,sjndEbLyjtCKgGv,422.4875,450.0857143,422.4875
2020-06-16 15:00:00,4135001,YxYtjZvoooNbGkE,381.8571429,465.0375,381.8571429
2020-06-16 15:00:00,4135001,zBIq5rxdHJRwDNY,401.3375,439.3714286,401.3375
2020-06-16 15:00:00,4135001,zVJPv84UY57bAof,428.9,478.2,428.9
2020-06-16 15:00:00,4135001,ZnxXDlPa8U1GXgE,417.275,458.4285714,417.275
2020-06-16 15:00:00,4135001,WRmjgnKYAwPKWDb,360.8714286,450.8,360.8714286
2020-06-16 15:00:00,4135001,uHbuxQJl8lW7ozc,424.2428571,492.5875,424.2428571
2020-06-16 15:00:00,4135001,7JYdWkrLSPkdwr4,382.6,445.9,382.6
2020-06-16 15:00:00,4135001,rGa61gmuvPhdLxV,409.7,471.125,409.7
2020-06-16 15:00:00,4135001,VHMLBKoKgIrUVDU,394.0,455.3857143,394.0
2020-06-16 15:00:00,4135001,wCURE6d3bPkepu2,430.575,463.1,430.575
2020-06-16 15:00:00,4135001,pkci93gMrogZuBj,422.8428571,481.4625,422.8428571
2020-06-16 15:15:00,4135001,iCRJl6heRkivqQ3,461.0857143,631.4125,461.0857143
2020-06-16 15:15:00,4135001,McdE0feGgRqW7Ca,463.5571429,655.0,463.5571429
2020-06-16 15:15:00,4135001,adLQvlD726eNBSB,470.15,633.5857143,470.15
2020-06-16 15:15:00,4135001,1IF53ai7Xc0U56Y,466.2125,622.8714286,466.2125
2020-06-16 15:15:00,4135001,z9Y9gH1T5YWrNuG,461.1142857,646.45,461.1142857
2020-06-16 15:15:00,4135001,rGa61gmuvPhdLxV,471.125,654.0142857,471.125
2020-06-16 15:15:00,4135001,bvBOhCH3iADSZry,411.1857143,575.5875,411.1857143
2020-06-16 15:15:00,4135001,pkci93gMrogZuBj,481.4625,661.4428571,481.4625
2020-06-16 15:15:00,4135001,zVJPv84UY57bAof,478.2,657.6,478.2
2020-06-16 15:15:00,4135001,zBIq5rxdHJRwDNY,439.3714286,584.9625,439.3714286
2020-06-16 15:15:00,4135001,uHbuxQJl8lW7ozc,492.5875,663.1714286,492.5875
2020-06-16 15:15:00,4135001,1BY6WEcLGh8j5v7,423.4714286,590.3125,423.4714286
2020-06-16 15:15:00,4135001,wCURE6d3bPkepu2,463.1,640.2375,463.1
2020-06-16 15:15:00,4135001,3PZuoBAID5Wc2HD,465.0875,656.3428571,465.0875
2020-06-16 15:15:00,4135001,ZnxXDlPa8U1GXgE,458.4285714,635.1,458.4285714
2020-06-16 15:15:00,4135001,WRmjgnKYAwPKWDb,450.8,629.0142857,450.8
2020-06-16 15:15:00,4135001,ZoEaEvLYb1n2sOq,465.65,645.5571429,465.65
2020-06-16 15:15:00,4135001,7JYdWkrLSPkdwr4,445.9,615.9625,445.9
2020-06-16 15:15:00,4135001,VHMLBKoKgIrUVDU,455.3857143,644.1,455.3857143
2020-06-16 15:15:00,4135001,sjndEbLyjtCKgGv,450.0857143,651.075,450.0857143
2020-06-16 15:15:00,4135001,ih0vzX44oOqAx2f,451.6571429,616.225,451.6571429
2020-06-16 15:15:00,4135001,YxYtjZvoooNbGkE,465.0375,634.6857143,465.0375
2020-06-16 15:30:00,4135001,1BY6WEcLGh8j5v7,590.3125,450.9142857,590.3125
2020-06-16 15:30:00,4135001,sjndEbLyjtCKgGv,651.075,504.6428571,651.075
2020-06-16 15:30:00,4135001,pkci93gMrogZuBj,661.4428571,516.8666667,661.4428571
2020-06-16 15:30:00,4135001,rGa61gmuvPhdLxV,654.0142857,518.1,654.0142857
2020-06-16 15:30:00,4135001,adLQvlD726eNBSB,633.5857143,488.4857143,633.5857143
2020-06-16 15:30:00,4135001,WRmjgnKYAwPKWDb,629.0142857,499.35,629.0142857
2020-06-16 15:30:00,4135001,bvBOhCH3iADSZry,575.5875,441.6571429,575.5875
2020-06-16 15:30:00,4135001,zBIq5rxdHJRwDNY,584.9625,498.8571429,584.9625
2020-06-16 15:30:00,4135001,1IF53ai7Xc0U56Y,622.8714286,485.0428571,622.8714286
2020-06-16 15:30:00,4135001,ih0vzX44oOqAx2f,616.225,474.5714286,616.225
2020-06-16 15:30:00,4135001,McdE0feGgRqW7Ca,655.0,511.3428571,655.0
2020-06-16 15:30:00,4135001,VHMLBKoKgIrUVDU,644.1,478.3,644.1
2020-06-16 15:30:00,4135001,ZnxXDlPa8U1GXgE,635.1,481.6571429,635.1
2020-06-16 15:30:00,4135001,7JYdWkrLSPkdwr4,615.9625,470.3571429,615.9625
2020-06-16 15:30:00,4135001,wCURE6d3bPkepu2,640.2375,497.9714286,640.2375
2020-06-16 15:30:00,4135001,ZoEaEvLYb1n2sOq,645.5571429,497.7125,645.5571429
2020-06-16 15:30:00,4135001,zVJPv84UY57bAof,657.6,512.975,657.6
2020-06-16 15:30:00,4135001,z9Y9gH1T5YWrNuG,646.45,501.0428571,646.45
2020-06-16 15:30:00,4135001,YxYtjZvoooNbGkE,634.6857143,506.65,634.6857143
2020-06-16 15:30:00,4135001,uHbuxQJl8lW7ozc,663.1714286,530.6888889,663.1714286
2020-06-16 15:30:00,4135001,iCRJl6heRkivqQ3,631.4125,515.8285714,631.4125
2020-06-16 15:30:00,4135001,3PZuoBAID5Wc2HD,656.3428571,497.6625,656.3428571
2020-06-16 15:45:00,4135001,1BY6WEcLGh8j5v7,450.9142857,446.75,450.9142857
2020-06-16 15:45:00,4135001,pkci93gMrogZuBj,516.8666667,498.7571429,516.8666667
2020-06-16 15:45:00,4135001,WRmjgnKYAwPKWDb,499.35,500.5,499.35
2020-06-16 15:45:00,4135001,ih0vzX44oOqAx2f,474.5714286,476.4,474.5714286
2020-06-16 15:45:00,4135001,VHMLBKoKgIrUVDU,478.3,492.1625,478.3
2020-06-16 15:45:00,4135001,7JYdWkrLSPkdwr4,470.3571429,484.5,470.3571429
2020-06-16 15:45:00,4135001,bvBOhCH3iADSZry,441.6571429,443.6125,441.6571429
2020-06-16 15:45:00,4135001,rGa61gmuvPhdLxV,518.1,499.8857143,518.1
2020-06-16 15:45:00,4135001,zVJPv84UY57bAof,512.975,484.0285714,512.975
2020-06-16 15:45:00,4135001,wCURE6d3bPkepu2,497.9714286,489.0428571,497.9714286
2020-06-16 15:45:00,4135001,uHbuxQJl8lW7ozc,530.6888889,488.0142857,530.6888889
2020-06-16 15:45:00,4135001,ZnxXDlPa8U1GXgE,481.6571429,492.725,481.6571429
2020-06-16 15:45:00,4135001,zBIq5rxdHJRwDNY,498.8571429,486.075,498.8571429
2020-06-16 15:45:00,4135001,3PZuoBAID5Wc2HD,497.6625,504.8,497.6625
2020-06-16 15:45:00,4135001,ZoEaEvLYb1n2sOq,497.7125,494.4428571,497.7125
2020-06-16 15:45:00,4135001,iCRJl6heRkivqQ3,515.8285714,495.175,515.8285714
2020-06-16 15:45:00,4135001,YxYtjZvoooNbGkE,506.65,485.8142857,506.65
2020-06-16 15:45:00,4135001,adLQvlD726eNBSB,488.4857143,499.6,488.4857143
2020-06-16 15:45:00,4135001,McdE0feGgRqW7Ca,511.3428571,482.85,511.3428571
2020-06-16 15:45:00,4135001,z9Y9gH1T5YWrNuG,501.0428571,481.9142857,501.0428571
2020-06-16 15:45:00,4135001,1IF53ai7Xc0U56Y,485.0428571,500.5125,485.0428571
2020-06-16 15:45:00,4135001,sjndEbLyjtCKgGv,504.6428571,485.9125,504.6428571
2020-06-16 16:00:00,4135001,3PZuoBAID5Wc2HD,504.8,340.025,504.8
2020-06-16 16:00:00,4135001,WRmjgnKYAwPKWDb,500.5,335.9375,500.5
2020-06-16 16:00:00,4135001,pkci93gMrogZuBj,498.7571429,352.3875,498.7571429
2020-06-16 16:00:00,4135001,ZnxXDlPa8U1GXgE,492.725,346.4857143,492.725
2020-06-16 16:00:00,4135001,McdE0feGgRqW7Ca,482.85,346.7857143,482.85
2020-06-16 16:00:00,4135001,uHbuxQJl8lW7ozc,488.0142857,350.1125,488.0142857
2020-06-16 16:00:00,4135001,VHMLBKoKgIrUVDU,492.1625,341.7428571,492.1625
2020-06-16 16:00:00,4135001,1IF53ai7Xc0U56Y,500.5125,352.0714286,500.5125
2020-06-16 16:00:00,4135001,bvBOhCH3iADSZry,443.6125,317.2285714,443.6125
2020-06-16 16:00:00,4135001,sjndEbLyjtCKgGv,485.9125,344.7857143,485.9125
2020-06-16 16:00:00,4135001,rGa61gmuvPhdLxV,499.8857143,358.4571429,499.8857143
2020-06-16 16:00:00,4135001,iCRJl6heRkivqQ3,495.175,354.2857143,495.175
2020-06-16 16:00:00,4135001,z9Y9gH1T5YWrNuG,481.9142857,341.8,481.9142857
2020-06-16 16:00:00,4135001,zVJPv84UY57bAof,484.0285714,353.2285714,484.0285714
2020-06-16 16:00:00,4135001,wCURE6d3bPkepu2,489.0428571,346.625,489.0428571
2020-06-16 16:00:00,4135001,zBIq5rxdHJRwDNY,486.075,345.7571429,486.075
2020-06-16 16:00:00,4135001,ih0vzX44oOqAx2f,476.4,337.1285714,476.4
2020-06-16 16:00:00,4135001,7JYdWkrLSPkdwr4,484.5,335.5142857,484.5
2020-06-16 16:00:00,4135001,ZoEaEvLYb1n2sOq,494.4428571,343.975,494.4428571
2020-06-16 16:00:00,4135001,YxYtjZvoooNbGkE,485.8142857,341.525,485.8142857
2020-06-16 16:00:00,4135001,adLQvlD726eNBSB,499.6,354.7714286,499.6
2020-06-16 16:00:00,4135001,1BY6WEcLGh8j5v7,446.75,314.8714286,446.75
2020-06-16 16:15:00,4135001,z9Y9gH1T5YWrNuG,341.8,264.9857143,341.8
2020-06-16 16:15:00,4135001,McdE0feGgRqW7Ca,346.7857143,271.8428571,346.7857143
2020-06-16 16:15:00,4135001,adLQvlD726eNBSB,354.7714286,255.3875,354.7714286
2020-06-16 16:15:00,4135001,YxYtjZvoooNbGkE,341.525,259.4857143,341.525
2020-06-16 16:15:00,4135001,3PZuoBAID5Wc2HD,340.025,255.2571429,340.025
2020-06-16 16:15:00,4135001,1BY6WEcLGh8j5v7,314.8714286,235.9125,314.8714286
2020-06-16 16:15:00,4135001,wCURE6d3bPkepu2,346.625,265.4571429,346.625
2020-06-16 16:15:00,4135001,uHbuxQJl8lW7ozc,350.1125,269.7,350.1125
2020-06-16 16:15:00,4135001,sjndEbLyjtCKgGv,344.7857143,270.0142857,344.7857143
2020-06-16 16:15:00,4135001,pkci93gMrogZuBj,352.3875,271.0857143,352.3875
2020-06-16 16:15:00,4135001,VHMLBKoKgIrUVDU,341.7428571,254.875,341.7428571
2020-06-16 16:15:00,4135001,1IF53ai7Xc0U56Y,352.0714286,252.5625,352.0714286
2020-06-16 16:15:00,4135001,ih0vzX44oOqAx2f,337.1285714,256.375,337.1285714
2020-06-16 16:15:00,4135001,ZoEaEvLYb1n2sOq,343.975,253.7714286,343.975
2020-06-16 16:15:00,4135001,ZnxXDlPa8U1GXgE,346.4857143,256.3125,346.4857143
2020-06-16 16:15:00,4135001,WRmjgnKYAwPKWDb,335.9375,253.0142857,335.9375
2020-06-16 16:15:00,4135001,zBIq5rxdHJRwDNY,345.7571429,260.075,345.7571429
2020-06-16 16:15:00,4135001,7JYdWkrLSPkdwr4,335.5142857,255.4875,335.5142857
2020-06-16 16:15:00,4135001,bvBOhCH3iADSZry,317.2285714,232.7875,317.2285714
2020-06-16 16:15:00,4135001,iCRJl6heRkivqQ3,354.2857143,270.3375,354.2857143
2020-06-16 16:15:00,4135001,rGa61gmuvPhdLxV,358.4571429,272.8125,358.4571429
2020-06-16 16:15:00,4135001,zVJPv84UY57bAof,353.2285714,269.6125,353.2285714
2020-06-16 16:30:00,4135001,adLQvlD726eNBSB,255.3875,218.3857143,255.3875
2020-06-16 16:30:00,4135001,rGa61gmuvPhdLxV,272.8125,222.5142857,272.8125
2020-06-16 16:30:00,4135001,ih0vzX44oOqAx2f,256.375,214.6714286,256.375
2020-06-16 16:30:00,4135001,uHbuxQJl8lW7ozc,269.7,221.425,269.7
2020-06-16 16:30:00,4135001,ZnxXDlPa8U1GXgE,256.3125,219.2285714,256.3125
2020-06-16 16:30:00,4135001,1BY6WEcLGh8j5v7,235.9125,199.2714286,235.9125
2020-06-16 16:30:00,4135001,zBIq5rxdHJRwDNY,260.075,215.2,260.075
2020-06-16 16:30:00,4135001,WRmjgnKYAwPKWDb,253.0142857,210.0375,253.0142857
2020-06-16 16:30:00,4135001,zVJPv84UY57bAof,269.6125,221.3285714,269.6125
2020-06-16 16:30:00,4135001,YxYtjZvoooNbGkE,259.4857143,218.1428571,259.4857143
2020-06-16 16:30:00,4135001,7JYdWkrLSPkdwr4,255.4875,211.5428571,255.4875
2020-06-16 16:30:00,4135001,VHMLBKoKgIrUVDU,254.875,214.2142857,254.875
2020-06-16 16:30:00,4135001,3PZuoBAID5Wc2HD,255.2571429,212.5,255.2571429
2020-06-16 16:30:00,4135001,iCRJl6heRkivqQ3,270.3375,221.7142857,270.3375
2020-06-16 16:30:00,4135001,z9Y9gH1T5YWrNuG,264.9857143,218.775,264.9857143
2020-06-16 16:30:00,4135001,1IF53ai7Xc0U56Y,252.5625,217.1428571,252.5625
2020-06-16 16:30:00,4135001,McdE0feGgRqW7Ca,271.8428571,224.825,271.8428571
2020-06-16 16:30:00,4135001,bvBOhCH3iADSZry,232.7875,198.3571429,232.7875
2020-06-16 16:30:00,4135001,pkci93gMrogZuBj,271.0857143,221.425,271.0857143
2020-06-16 16:30:00,4135001,wCURE6d3bPkepu2,265.4571429,220.5,265.4571429
2020-06-16 16:30:00,4135001,ZoEaEvLYb1n2sOq,253.7714286,218.5142857,253.7714286
2020-06-16 16:30:00,4135001,sjndEbLyjtCKgGv,270.0142857,222.6375,270.0142857
2020-06-16 16:45:00,4135001,zBIq5rxdHJRwDNY,215.2,186.475,215.2
2020-06-16 16:45:00,4135001,1BY6WEcLGh8j5v7,199.2714286,173.5375,199.2714286
2020-06-16 16:45:00,4135001,wCURE6d3bPkepu2,220.5,189.1714286,220.5
2020-06-16 16:45:00,4135001,zVJPv84UY57bAof,221.3285714,192.45,221.3285714
2020-06-16 16:45:00,4135001,7JYdWkrLSPkdwr4,211.5428571,185.0428571,211.5428571
2020-06-16 16:45:00,4135001,sjndEbLyjtCKgGv,222.6375,190.6142857,222.6375
2020-06-16 16:45:00,4135001,1IF53ai7Xc0U56Y,217.1428571,189.9875,217.1428571
2020-06-16 16:45:00,4135001,z9Y9gH1T5YWrNuG,218.775,187.9571429,218.775
2020-06-16 16:45:00,4135001,rGa61gmuvPhdLxV,222.5142857,192.7125,222.5142857
2020-06-16 16:45:00,4135001,3PZuoBAID5Wc2HD,212.5,186.6,212.5
2020-06-16 16:45:00,4135001,YxYtjZvoooNbGkE,218.1428571,189.375,218.1428571
2020-06-16 16:45:00,4135001,WRmjgnKYAwPKWDb,210.0375,185.0285714,210.0375
2020-06-16 16:45:00,4135001,adLQvlD726eNBSB,218.3857143,191.85,218.3857143
2020-06-16 16:45:00,4135001,ih0vzX44oOqAx2f,214.6714286,185.7625,214.6714286
2020-06-16 16:45:00,4135001,McdE0feGgRqW7Ca,224.825,192.5285714,224.825
2020-06-16 16:45:00,4135001,bvBOhCH3iADSZry,198.3571429,172.9,198.3571429
2020-06-16 16:45:00,4135001,iCRJl6heRkivqQ3,221.7142857,192.225,221.7142857
2020-06-16 16:45:00,4135001,uHbuxQJl8lW7ozc,221.425,192.2857143,221.425
2020-06-16 16:45:00,4135001,ZoEaEvLYb1n2sOq,218.5142857,189.525,218.5142857
2020-06-16 16:45:00,4135001,pkci93gMrogZuBj,221.425,191.6142857,221.425
2020-06-16 16:45:00,4135001,ZnxXDlPa8U1GXgE,219.2285714,189.95,219.2285714
2020-06-16 16:45:00,4135001,VHMLBKoKgIrUVDU,214.2142857,187.9142857,214.2142857
2020-06-16 17:00:00,4135001,wCURE6d3bPkepu2,189.1714286,171.2625,189.1714286
2020-06-16 17:00:00,4135001,ih0vzX44oOqAx2f,185.7625,167.7142857,185.7625
2020-06-16 17:00:00,4135001,zBIq5rxdHJRwDNY,186.475,167.3857143,186.475
2020-06-16 17:00:00,4135001,ZoEaEvLYb1n2sOq,189.525,170.4,189.525
2020-06-16 17:00:00,4135001,uHbuxQJl8lW7ozc,192.2857143,172.1,192.2857143
2020-06-16 17:00:00,4135001,1BY6WEcLGh8j5v7,173.5375,158.0285714,173.5375
2020-06-16 17:00:00,4135001,7JYdWkrLSPkdwr4,185.0428571,169.225,185.0428571
2020-06-16 17:00:00,4135001,1IF53ai7Xc0U56Y,189.9875,173.0857143,189.9875
2020-06-16 17:00:00,4135001,McdE0feGgRqW7Ca,192.5285714,173.9125,192.5285714
2020-06-16 17:00:00,4135001,adLQvlD726eNBSB,191.85,175.2285714,191.85
2020-06-16 17:00:00,4135001,pkci93gMrogZuBj,191.6142857,171.85,191.6142857
2020-06-16 17:00:00,4135001,bvBOhCH3iADSZry,172.9,156.9142857,172.9
2020-06-16 17:00:00,4135001,zVJPv84UY57bAof,192.45,171.4857143,192.45
2020-06-16 17:00:00,4135001,3PZuoBAID5Wc2HD,186.6,171.225,186.6
2020-06-16 17:00:00,4135001,ZnxXDlPa8U1GXgE,189.95,171.8,189.95
2020-06-16 17:00:00,4135001,VHMLBKoKgIrUVDU,187.9142857,172.275,187.9142857
2020-06-16 17:00:00,4135001,sjndEbLyjtCKgGv,190.6142857,172.425,190.6142857
2020-06-16 17:00:00,4135001,rGa61gmuvPhdLxV,192.7125,172.6714286,192.7125
2020-06-16 17:00:00,4135001,z9Y9gH1T5YWrNuG,187.9571429,169.6125,187.9571429
2020-06-16 17:00:00,4135001,YxYtjZvoooNbGkE,189.375,169.9428571,189.375
2020-06-16 17:00:00,4135001,WRmjgnKYAwPKWDb,185.0285714,170.125,185.0285714
2020-06-16 17:00:00,4135001,iCRJl6heRkivqQ3,192.225,172.3142857,192.225
2020-06-16 17:15:00,4135001,iCRJl6heRkivqQ3,172.3142857,142.4875,172.3142857
2020-06-16 17:15:00,4135001,adLQvlD726eNBSB,175.2285714,145.65,175.2285714
2020-06-16 17:15:00,4135001,YxYtjZvoooNbGkE,169.9428571,141.8625,169.9428571
2020-06-16 17:15:00,4135001,zBIq5rxdHJRwDNY,167.3857143,138.6625,167.3857143
2020-06-16 17:15:00,4135001,uHbuxQJl8lW7ozc,172.1,142.3428571,172.1
2020-06-16 17:15:00,4135001,rGa61gmuvPhdLxV,172.6714286,143.3,172.6714286
2020-06-16 17:15:00,4135001,ZnxXDlPa8U1GXgE,171.8,144.4285714,171.8
2020-06-16 17:15:00,4135001,3PZuoBAID5Wc2HD,171.225,141.2285714,171.225
2020-06-16 17:15:00,4135001,bvBOhCH3iADSZry,156.9142857,129.5625,156.9142857
2020-06-16 17:15:00,4135001,McdE0feGgRqW7Ca,173.9125,144.6714286,173.9125
2020-06-16 17:15:00,4135001,zVJPv84UY57bAof,171.4857143,142.5375,171.4857143
2020-06-16 17:15:00,4135001,1IF53ai7Xc0U56Y,173.0857143,143.9375,173.0857143
2020-06-16 17:15:00,4135001,wCURE6d3bPkepu2,171.2625,142.1142857,171.2625
2020-06-16 17:15:00,4135001,z9Y9gH1T5YWrNuG,169.6125,141.0571429,169.6125
2020-06-16 17:15:00,4135001,ZoEaEvLYb1n2sOq,170.4,142.1375,170.4
2020-06-16 17:15:00,4135001,sjndEbLyjtCKgGv,172.425,143.3571429,172.425
2020-06-16 17:15:00,4135001,7JYdWkrLSPkdwr4,169.225,141.2142857,169.225
2020-06-16 17:15:00,4135001,WRmjgnKYAwPKWDb,170.125,140.5857143,170.125
2020-06-16 17:15:00,4135001,pkci93gMrogZuBj,171.85,141.9,171.85
2020-06-16 17:15:00,4135001,VHMLBKoKgIrUVDU,172.275,143.6,172.275
2020-06-16 17:15:00,4135001,ih0vzX44oOqAx2f,167.7142857,141.2428571,167.7142857
2020-06-16 17:15:00,4135001,1BY6WEcLGh8j5v7,158.0285714,130.5875,158.0285714
2020-06-16 17:30:00,4135001,WRmjgnKYAwPKWDb,140.5857143,100.3,140.5857143
2020-06-16 17:30:00,4135001,1IF53ai7Xc0U56Y,143.9375,102.8142857,143.9375
2020-06-16 17:30:00,4135001,iCRJl6heRkivqQ3,142.4875,101.1,142.4875
2020-06-16 17:30:00,4135001,ih0vzX44oOqAx2f,141.2428571,101.0875,141.2428571
2020-06-16 17:30:00,4135001,pkci93gMrogZuBj,141.9,102.8,141.9
2020-06-16 17:30:00,4135001,3PZuoBAID5Wc2HD,141.2285714,100.775,141.2285714
2020-06-16 17:30:00,4135001,YxYtjZvoooNbGkE,141.8625,101.1428571,141.8625
2020-06-16 17:30:00,4135001,bvBOhCH3iADSZry,129.5625,92.25714286,129.5625
2020-06-16 17:30:00,4135001,7JYdWkrLSPkdwr4,141.2142857,101.0875,141.2142857
2020-06-16 17:30:00,4135001,sjndEbLyjtCKgGv,143.3571429,102.2625,143.3571429
2020-06-16 17:30:00,4135001,wCURE6d3bPkepu2,142.1142857,101.4875,142.1142857
2020-06-16 17:30:00,4135001,ZoEaEvLYb1n2sOq,142.1375,101.2714286,142.1375
2020-06-16 17:30:00,4135001,ZnxXDlPa8U1GXgE,144.4285714,103.4625,144.4285714
2020-06-16 17:30:00,4135001,adLQvlD726eNBSB,145.65,104.3714286,145.65
2020-06-16 17:30:00,4135001,z9Y9gH1T5YWrNuG,141.0571429,100.8875,141.0571429
2020-06-16 17:30:00,4135001,McdE0feGgRqW7Ca,144.6714286,103.2625,144.6714286
2020-06-16 17:30:00,4135001,zBIq5rxdHJRwDNY,138.6625,97.98571429,138.6625
2020-06-16 17:30:00,4135001,uHbuxQJl8lW7ozc,142.3428571,103.0,142.3428571
2020-06-16 17:30:00,4135001,zVJPv84UY57bAof,142.5375,101.2285714,142.5375
2020-06-16 17:30:00,4135001,rGa61gmuvPhdLxV,143.3,101.7,143.3
2020-06-16 17:30:00,4135001,1BY6WEcLGh8j5v7,130.5875,93.08571429,130.5875
2020-06-16 17:30:00,4135001,VHMLBKoKgIrUVDU,143.6,102.8875,143.6
2020-06-16 17:45:00,4135001,rGa61gmuvPhdLxV,101.7,67.5375,101.7
2020-06-16 17:45:00,4135001,VHMLBKoKgIrUVDU,102.8875,68.62857143,102.8875
2020-06-16 17:45:00,4135001,WRmjgnKYAwPKWDb,100.3,66.34285714,100.3
2020-06-16 17:45:00,4135001,1BY6WEcLGh8j5v7,93.08571429,63.87142857,93.08571429
2020-06-16 17:45:00,4135001,wCURE6d3bPkepu2,101.4875,67.57142857,101.4875
2020-06-16 17:45:00,4135001,zBIq5rxdHJRwDNY,97.98571429,64.925,97.98571429
2020-06-16 17:45:00,4135001,ZnxXDlPa8U1GXgE,103.4625,68.91428571,103.4625
2020-06-16 17:45:00,4135001,3PZuoBAID5Wc2HD,100.775,66.77142857,100.775
2020-06-16 17:45:00,4135001,7JYdWkrLSPkdwr4,101.0875,67.45714286,101.0875
2020-06-16 17:45:00,4135001,ZoEaEvLYb1n2sOq,101.2714286,67.2625,101.2714286
2020-06-16 17:45:00,4135001,ih0vzX44oOqAx2f,101.0875,67.6,101.0875
2020-06-16 17:45:00,4135001,z9Y9gH1T5YWrNuG,100.8875,67.17142857,100.8875
2020-06-16 17:45:00,4135001,1IF53ai7Xc0U56Y,102.8142857,68.55,102.8142857
2020-06-16 17:45:00,4135001,iCRJl6heRkivqQ3,101.1,67.05,101.1
2020-06-16 17:45:00,4135001,sjndEbLyjtCKgGv,102.2625,68.14285714,102.2625
2020-06-16 17:45:00,4135001,zVJPv84UY57bAof,101.2285714,67.175,101.2285714
2020-06-16 17:45:00,4135001,adLQvlD726eNBSB,104.3714286,69.575,104.3714286
2020-06-16 17:45:00,4135001,pkci93gMrogZuBj,102.8,68.4375,102.8
2020-06-16 17:45:00,4135001,McdE0feGgRqW7Ca,103.2625,68.8,103.2625
2020-06-16 17:45:00,4135001,YxYtjZvoooNbGkE,101.1428571,67.35,101.1428571
2020-06-16 17:45:00,4135001,uHbuxQJl8lW7ozc,103.0,68.8375,103.0
2020-06-16 17:45:00,4135001,bvBOhCH3iADSZry,92.25714286,62.98571429,92.25714286
2020-06-16 18:00:00,4135001,ih0vzX44oOqAx2f,67.6,34.4,67.6
2020-06-16 18:00:00,4135001,rGa61gmuvPhdLxV,67.5375,33.44285714,67.5375
2020-06-16 18:00:00,4135001,1BY6WEcLGh8j5v7,63.87142857,32.4,63.87142857
2020-06-16 18:00:00,4135001,WRmjgnKYAwPKWDb,66.34285714,34.38571429,66.34285714
2020-06-16 18:00:00,4135001,McdE0feGgRqW7Ca,68.8,31.525,68.8
2020-06-16 18:00:00,4135001,1IF53ai7Xc0U56Y,68.55,34.34285714,68.55
2020-06-16 18:00:00,4135001,zVJPv84UY57bAof,67.175,33.14285714,67.175
2020-06-16 18:00:00,4135001,zBIq5rxdHJRwDNY,64.925,31.77142857,64.925
2020-06-16 18:00:00,4135001,z9Y9gH1T5YWrNuG,67.17142857,30.5625,67.17142857
2020-06-16 18:00:00,4135001,YxYtjZvoooNbGkE,67.35,33.7,67.35
2020-06-16 18:00:00,4135001,ZnxXDlPa8U1GXgE,68.91428571,34.925,68.91428571
2020-06-16 18:00:00,4135001,iCRJl6heRkivqQ3,67.05,32.9,67.05
2020-06-16 18:00:00,4135001,sjndEbLyjtCKgGv,68.14285714,30.8375,68.14285714
2020-06-16 18:00:00,4135001,pkci93gMrogZuBj,68.4375,34.34285714,68.4375
2020-06-16 18:00:00,4135001,wCURE6d3bPkepu2,67.57142857,30.4,67.57142857
2020-06-16 18:00:00,4135001,7JYdWkrLSPkdwr4,67.45714286,34.175,67.45714286
2020-06-16 18:00:00,4135001,bvBOhCH3iADSZry,62.98571429,31.8375,62.98571429
2020-06-16 18:00:00,4135001,3PZuoBAID5Wc2HD,66.77142857,34.71428571,66.77142857
2020-06-16 18:00:00,4135001,uHbuxQJl8lW7ozc,68.8375,34.6,68.8375
2020-06-16 18:00:00,4135001,ZoEaEvLYb1n2sOq,67.2625,33.67142857,67.2625
2020-06-16 18:00:00,4135001,adLQvlD726eNBSB,69.575,35.31428571,69.575
2020-06-16 18:00:00,4135001,VHMLBKoKgIrUVDU,68.62857143,34.55,68.62857143
2020-06-16 18:15:00,4135001,VHMLBKoKgIrUVDU,34.55,7.671428571,34.55
2020-06-16 18:15:00,4135001,YxYtjZvoooNbGkE,33.7,6.2625,33.7
2020-06-16 18:15:00,4135001,ZnxXDlPa8U1GXgE,34.925,7.871428571,34.925
2020-06-16 18:15:00,4135001,7JYdWkrLSPkdwr4,34.175,7.642857143,34.175
2020-06-16 18:15:00,4135001,3PZuoBAID5Wc2HD,34.71428571,8.5375,34.71428571
2020-06-16 18:15:00,4135001,bvBOhCH3iADSZry,31.8375,7.114285714,31.8375
2020-06-16 18:15:00,4135001,pkci93gMrogZuBj,34.34285714,6.2875,34.34285714
2020-06-16 18:15:00,4135001,McdE0feGgRqW7Ca,31.525,7.842857143,31.525
2020-06-16 18:15:00,4135001,zVJPv84UY57bAof,33.14285714,7.05,33.14285714
2020-06-16 18:15:00,4135001,rGa61gmuvPhdLxV,33.44285714,7.2125,33.44285714
2020-06-16 18:15:00,4135001,uHbuxQJl8lW7ozc,34.6,6.2,34.6
2020-06-16 18:15:00,4135001,1IF53ai7Xc0U56Y,34.34285714,7.4,34.34285714
2020-06-16 18:15:00,4135001,ZoEaEvLYb1n2sOq,33.67142857,6.225,33.67142857
2020-06-16 18:15:00,4135001,adLQvlD726eNBSB,35.31428571,8.8,35.31428571
2020-06-16 18:15:00,4135001,iCRJl6heRkivqQ3,32.9,5.714285714,32.9
2020-06-16 18:15:00,4135001,sjndEbLyjtCKgGv,30.8375,7.657142857,30.8375
2020-06-16 18:15:00,4135001,1BY6WEcLGh8j5v7,32.4,7.271428571,32.4
2020-06-16 18:15:00,4135001,z9Y9gH1T5YWrNuG,30.5625,7.457142857,30.5625
2020-06-16 18:15:00,4135001,ih0vzX44oOqAx2f,34.4,7.8,34.4
2020-06-16 18:15:00,4135001,wCURE6d3bPkepu2,30.4,7.457142857,30.4
2020-06-16 18:15:00,4135001,zBIq5rxdHJRwDNY,31.77142857,5.157142857,31.77142857
2020-06-16 18:15:00,4135001,WRmjgnKYAwPKWDb,34.38571429,8.5625,34.38571429
2020-06-16 18:30:00,4135001,ih0vzX44oOqAx2f,7.8,0.0,7.8
2020-06-16 18:30:00,4135001,zBIq5rxdHJRwDNY,5.157142857,0.0,5.157142857
2020-06-16 18:30:00,4135001,iCRJl6heRkivqQ3,5.714285714,0.0,5.714285714
2020-06-16 18:30:00,4135001,WRmjgnKYAwPKWDb,8.5625,0.0,8.5625
2020-06-16 18:30:00,4135001,z9Y9gH1T5YWrNuG,7.457142857,0.0,7.457142857
2020-06-16 18:30:00,4135001,adLQvlD726eNBSB,8.8,0.0,8.8
2020-06-16 18:30:00,4135001,ZoEaEvLYb1n2sOq,6.225,0.0,6.225
2020-06-16 18:30:00,4135001,ZnxXDlPa8U1GXgE,7.871428571,0.0,7.871428571
2020-06-16 18:30:00,4135001,zVJPv84UY57bAof,7.05,0.0,7.05
2020-06-16 18:30:00,4135001,pkci93gMrogZuBj,6.2875,0.0,6.2875
2020-06-16 18:30:00,4135001,1BY6WEcLGh8j5v7,7.271428571,0.0,7.271428571
2020-06-16 18:30:00,4135001,McdE0feGgRqW7Ca,7.842857143,0.0,7.842857143
2020-06-16 18:30:00,4135001,bvBOhCH3iADSZry,7.114285714,0.0,7.114285714
2020-06-16 18:30:00,4135001,VHMLBKoKgIrUVDU,7.671428571,0.0,7.671428571
2020-06-16 18:30:00,4135001,wCURE6d3bPkepu2,7.457142857,0.0,7.457142857
2020-06-16 18:30:00,4135001,3PZuoBAID5Wc2HD,8.5375,0.0,8.5375
2020-06-16 18:30:00,4135001,sjndEbLyjtCKgGv,7.657142857,0.0,7.657142857
2020-06-16 18:30:00,4135001,1IF53ai7Xc0U56Y,7.4,0.0,7.4
2020-06-16 18:30:00,4135001,YxYtjZvoooNbGkE,6.2625,0.0,6.2625
2020-06-16 18:30:00,4135001,uHbuxQJl8lW7ozc,6.2,0.0,6.2
2020-06-16 18:30:00,4135001,rGa61gmuvPhdLxV,7.2125,0.0,7.2125
2020-06-16 18:30:00,4135001,7JYdWkrLSPkdwr4,7.642857143,0.0,7.642857143
2020-06-16 18:45:00,4135001,iCRJl6heRkivqQ3,0.0,0.0,0.0
2020-06-16 18:45:00,4135001,McdE0feGgRqW7Ca,0.0,0.0,0.0
2020-06-16 18:45:00,4135001,bvBOhCH3iADSZry,0.0,0.0,0.0
2020-06-16 18:45:00,4135001,sjndEbLyjtCKgGv,0.0,0.0,0.0
2020-06-16 18:45:00,4135001,3PZuoBAID5Wc2HD,0.0,0.0,0.0
2020-06-16 18:45:00,4135001,ZoEaEvLYb1n2sOq,0.0,0.0,0.0
2020-06-16 18:45:00,4135001,adLQvlD726eNBSB,0.0,0.0,0.0
2020-06-16 18:45:00,4135001,wCURE6d3bPkepu2,0.0,0.0,0.0
2020-06-16 18:45:00,4135001,uHbuxQJl8lW7ozc,0.0,0.0,0.0
2020-06-16 18:45:00,4135001,1IF53ai7Xc0U56Y,0.0,0.0,0.0
2020-06-16 18:45:00,4135001,YxYtjZvoooNbGkE,0.0,0.0,0.0
2020-06-16 18:45:00,4135001,pkci93gMrogZuBj,0.0,0.0,0.0
2020-06-16 18:45:00,4135001,VHMLBKoKgIrUVDU,0.0,0.0,0.0
2020-06-16 18:45:00,4135001,ih0vzX44oOqAx2f,0.0,0.0,0.0
2020-06-16 18:45:00,4135001,z9Y9gH1T5YWrNuG,0.0,0.0,0.0
2020-06-16 18:45:00,4135001,1BY6WEcLGh8j5v7,0.0,0.0,0.0
2020-06-16 18:45:00,4135001,rGa61gmuvPhdLxV,0.0,0.0,0.0
2020-06-16 18:45:00,4135001,ZnxXDlPa8U1GXgE,0.0,0.0,0.0
2020-06-16 18:45:00,4135001,WRmjgnKYAwPKWDb,0.0,0.0,0.0
2020-06-16 18:45:00,4135001,zVJPv84UY57bAof,0.0,0.0,0.0
2020-06-16 18:45:00,4135001,7JYdWkrLSPkdwr4,0.0,0.0,0.0
2020-06-16 18:45:00,4135001,zBIq5rxdHJRwDNY,0.0,0.0,0.0
2020-06-16 19:00:00,4135001,adLQvlD726eNBSB,0.0,0.0,0.0
2020-06-16 19:00:00,4135001,1IF53ai7Xc0U56Y,0.0,0.0,0.0
2020-06-16 19:00:00,4135001,iCRJl6heRkivqQ3,0.0,0.0,0.0
2020-06-16 19:00:00,4135001,McdE0feGgRqW7Ca,0.0,0.0,0.0
2020-06-16 19:00:00,4135001,uHbuxQJl8lW7ozc,0.0,0.0,0.0
2020-06-16 19:00:00,4135001,z9Y9gH1T5YWrNuG,0.0,0.0,0.0
2020-06-16 19:00:00,4135001,sjndEbLyjtCKgGv,0.0,0.0,0.0
2020-06-16 19:00:00,4135001,ZoEaEvLYb1n2sOq,0.0,0.0,0.0
2020-06-16 19:00:00,4135001,3PZuoBAID5Wc2HD,0.0,0.0,0.0
2020-06-16 19:00:00,4135001,ih0vzX44oOqAx2f,0.0,0.0,0.0
2020-06-16 19:00:00,4135001,wCURE6d3bPkepu2,0.0,0.0,0.0
2020-06-16 19:00:00,4135001,7JYdWkrLSPkdwr4,0.0,0.0,0.0
2020-06-16 19:00:00,4135001,pkci93gMrogZuBj,0.0,0.0,0.0
2020-06-16 19:00:00,4135001,zVJPv84UY57bAof,0.0,0.0,0.0
2020-06-16 19:00:00,4135001,WRmjgnKYAwPKWDb,0.0,0.0,0.0
2020-06-16 19:00:00,4135001,rGa61gmuvPhdLxV,0.0,0.0,0.0
2020-06-16 19:00:00,4135001,zBIq5rxdHJRwDNY,0.0,0.0,0.0
2020-06-16 19:00:00,4135001,1BY6WEcLGh8j5v7,0.0,0.0,0.0
2020-06-16 19:00:00,4135001,VHMLBKoKgIrUVDU,0.0,0.0,0.0
2020-06-16 19:00:00,4135001,YxYtjZvoooNbGkE,0.0,0.0,0.0
2020-06-16 19:00:00,4135001,bvBOhCH3iADSZry,0.0,0.0,0.0
2020-06-16 19:00:00,4135001,ZnxXDlPa8U1GXgE,0.0,0.0,0.0
2020-06-16 19:15:00,4135001,ih0vzX44oOqAx2f,0.0,0.0,0.0
2020-06-16 19:15:00,4135001,McdE0feGgRqW7Ca,0.0,0.0,0.0
2020-06-16 19:15:00,4135001,7JYdWkrLSPkdwr4,0.0,0.0,0.0
2020-06-16 19:15:00,4135001,1BY6WEcLGh8j5v7,0.0,0.0,0.0
2020-06-16 19:15:00,4135001,zVJPv84UY57bAof,0.0,0.0,0.0
2020-06-16 19:15:00,4135001,iCRJl6heRkivqQ3,0.0,0.0,0.0
2020-06-16 19:15:00,4135001,ZnxXDlPa8U1GXgE,0.0,0.0,0.0
2020-06-16 19:15:00,4135001,YxYtjZvoooNbGkE,0.0,0.0,0.0
2020-06-16 19:15:00,4135001,WRmjgnKYAwPKWDb,0.0,0.0,0.0
2020-06-16 19:15:00,4135001,sjndEbLyjtCKgGv,0.0,0.0,0.0
2020-06-16 19:15:00,4135001,1IF53ai7Xc0U56Y,0.0,0.0,0.0
2020-06-16 19:15:00,4135001,z9Y9gH1T5YWrNuG,0.0,0.0,0.0
2020-06-16 19:15:00,4135001,ZoEaEvLYb1n2sOq,0.0,0.0,0.0
2020-06-16 19:15:00,4135001,zBIq5rxdHJRwDNY,0.0,0.0,0.0
2020-06-16 19:15:00,4135001,adLQvlD726eNBSB,0.0,0.0,0.0
2020-06-16 19:15:00,4135001,rGa61gmuvPhdLxV,0.0,0.0,0.0
2020-06-16 19:15:00,4135001,bvBOhCH3iADSZry,0.0,0.0,0.0
2020-06-16 19:15:00,4135001,wCURE6d3bPkepu2,0.0,0.0,0.0
2020-06-16 19:15:00,4135001,uHbuxQJl8lW7ozc,0.0,0.0,0.0
2020-06-16 19:15:00,4135001,3PZuoBAID5Wc2HD,0.0,0.0,0.0
2020-06-16 19:15:00,4135001,pkci93gMrogZuBj,0.0,0.0,0.0
2020-06-16 19:15:00,4135001,VHMLBKoKgIrUVDU,0.0,0.0,0.0
2020-06-16 19:30:00,4135001,ZnxXDlPa8U1GXgE,0.0,0.0,0.0
2020-06-16 19:30:00,4135001,rGa61gmuvPhdLxV,0.0,0.0,0.0
2020-06-16 19:30:00,4135001,zVJPv84UY57bAof,0.0,0.0,0.0
2020-06-16 19:30:00,4135001,zBIq5rxdHJRwDNY,0.0,0.0,0.0
2020-06-16 19:30:00,4135001,WRmjgnKYAwPKWDb,0.0,0.0,0.0
2020-06-16 19:30:00,4135001,7JYdWkrLSPkdwr4,0.0,0.0,0.0
2020-06-16 19:30:00,4135001,pkci93gMrogZuBj,0.0,0.0,0.0
2020-06-16 19:30:00,4135001,ZoEaEvLYb1n2sOq,0.0,0.0,0.0
2020-06-16 19:30:00,4135001,iCRJl6heRkivqQ3,0.0,0.0,0.0
2020-06-16 19:30:00,4135001,sjndEbLyjtCKgGv,0.0,0.0,0.0
2020-06-16 19:30:00,4135001,bvBOhCH3iADSZry,0.0,0.0,0.0
2020-06-16 19:30:00,4135001,1IF53ai7Xc0U56Y,0.0,0.0,0.0
2020-06-16 19:30:00,4135001,ih0vzX44oOqAx2f,0.0,0.0,0.0
2020-06-16 19:30:00,4135001,VHMLBKoKgIrUVDU,0.0,0.0,0.0
2020-06-16 19:30:00,4135001,YxYtjZvoooNbGkE,0.0,0.0,0.0
2020-06-16 19:30:00,4135001,wCURE6d3bPkepu2,0.0,0.0,0.0
2020-06-16 19:30:00,4135001,3PZuoBAID5Wc2HD,0.0,0.0,0.0
2020-06-16 19:30:00,4135001,adLQvlD726eNBSB,0.0,0.0,0.0
2020-06-16 19:30:00,4135001,z9Y9gH1T5YWrNuG,0.0,0.0,0.0
2020-06-16 19:30:00,4135001,uHbuxQJl8lW7ozc,0.0,0.0,0.0
2020-06-16 19:30:00,4135001,1BY6WEcLGh8j5v7,0.0,0.0,0.0
2020-06-16 19:30:00,4135001,McdE0feGgRqW7Ca,0.0,0.0,0.0
2020-06-16 19:45:00,4135001,ZnxXDlPa8U1GXgE,0.0,0.0,0.0
2020-06-16 19:45:00,4135001,pkci93gMrogZuBj,0.0,0.0,0.0
2020-06-16 19:45:00,4135001,WRmjgnKYAwPKWDb,0.0,0.0,0.0
2020-06-16 19:45:00,4135001,McdE0feGgRqW7Ca,0.0,0.0,0.0
2020-06-16 19:45:00,4135001,sjndEbLyjtCKgGv,0.0,0.0,0.0
2020-06-16 19:45:00,4135001,3PZuoBAID5Wc2HD,0.0,0.0,0.0
2020-06-16 19:45:00,4135001,7JYdWkrLSPkdwr4,0.0,0.0,0.0
2020-06-16 19:45:00,4135001,VHMLBKoKgIrUVDU,0.0,0.0,0.0
2020-06-16 19:45:00,4135001,uHbuxQJl8lW7ozc,0.0,0.0,0.0
2020-06-16 19:45:00,4135001,YxYtjZvoooNbGkE,0.0,0.0,0.0
2020-06-16 19:45:00,4135001,zBIq5rxdHJRwDNY,0.0,0.0,0.0
2020-06-16 19:45:00,4135001,wCURE6d3bPkepu2,0.0,0.0,0.0
2020-06-16 19:45:00,4135001,adLQvlD726eNBSB,0.0,0.0,0.0
2020-06-16 19:45:00,4135001,ZoEaEvLYb1n2sOq,0.0,0.0,0.0
2020-06-16 19:45:00,4135001,z9Y9gH1T5YWrNuG,0.0,0.0,0.0
2020-06-16 19:45:00,4135001,ih0vzX44oOqAx2f,0.0,0.0,0.0
2020-06-16 19:45:00,4135001,1BY6WEcLGh8j5v7,0.0,0.0,0.0
2020-06-16 19:45:00,4135001,zVJPv84UY57bAof,0.0,0.0,0.0
2020-06-16 19:45:00,4135001,bvBOhCH3iADSZry,0.0,0.0,0.0
2020-06-16 19:45:00,4135001,rGa61gmuvPhdLxV,0.0,0.0,0.0
2020-06-16 19:45:00,4135001,iCRJl6heRkivqQ3,0.0,0.0,0.0
2020-06-16 19:45:00,4135001,1IF53ai7Xc0U56Y,0.0,0.0,0.0
2020-06-16 20:00:00,4135001,uHbuxQJl8lW7ozc,0.0,0.0,0.0
2020-06-16 20:00:00,4135001,ZoEaEvLYb1n2sOq,0.0,0.0,0.0
2020-06-16 20:00:00,4135001,ZnxXDlPa8U1GXgE,0.0,0.0,0.0
2020-06-16 20:00:00,4135001,iCRJl6heRkivqQ3,0.0,0.0,0.0
2020-06-16 20:00:00,4135001,YxYtjZvoooNbGkE,0.0,0.0,0.0
2020-06-16 20:00:00,4135001,VHMLBKoKgIrUVDU,0.0,0.0,0.0
2020-06-16 20:00:00,4135001,1IF53ai7Xc0U56Y,0.0,0.0,0.0
2020-06-16 20:00:00,4135001,ih0vzX44oOqAx2f,0.0,0.0,0.0
2020-06-16 20:00:00,4135001,rGa61gmuvPhdLxV,0.0,0.0,0.0
2020-06-16 20:00:00,4135001,1BY6WEcLGh8j5v7,0.0,0.0,0.0
2020-06-16 20:00:00,4135001,zVJPv84UY57bAof,0.0,0.0,0.0
2020-06-16 20:00:00,4135001,pkci93gMrogZuBj,0.0,0.0,0.0
2020-06-16 20:00:00,4135001,3PZuoBAID5Wc2HD,0.0,0.0,0.0
2020-06-16 20:00:00,4135001,7JYdWkrLSPkdwr4,0.0,0.0,0.0
2020-06-16 20:00:00,4135001,bvBOhCH3iADSZry,0.0,0.0,0.0
2020-06-16 20:00:00,4135001,wCURE6d3bPkepu2,0.0,0.0,0.0
2020-06-16 20:00:00,4135001,McdE0feGgRqW7Ca,0.0,0.0,0.0
2020-06-16 20:00:00,4135001,sjndEbLyjtCKgGv,0.0,0.0,0.0
2020-06-16 20:00:00,4135001,WRmjgnKYAwPKWDb,0.0,0.0,0.0
2020-06-16 20:00:00,4135001,z9Y9gH1T5YWrNuG,0.0,0.0,0.0
2020-06-16 20:00:00,4135001,adLQvlD726eNBSB,0.0,0.0,0.0
2020-06-16 20:00:00,4135001,zBIq5rxdHJRwDNY,0.0,0.0,0.0
2020-06-16 20:15:00,4135001,wCURE6d3bPkepu2,0.0,0.0,0.0
2020-06-16 20:15:00,4135001,adLQvlD726eNBSB,0.0,0.0,0.0
2020-06-16 20:15:00,4135001,1BY6WEcLGh8j5v7,0.0,0.0,0.0
2020-06-16 20:15:00,4135001,sjndEbLyjtCKgGv,0.0,0.0,0.0
2020-06-16 20:15:00,4135001,rGa61gmuvPhdLxV,0.0,0.0,0.0
2020-06-16 20:15:00,4135001,pkci93gMrogZuBj,0.0,0.0,0.0
2020-06-16 20:15:00,4135001,ih0vzX44oOqAx2f,0.0,0.0,0.0
2020-06-16 20:15:00,4135001,McdE0feGgRqW7Ca,0.0,0.0,0.0
2020-06-16 20:15:00,4135001,bvBOhCH3iADSZry,0.0,0.0,0.0
2020-06-16 20:15:00,4135001,VHMLBKoKgIrUVDU,0.0,0.0,0.0
2020-06-16 20:15:00,4135001,zVJPv84UY57bAof,0.0,0.0,0.0
2020-06-16 20:15:00,4135001,z9Y9gH1T5YWrNuG,0.0,0.0,0.0
2020-06-16 20:15:00,4135001,YxYtjZvoooNbGkE,0.0,0.0,0.0
2020-06-16 20:15:00,4135001,iCRJl6heRkivqQ3,0.0,0.0,0.0
2020-06-16 20:15:00,4135001,zBIq5rxdHJRwDNY,0.0,0.0,0.0
2020-06-16 20:15:00,4135001,7JYdWkrLSPkdwr4,0.0,0.0,0.0
2020-06-16 20:15:00,4135001,WRmjgnKYAwPKWDb,0.0,0.0,0.0
2020-06-16 20:15:00,4135001,3PZuoBAID5Wc2HD,0.0,0.0,0.0
2020-06-16 20:15:00,4135001,ZoEaEvLYb1n2sOq,0.0,0.0,0.0
2020-06-16 20:15:00,4135001,ZnxXDlPa8U1GXgE,0.0,0.0,0.0
2020-06-16 20:15:00,4135001,uHbuxQJl8lW7ozc,0.0,0.0,0.0
2020-06-16 20:15:00,4135001,1IF53ai7Xc0U56Y,0.0,0.0,0.0
2020-06-16 20:30:00,4135001,7JYdWkrLSPkdwr4,0.0,0.0,0.0
2020-06-16 20:30:00,4135001,uHbuxQJl8lW7ozc,0.0,0.0,0.0
2020-06-16 20:30:00,4135001,z9Y9gH1T5YWrNuG,0.0,0.0,0.0
2020-06-16 20:30:00,4135001,McdE0feGgRqW7Ca,0.0,0.0,0.0
2020-06-16 20:30:00,4135001,1IF53ai7Xc0U56Y,0.0,0.0,0.0
2020-06-16 20:30:00,4135001,zVJPv84UY57bAof,0.0,0.0,0.0
2020-06-16 20:30:00,4135001,pkci93gMrogZuBj,0.0,0.0,0.0
2020-06-16 20:30:00,4135001,3PZuoBAID5Wc2HD,0.0,0.0,0.0
2020-06-16 20:30:00,4135001,ih0vzX44oOqAx2f,0.0,0.0,0.0
2020-06-16 20:30:00,4135001,adLQvlD726eNBSB,0.0,0.0,0.0
2020-06-16 20:30:00,4135001,iCRJl6heRkivqQ3,0.0,0.0,0.0
2020-06-16 20:30:00,4135001,wCURE6d3bPkepu2,0.0,0.0,0.0
2020-06-16 20:30:00,4135001,1BY6WEcLGh8j5v7,0.0,0.0,0.0
2020-06-16 20:30:00,4135001,sjndEbLyjtCKgGv,0.0,0.0,0.0
2020-06-16 20:30:00,4135001,VHMLBKoKgIrUVDU,0.0,0.0,0.0
2020-06-16 20:30:00,4135001,WRmjgnKYAwPKWDb,0.0,0.0,0.0
2020-06-16 20:30:00,4135001,zBIq5rxdHJRwDNY,0.0,0.0,0.0
2020-06-16 20:30:00,4135001,YxYtjZvoooNbGkE,0.0,0.0,0.0
2020-06-16 20:30:00,4135001,rGa61gmuvPhdLxV,0.0,0.0,0.0
2020-06-16 20:30:00,4135001,ZnxXDlPa8U1GXgE,0.0,0.0,0.0
2020-06-16 20:30:00,4135001,bvBOhCH3iADSZry,0.0,0.0,0.0
2020-06-16 20:30:00,4135001,ZoEaEvLYb1n2sOq,0.0,0.0,0.0
2020-06-16 20:45:00,4135001,iCRJl6heRkivqQ3,0.0,0.0,0.0
2020-06-16 20:45:00,4135001,7JYdWkrLSPkdwr4,0.0,0.0,0.0
2020-06-16 20:45:00,4135001,VHMLBKoKgIrUVDU,0.0,0.0,0.0
2020-06-16 20:45:00,4135001,WRmjgnKYAwPKWDb,0.0,0.0,0.0
2020-06-16 20:45:00,4135001,bvBOhCH3iADSZry,0.0,0.0,0.0
2020-06-16 20:45:00,4135001,3PZuoBAID5Wc2HD,0.0,0.0,0.0
2020-06-16 20:45:00,4135001,rGa61gmuvPhdLxV,0.0,0.0,0.0
2020-06-16 20:45:00,4135001,zVJPv84UY57bAof,0.0,0.0,0.0
2020-06-16 20:45:00,4135001,1IF53ai7Xc0U56Y,0.0,0.0,0.0
2020-06-16 20:45:00,4135001,1BY6WEcLGh8j5v7,0.0,0.0,0.0
2020-06-16 20:45:00,4135001,zBIq5rxdHJRwDNY,0.0,0.0,0.0
2020-06-16 20:45:00,4135001,wCURE6d3bPkepu2,0.0,0.0,0.0
2020-06-16 20:45:00,4135001,adLQvlD726eNBSB,0.0,0.0,0.0
2020-06-16 20:45:00,4135001,z9Y9gH1T5YWrNuG,0.0,0.0,0.0
2020-06-16 20:45:00,4135001,ih0vzX44oOqAx2f,0.0,0.0,0.0
2020-06-16 20:45:00,4135001,uHbuxQJl8lW7ozc,0.0,0.0,0.0
2020-06-16 20:45:00,4135001,sjndEbLyjtCKgGv,0.0,0.0,0.0
2020-06-16 20:45:00,4135001,McdE0feGgRqW7Ca,0.0,0.0,0.0
2020-06-16 20:45:00,4135001,YxYtjZvoooNbGkE,0.0,0.0,0.0
2020-06-16 20:45:00,4135001,ZoEaEvLYb1n2sOq,0.0,0.0,0.0
2020-06-16 20:45:00,4135001,ZnxXDlPa8U1GXgE,0.0,0.0,0.0
2020-06-16 20:45:00,4135001,pkci93gMrogZuBj,0.0,0.0,0.0
2020-06-16 21:00:00,4135001,3PZuoBAID5Wc2HD,0.0,0.0,0.0
2020-06-16 21:00:00,4135001,iCRJl6heRkivqQ3,0.0,0.0,0.0
2020-06-16 21:00:00,4135001,1BY6WEcLGh8j5v7,0.0,0.0,0.0
2020-06-16 21:00:00,4135001,z9Y9gH1T5YWrNuG,0.0,0.0,0.0
2020-06-16 21:00:00,4135001,adLQvlD726eNBSB,0.0,0.0,0.0
2020-06-16 21:00:00,4135001,ZnxXDlPa8U1GXgE,0.0,0.0,0.0
2020-06-16 21:00:00,4135001,bvBOhCH3iADSZry,0.0,0.0,0.0
2020-06-16 21:00:00,4135001,YxYtjZvoooNbGkE,0.0,0.0,0.0
2020-06-16 21:00:00,4135001,ih0vzX44oOqAx2f,0.0,0.0,0.0
2020-06-16 21:00:00,4135001,ZoEaEvLYb1n2sOq,0.0,0.0,0.0
2020-06-16 21:00:00,4135001,1IF53ai7Xc0U56Y,0.0,0.0,0.0
2020-06-16 21:00:00,4135001,wCURE6d3bPkepu2,0.0,0.0,0.0
2020-06-16 21:00:00,4135001,McdE0feGgRqW7Ca,0.0,0.0,0.0
2020-06-16 21:00:00,4135001,zVJPv84UY57bAof,0.0,0.0,0.0
2020-06-16 21:00:00,4135001,zBIq5rxdHJRwDNY,0.0,0.0,0.0
2020-06-16 21:00:00,4135001,7JYdWkrLSPkdwr4,0.0,0.0,0.0
2020-06-16 21:00:00,4135001,rGa61gmuvPhdLxV,0.0,0.0,0.0
2020-06-16 21:00:00,4135001,WRmjgnKYAwPKWDb,0.0,0.0,0.0
2020-06-16 21:00:00,4135001,pkci93gMrogZuBj,0.0,0.0,0.0
2020-06-16 21:00:00,4135001,uHbuxQJl8lW7ozc,0.0,0.0,0.0
2020-06-16 21:00:00,4135001,VHMLBKoKgIrUVDU,0.0,0.0,0.0
2020-06-16 21:00:00,4135001,sjndEbLyjtCKgGv,0.0,0.0,0.0
2020-06-16 21:15:00,4135001,zBIq5rxdHJRwDNY,0.0,0.0,0.0
2020-06-16 21:15:00,4135001,WRmjgnKYAwPKWDb,0.0,0.0,0.0
2020-06-16 21:15:00,4135001,iCRJl6heRkivqQ3,0.0,0.0,0.0
2020-06-16 21:15:00,4135001,z9Y9gH1T5YWrNuG,0.0,0.0,0.0
2020-06-16 21:15:00,4135001,wCURE6d3bPkepu2,0.0,0.0,0.0
2020-06-16 21:15:00,4135001,VHMLBKoKgIrUVDU,0.0,0.0,0.0
2020-06-16 21:15:00,4135001,sjndEbLyjtCKgGv,0.0,0.0,0.0
2020-06-16 21:15:00,4135001,bvBOhCH3iADSZry,0.0,0.0,0.0
2020-06-16 21:15:00,4135001,1IF53ai7Xc0U56Y,0.0,0.0,0.0
2020-06-16 21:15:00,4135001,ih0vzX44oOqAx2f,0.0,0.0,0.0
2020-06-16 21:15:00,4135001,7JYdWkrLSPkdwr4,0.0,0.0,0.0
2020-06-16 21:15:00,4135001,uHbuxQJl8lW7ozc,0.0,0.0,0.0
2020-06-16 21:15:00,4135001,pkci93gMrogZuBj,0.0,0.0,0.0
2020-06-16 21:15:00,4135001,rGa61gmuvPhdLxV,0.0,0.0,0.0
2020-06-16 21:15:00,4135001,McdE0feGgRqW7Ca,0.0,0.0,0.0
2020-06-16 21:15:00,4135001,adLQvlD726eNBSB,0.0,0.0,0.0
2020-06-16 21:15:00,4135001,zVJPv84UY57bAof,0.0,0.0,0.0
2020-06-16 21:15:00,4135001,1BY6WEcLGh8j5v7,0.0,0.0,0.0
2020-06-16 21:15:00,4135001,ZoEaEvLYb1n2sOq,0.0,0.0,0.0
2020-06-16 21:15:00,4135001,ZnxXDlPa8U1GXgE,0.0,0.0,0.0
2020-06-16 21:15:00,4135001,3PZuoBAID5Wc2HD,0.0,0.0,0.0
2020-06-16 21:15:00,4135001,YxYtjZvoooNbGkE,0.0,0.0,0.0
2020-06-16 21:30:00,4135001,VHMLBKoKgIrUVDU,0.0,0.0,0.0
2020-06-16 21:30:00,4135001,ZoEaEvLYb1n2sOq,0.0,0.0,0.0
2020-06-16 21:30:00,4135001,bvBOhCH3iADSZry,0.0,0.0,0.0
2020-06-16 21:30:00,4135001,wCURE6d3bPkepu2,0.0,0.0,0.0
2020-06-16 21:30:00,4135001,zBIq5rxdHJRwDNY,0.0,0.0,0.0
2020-06-16 21:30:00,4135001,YxYtjZvoooNbGkE,0.0,0.0,0.0
2020-06-16 21:30:00,4135001,adLQvlD726eNBSB,0.0,0.0,0.0
2020-06-16 21:30:00,4135001,uHbuxQJl8lW7ozc,0.0,0.0,0.0
2020-06-16 21:30:00,4135001,3PZuoBAID5Wc2HD,0.0,0.0,0.0
2020-06-16 21:30:00,4135001,1IF53ai7Xc0U56Y,0.0,0.0,0.0
2020-06-16 21:30:00,4135001,WRmjgnKYAwPKWDb,0.0,0.0,0.0
2020-06-16 21:30:00,4135001,7JYdWkrLSPkdwr4,0.0,0.0,0.0
2020-06-16 21:30:00,4135001,pkci93gMrogZuBj,0.0,0.0,0.0
2020-06-16 21:30:00,4135001,McdE0feGgRqW7Ca,0.0,0.0,0.0
2020-06-16 21:30:00,4135001,ih0vzX44oOqAx2f,0.0,0.0,0.0
2020-06-16 21:30:00,4135001,zVJPv84UY57bAof,0.0,0.0,0.0
2020-06-16 21:30:00,4135001,1BY6WEcLGh8j5v7,0.0,0.0,0.0
2020-06-16 21:30:00,4135001,sjndEbLyjtCKgGv,0.0,0.0,0.0
2020-06-16 21:30:00,4135001,rGa61gmuvPhdLxV,0.0,0.0,0.0
2020-06-16 21:30:00,4135001,ZnxXDlPa8U1GXgE,0.0,0.0,0.0
2020-06-16 21:30:00,4135001,z9Y9gH1T5YWrNuG,0.0,0.0,0.0
2020-06-16 21:30:00,4135001,iCRJl6heRkivqQ3,0.0,0.0,0.0
2020-06-16 21:45:00,4135001,rGa61gmuvPhdLxV,0.0,0.0,0.0
2020-06-16 21:45:00,4135001,wCURE6d3bPkepu2,0.0,0.0,0.0
2020-06-16 21:45:00,4135001,1BY6WEcLGh8j5v7,0.0,0.0,0.0
2020-06-16 21:45:00,4135001,uHbuxQJl8lW7ozc,0.0,0.0,0.0
2020-06-16 21:45:00,4135001,1IF53ai7Xc0U56Y,0.0,0.0,0.0
2020-06-16 21:45:00,4135001,3PZuoBAID5Wc2HD,0.0,0.0,0.0
2020-06-16 21:45:00,4135001,ih0vzX44oOqAx2f,0.0,0.0,0.0
2020-06-16 21:45:00,4135001,pkci93gMrogZuBj,0.0,0.0,0.0
2020-06-16 21:45:00,4135001,7JYdWkrLSPkdwr4,0.0,0.0,0.0
2020-06-16 21:45:00,4135001,adLQvlD726eNBSB,0.0,0.0,0.0
2020-06-16 21:45:00,4135001,sjndEbLyjtCKgGv,0.0,0.0,0.0
2020-06-16 21:45:00,4135001,zBIq5rxdHJRwDNY,0.0,0.0,0.0
2020-06-16 21:45:00,4135001,zVJPv84UY57bAof,0.0,0.0,0.0
2020-06-16 21:45:00,4135001,McdE0feGgRqW7Ca,0.0,0.0,0.0
2020-06-16 21:45:00,4135001,bvBOhCH3iADSZry,0.0,0.0,0.0
2020-06-16 21:45:00,4135001,ZoEaEvLYb1n2sOq,0.0,0.0,0.0
2020-06-16 21:45:00,4135001,iCRJl6heRkivqQ3,0.0,0.0,0.0
2020-06-16 21:45:00,4135001,ZnxXDlPa8U1GXgE,0.0,0.0,0.0
2020-06-16 21:45:00,4135001,VHMLBKoKgIrUVDU,0.0,0.0,0.0
2020-06-16 21:45:00,4135001,YxYtjZvoooNbGkE,0.0,0.0,0.0
2020-06-16 21:45:00,4135001,z9Y9gH1T5YWrNuG,0.0,0.0,0.0
2020-06-16 21:45:00,4135001,WRmjgnKYAwPKWDb,0.0,0.0,0.0
2020-06-16 22:00:00,4135001,1BY6WEcLGh8j5v7,0.0,0.0,0.0
2020-06-16 22:00:00,4135001,pkci93gMrogZuBj,0.0,0.0,0.0
2020-06-16 22:00:00,4135001,ZoEaEvLYb1n2sOq,0.0,0.0,0.0
2020-06-16 22:00:00,4135001,1IF53ai7Xc0U56Y,0.0,0.0,0.0
2020-06-16 22:00:00,4135001,zBIq5rxdHJRwDNY,0.0,0.0,0.0
2020-06-16 22:00:00,4135001,YxYtjZvoooNbGkE,0.0,0.0,0.0
2020-06-16 22:00:00,4135001,McdE0feGgRqW7Ca,0.0,0.0,0.0
2020-06-16 22:00:00,4135001,ih0vzX44oOqAx2f,0.0,0.0,0.0
2020-06-16 22:00:00,4135001,uHbuxQJl8lW7ozc,0.0,0.0,0.0
2020-06-16 22:00:00,4135001,VHMLBKoKgIrUVDU,0.0,0.0,0.0
2020-06-16 22:00:00,4135001,adLQvlD726eNBSB,0.0,0.0,0.0
2020-06-16 22:00:00,4135001,3PZuoBAID5Wc2HD,0.0,0.0,0.0
2020-06-16 22:00:00,4135001,ZnxXDlPa8U1GXgE,0.0,0.0,0.0
2020-06-16 22:00:00,4135001,WRmjgnKYAwPKWDb,0.0,0.0,0.0
2020-06-16 22:00:00,4135001,7JYdWkrLSPkdwr4,0.0,0.0,0.0
2020-06-16 22:00:00,4135001,bvBOhCH3iADSZry,0.0,0.0,0.0
2020-06-16 22:00:00,4135001,z9Y9gH1T5YWrNuG,0.0,0.0,0.0
2020-06-16 22:00:00,4135001,rGa61gmuvPhdLxV,0.0,0.0,0.0
2020-06-16 22:00:00,4135001,sjndEbLyjtCKgGv,0.0,0.0,0.0
2020-06-16 22:00:00,4135001,zVJPv84UY57bAof,0.0,0.0,0.0
2020-06-16 22:00:00,4135001,iCRJl6heRkivqQ3,0.0,0.0,0.0
2020-06-16 22:00:00,4135001,wCURE6d3bPkepu2,0.0,0.0,0.0
2020-06-16 22:15:00,4135001,bvBOhCH3iADSZry,0.0,0.0,0.0
2020-06-16 22:15:00,4135001,VHMLBKoKgIrUVDU,0.0,0.0,0.0
2020-06-16 22:15:00,4135001,iCRJl6heRkivqQ3,0.0,0.0,0.0
2020-06-16 22:15:00,4135001,rGa61gmuvPhdLxV,0.0,0.0,0.0
2020-06-16 22:15:00,4135001,zVJPv84UY57bAof,0.0,0.0,0.0
2020-06-16 22:15:00,4135001,z9Y9gH1T5YWrNuG,0.0,0.0,0.0
2020-06-16 22:15:00,4135001,ZoEaEvLYb1n2sOq,0.0,0.0,0.0
2020-06-16 22:15:00,4135001,WRmjgnKYAwPKWDb,0.0,0.0,0.0
2020-06-16 22:15:00,4135001,YxYtjZvoooNbGkE,0.0,0.0,0.0
2020-06-16 22:15:00,4135001,McdE0feGgRqW7Ca,0.0,0.0,0.0
2020-06-16 22:15:00,4135001,adLQvlD726eNBSB,0.0,0.0,0.0
2020-06-16 22:15:00,4135001,1IF53ai7Xc0U56Y,0.0,0.0,0.0
2020-06-16 22:15:00,4135001,1BY6WEcLGh8j5v7,0.0,0.0,0.0
2020-06-16 22:15:00,4135001,pkci93gMrogZuBj,0.0,0.0,0.0
2020-06-16 22:15:00,4135001,sjndEbLyjtCKgGv,0.0,0.0,0.0
2020-06-16 22:15:00,4135001,3PZuoBAID5Wc2HD,0.0,0.0,0.0
2020-06-16 22:15:00,4135001,7JYdWkrLSPkdwr4,0.0,0.0,0.0
2020-06-16 22:15:00,4135001,uHbuxQJl8lW7ozc,0.0,0.0,0.0
2020-06-16 22:15:00,4135001,zBIq5rxdHJRwDNY,0.0,0.0,0.0
2020-06-16 22:15:00,4135001,wCURE6d3bPkepu2,0.0,0.0,0.0
2020-06-16 22:15:00,4135001,ih0vzX44oOqAx2f,0.0,0.0,0.0
2020-06-16 22:15:00,4135001,ZnxXDlPa8U1GXgE,0.0,0.0,0.0
2020-06-16 22:30:00,4135001,VHMLBKoKgIrUVDU,0.0,0.0,0.0
2020-06-16 22:30:00,4135001,sjndEbLyjtCKgGv,0.0,0.0,0.0
2020-06-16 22:30:00,4135001,1IF53ai7Xc0U56Y,0.0,0.0,0.0
2020-06-16 22:30:00,4135001,wCURE6d3bPkepu2,0.0,0.0,0.0
2020-06-16 22:30:00,4135001,1BY6WEcLGh8j5v7,0.0,0.0,0.0
2020-06-16 22:30:00,4135001,ih0vzX44oOqAx2f,0.0,0.0,0.0
2020-06-16 22:30:00,4135001,WRmjgnKYAwPKWDb,0.0,0.0,0.0
2020-06-16 22:30:00,4135001,ZoEaEvLYb1n2sOq,0.0,0.0,0.0
2020-06-16 22:30:00,4135001,7JYdWkrLSPkdwr4,0.0,0.0,0.0
2020-06-16 22:30:00,4135001,rGa61gmuvPhdLxV,0.0,0.0,0.0
2020-06-16 22:30:00,4135001,zVJPv84UY57bAof,0.0,0.0,0.0
2020-06-16 22:30:00,4135001,ZnxXDlPa8U1GXgE,0.0,0.0,0.0
2020-06-16 22:30:00,4135001,pkci93gMrogZuBj,0.0,0.0,0.0
2020-06-16 22:30:00,4135001,uHbuxQJl8lW7ozc,0.0,0.0,0.0
2020-06-16 22:30:00,4135001,zBIq5rxdHJRwDNY,0.0,0.0,0.0
2020-06-16 22:30:00,4135001,3PZuoBAID5Wc2HD,0.0,0.0,0.0
2020-06-16 22:30:00,4135001,bvBOhCH3iADSZry,0.0,0.0,0.0
2020-06-16 22:30:00,4135001,adLQvlD726eNBSB,0.0,0.0,0.0
2020-06-16 22:30:00,4135001,iCRJl6heRkivqQ3,0.0,0.0,0.0
2020-06-16 22:30:00,4135001,z9Y9gH1T5YWrNuG,0.0,0.0,0.0
2020-06-16 22:30:00,4135001,YxYtjZvoooNbGkE,0.0,0.0,0.0
2020-06-16 22:30:00,4135001,McdE0feGgRqW7Ca,0.0,0.0,0.0
2020-06-16 22:45:00,4135001,3PZuoBAID5Wc2HD,0.0,0.0,0.0
2020-06-16 22:45:00,4135001,VHMLBKoKgIrUVDU,0.0,0.0,0.0
2020-06-16 22:45:00,4135001,wCURE6d3bPkepu2,0.0,0.0,0.0
2020-06-16 22:45:00,4135001,iCRJl6heRkivqQ3,0.0,0.0,0.0
2020-06-16 22:45:00,4135001,7JYdWkrLSPkdwr4,0.0,0.0,0.0
2020-06-16 22:45:00,4135001,z9Y9gH1T5YWrNuG,0.0,0.0,0.0
2020-06-16 22:45:00,4135001,bvBOhCH3iADSZry,0.0,0.0,0.0
2020-06-16 22:45:00,4135001,sjndEbLyjtCKgGv,0.0,0.0,0.0
2020-06-16 22:45:00,4135001,rGa61gmuvPhdLxV,0.0,0.0,0.0
2020-06-16 22:45:00,4135001,McdE0feGgRqW7Ca,0.0,0.0,0.0
2020-06-16 22:45:00,4135001,ZoEaEvLYb1n2sOq,0.0,0.0,0.0
2020-06-16 22:45:00,4135001,YxYtjZvoooNbGkE,0.0,0.0,0.0
2020-06-16 22:45:00,4135001,WRmjgnKYAwPKWDb,0.0,0.0,0.0
2020-06-16 22:45:00,4135001,adLQvlD726eNBSB,0.0,0.0,0.0
2020-06-16 22:45:00,4135001,uHbuxQJl8lW7ozc,0.0,0.0,0.0
2020-06-16 22:45:00,4135001,ih0vzX44oOqAx2f,0.0,0.0,0.0
2020-06-16 22:45:00,4135001,pkci93gMrogZuBj,0.0,0.0,0.0
2020-06-16 22:45:00,4135001,zVJPv84UY57bAof,0.0,0.0,0.0
2020-06-16 22:45:00,4135001,zBIq5rxdHJRwDNY,0.0,0.0,0.0
2020-06-16 22:45:00,4135001,1IF53ai7Xc0U56Y,0.0,0.0,0.0
2020-06-16 22:45:00,4135001,1BY6WEcLGh8j5v7,0.0,0.0,0.0
2020-06-16 22:45:00,4135001,ZnxXDlPa8U1GXgE,0.0,0.0,0.0
2020-06-16 23:00:00,4135001,ZnxXDlPa8U1GXgE,0.0,0.0,0.0
2020-06-16 23:00:00,4135001,rGa61gmuvPhdLxV,0.0,0.0,0.0
2020-06-16 23:00:00,4135001,bvBOhCH3iADSZry,0.0,0.0,0.0
2020-06-16 23:00:00,4135001,adLQvlD726eNBSB,0.0,0.0,0.0
2020-06-16 23:00:00,4135001,VHMLBKoKgIrUVDU,0.0,0.0,0.0
2020-06-16 23:00:00,4135001,zBIq5rxdHJRwDNY,0.0,0.0,0.0
2020-06-16 23:00:00,4135001,1BY6WEcLGh8j5v7,0.0,0.0,0.0
2020-06-16 23:00:00,4135001,1IF53ai7Xc0U56Y,0.0,0.0,0.0
2020-06-16 23:00:00,4135001,uHbuxQJl8lW7ozc,0.0,0.0,0.0
2020-06-16 23:00:00,4135001,3PZuoBAID5Wc2HD,0.0,0.0,0.0
2020-06-16 23:00:00,4135001,zVJPv84UY57bAof,0.0,0.0,0.0
2020-06-16 23:00:00,4135001,sjndEbLyjtCKgGv,0.0,0.0,0.0
2020-06-16 23:00:00,4135001,WRmjgnKYAwPKWDb,0.0,0.0,0.0
2020-06-16 23:00:00,4135001,iCRJl6heRkivqQ3,0.0,0.0,0.0
2020-06-16 23:00:00,4135001,YxYtjZvoooNbGkE,0.0,0.0,0.0
2020-06-16 23:00:00,4135001,7JYdWkrLSPkdwr4,0.0,0.0,0.0
2020-06-16 23:00:00,4135001,z9Y9gH1T5YWrNuG,0.0,0.0,0.0
2020-06-16 23:00:00,4135001,wCURE6d3bPkepu2,0.0,0.0,0.0
2020-06-16 23:00:00,4135001,ih0vzX44oOqAx2f,0.0,0.0,0.0
2020-06-16 23:00:00,4135001,McdE0feGgRqW7Ca,0.0,0.0,0.0
2020-06-16 23:00:00,4135001,pkci93gMrogZuBj,0.0,0.0,0.0
2020-06-16 23:00:00,4135001,ZoEaEvLYb1n2sOq,0.0,0.0,0.0
2020-06-16 23:15:00,4135001,zBIq5rxdHJRwDNY,0.0,0.0,0.0
2020-06-16 23:15:00,4135001,zVJPv84UY57bAof,0.0,0.0,0.0
2020-06-16 23:15:00,4135001,sjndEbLyjtCKgGv,0.0,0.0,0.0
2020-06-16 23:15:00,4135001,ZnxXDlPa8U1GXgE,0.0,0.0,0.0
2020-06-16 23:15:00,4135001,bvBOhCH3iADSZry,0.0,0.0,0.0
2020-06-16 23:15:00,4135001,pkci93gMrogZuBj,0.0,0.0,0.0
2020-06-16 23:15:00,4135001,WRmjgnKYAwPKWDb,0.0,0.0,0.0
2020-06-16 23:15:00,4135001,VHMLBKoKgIrUVDU,0.0,0.0,0.0
2020-06-16 23:15:00,4135001,z9Y9gH1T5YWrNuG,0.0,0.0,0.0
2020-06-16 23:15:00,4135001,ih0vzX44oOqAx2f,0.0,0.0,0.0
2020-06-16 23:15:00,4135001,3PZuoBAID5Wc2HD,0.0,0.0,0.0
2020-06-16 23:15:00,4135001,1BY6WEcLGh8j5v7,0.0,0.0,0.0
2020-06-16 23:15:00,4135001,McdE0feGgRqW7Ca,0.0,0.0,0.0
2020-06-16 23:15:00,4135001,uHbuxQJl8lW7ozc,0.0,0.0,0.0
2020-06-16 23:15:00,4135001,7JYdWkrLSPkdwr4,0.0,0.0,0.0
2020-06-16 23:15:00,4135001,ZoEaEvLYb1n2sOq,0.0,0.0,0.0
2020-06-16 23:15:00,4135001,iCRJl6heRkivqQ3,0.0,0.0,0.0
2020-06-16 23:15:00,4135001,wCURE6d3bPkepu2,0.0,0.0,0.0
2020-06-16 23:15:00,4135001,1IF53ai7Xc0U56Y,0.0,0.0,0.0
2020-06-16 23:15:00,4135001,adLQvlD726eNBSB,0.0,0.0,0.0
2020-06-16 23:15:00,4135001,YxYtjZvoooNbGkE,0.0,0.0,0.0
2020-06-16 23:15:00,4135001,rGa61gmuvPhdLxV,0.0,0.0,0.0
2020-06-16 23:30:00,4135001,ih0vzX44oOqAx2f,0.0,0.0,0.0
2020-06-16 23:30:00,4135001,YxYtjZvoooNbGkE,0.0,0.0,0.0
2020-06-16 23:30:00,4135001,1BY6WEcLGh8j5v7,0.0,0.0,0.0
2020-06-16 23:30:00,4135001,WRmjgnKYAwPKWDb,0.0,0.0,0.0
2020-06-16 23:30:00,4135001,3PZuoBAID5Wc2HD,0.0,0.0,0.0
2020-06-16 23:30:00,4135001,VHMLBKoKgIrUVDU,0.0,0.0,0.0
2020-06-16 23:30:00,4135001,wCURE6d3bPkepu2,0.0,0.0,0.0
2020-06-16 23:30:00,4135001,z9Y9gH1T5YWrNuG,0.0,0.0,0.0
2020-06-16 23:30:00,4135001,1IF53ai7Xc0U56Y,0.0,0.0,0.0
2020-06-16 23:30:00,4135001,ZoEaEvLYb1n2sOq,0.0,0.0,0.0
2020-06-16 23:30:00,4135001,rGa61gmuvPhdLxV,0.0,0.0,0.0
2020-06-16 23:30:00,4135001,bvBOhCH3iADSZry,0.0,0.0,0.0
2020-06-16 23:30:00,4135001,pkci93gMrogZuBj,0.0,0.0,0.0
2020-06-16 23:30:00,4135001,zVJPv84UY57bAof,0.0,0.0,0.0
2020-06-16 23:30:00,4135001,sjndEbLyjtCKgGv,0.0,0.0,0.0
2020-06-16 23:30:00,4135001,adLQvlD726eNBSB,0.0,0.0,0.0
2020-06-16 23:30:00,4135001,iCRJl6heRkivqQ3,0.0,0.0,0.0
2020-06-16 23:30:00,4135001,McdE0feGgRqW7Ca,0.0,0.0,0.0
2020-06-16 23:30:00,4135001,uHbuxQJl8lW7ozc,0.0,0.0,0.0
2020-06-16 23:30:00,4135001,ZnxXDlPa8U1GXgE,0.0,0.0,0.0
2020-06-16 23:30:00,4135001,7JYdWkrLSPkdwr4,0.0,0.0,0.0
2020-06-16 23:30:00,4135001,zBIq5rxdHJRwDNY,0.0,0.0,0.0
2020-06-16 23:45:00,4135001,ZnxXDlPa8U1GXgE,0.0,0.0,0.0
2020-06-16 23:45:00,4135001,pkci93gMrogZuBj,0.0,0.0,0.0
2020-06-16 23:45:00,4135001,zVJPv84UY57bAof,0.0,0.0,0.0
2020-06-16 23:45:00,4135001,iCRJl6heRkivqQ3,0.0,0.0,0.0
2020-06-16 23:45:00,4135001,WRmjgnKYAwPKWDb,0.0,0.0,0.0
2020-06-16 23:45:00,4135001,McdE0feGgRqW7Ca,0.0,0.0,0.0
2020-06-16 23:45:00,4135001,wCURE6d3bPkepu2,0.0,0.0,0.0
2020-06-16 23:45:00,4135001,YxYtjZvoooNbGkE,0.0,0.0,0.0
2020-06-16 23:45:00,4135001,rGa61gmuvPhdLxV,0.0,0.0,0.0
2020-06-16 23:45:00,4135001,uHbuxQJl8lW7ozc,0.0,0.0,0.0
2020-06-16 23:45:00,4135001,adLQvlD726eNBSB,0.0,0.0,0.0
2020-06-16 23:45:00,4135001,1BY6WEcLGh8j5v7,0.0,0.0,0.0
2020-06-16 23:45:00,4135001,1IF53ai7Xc0U56Y,0.0,0.0,0.0
2020-06-16 23:45:00,4135001,zBIq5rxdHJRwDNY,0.0,0.0,0.0
2020-06-16 23:45:00,4135001,ZoEaEvLYb1n2sOq,0.0,0.0,0.0
2020-06-16 23:45:00,4135001,bvBOhCH3iADSZry,0.0,0.0,0.0
2020-06-16 23:45:00,4135001,3PZuoBAID5Wc2HD,0.0,0.0,0.0
2020-06-16 23:45:00,4135001,ih0vzX44oOqAx2f,0.0,0.0,0.0
2020-06-16 23:45:00,4135001,z9Y9gH1T5YWrNuG,0.0,0.0,0.0
2020-06-16 23:45:00,4135001,VHMLBKoKgIrUVDU,0.0,0.0,0.0
2020-06-16 23:45:00,4135001,sjndEbLyjtCKgGv,0.0,0.0,0.0
2020-06-16 23:45:00,4135001,7JYdWkrLSPkdwr4,0.0,0.0,0.0
2020-06-17 00:00:00,4135001,sjndEbLyjtCKgGv,0.0,0.0,0.0
2020-06-17 00:00:00,4135001,ih0vzX44oOqAx2f,0.0,0.0,0.0
2020-06-17 00:00:00,4135001,1BY6WEcLGh8j5v7,0.0,0.0,0.0
2020-06-17 00:00:00,4135001,ZnxXDlPa8U1GXgE,0.0,0.0,0.0
2020-06-17 00:00:00,4135001,pkci93gMrogZuBj,0.0,0.0,0.0
2020-06-17 00:00:00,4135001,rGa61gmuvPhdLxV,0.0,0.0,0.0
2020-06-17 00:00:00,4135001,McdE0feGgRqW7Ca,0.0,0.0,0.0
2020-06-17 00:00:00,4135001,wCURE6d3bPkepu2,0.0,0.0,0.0
2020-06-17 00:00:00,4135001,ZoEaEvLYb1n2sOq,0.0,0.0,0.0
2020-06-17 00:00:00,4135001,7JYdWkrLSPkdwr4,0.0,0.0,0.0
2020-06-17 00:00:00,4135001,z9Y9gH1T5YWrNuG,0.0,0.0,0.0
2020-06-17 00:00:00,4135001,VHMLBKoKgIrUVDU,0.0,0.0,0.0
2020-06-17 00:00:00,4135001,1IF53ai7Xc0U56Y,0.0,0.0,0.0
2020-06-17 00:00:00,4135001,zBIq5rxdHJRwDNY,0.0,0.0,0.0
2020-06-17 00:00:00,4135001,WRmjgnKYAwPKWDb,0.0,0.0,0.0
2020-06-17 00:00:00,4135001,3PZuoBAID5Wc2HD,0.0,0.0,0.0
2020-06-17 00:00:00,4135001,zVJPv84UY57bAof,0.0,0.0,0.0
2020-06-17 00:00:00,4135001,bvBOhCH3iADSZry,0.0,0.0,0.0
2020-06-17 00:00:00,4135001,iCRJl6heRkivqQ3,0.0,0.0,0.0
2020-06-17 00:00:00,4135001,adLQvlD726eNBSB,0.0,0.0,0.0
2020-06-17 00:00:00,4135001,uHbuxQJl8lW7ozc,0.0,0.0,0.0
2020-06-17 00:00:00,4135001,YxYtjZvoooNbGkE,0.0,0.0,0.0
2020-06-17 00:15:00,4135001,rGa61gmuvPhdLxV,0.0,0.0,0.0
2020-06-17 00:15:00,4135001,1BY6WEcLGh8j5v7,0.0,0.0,0.0
2020-06-17 00:15:00,4135001,zBIq5rxdHJRwDNY,0.0,0.0,0.0
2020-06-17 00:15:00,4135001,ZoEaEvLYb1n2sOq,0.0,0.0,0.0
2020-06-17 00:15:00,4135001,uHbuxQJl8lW7ozc,0.0,0.0,0.0
2020-06-17 00:15:00,4135001,bvBOhCH3iADSZry,0.0,0.0,0.0
2020-06-17 00:15:00,4135001,sjndEbLyjtCKgGv,0.0,0.0,0.0
2020-06-17 00:15:00,4135001,YxYtjZvoooNbGkE,0.0,0.0,0.0
2020-06-17 00:15:00,4135001,adLQvlD726eNBSB,0.0,0.0,0.0
2020-06-17 00:15:00,4135001,7JYdWkrLSPkdwr4,0.0,0.0,0.0
2020-06-17 00:15:00,4135001,3PZuoBAID5Wc2HD,0.0,0.0,0.0
2020-06-17 00:15:00,4135001,WRmjgnKYAwPKWDb,0.0,0.0,0.0
2020-06-17 00:15:00,4135001,z9Y9gH1T5YWrNuG,0.0,0.0,0.0
2020-06-17 00:15:00,4135001,pkci93gMrogZuBj,0.0,0.0,0.0
2020-06-17 00:15:00,4135001,ZnxXDlPa8U1GXgE,0.0,0.0,0.0
2020-06-17 00:15:00,4135001,iCRJl6heRkivqQ3,0.0,0.0,0.0
2020-06-17 00:15:00,4135001,ih0vzX44oOqAx2f,0.0,0.0,0.0
2020-06-17 00:15:00,4135001,wCURE6d3bPkepu2,0.0,0.0,0.0
2020-06-17 00:15:00,4135001,zVJPv84UY57bAof,0.0,0.0,0.0
2020-06-17 00:15:00,4135001,VHMLBKoKgIrUVDU,0.0,0.0,0.0
2020-06-17 00:15:00,4135001,McdE0feGgRqW7Ca,0.0,0.0,0.0
2020-06-17 00:15:00,4135001,1IF53ai7Xc0U56Y,0.0,0.0,0.0
2020-06-17 00:30:00,4135001,VHMLBKoKgIrUVDU,0.0,0.0,0.0
2020-06-17 00:30:00,4135001,1BY6WEcLGh8j5v7,0.0,0.0,0.0
2020-06-17 00:30:00,4135001,zBIq5rxdHJRwDNY,0.0,0.0,0.0
2020-06-17 00:30:00,4135001,iCRJl6heRkivqQ3,0.0,0.0,0.0
2020-06-17 00:30:00,4135001,ZoEaEvLYb1n2sOq,0.0,0.0,0.0
2020-06-17 00:30:00,4135001,z9Y9gH1T5YWrNuG,0.0,0.0,0.0
2020-06-17 00:30:00,4135001,rGa61gmuvPhdLxV,0.0,0.0,0.0
2020-06-17 00:30:00,4135001,ih0vzX44oOqAx2f,0.0,0.0,0.0
2020-06-17 00:30:00,4135001,pkci93gMrogZuBj,0.0,0.0,0.0
2020-06-17 00:30:00,4135001,uHbuxQJl8lW7ozc,0.0,0.0,0.0
2020-06-17 00:30:00,4135001,3PZuoBAID5Wc2HD,0.0,0.0,0.0
2020-06-17 00:30:00,4135001,bvBOhCH3iADSZry,0.0,0.0,0.0
2020-06-17 00:30:00,4135001,wCURE6d3bPkepu2,0.0,0.0,0.0
2020-06-17 00:30:00,4135001,WRmjgnKYAwPKWDb,0.0,0.0,0.0
2020-06-17 00:30:00,4135001,zVJPv84UY57bAof,0.0,0.0,0.0
2020-06-17 00:30:00,4135001,1IF53ai7Xc0U56Y,0.0,0.0,0.0
2020-06-17 00:30:00,4135001,ZnxXDlPa8U1GXgE,0.0,0.0,0.0
2020-06-17 00:30:00,4135001,YxYtjZvoooNbGkE,0.0,0.0,0.0
2020-06-17 00:30:00,4135001,7JYdWkrLSPkdwr4,0.0,0.0,0.0
2020-06-17 00:30:00,4135001,McdE0feGgRqW7Ca,0.0,0.0,0.0
2020-06-17 00:30:00,4135001,sjndEbLyjtCKgGv,0.0,0.0,0.0
2020-06-17 00:30:00,4135001,adLQvlD726eNBSB,0.0,0.0,0.0
2020-06-17 00:45:00,4135001,adLQvlD726eNBSB,0.0,0.0,0.0
2020-06-17 00:45:00,4135001,wCURE6d3bPkepu2,0.0,0.0,0.0
2020-06-17 00:45:00,4135001,ih0vzX44oOqAx2f,0.0,0.0,0.0
2020-06-17 00:45:00,4135001,zBIq5rxdHJRwDNY,0.0,0.0,0.0
2020-06-17 00:45:00,4135001,bvBOhCH3iADSZry,0.0,0.0,0.0
2020-06-17 00:45:00,4135001,YxYtjZvoooNbGkE,0.0,0.0,0.0
2020-06-17 00:45:00,4135001,rGa61gmuvPhdLxV,0.0,0.0,0.0
2020-06-17 00:45:00,4135001,3PZuoBAID5Wc2HD,0.0,0.0,0.0
2020-06-17 00:45:00,4135001,zVJPv84UY57bAof,0.0,0.0,0.0
2020-06-17 00:45:00,4135001,WRmjgnKYAwPKWDb,0.0,0.0,0.0
2020-06-17 00:45:00,4135001,pkci93gMrogZuBj,0.0,0.0,0.0
2020-06-17 00:45:00,4135001,iCRJl6heRkivqQ3,0.0,0.0,0.0
2020-06-17 00:45:00,4135001,z9Y9gH1T5YWrNuG,0.0,0.0,0.0
2020-06-17 00:45:00,4135001,7JYdWkrLSPkdwr4,0.0,0.0,0.0
2020-06-17 00:45:00,4135001,McdE0feGgRqW7Ca,0.0,0.0,0.0
2020-06-17 00:45:00,4135001,sjndEbLyjtCKgGv,0.0,0.0,0.0
2020-06-17 00:45:00,4135001,uHbuxQJl8lW7ozc,0.0,0.0,0.0
2020-06-17 00:45:00,4135001,VHMLBKoKgIrUVDU,0.0,0.0,0.0
2020-06-17 00:45:00,4135001,ZoEaEvLYb1n2sOq,0.0,0.0,0.0
2020-06-17 00:45:00,4135001,1IF53ai7Xc0U56Y,0.0,0.0,0.0
2020-06-17 00:45:00,4135001,1BY6WEcLGh8j5v7,0.0,0.0,0.0
2020-06-17 00:45:00,4135001,ZnxXDlPa8U1GXgE,0.0,0.0,0.0
2020-06-17 01:00:00,4135001,7JYdWkrLSPkdwr4,0.0,0.0,0.0
2020-06-17 01:00:00,4135001,adLQvlD726eNBSB,0.0,0.0,0.0
2020-06-17 01:00:00,4135001,1BY6WEcLGh8j5v7,0.0,0.0,0.0
2020-06-17 01:00:00,4135001,rGa61gmuvPhdLxV,0.0,0.0,0.0
2020-06-17 01:00:00,4135001,McdE0feGgRqW7Ca,0.0,0.0,0.0
2020-06-17 01:00:00,4135001,ZoEaEvLYb1n2sOq,0.0,0.0,0.0
2020-06-17 01:00:00,4135001,bvBOhCH3iADSZry,0.0,0.0,0.0
2020-06-17 01:00:00,4135001,wCURE6d3bPkepu2,0.0,0.0,0.0
2020-06-17 01:00:00,4135001,zBIq5rxdHJRwDNY,0.0,0.0,0.0
2020-06-17 01:00:00,4135001,YxYtjZvoooNbGkE,0.0,0.0,0.0
2020-06-17 01:00:00,4135001,zVJPv84UY57bAof,0.0,0.0,0.0
2020-06-17 01:00:00,4135001,z9Y9gH1T5YWrNuG,0.0,0.0,0.0
2020-06-17 01:00:00,4135001,iCRJl6heRkivqQ3,0.0,0.0,0.0
2020-06-17 01:00:00,4135001,1IF53ai7Xc0U56Y,0.0,0.0,0.0
2020-06-17 01:00:00,4135001,pkci93gMrogZuBj,0.0,0.0,0.0
2020-06-17 01:00:00,4135001,sjndEbLyjtCKgGv,0.0,0.0,0.0
2020-06-17 01:00:00,4135001,WRmjgnKYAwPKWDb,0.0,0.0,0.0
2020-06-17 01:00:00,4135001,ZnxXDlPa8U1GXgE,0.0,0.0,0.0
2020-06-17 01:00:00,4135001,VHMLBKoKgIrUVDU,0.0,0.0,0.0
2020-06-17 01:00:00,4135001,3PZuoBAID5Wc2HD,0.0,0.0,0.0
2020-06-17 01:00:00,4135001,ih0vzX44oOqAx2f,0.0,0.0,0.0
2020-06-17 01:00:00,4135001,uHbuxQJl8lW7ozc,0.0,0.0,0.0
2020-06-17 01:15:00,4135001,ZnxXDlPa8U1GXgE,0.0,0.0,0.0
2020-06-17 01:15:00,4135001,YxYtjZvoooNbGkE,0.0,0.0,0.0
2020-06-17 01:15:00,4135001,wCURE6d3bPkepu2,0.0,0.0,0.0
2020-06-17 01:15:00,4135001,1IF53ai7Xc0U56Y,0.0,0.0,0.0
2020-06-17 01:15:00,4135001,1BY6WEcLGh8j5v7,0.0,0.0,0.0
2020-06-17 01:15:00,4135001,uHbuxQJl8lW7ozc,0.0,0.0,0.0
2020-06-17 01:15:00,4135001,iCRJl6heRkivqQ3,0.0,0.0,0.0
2020-06-17 01:15:00,4135001,adLQvlD726eNBSB,0.0,0.0,0.0
2020-06-17 01:15:00,4135001,VHMLBKoKgIrUVDU,0.0,0.0,0.0
2020-06-17 01:15:00,4135001,zVJPv84UY57bAof,0.0,0.0,0.0
2020-06-17 01:15:00,4135001,7JYdWkrLSPkdwr4,0.0,0.0,0.0
2020-06-17 01:15:00,4135001,pkci93gMrogZuBj,0.0,0.0,0.0
2020-06-17 01:15:00,4135001,bvBOhCH3iADSZry,0.0,0.0,0.0
2020-06-17 01:15:00,4135001,McdE0feGgRqW7Ca,0.0,0.0,0.0
2020-06-17 01:15:00,4135001,zBIq5rxdHJRwDNY,0.0,0.0,0.0
2020-06-17 01:15:00,4135001,ZoEaEvLYb1n2sOq,0.0,0.0,0.0
2020-06-17 01:15:00,4135001,z9Y9gH1T5YWrNuG,0.0,0.0,0.0
2020-06-17 01:15:00,4135001,3PZuoBAID5Wc2HD,0.0,0.0,0.0
2020-06-17 01:15:00,4135001,sjndEbLyjtCKgGv,0.0,0.0,0.0
2020-06-17 01:15:00,4135001,ih0vzX44oOqAx2f,0.0,0.0,0.0
2020-06-17 01:15:00,4135001,rGa61gmuvPhdLxV,0.0,0.0,0.0
2020-06-17 01:15:00,4135001,WRmjgnKYAwPKWDb,0.0,0.0,0.0
2020-06-17 01:30:00,4135001,3PZuoBAID5Wc2HD,0.0,0.0,0.0
2020-06-17 01:30:00,4135001,ZoEaEvLYb1n2sOq,0.0,0.0,0.0
2020-06-17 01:30:00,4135001,ZnxXDlPa8U1GXgE,0.0,0.0,0.0
2020-06-17 01:30:00,4135001,zVJPv84UY57bAof,0.0,0.0,0.0
2020-06-17 01:30:00,4135001,WRmjgnKYAwPKWDb,0.0,0.0,0.0
2020-06-17 01:30:00,4135001,YxYtjZvoooNbGkE,0.0,0.0,0.0
2020-06-17 01:30:00,4135001,1BY6WEcLGh8j5v7,0.0,0.0,0.0
2020-06-17 01:30:00,4135001,pkci93gMrogZuBj,0.0,0.0,0.0
2020-06-17 01:30:00,4135001,VHMLBKoKgIrUVDU,0.0,0.0,0.0
2020-06-17 01:30:00,4135001,ih0vzX44oOqAx2f,0.0,0.0,0.0
2020-06-17 01:30:00,4135001,rGa61gmuvPhdLxV,0.0,0.0,0.0
2020-06-17 01:30:00,4135001,adLQvlD726eNBSB,0.0,0.0,0.0
2020-06-17 01:30:00,4135001,sjndEbLyjtCKgGv,0.0,0.0,0.0
2020-06-17 01:30:00,4135001,McdE0feGgRqW7Ca,0.0,0.0,0.0
2020-06-17 01:30:00,4135001,bvBOhCH3iADSZry,0.0,0.0,0.0
2020-06-17 01:30:00,4135001,7JYdWkrLSPkdwr4,0.0,0.0,0.0
2020-06-17 01:30:00,4135001,zBIq5rxdHJRwDNY,0.0,0.0,0.0
2020-06-17 01:30:00,4135001,z9Y9gH1T5YWrNuG,0.0,0.0,0.0
2020-06-17 01:30:00,4135001,uHbuxQJl8lW7ozc,0.0,0.0,0.0
2020-06-17 01:30:00,4135001,iCRJl6heRkivqQ3,0.0,0.0,0.0
2020-06-17 01:30:00,4135001,wCURE6d3bPkepu2,0.0,0.0,0.0
2020-06-17 01:30:00,4135001,1IF53ai7Xc0U56Y,0.0,0.0,0.0
2020-06-17 01:45:00,4135001,McdE0feGgRqW7Ca,0.0,0.0,0.0
2020-06-17 01:45:00,4135001,sjndEbLyjtCKgGv,0.0,0.0,0.0
2020-06-17 01:45:00,4135001,3PZuoBAID5Wc2HD,0.0,0.0,0.0
2020-06-17 01:45:00,4135001,z9Y9gH1T5YWrNuG,0.0,0.0,0.0
2020-06-17 01:45:00,4135001,ZnxXDlPa8U1GXgE,0.0,0.0,0.0
2020-06-17 01:45:00,4135001,pkci93gMrogZuBj,0.0,0.0,0.0
2020-06-17 01:45:00,4135001,ih0vzX44oOqAx2f,0.0,0.0,0.0
2020-06-17 01:45:00,4135001,7JYdWkrLSPkdwr4,0.0,0.0,0.0
2020-06-17 01:45:00,4135001,WRmjgnKYAwPKWDb,0.0,0.0,0.0
2020-06-17 01:45:00,4135001,rGa61gmuvPhdLxV,0.0,0.0,0.0
2020-06-17 01:45:00,4135001,1IF53ai7Xc0U56Y,0.0,0.0,0.0
2020-06-17 01:45:00,4135001,iCRJl6heRkivqQ3,0.0,0.0,0.0
2020-06-17 01:45:00,4135001,VHMLBKoKgIrUVDU,0.0,0.0,0.0
2020-06-17 01:45:00,4135001,uHbuxQJl8lW7ozc,0.0,0.0,0.0
2020-06-17 01:45:00,4135001,wCURE6d3bPkepu2,0.0,0.0,0.0
2020-06-17 01:45:00,4135001,adLQvlD726eNBSB,0.0,0.0,0.0
2020-06-17 01:45:00,4135001,YxYtjZvoooNbGkE,0.0,0.0,0.0
2020-06-17 01:45:00,4135001,zBIq5rxdHJRwDNY,0.0,0.0,0.0
2020-06-17 01:45:00,4135001,ZoEaEvLYb1n2sOq,0.0,0.0,0.0
2020-06-17 01:45:00,4135001,zVJPv84UY57bAof,0.0,0.0,0.0
2020-06-17 01:45:00,4135001,bvBOhCH3iADSZry,0.0,0.0,0.0
2020-06-17 01:45:00,4135001,1BY6WEcLGh8j5v7,0.0,0.0,0.0
2020-06-17 02:00:00,4135001,iCRJl6heRkivqQ3,0.0,0.0,0.0
2020-06-17 02:00:00,4135001,7JYdWkrLSPkdwr4,0.0,0.0,0.0
2020-06-17 02:00:00,4135001,wCURE6d3bPkepu2,0.0,0.0,0.0
2020-06-17 02:00:00,4135001,1IF53ai7Xc0U56Y,0.0,0.0,0.0
2020-06-17 02:00:00,4135001,1BY6WEcLGh8j5v7,0.0,0.0,0.0
2020-06-17 02:00:00,4135001,VHMLBKoKgIrUVDU,0.0,0.0,0.0
2020-06-17 02:00:00,4135001,rGa61gmuvPhdLxV,0.0,0.0,0.0
2020-06-17 02:00:00,4135001,uHbuxQJl8lW7ozc,0.0,0.0,0.0
2020-06-17 02:00:00,4135001,zBIq5rxdHJRwDNY,0.0,0.0,0.0
2020-06-17 02:00:00,4135001,McdE0feGgRqW7Ca,0.0,0.0,0.0
2020-06-17 02:00:00,4135001,sjndEbLyjtCKgGv,0.0,0.0,0.0
2020-06-17 02:00:00,4135001,adLQvlD726eNBSB,0.0,0.0,0.0
2020-06-17 02:00:00,4135001,ih0vzX44oOqAx2f,0.0,0.0,0.0
2020-06-17 02:00:00,4135001,z9Y9gH1T5YWrNuG,0.0,0.0,0.0
2020-06-17 02:00:00,4135001,bvBOhCH3iADSZry,0.0,0.0,0.0
2020-06-17 02:00:00,4135001,WRmjgnKYAwPKWDb,0.0,0.0,0.0
2020-06-17 02:00:00,4135001,3PZuoBAID5Wc2HD,0.0,0.0,0.0
2020-06-17 02:00:00,4135001,ZnxXDlPa8U1GXgE,0.0,0.0,0.0
2020-06-17 02:00:00,4135001,YxYtjZvoooNbGkE,0.0,0.0,0.0
2020-06-17 02:00:00,4135001,zVJPv84UY57bAof,0.0,0.0,0.0
2020-06-17 02:00:00,4135001,ZoEaEvLYb1n2sOq,0.0,0.0,0.0
2020-06-17 02:00:00,4135001,pkci93gMrogZuBj,0.0,0.0,0.0
2020-06-17 02:15:00,4135001,bvBOhCH3iADSZry,0.0,0.0,0.0
2020-06-17 02:15:00,4135001,rGa61gmuvPhdLxV,0.0,0.0,0.0
2020-06-17 02:15:00,4135001,1IF53ai7Xc0U56Y,0.0,0.0,0.0
2020-06-17 02:15:00,4135001,ZnxXDlPa8U1GXgE,0.0,0.0,0.0
2020-06-17 02:15:00,4135001,McdE0feGgRqW7Ca,0.0,0.0,0.0
2020-06-17 02:15:00,4135001,sjndEbLyjtCKgGv,0.0,0.0,0.0
2020-06-17 02:15:00,4135001,ZoEaEvLYb1n2sOq,0.0,0.0,0.0
2020-06-17 02:15:00,4135001,zBIq5rxdHJRwDNY,0.0,0.0,0.0
2020-06-17 02:15:00,4135001,ih0vzX44oOqAx2f,0.0,0.0,0.0
2020-06-17 02:15:00,4135001,adLQvlD726eNBSB,0.0,0.0,0.0
2020-06-17 02:15:00,4135001,VHMLBKoKgIrUVDU,0.0,0.0,0.0
2020-06-17 02:15:00,4135001,1BY6WEcLGh8j5v7,0.0,0.0,0.0
2020-06-17 02:15:00,4135001,z9Y9gH1T5YWrNuG,0.0,0.0,0.0
2020-06-17 02:15:00,4135001,zVJPv84UY57bAof,0.0,0.0,0.0
2020-06-17 02:15:00,4135001,wCURE6d3bPkepu2,0.0,0.0,0.0
2020-06-17 02:15:00,4135001,pkci93gMrogZuBj,0.0,0.0,0.0
2020-06-17 02:15:00,4135001,iCRJl6heRkivqQ3,0.0,0.0,0.0
2020-06-17 02:15:00,4135001,7JYdWkrLSPkdwr4,0.0,0.0,0.0
2020-06-17 02:15:00,4135001,YxYtjZvoooNbGkE,0.0,0.0,0.0
2020-06-17 02:15:00,4135001,3PZuoBAID5Wc2HD,0.0,0.0,0.0
2020-06-17 02:15:00,4135001,uHbuxQJl8lW7ozc,0.0,0.0,0.0
2020-06-17 02:15:00,4135001,WRmjgnKYAwPKWDb,0.0,0.0,0.0
2020-06-17 02:30:00,4135001,ih0vzX44oOqAx2f,0.0,0.0,0.0
2020-06-17 02:30:00,4135001,WRmjgnKYAwPKWDb,0.0,0.0,0.0
2020-06-17 02:30:00,4135001,ZoEaEvLYb1n2sOq,0.0,0.0,0.0
2020-06-17 02:30:00,4135001,uHbuxQJl8lW7ozc,0.0,0.0,0.0
2020-06-17 02:30:00,4135001,VHMLBKoKgIrUVDU,0.0,0.0,0.0
2020-06-17 02:30:00,4135001,zBIq5rxdHJRwDNY,0.0,0.0,0.0
2020-06-17 02:30:00,4135001,adLQvlD726eNBSB,0.0,0.0,0.0
2020-06-17 02:30:00,4135001,iCRJl6heRkivqQ3,0.0,0.0,0.0
2020-06-17 02:30:00,4135001,7JYdWkrLSPkdwr4,0.0,0.0,0.0
2020-06-17 02:30:00,4135001,sjndEbLyjtCKgGv,0.0,0.0,0.0
2020-06-17 02:30:00,4135001,3PZuoBAID5Wc2HD,0.0,0.0,0.0
2020-06-17 02:30:00,4135001,McdE0feGgRqW7Ca,0.0,0.0,0.0
2020-06-17 02:30:00,4135001,zVJPv84UY57bAof,0.0,0.0,0.0
2020-06-17 02:30:00,4135001,z9Y9gH1T5YWrNuG,0.0,0.0,0.0
2020-06-17 02:30:00,4135001,bvBOhCH3iADSZry,0.0,0.0,0.0
2020-06-17 02:30:00,4135001,rGa61gmuvPhdLxV,0.0,0.0,0.0
2020-06-17 02:30:00,4135001,YxYtjZvoooNbGkE,0.0,0.0,0.0
2020-06-17 02:30:00,4135001,1IF53ai7Xc0U56Y,0.0,0.0,0.0
2020-06-17 02:30:00,4135001,wCURE6d3bPkepu2,0.0,0.0,0.0
2020-06-17 02:30:00,4135001,pkci93gMrogZuBj,0.0,0.0,0.0
2020-06-17 02:30:00,4135001,1BY6WEcLGh8j5v7,0.0,0.0,0.0
2020-06-17 02:30:00,4135001,ZnxXDlPa8U1GXgE,0.0,0.0,0.0
2020-06-17 02:45:00,4135001,VHMLBKoKgIrUVDU,0.0,0.0,0.0
2020-06-17 02:45:00,4135001,McdE0feGgRqW7Ca,0.0,0.0,0.0
2020-06-17 02:45:00,4135001,uHbuxQJl8lW7ozc,0.0,0.0,0.0
2020-06-17 02:45:00,4135001,3PZuoBAID5Wc2HD,0.0,0.0,0.0
2020-06-17 02:45:00,4135001,z9Y9gH1T5YWrNuG,0.0,0.0,0.0
2020-06-17 02:45:00,4135001,adLQvlD726eNBSB,0.0,0.0,0.0
2020-06-17 02:45:00,4135001,1BY6WEcLGh8j5v7,0.0,0.0,0.0
2020-06-17 02:45:00,4135001,wCURE6d3bPkepu2,0.0,0.0,0.0
2020-06-17 02:45:00,4135001,iCRJl6heRkivqQ3,0.0,0.0,0.0
2020-06-17 02:45:00,4135001,bvBOhCH3iADSZry,0.0,0.0,0.0
2020-06-17 02:45:00,4135001,ZnxXDlPa8U1GXgE,0.0,0.0,0.0
2020-06-17 02:45:00,4135001,zVJPv84UY57bAof,0.0,0.0,0.0
2020-06-17 02:45:00,4135001,YxYtjZvoooNbGkE,0.0,0.0,0.0
2020-06-17 02:45:00,4135001,rGa61gmuvPhdLxV,0.0,0.0,0.0
2020-06-17 02:45:00,4135001,WRmjgnKYAwPKWDb,0.0,0.0,0.0
2020-06-17 02:45:00,4135001,zBIq5rxdHJRwDNY,0.0,0.0,0.0
2020-06-17 02:45:00,4135001,ZoEaEvLYb1n2sOq,0.0,0.0,0.0
2020-06-17 02:45:00,4135001,ih0vzX44oOqAx2f,0.0,0.0,0.0
2020-06-17 02:45:00,4135001,pkci93gMrogZuBj,0.0,0.0,0.0
2020-06-17 02:45:00,4135001,7JYdWkrLSPkdwr4,0.0,0.0,0.0
2020-06-17 02:45:00,4135001,1IF53ai7Xc0U56Y,0.0,0.0,0.0
2020-06-17 02:45:00,4135001,sjndEbLyjtCKgGv,0.0,0.0,0.0
2020-06-17 03:00:00,4135001,1IF53ai7Xc0U56Y,0.0,0.0,0.0
2020-06-17 03:00:00,4135001,zBIq5rxdHJRwDNY,0.0,0.0,0.0
2020-06-17 03:00:00,4135001,bvBOhCH3iADSZry,0.0,0.0,0.0
2020-06-17 03:00:00,4135001,rGa61gmuvPhdLxV,0.0,0.0,0.0
2020-06-17 03:00:00,4135001,zVJPv84UY57bAof,0.0,0.0,0.0
2020-06-17 03:00:00,4135001,iCRJl6heRkivqQ3,0.0,0.0,0.0
2020-06-17 03:00:00,4135001,ZnxXDlPa8U1GXgE,0.0,0.0,0.0
2020-06-17 03:00:00,4135001,VHMLBKoKgIrUVDU,0.0,0.0,0.0
2020-06-17 03:00:00,4135001,adLQvlD726eNBSB,0.0,0.0,0.0
2020-06-17 03:00:00,4135001,z9Y9gH1T5YWrNuG,0.0,0.0,0.0
2020-06-17 03:00:00,4135001,ZoEaEvLYb1n2sOq,0.0,0.0,0.0
2020-06-17 03:00:00,4135001,1BY6WEcLGh8j5v7,0.0,0.0,0.0
2020-06-17 03:00:00,4135001,ih0vzX44oOqAx2f,0.0,0.0,0.0
2020-06-17 03:00:00,4135001,WRmjgnKYAwPKWDb,0.0,0.0,0.0
2020-06-17 03:00:00,4135001,wCURE6d3bPkepu2,0.0,0.0,0.0
2020-06-17 03:00:00,4135001,sjndEbLyjtCKgGv,0.0,0.0,0.0
2020-06-17 03:00:00,4135001,uHbuxQJl8lW7ozc,0.0,0.0,0.0
2020-06-17 03:00:00,4135001,3PZuoBAID5Wc2HD,0.0,0.0,0.0
2020-06-17 03:00:00,4135001,YxYtjZvoooNbGkE,0.0,0.0,0.0
2020-06-17 03:00:00,4135001,pkci93gMrogZuBj,0.0,0.0,0.0
2020-06-17 03:00:00,4135001,7JYdWkrLSPkdwr4,0.0,0.0,0.0
2020-06-17 03:00:00,4135001,McdE0feGgRqW7Ca,0.0,0.0,0.0
2020-06-17 03:15:00,4135001,iCRJl6heRkivqQ3,0.0,0.0,0.0
2020-06-17 03:15:00,4135001,sjndEbLyjtCKgGv,0.0,0.0,0.0
2020-06-17 03:15:00,4135001,3PZuoBAID5Wc2HD,0.0,0.0,0.0
2020-06-17 03:15:00,4135001,ZoEaEvLYb1n2sOq,0.0,0.0,0.0
2020-06-17 03:15:00,4135001,1IF53ai7Xc0U56Y,0.0,0.0,0.0
2020-06-17 03:15:00,4135001,pkci93gMrogZuBj,0.0,0.0,0.0
2020-06-17 03:15:00,4135001,zBIq5rxdHJRwDNY,0.0,0.0,0.0
2020-06-17 03:15:00,4135001,rGa61gmuvPhdLxV,0.0,0.0,0.0
2020-06-17 03:15:00,4135001,bvBOhCH3iADSZry,0.0,0.0,0.0
2020-06-17 03:15:00,4135001,WRmjgnKYAwPKWDb,0.0,0.0,0.0
2020-06-17 03:15:00,4135001,zVJPv84UY57bAof,0.0,0.0,0.0
2020-06-17 03:15:00,4135001,7JYdWkrLSPkdwr4,0.0,0.0,0.0
2020-06-17 03:15:00,4135001,YxYtjZvoooNbGkE,0.0,0.0,0.0
2020-06-17 03:15:00,4135001,ZnxXDlPa8U1GXgE,0.0,0.0,0.0
2020-06-17 03:15:00,4135001,uHbuxQJl8lW7ozc,0.0,0.0,0.0
2020-06-17 03:15:00,4135001,VHMLBKoKgIrUVDU,0.0,0.0,0.0
2020-06-17 03:15:00,4135001,adLQvlD726eNBSB,0.0,0.0,0.0
2020-06-17 03:15:00,4135001,wCURE6d3bPkepu2,0.0,0.0,0.0
2020-06-17 03:15:00,4135001,1BY6WEcLGh8j5v7,0.0,0.0,0.0
2020-06-17 03:15:00,4135001,z9Y9gH1T5YWrNuG,0.0,0.0,0.0
2020-06-17 03:15:00,4135001,McdE0feGgRqW7Ca,0.0,0.0,0.0
2020-06-17 03:15:00,4135001,ih0vzX44oOqAx2f,0.0,0.0,0.0
2020-06-17 03:30:00,4135001,zVJPv84UY57bAof,0.0,0.0,0.0
2020-06-17 03:30:00,4135001,7JYdWkrLSPkdwr4,0.0,0.0,0.0
2020-06-17 03:30:00,4135001,zBIq5rxdHJRwDNY,0.0,0.0,0.0
2020-06-17 03:30:00,4135001,WRmjgnKYAwPKWDb,0.0,0.0,0.0
2020-06-17 03:30:00,4135001,YxYtjZvoooNbGkE,0.0,0.0,0.0
2020-06-17 03:30:00,4135001,ZoEaEvLYb1n2sOq,0.0,0.0,0.0
2020-06-17 03:30:00,4135001,ZnxXDlPa8U1GXgE,0.0,0.0,0.0
2020-06-17 03:30:00,4135001,uHbuxQJl8lW7ozc,0.0,0.0,0.0
2020-06-17 03:30:00,4135001,pkci93gMrogZuBj,0.0,0.0,0.0
2020-06-17 03:30:00,4135001,McdE0feGgRqW7Ca,0.0,0.0,0.0
2020-06-17 03:30:00,4135001,3PZuoBAID5Wc2HD,0.0,0.0,0.0
2020-06-17 03:30:00,4135001,iCRJl6heRkivqQ3,0.0,0.0,0.0
2020-06-17 03:30:00,4135001,rGa61gmuvPhdLxV,0.0,0.0,0.0
2020-06-17 03:30:00,4135001,wCURE6d3bPkepu2,0.0,0.0,0.0
2020-06-17 03:30:00,4135001,1BY6WEcLGh8j5v7,0.0,0.0,0.0
2020-06-17 03:30:00,4135001,z9Y9gH1T5YWrNuG,0.0,0.0,0.0
2020-06-17 03:30:00,4135001,ih0vzX44oOqAx2f,0.0,0.0,0.0
2020-06-17 03:30:00,4135001,VHMLBKoKgIrUVDU,0.0,0.0,0.0
2020-06-17 03:30:00,4135001,sjndEbLyjtCKgGv,0.0,0.0,0.0
2020-06-17 03:30:00,4135001,adLQvlD726eNBSB,0.0,0.0,0.0
2020-06-17 03:30:00,4135001,1IF53ai7Xc0U56Y,0.0,0.0,0.0
2020-06-17 03:30:00,4135001,bvBOhCH3iADSZry,0.0,0.0,0.0
2020-06-17 03:45:00,4135001,adLQvlD726eNBSB,0.0,0.0,0.0
2020-06-17 03:45:00,4135001,1BY6WEcLGh8j5v7,0.0,0.0,0.0
2020-06-17 03:45:00,4135001,uHbuxQJl8lW7ozc,0.0,0.0,0.0
2020-06-17 03:45:00,4135001,bvBOhCH3iADSZry,0.0,0.0,0.0
2020-06-17 03:45:00,4135001,VHMLBKoKgIrUVDU,0.0,0.0,0.0
2020-06-17 03:45:00,4135001,zVJPv84UY57bAof,0.0,0.0,0.0
2020-06-17 03:45:00,4135001,rGa61gmuvPhdLxV,0.0,0.0,0.0
2020-06-17 03:45:00,4135001,zBIq5rxdHJRwDNY,0.0,0.0,0.0
2020-06-17 03:45:00,4135001,1IF53ai7Xc0U56Y,0.0,0.0,0.0
2020-06-17 03:45:00,4135001,7JYdWkrLSPkdwr4,0.0,0.0,0.0
2020-06-17 03:45:00,4135001,ZnxXDlPa8U1GXgE,0.0,0.0,0.0
2020-06-17 03:45:00,4135001,McdE0feGgRqW7Ca,0.0,0.0,0.0
2020-06-17 03:45:00,4135001,wCURE6d3bPkepu2,0.0,0.0,0.0
2020-06-17 03:45:00,4135001,YxYtjZvoooNbGkE,0.0,0.0,0.0
2020-06-17 03:45:00,4135001,3PZuoBAID5Wc2HD,0.0,0.0,0.0
2020-06-17 03:45:00,4135001,z9Y9gH1T5YWrNuG,0.0,0.0,0.0
2020-06-17 03:45:00,4135001,ih0vzX44oOqAx2f,0.0,0.0,0.0
2020-06-17 03:45:00,4135001,sjndEbLyjtCKgGv,0.0,0.0,0.0
2020-06-17 03:45:00,4135001,WRmjgnKYAwPKWDb,0.0,0.0,0.0
2020-06-17 03:45:00,4135001,iCRJl6heRkivqQ3,0.0,0.0,0.0
2020-06-17 03:45:00,4135001,ZoEaEvLYb1n2sOq,0.0,0.0,0.0
2020-06-17 03:45:00,4135001,pkci93gMrogZuBj,0.0,0.0,0.0
2020-06-17 04:00:00,4135001,3PZuoBAID5Wc2HD,0.0,0.0,0.0
2020-06-17 04:00:00,4135001,zVJPv84UY57bAof,0.0,0.0,0.0
2020-06-17 04:00:00,4135001,rGa61gmuvPhdLxV,0.0,0.0,0.0
2020-06-17 04:00:00,4135001,wCURE6d3bPkepu2,0.0,0.0,0.0
2020-06-17 04:00:00,4135001,1IF53ai7Xc0U56Y,0.0,0.0,0.0
2020-06-17 04:00:00,4135001,bvBOhCH3iADSZry,0.0,0.0,0.0
2020-06-17 04:00:00,4135001,McdE0feGgRqW7Ca,0.0,0.0,0.0
2020-06-17 04:00:00,4135001,adLQvlD726eNBSB,0.0,0.0,0.0
2020-06-17 04:00:00,4135001,1BY6WEcLGh8j5v7,0.0,0.0,0.0
2020-06-17 04:00:00,4135001,sjndEbLyjtCKgGv,0.0,0.0,0.0
2020-06-17 04:00:00,4135001,VHMLBKoKgIrUVDU,0.0,0.0,0.0
2020-06-17 04:00:00,4135001,ZnxXDlPa8U1GXgE,0.0,0.0,0.0
2020-06-17 04:00:00,4135001,iCRJl6heRkivqQ3,0.0,0.0,0.0
2020-06-17 04:00:00,4135001,ih0vzX44oOqAx2f,0.0,0.0,0.0
2020-06-17 04:00:00,4135001,z9Y9gH1T5YWrNuG,0.0,0.0,0.0
2020-06-17 04:00:00,4135001,uHbuxQJl8lW7ozc,0.0,0.0,0.0
2020-06-17 04:00:00,4135001,ZoEaEvLYb1n2sOq,0.0,0.0,0.0
2020-06-17 04:00:00,4135001,YxYtjZvoooNbGkE,0.0,0.0,0.0
2020-06-17 04:00:00,4135001,WRmjgnKYAwPKWDb,0.0,0.0,0.0
2020-06-17 04:00:00,4135001,7JYdWkrLSPkdwr4,0.0,0.0,0.0
2020-06-17 04:00:00,4135001,zBIq5rxdHJRwDNY,0.0,0.0,0.0
2020-06-17 04:00:00,4135001,pkci93gMrogZuBj,0.0,0.0,0.0
2020-06-17 04:15:00,4135001,iCRJl6heRkivqQ3,0.0,0.0,0.0
2020-06-17 04:15:00,4135001,zBIq5rxdHJRwDNY,0.0,0.0,0.0
2020-06-17 04:15:00,4135001,adLQvlD726eNBSB,0.0,0.0,0.0
2020-06-17 04:15:00,4135001,1BY6WEcLGh8j5v7,0.0,0.0,0.0
2020-06-17 04:15:00,4135001,VHMLBKoKgIrUVDU,0.0,0.0,0.0
2020-06-17 04:15:00,4135001,7JYdWkrLSPkdwr4,0.0,0.0,0.0
2020-06-17 04:15:00,4135001,WRmjgnKYAwPKWDb,0.0,0.0,0.0
2020-06-17 04:15:00,4135001,ZnxXDlPa8U1GXgE,0.0,0.0,0.0
2020-06-17 04:15:00,4135001,pkci93gMrogZuBj,0.0,0.0,0.0
2020-06-17 04:15:00,4135001,1IF53ai7Xc0U56Y,0.0,0.0,0.0
2020-06-17 04:15:00,4135001,sjndEbLyjtCKgGv,0.0,0.0,0.0
2020-06-17 04:15:00,4135001,ih0vzX44oOqAx2f,0.0,0.0,0.0
2020-06-17 04:15:00,4135001,rGa61gmuvPhdLxV,0.0,0.0,0.0
2020-06-17 04:15:00,4135001,uHbuxQJl8lW7ozc,0.0,0.0,0.0
2020-06-17 04:15:00,4135001,ZoEaEvLYb1n2sOq,0.0,0.0,0.0
2020-06-17 04:15:00,4135001,z9Y9gH1T5YWrNuG,0.0,0.0,0.0
2020-06-17 04:15:00,4135001,zVJPv84UY57bAof,0.0,0.0,0.0
2020-06-17 04:15:00,4135001,wCURE6d3bPkepu2,0.0,0.0,0.0
2020-06-17 04:15:00,4135001,YxYtjZvoooNbGkE,0.0,0.0,0.0
2020-06-17 04:15:00,4135001,McdE0feGgRqW7Ca,0.0,0.0,0.0
2020-06-17 04:15:00,4135001,3PZuoBAID5Wc2HD,0.0,0.0,0.0
2020-06-17 04:15:00,4135001,bvBOhCH3iADSZry,0.0,0.0,0.0
2020-06-17 04:30:00,4135001,7JYdWkrLSPkdwr4,0.0,0.0,0.0
2020-06-17 04:30:00,4135001,ZnxXDlPa8U1GXgE,0.0,0.0,0.0
2020-06-17 04:30:00,4135001,McdE0feGgRqW7Ca,0.0,0.0,0.0
2020-06-17 04:30:00,4135001,rGa61gmuvPhdLxV,0.0,0.0,0.0
2020-06-17 04:30:00,4135001,adLQvlD726eNBSB,0.0,0.0,0.0
2020-06-17 04:30:00,4135001,VHMLBKoKgIrUVDU,0.0,0.0,0.0
2020-06-17 04:30:00,4135001,YxYtjZvoooNbGkE,0.0,0.0,0.0
2020-06-17 04:30:00,4135001,3PZuoBAID5Wc2HD,0.0,0.0,0.0
2020-06-17 04:30:00,4135001,wCURE6d3bPkepu2,0.0,0.0,0.0
2020-06-17 04:30:00,4135001,sjndEbLyjtCKgGv,0.0,0.0,0.0
2020-06-17 04:30:00,4135001,pkci93gMrogZuBj,0.0,0.0,0.0
2020-06-17 04:30:00,4135001,uHbuxQJl8lW7ozc,0.0,0.0,0.0
2020-06-17 04:30:00,4135001,WRmjgnKYAwPKWDb,0.0,0.0,0.0
2020-06-17 04:30:00,4135001,ih0vzX44oOqAx2f,0.0,0.0,0.0
2020-06-17 04:30:00,4135001,bvBOhCH3iADSZry,0.0,0.0,0.0
2020-06-17 04:30:00,4135001,z9Y9gH1T5YWrNuG,0.0,0.0,0.0
2020-06-17 04:30:00,4135001,iCRJl6heRkivqQ3,0.0,0.0,0.0
2020-06-17 04:30:00,4135001,1IF53ai7Xc0U56Y,0.0,0.0,0.0
2020-06-17 04:30:00,4135001,ZoEaEvLYb1n2sOq,0.0,0.0,0.0
2020-06-17 04:30:00,4135001,zVJPv84UY57bAof,0.0,0.0,0.0
2020-06-17 04:30:00,4135001,zBIq5rxdHJRwDNY,0.0,0.0,0.0
2020-06-17 04:30:00,4135001,1BY6WEcLGh8j5v7,0.0,0.0,0.0
2020-06-17 04:45:00,4135001,ZnxXDlPa8U1GXgE,0.0,0.0,0.0
2020-06-17 04:45:00,4135001,VHMLBKoKgIrUVDU,0.0,0.0,0.0
2020-06-17 04:45:00,4135001,sjndEbLyjtCKgGv,0.0,0.0,0.0
2020-06-17 04:45:00,4135001,McdE0feGgRqW7Ca,0.0,0.0,0.0
2020-06-17 04:45:00,4135001,7JYdWkrLSPkdwr4,0.0,0.0,0.0
2020-06-17 04:45:00,4135001,zBIq5rxdHJRwDNY,0.0,0.0,0.0
2020-06-17 04:45:00,4135001,zVJPv84UY57bAof,0.0,0.0,0.0
2020-06-17 04:45:00,4135001,adLQvlD726eNBSB,0.0,0.0,0.0
2020-06-17 04:45:00,4135001,ZoEaEvLYb1n2sOq,0.0,0.0,0.0
2020-06-17 04:45:00,4135001,1IF53ai7Xc0U56Y,0.0,0.0,0.0
2020-06-17 04:45:00,4135001,uHbuxQJl8lW7ozc,0.0,0.0,0.0
2020-06-17 04:45:00,4135001,pkci93gMrogZuBj,0.0,0.0,0.0
2020-06-17 04:45:00,4135001,YxYtjZvoooNbGkE,0.0,0.0,0.0
2020-06-17 04:45:00,4135001,bvBOhCH3iADSZry,0.0,0.0,0.0
2020-06-17 04:45:00,4135001,1BY6WEcLGh8j5v7,0.0,0.0,0.0
2020-06-17 04:45:00,4135001,3PZuoBAID5Wc2HD,0.0,0.0,0.0
2020-06-17 04:45:00,4135001,WRmjgnKYAwPKWDb,0.0,0.0,0.0
2020-06-17 04:45:00,4135001,ih0vzX44oOqAx2f,0.0,0.0,0.0
2020-06-17 04:45:00,4135001,z9Y9gH1T5YWrNuG,0.0,0.0,0.0
2020-06-17 04:45:00,4135001,wCURE6d3bPkepu2,0.0,0.0,0.0
2020-06-17 04:45:00,4135001,rGa61gmuvPhdLxV,0.0,0.0,0.0
2020-06-17 04:45:00,4135001,iCRJl6heRkivqQ3,0.0,0.0,0.0
2020-06-17 05:00:00,4135001,ZoEaEvLYb1n2sOq,0.0,0.0,0.0
2020-06-17 05:00:00,4135001,VHMLBKoKgIrUVDU,0.0,0.0,0.0
2020-06-17 05:00:00,4135001,bvBOhCH3iADSZry,0.0,0.0,0.0
2020-06-17 05:00:00,4135001,WRmjgnKYAwPKWDb,0.0,0.0,0.0
2020-06-17 05:00:00,4135001,uHbuxQJl8lW7ozc,0.0,0.0,0.0
2020-06-17 05:00:00,4135001,rGa61gmuvPhdLxV,0.0,0.0,0.0
2020-06-17 05:00:00,4135001,pkci93gMrogZuBj,0.0,0.0,0.0
2020-06-17 05:00:00,4135001,zVJPv84UY57bAof,0.0,0.0,0.0
2020-06-17 05:00:00,4135001,wCURE6d3bPkepu2,0.0,0.0,0.0
2020-06-17 05:00:00,4135001,zBIq5rxdHJRwDNY,0.0,0.0,0.0
2020-06-17 05:00:00,4135001,ih0vzX44oOqAx2f,0.0,0.0,0.0
2020-06-17 05:00:00,4135001,3PZuoBAID5Wc2HD,0.0,0.0,0.0
2020-06-17 05:00:00,4135001,1BY6WEcLGh8j5v7,0.0,0.0,0.0
2020-06-17 05:00:00,4135001,YxYtjZvoooNbGkE,0.0,0.0,0.0
2020-06-17 05:00:00,4135001,1IF53ai7Xc0U56Y,0.0,0.0,0.0
2020-06-17 05:00:00,4135001,z9Y9gH1T5YWrNuG,0.0,0.0,0.0
2020-06-17 05:00:00,4135001,sjndEbLyjtCKgGv,0.0,0.0,0.0
2020-06-17 05:00:00,4135001,ZnxXDlPa8U1GXgE,0.0,0.0,0.0
2020-06-17 05:00:00,4135001,iCRJl6heRkivqQ3,0.0,0.0,0.0
2020-06-17 05:00:00,4135001,McdE0feGgRqW7Ca,0.0,0.0,0.0
2020-06-17 05:00:00,4135001,adLQvlD726eNBSB,0.0,0.0,0.0
2020-06-17 05:00:00,4135001,7JYdWkrLSPkdwr4,0.0,0.0,0.0
2020-06-17 05:15:00,4135001,ih0vzX44oOqAx2f,0.0,0.0,0.0
2020-06-17 05:15:00,4135001,adLQvlD726eNBSB,0.0,0.0,0.0
2020-06-17 05:15:00,4135001,1BY6WEcLGh8j5v7,0.0,0.0,0.0
2020-06-17 05:15:00,4135001,rGa61gmuvPhdLxV,0.0,0.0,0.0
2020-06-17 05:15:00,4135001,zVJPv84UY57bAof,0.0,0.0,0.0
2020-06-17 05:15:00,4135001,uHbuxQJl8lW7ozc,0.0,0.0,0.0
2020-06-17 05:15:00,4135001,sjndEbLyjtCKgGv,0.0,0.0,0.0
2020-06-17 05:15:00,4135001,3PZuoBAID5Wc2HD,0.0,0.0,0.0
2020-06-17 05:15:00,4135001,1IF53ai7Xc0U56Y,0.0,0.0,0.0
2020-06-17 05:15:00,4135001,ZoEaEvLYb1n2sOq,0.0,0.0,0.0
2020-06-17 05:15:00,4135001,YxYtjZvoooNbGkE,0.0,0.0,0.0
2020-06-17 05:15:00,4135001,iCRJl6heRkivqQ3,0.0,0.0,0.0
2020-06-17 05:15:00,4135001,VHMLBKoKgIrUVDU,0.0,0.0,0.0
2020-06-17 05:15:00,4135001,z9Y9gH1T5YWrNuG,0.0,0.0,0.0
2020-06-17 05:15:00,4135001,McdE0feGgRqW7Ca,0.0,0.0,0.0
2020-06-17 05:15:00,4135001,pkci93gMrogZuBj,0.0,0.0,0.0
2020-06-17 05:15:00,4135001,wCURE6d3bPkepu2,0.0,0.0,0.0
2020-06-17 05:15:00,4135001,bvBOhCH3iADSZry,0.0,0.0,0.0
2020-06-17 05:15:00,4135001,7JYdWkrLSPkdwr4,0.0,0.0,0.0
2020-06-17 05:15:00,4135001,ZnxXDlPa8U1GXgE,0.0,0.0,0.0
2020-06-17 05:15:00,4135001,zBIq5rxdHJRwDNY,0.0,0.0,0.0
2020-06-17 05:15:00,4135001,WRmjgnKYAwPKWDb,0.0,0.0,0.0
2020-06-17 05:30:00,4135001,wCURE6d3bPkepu2,0.0,0.0,0.0
2020-06-17 05:30:00,4135001,uHbuxQJl8lW7ozc,0.0,0.0,0.0
2020-06-17 05:30:00,4135001,1BY6WEcLGh8j5v7,0.0,0.0,0.0
2020-06-17 05:30:00,4135001,pkci93gMrogZuBj,0.0,0.0,0.0
2020-06-17 05:30:00,4135001,bvBOhCH3iADSZry,0.0,0.0,0.0
2020-06-17 05:30:00,4135001,z9Y9gH1T5YWrNuG,0.0,0.0,0.0
2020-06-17 05:30:00,4135001,3PZuoBAID5Wc2HD,0.0,0.0,0.0
2020-06-17 05:30:00,4135001,zBIq5rxdHJRwDNY,0.0,0.0,0.0
2020-06-17 05:30:00,4135001,rGa61gmuvPhdLxV,0.0,0.0,0.0
2020-06-17 05:30:00,4135001,YxYtjZvoooNbGkE,0.0,0.0,0.0
2020-06-17 05:30:00,4135001,1IF53ai7Xc0U56Y,0.0,0.0,0.0
2020-06-17 05:30:00,4135001,ZoEaEvLYb1n2sOq,0.0,0.0,0.0
2020-06-17 05:30:00,4135001,ih0vzX44oOqAx2f,0.0,0.0,0.0
2020-06-17 05:30:00,4135001,7JYdWkrLSPkdwr4,0.0,0.0,0.0
2020-06-17 05:30:00,4135001,WRmjgnKYAwPKWDb,0.0,0.0,0.0
2020-06-17 05:30:00,4135001,iCRJl6heRkivqQ3,0.0,0.0,0.0
2020-06-17 05:30:00,4135001,VHMLBKoKgIrUVDU,0.0,0.0,0.0
2020-06-17 05:30:00,4135001,ZnxXDlPa8U1GXgE,0.0,0.0,0.0
2020-06-17 05:30:00,4135001,zVJPv84UY57bAof,0.0,0.0,0.0
2020-06-17 05:30:00,4135001,adLQvlD726eNBSB,0.0,0.0,0.0
2020-06-17 05:30:00,4135001,sjndEbLyjtCKgGv,0.0,0.0,0.0
2020-06-17 05:30:00,4135001,McdE0feGgRqW7Ca,0.0,0.0,0.0
2020-06-17 05:45:00,4135001,z9Y9gH1T5YWrNuG,0.0,0.0,0.0
2020-06-17 05:45:00,4135001,ZoEaEvLYb1n2sOq,0.0,0.0,0.0
2020-06-17 05:45:00,4135001,zBIq5rxdHJRwDNY,0.0,0.0,0.0
2020-06-17 05:45:00,4135001,uHbuxQJl8lW7ozc,0.0,0.0,0.0
2020-06-17 05:45:00,4135001,WRmjgnKYAwPKWDb,0.0,0.0,0.0
2020-06-17 05:45:00,4135001,zVJPv84UY57bAof,0.0,0.0,0.0
2020-06-17 05:45:00,4135001,wCURE6d3bPkepu2,0.0,1.1375,0.0
2020-06-17 05:45:00,4135001,rGa61gmuvPhdLxV,0.0,0.0,0.0
2020-06-17 05:45:00,4135001,McdE0feGgRqW7Ca,0.0,1.1625,0.0
2020-06-17 05:45:00,4135001,ih0vzX44oOqAx2f,0.0,1.1375,0.0
2020-06-17 05:45:00,4135001,3PZuoBAID5Wc2HD,0.0,0.0,0.0
2020-06-17 05:45:00,4135001,YxYtjZvoooNbGkE,0.0,0.0,0.0
2020-06-17 05:45:00,4135001,1BY6WEcLGh8j5v7,0.0,0.0,0.0
2020-06-17 05:45:00,4135001,7JYdWkrLSPkdwr4,0.0,0.0,0.0
2020-06-17 05:45:00,4135001,ZnxXDlPa8U1GXgE,0.0,1.175,0.0
2020-06-17 05:45:00,4135001,sjndEbLyjtCKgGv,0.0,0.0,0.0
2020-06-17 05:45:00,4135001,bvBOhCH3iADSZry,0.0,0.0,0.0
2020-06-17 05:45:00,4135001,adLQvlD726eNBSB,0.0,1.385714286,0.0
2020-06-17 05:45:00,4135001,iCRJl6heRkivqQ3,0.0,0.0,0.0
2020-06-17 05:45:00,4135001,1IF53ai7Xc0U56Y,0.0,0.0,0.0
2020-06-17 05:45:00,4135001,pkci93gMrogZuBj,0.0,0.0,0.0
2020-06-17 05:45:00,4135001,VHMLBKoKgIrUVDU,0.0,0.0,0.0
2020-06-17 06:45:00,4135001,VHMLBKoKgIrUVDU,45.7,137.3,45.7
2020-06-17 06:45:00,4135001,ZoEaEvLYb1n2sOq,44.85,133.6625,44.85
2020-06-17 06:45:00,4135001,7JYdWkrLSPkdwr4,44.9,134.3375,44.9
2020-06-17 06:45:00,4135001,rGa61gmuvPhdLxV,45.45,135.8,45.45
2020-06-17 06:45:00,4135001,YxYtjZvoooNbGkE,44.95,134.575,44.95
2020-06-17 06:45:00,4135001,ih0vzX44oOqAx2f,25.9,131.5125,25.9
2020-06-17 06:45:00,4135001,ZnxXDlPa8U1GXgE,45.1,134.275,45.1
2020-06-17 06:45:00,4135001,sjndEbLyjtCKgGv,45.4,131.5428571,45.4
2020-06-17 06:45:00,4135001,adLQvlD726eNBSB,46.9,140.4375,46.9
2020-06-17 06:45:00,4135001,iCRJl6heRkivqQ3,0.0,134.875,0.0
2020-06-17 06:45:00,4135001,zBIq5rxdHJRwDNY,44.0,131.2125,44.0
2020-06-17 06:45:00,4135001,McdE0feGgRqW7Ca,46.0,133.3142857,46.0
2020-06-17 06:45:00,4135001,1IF53ai7Xc0U56Y,46.2,138.85,46.2
2020-06-17 06:45:00,4135001,WRmjgnKYAwPKWDb,45.15,133.8625,45.15
2020-06-17 06:45:00,4135001,3PZuoBAID5Wc2HD,45.65,135.925,45.65
2020-06-17 06:45:00,4135001,z9Y9gH1T5YWrNuG,44.9,134.9125,44.9
2020-06-17 06:45:00,4135001,uHbuxQJl8lW7ozc,45.95,137.475,45.95
2020-06-17 06:45:00,4135001,zVJPv84UY57bAof,45.35,135.525,45.35
2020-06-17 06:45:00,4135001,bvBOhCH3iADSZry,0.0,123.125,0.0
2020-06-17 06:45:00,4135001,pkci93gMrogZuBj,45.35,135.35,45.35
2020-06-17 06:45:00,4135001,wCURE6d3bPkepu2,45.1,134.875,45.1
2020-06-17 06:45:00,4135001,1BY6WEcLGh8j5v7,34.45,123.2875,34.45
2020-06-17 07:00:00,4135001,bvBOhCH3iADSZry,123.125,182.7142857,123.125
2020-06-17 07:00:00,4135001,1IF53ai7Xc0U56Y,138.85,207.1571429,138.85
2020-06-17 07:00:00,4135001,VHMLBKoKgIrUVDU,137.3,205.2714286,137.3
2020-06-17 07:00:00,4135001,ZoEaEvLYb1n2sOq,133.6625,204.0857143,133.6625
2020-06-17 07:00:00,4135001,z9Y9gH1T5YWrNuG,134.9125,208.8,134.9125
2020-06-17 07:00:00,4135001,3PZuoBAID5Wc2HD,135.925,203.3,135.925
2020-06-17 07:00:00,4135001,1BY6WEcLGh8j5v7,123.2875,182.6714286,123.2875
2020-06-17 07:00:00,4135001,WRmjgnKYAwPKWDb,133.8625,198.1571429,133.8625
2020-06-17 07:00:00,4135001,pkci93gMrogZuBj,135.35,206.8285714,135.35
2020-06-17 07:00:00,4135001,iCRJl6heRkivqQ3,134.875,205.3714286,134.875
2020-06-17 07:00:00,4135001,uHbuxQJl8lW7ozc,137.475,210.2285714,137.475
2020-06-17 07:00:00,4135001,ih0vzX44oOqAx2f,131.5125,199.6857143,131.5125
2020-06-17 07:00:00,4135001,YxYtjZvoooNbGkE,134.575,205.8857143,134.575
2020-06-17 07:00:00,4135001,sjndEbLyjtCKgGv,131.5428571,203.4875,131.5428571
2020-06-17 07:00:00,4135001,zBIq5rxdHJRwDNY,131.2125,198.7285714,131.2125
2020-06-17 07:00:00,4135001,McdE0feGgRqW7Ca,133.3142857,207.5,133.3142857
2020-06-17 07:00:00,4135001,zVJPv84UY57bAof,135.525,209.0571429,135.525
2020-06-17 07:00:00,4135001,ZnxXDlPa8U1GXgE,134.275,200.7,134.275
2020-06-17 07:00:00,4135001,wCURE6d3bPkepu2,134.875,206.2428571,134.875
2020-06-17 07:00:00,4135001,7JYdWkrLSPkdwr4,134.3375,201.1571429,134.3375
2020-06-17 07:00:00,4135001,rGa61gmuvPhdLxV,135.8,207.6714286,135.8
2020-06-17 07:00:00,4135001,adLQvlD726eNBSB,140.4375,207.8285714,140.4375
2020-06-17 07:15:00,4135001,zBIq5rxdHJRwDNY,198.7285714,319.675,198.7285714
2020-06-17 07:15:00,4135001,VHMLBKoKgIrUVDU,205.2714286,327.4857143,205.2714286
2020-06-17 07:15:00,4135001,adLQvlD726eNBSB,207.8285714,338.2428571,207.8285714
2020-06-17 07:15:00,4135001,ZoEaEvLYb1n2sOq,204.0857143,318.7,204.0857143
2020-06-17 07:15:00,4135001,wCURE6d3bPkepu2,206.2428571,315.1428571,206.2428571
2020-06-17 07:15:00,4135001,bvBOhCH3iADSZry,182.7142857,296.825,182.7142857
2020-06-17 07:15:00,4135001,1IF53ai7Xc0U56Y,207.1571429,337.7,207.1571429
2020-06-17 07:15:00,4135001,ih0vzX44oOqAx2f,199.6857143,318.6875,199.6857143
2020-06-17 07:15:00,4135001,1BY6WEcLGh8j5v7,182.6714286,298.8125,182.6714286
2020-06-17 07:15:00,4135001,iCRJl6heRkivqQ3,205.3714286,326.5375,205.3714286
2020-06-17 07:15:00,4135001,YxYtjZvoooNbGkE,205.8857143,318.8571429,205.8857143
2020-06-17 07:15:00,4135001,zVJPv84UY57bAof,209.0571429,323.5,209.0571429
2020-06-17 07:15:00,4135001,WRmjgnKYAwPKWDb,198.1571429,333.7375,198.1571429
2020-06-17 07:15:00,4135001,McdE0feGgRqW7Ca,207.5,321.7857143,207.5
2020-06-17 07:15:00,4135001,uHbuxQJl8lW7ozc,210.2285714,312.5285714,210.2285714
2020-06-17 07:15:00,4135001,z9Y9gH1T5YWrNuG,208.8,313.0142857,208.8
2020-06-17 07:15:00,4135001,pkci93gMrogZuBj,206.8285714,313.5428571,206.8285714
2020-06-17 07:15:00,4135001,ZnxXDlPa8U1GXgE,200.7,323.35,200.7
2020-06-17 07:15:00,4135001,7JYdWkrLSPkdwr4,201.1571429,323.1428571,201.1571429
2020-06-17 07:15:00,4135001,sjndEbLyjtCKgGv,203.4875,315.8,203.4875
2020-06-17 07:15:00,4135001,3PZuoBAID5Wc2HD,203.3,339.5375,203.3
2020-06-17 07:15:00,4135001,rGa61gmuvPhdLxV,207.6714286,325.8375,207.6714286
2020-06-17 07:30:00,4135001,ih0vzX44oOqAx2f,318.6875,366.0714286,318.6875
2020-06-17 07:30:00,4135001,wCURE6d3bPkepu2,315.1428571,368.8,315.1428571
2020-06-17 07:30:00,4135001,1IF53ai7Xc0U56Y,337.7,397.175,337.7
2020-06-17 07:30:00,4135001,YxYtjZvoooNbGkE,318.8571429,372.125,318.8571429
2020-06-17 07:30:00,4135001,bvBOhCH3iADSZry,296.825,351.0714286,296.825
2020-06-17 07:30:00,4135001,rGa61gmuvPhdLxV,325.8375,364.7857143,325.8375
2020-06-17 07:30:00,4135001,3PZuoBAID5Wc2HD,339.5375,394.3,339.5375
2020-06-17 07:30:00,4135001,iCRJl6heRkivqQ3,326.5375,369.6714286,326.5375
2020-06-17 07:30:00,4135001,pkci93gMrogZuBj,313.5428571,361.9125,313.5428571
2020-06-17 07:30:00,4135001,ZoEaEvLYb1n2sOq,318.7,371.675,318.7
2020-06-17 07:30:00,4135001,sjndEbLyjtCKgGv,315.8,367.6375,315.8
2020-06-17 07:30:00,4135001,zBIq5rxdHJRwDNY,319.675,361.4857143,319.675
2020-06-17 07:30:00,4135001,z9Y9gH1T5YWrNuG,313.0142857,366.6,313.0142857
2020-06-17 07:30:00,4135001,ZnxXDlPa8U1GXgE,323.35,377.8285714,323.35
2020-06-17 07:30:00,4135001,adLQvlD726eNBSB,338.2428571,403.375,338.2428571
2020-06-17 07:30:00,4135001,McdE0feGgRqW7Ca,321.7857143,375.4,321.7857143
2020-06-17 07:30:00,4135001,uHbuxQJl8lW7ozc,312.5285714,364.075,312.5285714
2020-06-17 07:30:00,4135001,VHMLBKoKgIrUVDU,327.4857143,390.8,327.4857143
2020-06-17 07:30:00,4135001,zVJPv84UY57bAof,323.5,362.3,323.5
2020-06-17 07:30:00,4135001,WRmjgnKYAwPKWDb,333.7375,392.2571429,333.7375
2020-06-17 07:30:00,4135001,1BY6WEcLGh8j5v7,298.8125,356.9142857,298.8125
2020-06-17 07:30:00,4135001,7JYdWkrLSPkdwr4,323.1428571,381.425,323.1428571
2020-06-17 07:45:00,4135001,zVJPv84UY57bAof,362.3,335.6285714,362.3
2020-06-17 07:45:00,4135001,pkci93gMrogZuBj,361.9125,330.5714286,361.9125
2020-06-17 07:45:00,4135001,ih0vzX44oOqAx2f,366.0714286,331.3428571,366.0714286
2020-06-17 07:45:00,4135001,7JYdWkrLSPkdwr4,381.425,337.5,381.425
2020-06-17 07:45:00,4135001,uHbuxQJl8lW7ozc,364.075,335.3857143,364.075
2020-06-17 07:45:00,4135001,3PZuoBAID5Wc2HD,394.3,347.6428571,394.3
2020-06-17 07:45:00,4135001,ZoEaEvLYb1n2sOq,371.675,331.8285714,371.675
2020-06-17 07:45:00,4135001,zBIq5rxdHJRwDNY,361.4857143,325.225,361.4857143
2020-06-17 07:45:00,4135001,VHMLBKoKgIrUVDU,390.8,346.1714286,390.8
2020-06-17 07:45:00,4135001,ZnxXDlPa8U1GXgE,377.8285714,340.7857143,377.8285714
2020-06-17 07:45:00,4135001,sjndEbLyjtCKgGv,367.6375,336.1142857,367.6375
2020-06-17 07:45:00,4135001,adLQvlD726eNBSB,403.375,354.2,403.375
2020-06-17 07:45:00,4135001,YxYtjZvoooNbGkE,372.125,335.8,372.125
2020-06-17 07:45:00,4135001,iCRJl6heRkivqQ3,369.6714286,336.125,369.6714286
2020-06-17 07:45:00,4135001,bvBOhCH3iADSZry,351.0714286,315.1714286,351.0714286
2020-06-17 07:45:00,4135001,1BY6WEcLGh8j5v7,356.9142857,318.9857143,356.9142857
2020-06-17 07:45:00,4135001,z9Y9gH1T5YWrNuG,366.6,338.6285714,366.6
2020-06-17 07:45:00,4135001,rGa61gmuvPhdLxV,364.7857143,333.2714286,364.7857143
2020-06-17 07:45:00,4135001,wCURE6d3bPkepu2,368.8,337.9857143,368.8
2020-06-17 07:45:00,4135001,1IF53ai7Xc0U56Y,397.175,347.5857143,397.175
2020-06-17 07:45:00,4135001,McdE0feGgRqW7Ca,375.4,344.1285714,375.4
2020-06-17 07:45:00,4135001,WRmjgnKYAwPKWDb,392.2571429,345.5285714,392.2571429
2020-06-17 08:00:00,4135001,1BY6WEcLGh8j5v7,318.9857143,355.5,318.9857143
2020-06-17 08:00:00,4135001,ZoEaEvLYb1n2sOq,331.8285714,365.975,331.8285714
2020-06-17 08:00:00,4135001,WRmjgnKYAwPKWDb,345.5285714,379.3125,345.5285714
2020-06-17 08:00:00,4135001,zBIq5rxdHJRwDNY,325.225,362.3,325.225
2020-06-17 08:00:00,4135001,wCURE6d3bPkepu2,337.9857143,375.6625,337.9857143
2020-06-17 08:00:00,4135001,VHMLBKoKgIrUVDU,346.1714286,385.4375,346.1714286
2020-06-17 08:00:00,4135001,ZnxXDlPa8U1GXgE,340.7857143,378.9125,340.7857143
2020-06-17 08:00:00,4135001,McdE0feGgRqW7Ca,344.1285714,381.7375,344.1285714
2020-06-17 08:00:00,4135001,sjndEbLyjtCKgGv,336.1142857,372.3625,336.1142857
2020-06-17 08:00:00,4135001,1IF53ai7Xc0U56Y,347.5857143,380.4,347.5857143
2020-06-17 08:00:00,4135001,7JYdWkrLSPkdwr4,337.5,372.9875,337.5
2020-06-17 08:00:00,4135001,adLQvlD726eNBSB,354.2,386.775,354.2
2020-06-17 08:00:00,4135001,ih0vzX44oOqAx2f,331.3428571,367.625,331.3428571
2020-06-17 08:00:00,4135001,3PZuoBAID5Wc2HD,347.6428571,381.4125,347.6428571
2020-06-17 08:00:00,4135001,YxYtjZvoooNbGkE,335.8,371.3875,335.8
2020-06-17 08:00:00,4135001,iCRJl6heRkivqQ3,336.125,375.4142857,336.125
2020-06-17 08:00:00,4135001,rGa61gmuvPhdLxV,333.2714286,365.2,333.2714286
2020-06-17 08:00:00,4135001,bvBOhCH3iADSZry,315.1714286,347.85,315.1714286
2020-06-17 08:00:00,4135001,zVJPv84UY57bAof,335.6285714,370.075,335.6285714
2020-06-17 08:00:00,4135001,uHbuxQJl8lW7ozc,335.3857143,368.6125,335.3857143
2020-06-17 08:00:00,4135001,z9Y9gH1T5YWrNuG,338.6285714,374.8875,338.6285714
2020-06-17 08:00:00,4135001,pkci93gMrogZuBj,330.5714286,364.3125,330.5714286
2020-06-17 08:15:00,4135001,1IF53ai7Xc0U56Y,380.4,411.5285714,380.4
2020-06-17 08:15:00,4135001,sjndEbLyjtCKgGv,372.3625,398.8428571,372.3625
2020-06-17 08:15:00,4135001,3PZuoBAID5Wc2HD,381.4125,414.2142857,381.4125
2020-06-17 08:15:00,4135001,WRmjgnKYAwPKWDb,379.3125,410.9,379.3125
2020-06-17 08:15:00,4135001,YxYtjZvoooNbGkE,371.3875,399.2857143,371.3875
2020-06-17 08:15:00,4135001,7JYdWkrLSPkdwr4,372.9875,400.3,372.9875
2020-06-17 08:15:00,4135001,adLQvlD726eNBSB,386.775,417.7857143,386.775
2020-06-17 08:15:00,4135001,ih0vzX44oOqAx2f,367.625,393.5857143,367.625
2020-06-17 08:15:00,4135001,iCRJl6heRkivqQ3,375.4142857,401.9,375.4142857
2020-06-17 08:15:00,4135001,bvBOhCH3iADSZry,347.85,373.8,347.85
2020-06-17 08:15:00,4135001,z9Y9gH1T5YWrNuG,374.8875,397.7857143,374.8875
2020-06-17 08:15:00,4135001,zVJPv84UY57bAof,370.075,399.0285714,370.075
2020-06-17 08:15:00,4135001,uHbuxQJl8lW7ozc,368.6125,398.8857143,368.6125
2020-06-17 08:15:00,4135001,1BY6WEcLGh8j5v7,355.5,378.7142857,355.5
2020-06-17 08:15:00,4135001,ZnxXDlPa8U1GXgE,378.9125,405.4,378.9125
2020-06-17 08:15:00,4135001,VHMLBKoKgIrUVDU,385.4375,410.1714286,385.4375
2020-06-17 08:15:00,4135001,pkci93gMrogZuBj,364.3125,395.3285714,364.3125
2020-06-17 08:15:00,4135001,zBIq5rxdHJRwDNY,362.3,391.1142857,362.3
2020-06-17 08:15:00,4135001,rGa61gmuvPhdLxV,365.2,398.5857143,365.2
2020-06-17 08:15:00,4135001,McdE0feGgRqW7Ca,381.7375,406.5428571,381.7375
2020-06-17 08:15:00,4135001,wCURE6d3bPkepu2,375.6625,400.1857143,375.6625
2020-06-17 08:15:00,4135001,ZoEaEvLYb1n2sOq,365.975,396.7428571,365.975
2020-06-17 08:30:00,4135001,wCURE6d3bPkepu2,400.1857143,384.325,400.1857143
2020-06-17 08:30:00,4135001,1BY6WEcLGh8j5v7,378.7142857,358.2125,378.7142857
2020-06-17 08:30:00,4135001,ih0vzX44oOqAx2f,393.5857143,376.1125,393.5857143
2020-06-17 08:30:00,4135001,sjndEbLyjtCKgGv,398.8428571,386.0375,398.8428571
2020-06-17 08:30:00,4135001,rGa61gmuvPhdLxV,398.5857143,387.6625,398.5857143
2020-06-17 08:30:00,4135001,3PZuoBAID5Wc2HD,414.2142857,391.9875,414.2142857
2020-06-17 08:30:00,4135001,ZnxXDlPa8U1GXgE,405.4,386.5875,405.4
2020-06-17 08:30:00,4135001,ZoEaEvLYb1n2sOq,396.7428571,383.6625,396.7428571
2020-06-17 08:30:00,4135001,VHMLBKoKgIrUVDU,410.1714286,391.7125,410.1714286
2020-06-17 08:30:00,4135001,bvBOhCH3iADSZry,373.8,355.3875,373.8
2020-06-17 08:30:00,4135001,pkci93gMrogZuBj,395.3285714,386.0875,395.3285714
2020-06-17 08:30:00,4135001,z9Y9gH1T5YWrNuG,397.7857143,381.6875,397.7857143
2020-06-17 08:30:00,4135001,7JYdWkrLSPkdwr4,400.3,383.7625,400.3
2020-06-17 08:30:00,4135001,WRmjgnKYAwPKWDb,410.9,387.05,410.9
2020-06-17 08:30:00,4135001,McdE0feGgRqW7Ca,406.5428571,392.1,406.5428571
2020-06-17 08:30:00,4135001,adLQvlD726eNBSB,417.7857143,400.225,417.7857143
2020-06-17 08:30:00,4135001,zBIq5rxdHJRwDNY,391.1142857,377.1625,391.1142857
2020-06-17 08:30:00,4135001,1IF53ai7Xc0U56Y,411.5285714,396.1875,411.5285714
2020-06-17 08:30:00,4135001,YxYtjZvoooNbGkE,399.2857143,384.5,399.2857143
2020-06-17 08:30:00,4135001,iCRJl6heRkivqQ3,401.9,387.125,401.9
2020-06-17 08:30:00,4135001,zVJPv84UY57bAof,399.0285714,386.175,399.0285714
2020-06-17 08:30:00,4135001,uHbuxQJl8lW7ozc,398.8857143,389.1875,398.8857143
2020-06-17 08:45:00,4135001,uHbuxQJl8lW7ozc,389.1875,497.1571429,389.1875
2020-06-17 08:45:00,4135001,ZoEaEvLYb1n2sOq,383.6625,499.1142857,383.6625
2020-06-17 08:45:00,4135001,adLQvlD726eNBSB,400.225,508.3142857,400.225
2020-06-17 08:45:00,4135001,7JYdWkrLSPkdwr4,383.7625,499.9714286,383.7625
2020-06-17 08:45:00,4135001,1IF53ai7Xc0U56Y,396.1875,501.5571429,396.1875
2020-06-17 08:45:00,4135001,ih0vzX44oOqAx2f,376.1125,486.0428571,376.1125
2020-06-17 08:45:00,4135001,3PZuoBAID5Wc2HD,391.9875,504.0142857,391.9875
2020-06-17 08:45:00,4135001,sjndEbLyjtCKgGv,386.0375,500.8714286,386.0375
2020-06-17 08:45:00,4135001,ZnxXDlPa8U1GXgE,386.5875,501.7857143,386.5875
2020-06-17 08:45:00,4135001,iCRJl6heRkivqQ3,387.125,495.7285714,387.125
2020-06-17 08:45:00,4135001,zVJPv84UY57bAof,386.175,495.3,386.175
2020-06-17 08:45:00,4135001,zBIq5rxdHJRwDNY,377.1625,481.5714286,377.1625
2020-06-17 08:45:00,4135001,YxYtjZvoooNbGkE,384.5,498.7285714,384.5
2020-06-17 08:45:00,4135001,McdE0feGgRqW7Ca,392.1,510.4714286,392.1
2020-06-17 08:45:00,4135001,wCURE6d3bPkepu2,384.325,500.0,384.325
2020-06-17 08:45:00,4135001,1BY6WEcLGh8j5v7,358.2125,471.8142857,358.2125
2020-06-17 08:45:00,4135001,rGa61gmuvPhdLxV,387.6625,491.8714286,387.6625
2020-06-17 08:45:00,4135001,bvBOhCH3iADSZry,355.3875,462.2428571,355.3875
2020-06-17 08:45:00,4135001,VHMLBKoKgIrUVDU,391.7125,516.2714286,391.7125
2020-06-17 08:45:00,4135001,pkci93gMrogZuBj,386.0875,494.6428571,386.0875
2020-06-17 08:45:00,4135001,z9Y9gH1T5YWrNuG,381.6875,492.2142857,381.6875
2020-06-17 08:45:00,4135001,WRmjgnKYAwPKWDb,387.05,501.3714286,387.05
2020-06-17 09:00:00,4135001,VHMLBKoKgIrUVDU,516.2714286,545.225,516.2714286
2020-06-17 09:00:00,4135001,ZnxXDlPa8U1GXgE,501.7857143,528.225,501.7857143
2020-06-17 09:00:00,4135001,ZoEaEvLYb1n2sOq,499.1142857,528.275,499.1142857
2020-06-17 09:00:00,4135001,adLQvlD726eNBSB,508.3142857,565.0125,508.3142857
2020-06-17 09:00:00,4135001,zBIq5rxdHJRwDNY,481.5714286,519.7,481.5714286
2020-06-17 09:00:00,4135001,zVJPv84UY57bAof,495.3,524.25,495.3
2020-06-17 09:00:00,4135001,1IF53ai7Xc0U56Y,501.5571429,556.925,501.5571429
2020-06-17 09:00:00,4135001,7JYdWkrLSPkdwr4,499.9714286,534.125,499.9714286
2020-06-17 09:00:00,4135001,iCRJl6heRkivqQ3,495.7285714,528.8875,495.7285714
2020-06-17 09:00:00,4135001,wCURE6d3bPkepu2,500.0,518.575,500.0
2020-06-17 09:00:00,4135001,McdE0feGgRqW7Ca,510.4714286,530.175,510.4714286
2020-06-17 09:00:00,4135001,z9Y9gH1T5YWrNuG,492.2142857,512.4875,492.2142857
2020-06-17 09:00:00,4135001,YxYtjZvoooNbGkE,498.7285714,525.1875,498.7285714
2020-06-17 09:00:00,4135001,WRmjgnKYAwPKWDb,501.3714286,547.25,501.3714286
2020-06-17 09:00:00,4135001,sjndEbLyjtCKgGv,500.8714286,524.7875,500.8714286
2020-06-17 09:00:00,4135001,pkci93gMrogZuBj,494.6428571,531.35,494.6428571
2020-06-17 09:00:00,4135001,rGa61gmuvPhdLxV,491.8714286,535.275,491.8714286
2020-06-17 09:00:00,4135001,1BY6WEcLGh8j5v7,471.8142857,489.725,471.8142857
2020-06-17 09:00:00,4135001,uHbuxQJl8lW7ozc,497.1571429,530.1375,497.1571429
2020-06-17 09:00:00,4135001,bvBOhCH3iADSZry,462.2428571,489.0625,462.2428571
2020-06-17 09:00:00,4135001,ih0vzX44oOqAx2f,486.0428571,510.5,486.0428571
2020-06-17 09:00:00,4135001,3PZuoBAID5Wc2HD,504.0142857,554.9625,504.0142857
2020-06-17 09:15:00,4135001,pkci93gMrogZuBj,531.35,695.2142857,531.35
2020-06-17 09:15:00,4135001,VHMLBKoKgIrUVDU,545.225,667.6857143,545.225
2020-06-17 09:15:00,4135001,YxYtjZvoooNbGkE,525.1875,672.9285714,525.1875
2020-06-17 09:15:00,4135001,McdE0feGgRqW7Ca,530.175,701.7,530.175
2020-06-17 09:15:00,4135001,ih0vzX44oOqAx2f,510.5,662.1428571,510.5
2020-06-17 09:15:00,4135001,rGa61gmuvPhdLxV,535.275,695.8571429,535.275
2020-06-17 09:15:00,4135001,z9Y9gH1T5YWrNuG,512.4875,679.5571429,512.4875
2020-06-17 09:15:00,4135001,7JYdWkrLSPkdwr4,534.125,658.3142857,534.125
2020-06-17 09:15:00,4135001,uHbuxQJl8lW7ozc,530.1375,702.7285714,530.1375
2020-06-17 09:15:00,4135001,1BY6WEcLGh8j5v7,489.725,601.9428571,489.725
2020-06-17 09:15:00,4135001,1IF53ai7Xc0U56Y,556.925,684.9714286,556.925
2020-06-17 09:15:00,4135001,ZoEaEvLYb1n2sOq,528.275,673.7857143,528.275
2020-06-17 09:15:00,4135001,adLQvlD726eNBSB,565.0125,686.0428571,565.0125
2020-06-17 09:15:00,4135001,wCURE6d3bPkepu2,518.575,680.5142857,518.575
2020-06-17 09:15:00,4135001,iCRJl6heRkivqQ3,528.8875,700.1142857,528.8875
2020-06-17 09:15:00,4135001,bvBOhCH3iADSZry,489.0625,610.8,489.0625
2020-06-17 09:15:00,4135001,ZnxXDlPa8U1GXgE,528.225,672.1428571,528.225
2020-06-17 09:15:00,4135001,zBIq5rxdHJRwDNY,519.7,677.5857143,519.7
2020-06-17 09:15:00,4135001,3PZuoBAID5Wc2HD,554.9625,681.2285714,554.9625
2020-06-17 09:15:00,4135001,zVJPv84UY57bAof,524.25,695.8142857,524.25
2020-06-17 09:15:00,4135001,WRmjgnKYAwPKWDb,547.25,663.0571429,547.25
2020-06-17 09:15:00,4135001,sjndEbLyjtCKgGv,524.7875,688.5571429,524.7875
2020-06-17 09:30:00,4135001,WRmjgnKYAwPKWDb,663.0571429,564.675,663.0571429
2020-06-17 09:30:00,4135001,wCURE6d3bPkepu2,680.5142857,557.675,680.5142857
2020-06-17 09:30:00,4135001,ZoEaEvLYb1n2sOq,673.7857143,559.6375,673.7857143
2020-06-17 09:30:00,4135001,zBIq5rxdHJRwDNY,677.5857143,551.0875,677.5857143
2020-06-17 09:30:00,4135001,z9Y9gH1T5YWrNuG,679.5571429,551.1625,679.5571429
2020-06-17 09:30:00,4135001,pkci93gMrogZuBj,695.2142857,567.9125,695.2142857
2020-06-17 09:30:00,4135001,1BY6WEcLGh8j5v7,601.9428571,517.2,601.9428571
2020-06-17 09:30:00,4135001,sjndEbLyjtCKgGv,688.5571429,561.9125,688.5571429
2020-06-17 09:30:00,4135001,McdE0feGgRqW7Ca,701.7,568.5875,701.7
2020-06-17 09:30:00,4135001,uHbuxQJl8lW7ozc,702.7285714,571.6,702.7285714
2020-06-17 09:30:00,4135001,7JYdWkrLSPkdwr4,658.3142857,556.9,658.3142857
2020-06-17 09:30:00,4135001,ih0vzX44oOqAx2f,662.1428571,545.3125,662.1428571
2020-06-17 09:30:00,4135001,1IF53ai7Xc0U56Y,684.9714286,578.0125,684.9714286
2020-06-17 09:30:00,4135001,adLQvlD726eNBSB,686.0428571,583.475,686.0428571
2020-06-17 09:30:00,4135001,rGa61gmuvPhdLxV,695.8571429,568.725,695.8571429
2020-06-17 09:30:00,4135001,VHMLBKoKgIrUVDU,667.6857143,568.925,667.6857143
2020-06-17 09:30:00,4135001,bvBOhCH3iADSZry,610.8,514.425,610.8
2020-06-17 09:30:00,4135001,ZnxXDlPa8U1GXgE,672.1428571,560.05,672.1428571
2020-06-17 09:30:00,4135001,3PZuoBAID5Wc2HD,681.2285714,573.8875,681.2285714
2020-06-17 09:30:00,4135001,YxYtjZvoooNbGkE,672.9285714,557.85,672.9285714
2020-06-17 09:30:00,4135001,iCRJl6heRkivqQ3,700.1142857,565.3125,700.1142857
2020-06-17 09:30:00,4135001,zVJPv84UY57bAof,695.8142857,562.4375,695.8142857
2020-06-17 09:45:00,4135001,sjndEbLyjtCKgGv,561.9125,617.4142857,561.9125
2020-06-17 09:45:00,4135001,ih0vzX44oOqAx2f,545.3125,600.2142857,545.3125
2020-06-17 09:45:00,4135001,1BY6WEcLGh8j5v7,517.2,566.9857143,517.2
2020-06-17 09:45:00,4135001,WRmjgnKYAwPKWDb,564.675,613.6857143,564.675
2020-06-17 09:45:00,4135001,pkci93gMrogZuBj,567.9125,614.0714286,567.9125
2020-06-17 09:45:00,4135001,adLQvlD726eNBSB,583.475,630.1571429,583.475
2020-06-17 09:45:00,4135001,ZnxXDlPa8U1GXgE,560.05,614.1857143,560.05
2020-06-17 09:45:00,4135001,zVJPv84UY57bAof,562.4375,622.8714286,562.4375
2020-06-17 09:45:00,4135001,iCRJl6heRkivqQ3,565.3125,621.0714286,565.3125
2020-06-17 09:45:00,4135001,VHMLBKoKgIrUVDU,568.925,619.8571429,568.925
2020-06-17 09:45:00,4135001,YxYtjZvoooNbGkE,557.85,611.2857143,557.85
2020-06-17 09:45:00,4135001,wCURE6d3bPkepu2,557.675,620.1428571,557.675
2020-06-17 09:45:00,4135001,3PZuoBAID5Wc2HD,573.8875,621.7285714,573.8875
2020-06-17 09:45:00,4135001,ZoEaEvLYb1n2sOq,559.6375,607.5428571,559.6375
2020-06-17 09:45:00,4135001,McdE0feGgRqW7Ca,568.5875,632.4428571,568.5875
2020-06-17 09:45:00,4135001,zBIq5rxdHJRwDNY,551.0875,601.5285714,551.0875
2020-06-17 09:45:00,4135001,bvBOhCH3iADSZry,514.425,562.2428571,514.425
2020-06-17 09:45:00,4135001,7JYdWkrLSPkdwr4,556.9,604.7857143,556.9
2020-06-17 09:45:00,4135001,rGa61gmuvPhdLxV,568.725,614.6142857,568.725
2020-06-17 09:45:00,4135001,uHbuxQJl8lW7ozc,571.6,622.2,571.6
2020-06-17 09:45:00,4135001,z9Y9gH1T5YWrNuG,551.1625,621.3857143,551.1625
2020-06-17 09:45:00,4135001,1IF53ai7Xc0U56Y,578.0125,623.8142857,578.0125
2020-06-17 10:00:00,4135001,sjndEbLyjtCKgGv,617.4142857,657.925,617.4142857
2020-06-17 10:00:00,4135001,McdE0feGgRqW7Ca,632.4428571,671.125,632.4428571
2020-06-17 10:00:00,4135001,adLQvlD726eNBSB,630.1571429,687.225,630.1571429
2020-06-17 10:00:00,4135001,zVJPv84UY57bAof,622.8714286,658.475,622.8714286
2020-06-17 10:00:00,4135001,z9Y9gH1T5YWrNuG,621.3857143,656.6125,621.3857143
2020-06-17 10:00:00,4135001,bvBOhCH3iADSZry,562.2428571,608.9375,562.2428571
2020-06-17 10:00:00,4135001,ZnxXDlPa8U1GXgE,614.1857143,666.125,614.1857143
2020-06-17 10:00:00,4135001,3PZuoBAID5Wc2HD,621.7285714,680.875,621.7285714
2020-06-17 10:00:00,4135001,1IF53ai7Xc0U56Y,623.8142857,678.775,623.8142857
2020-06-17 10:00:00,4135001,iCRJl6heRkivqQ3,621.0714286,662.325,621.0714286
2020-06-17 10:00:00,4135001,YxYtjZvoooNbGkE,611.2857143,653.9375,611.2857143
2020-06-17 10:00:00,4135001,rGa61gmuvPhdLxV,614.6142857,659.3,614.6142857
2020-06-17 10:00:00,4135001,ih0vzX44oOqAx2f,600.2142857,648.7875,600.2142857
2020-06-17 10:00:00,4135001,7JYdWkrLSPkdwr4,604.7857143,655.075,604.7857143
2020-06-17 10:00:00,4135001,zBIq5rxdHJRwDNY,601.5285714,642.05,601.5285714
2020-06-17 10:00:00,4135001,WRmjgnKYAwPKWDb,613.6857143,671.15,613.6857143
2020-06-17 10:00:00,4135001,uHbuxQJl8lW7ozc,622.2,661.875,622.2
2020-06-17 10:00:00,4135001,1BY6WEcLGh8j5v7,566.9857143,617.0375,566.9857143
2020-06-17 10:00:00,4135001,ZoEaEvLYb1n2sOq,607.5428571,651.9125,607.5428571
2020-06-17 10:00:00,4135001,wCURE6d3bPkepu2,620.1428571,662.9375,620.1428571
2020-06-17 10:00:00,4135001,VHMLBKoKgIrUVDU,619.8571429,673.8875,619.8571429
2020-06-17 10:00:00,4135001,pkci93gMrogZuBj,614.0714286,657.5375,614.0714286
2020-06-17 10:15:00,4135001,iCRJl6heRkivqQ3,662.325,718.2142857,662.325
2020-06-17 10:15:00,4135001,rGa61gmuvPhdLxV,659.3,712.1428571,659.3
2020-06-17 10:15:00,4135001,VHMLBKoKgIrUVDU,673.8875,721.2857143,673.8875
2020-06-17 10:15:00,4135001,wCURE6d3bPkepu2,662.9375,726.6,662.9375
2020-06-17 10:15:00,4135001,zBIq5rxdHJRwDNY,642.05,694.9857143,642.05
2020-06-17 10:15:00,4135001,3PZuoBAID5Wc2HD,680.875,719.0714286,680.875
2020-06-17 10:15:00,4135001,sjndEbLyjtCKgGv,657.925,716.2857143,657.925
2020-06-17 10:15:00,4135001,ZoEaEvLYb1n2sOq,651.9125,706.3285714,651.9125
2020-06-17 10:15:00,4135001,YxYtjZvoooNbGkE,653.9375,711.3571429,653.9375
2020-06-17 10:15:00,4135001,1BY6WEcLGh8j5v7,617.0375,660.8428571,617.0375
2020-06-17 10:15:00,4135001,WRmjgnKYAwPKWDb,671.15,706.0428571,671.15
2020-06-17 10:15:00,4135001,uHbuxQJl8lW7ozc,661.875,720.6571429,661.875
2020-06-17 10:15:00,4135001,7JYdWkrLSPkdwr4,655.075,705.2,655.075
2020-06-17 10:15:00,4135001,McdE0feGgRqW7Ca,671.125,734.0142857,671.125
2020-06-17 10:15:00,4135001,1IF53ai7Xc0U56Y,678.775,724.6714286,678.775
2020-06-17 10:15:00,4135001,ih0vzX44oOqAx2f,648.7875,698.7428571,648.7875
2020-06-17 10:15:00,4135001,pkci93gMrogZuBj,657.5375,712.2142857,657.5375
2020-06-17 10:15:00,4135001,zVJPv84UY57bAof,658.475,717.9857143,658.475
2020-06-17 10:15:00,4135001,adLQvlD726eNBSB,687.225,732.3142857,687.225
2020-06-17 10:15:00,4135001,z9Y9gH1T5YWrNuG,656.6125,732.0285714,656.6125
2020-06-17 10:15:00,4135001,ZnxXDlPa8U1GXgE,666.125,716.8571429,666.125
2020-06-17 10:15:00,4135001,bvBOhCH3iADSZry,608.9375,650.8,608.9375
2020-06-17 10:30:00,4135001,3PZuoBAID5Wc2HD,719.0714286,646.5875,719.0714286
2020-06-17 10:30:00,4135001,7JYdWkrLSPkdwr4,705.2,663.7714286,705.2
2020-06-17 10:30:00,4135001,McdE0feGgRqW7Ca,734.0142857,666.625,734.0142857
2020-06-17 10:30:00,4135001,zBIq5rxdHJRwDNY,694.9857143,628.975,694.9857143
2020-06-17 10:30:00,4135001,1IF53ai7Xc0U56Y,724.6714286,635.5875,724.6714286
2020-06-17 10:30:00,4135001,wCURE6d3bPkepu2,726.6,661.25,726.6
2020-06-17 10:30:00,4135001,uHbuxQJl8lW7ozc,720.6571429,652.625,720.6571429
2020-06-17 10:30:00,4135001,z9Y9gH1T5YWrNuG,732.0285714,658.5375,732.0285714
2020-06-17 10:30:00,4135001,ZoEaEvLYb1n2sOq,706.3285714,627.1,706.3285714
2020-06-17 10:30:00,4135001,YxYtjZvoooNbGkE,711.3571429,639.6875,711.3571429
2020-06-17 10:30:00,4135001,bvBOhCH3iADSZry,650.8,609.875,650.8
2020-06-17 10:30:00,4135001,WRmjgnKYAwPKWDb,706.0428571,643.0125,706.0428571
2020-06-17 10:30:00,4135001,VHMLBKoKgIrUVDU,721.2857143,686.6,721.2857143
2020-06-17 10:30:00,4135001,1BY6WEcLGh8j5v7,660.8428571,627.4125,660.8428571
2020-06-17 10:30:00,4135001,sjndEbLyjtCKgGv,716.2857143,647.85,716.2857143
2020-06-17 10:30:00,4135001,rGa61gmuvPhdLxV,712.1428571,639.2875,712.1428571
2020-06-17 10:30:00,4135001,ih0vzX44oOqAx2f,698.7428571,644.4875,698.7428571
2020-06-17 10:30:00,4135001,ZnxXDlPa8U1GXgE,716.8571429,663.8125,716.8571429
2020-06-17 10:30:00,4135001,iCRJl6heRkivqQ3,718.2142857,654.95,718.2142857
2020-06-17 10:30:00,4135001,zVJPv84UY57bAof,717.9857143,655.2375,717.9857143
2020-06-17 10:30:00,4135001,adLQvlD726eNBSB,732.3142857,643.55,732.3142857
2020-06-17 10:30:00,4135001,pkci93gMrogZuBj,712.2142857,642.5,712.2142857
2020-06-17 10:45:00,4135001,z9Y9gH1T5YWrNuG,658.5375,625.9571429,658.5375
2020-06-17 10:45:00,4135001,WRmjgnKYAwPKWDb,643.0125,645.6571429,643.0125
2020-06-17 10:45:00,4135001,ZoEaEvLYb1n2sOq,627.1,709.6857143,627.1
2020-06-17 10:45:00,4135001,ih0vzX44oOqAx2f,644.4875,626.0714286,644.4875
2020-06-17 10:45:00,4135001,zBIq5rxdHJRwDNY,628.975,659.3,628.975
2020-06-17 10:45:00,4135001,iCRJl6heRkivqQ3,654.95,659.7428571,654.95
2020-06-17 10:45:00,4135001,rGa61gmuvPhdLxV,639.2875,697.4714286,639.2875
2020-06-17 10:45:00,4135001,zVJPv84UY57bAof,655.2375,657.7857143,655.2375
2020-06-17 10:45:00,4135001,sjndEbLyjtCKgGv,647.85,686.6428571,647.85
2020-06-17 10:45:00,4135001,adLQvlD726eNBSB,643.55,681.1142857,643.55
2020-06-17 10:45:00,4135001,7JYdWkrLSPkdwr4,663.7714286,646.7125,663.7714286
2020-06-17 10:45:00,4135001,YxYtjZvoooNbGkE,639.6875,694.7714286,639.6875
2020-06-17 10:45:00,4135001,pkci93gMrogZuBj,642.5,662.1,642.5
2020-06-17 10:45:00,4135001,uHbuxQJl8lW7ozc,652.625,658.3,652.625
2020-06-17 10:45:00,4135001,1IF53ai7Xc0U56Y,635.5875,676.2428571,635.5875
2020-06-17 10:45:00,4135001,ZnxXDlPa8U1GXgE,663.8125,654.0,663.8125
2020-06-17 10:45:00,4135001,VHMLBKoKgIrUVDU,686.6,655.2,686.6
2020-06-17 10:45:00,4135001,wCURE6d3bPkepu2,661.25,649.3571429,661.25
2020-06-17 10:45:00,4135001,McdE0feGgRqW7Ca,666.625,671.5571429,666.625
2020-06-17 10:45:00,4135001,1BY6WEcLGh8j5v7,627.4125,613.0857143,627.4125
2020-06-17 10:45:00,4135001,3PZuoBAID5Wc2HD,646.5875,672.1571429,646.5875
2020-06-17 10:45:00,4135001,bvBOhCH3iADSZry,609.875,607.5571429,609.875
2020-06-17 11:00:00,4135001,ih0vzX44oOqAx2f,626.0714286,767.925,626.0714286
2020-06-17 11:00:00,4135001,WRmjgnKYAwPKWDb,645.6571429,788.3125,645.6571429
2020-06-17 11:00:00,4135001,zVJPv84UY57bAof,657.7857143,786.0875,657.7857143
2020-06-17 11:00:00,4135001,sjndEbLyjtCKgGv,686.6428571,786.6285714,686.6428571
2020-06-17 11:00:00,4135001,7JYdWkrLSPkdwr4,646.7125,773.8142857,646.7125
2020-06-17 11:00:00,4135001,adLQvlD726eNBSB,681.1142857,806.9,681.1142857
2020-06-17 11:00:00,4135001,bvBOhCH3iADSZry,607.5571429,723.475,607.5571429
2020-06-17 11:00:00,4135001,ZnxXDlPa8U1GXgE,654.0,789.6125,654.0
2020-06-17 11:00:00,4135001,YxYtjZvoooNbGkE,694.7714286,782.5428571,694.7714286
2020-06-17 11:00:00,4135001,pkci93gMrogZuBj,662.1,783.7375,662.1
2020-06-17 11:00:00,4135001,wCURE6d3bPkepu2,649.3571429,787.7875,649.3571429
2020-06-17 11:00:00,4135001,rGa61gmuvPhdLxV,697.4714286,785.2,697.4714286
2020-06-17 11:00:00,4135001,3PZuoBAID5Wc2HD,672.1571429,800.6875,672.1571429
2020-06-17 11:00:00,4135001,ZoEaEvLYb1n2sOq,709.6857143,776.2285714,709.6857143
2020-06-17 11:00:00,4135001,VHMLBKoKgIrUVDU,655.2,795.3285714,655.2
2020-06-17 11:00:00,4135001,1IF53ai7Xc0U56Y,676.2428571,796.2428571,676.2428571
2020-06-17 11:00:00,4135001,zBIq5rxdHJRwDNY,659.3,769.2,659.3
2020-06-17 11:00:00,4135001,z9Y9gH1T5YWrNuG,625.9571429,778.55,625.9571429
2020-06-17 11:00:00,4135001,uHbuxQJl8lW7ozc,658.3,787.725,658.3
2020-06-17 11:00:00,4135001,1BY6WEcLGh8j5v7,613.0857143,736.525,613.0857143
2020-06-17 11:00:00,4135001,McdE0feGgRqW7Ca,671.5571429,802.6714286,671.5571429
2020-06-17 11:00:00,4135001,iCRJl6heRkivqQ3,659.7428571,793.925,659.7428571
2020-06-17 11:15:00,4135001,ZnxXDlPa8U1GXgE,789.6125,750.2285714,789.6125
2020-06-17 11:15:00,4135001,WRmjgnKYAwPKWDb,788.3125,762.3857143,788.3125
2020-06-17 11:15:00,4135001,McdE0feGgRqW7Ca,802.6714286,765.4875,802.6714286
2020-06-17 11:15:00,4135001,uHbuxQJl8lW7ozc,787.725,764.0428571,787.725
2020-06-17 11:15:00,4135001,3PZuoBAID5Wc2HD,800.6875,777.7571429,800.6875
2020-06-17 11:15:00,4135001,7JYdWkrLSPkdwr4,773.8142857,746.5875,773.8142857
2020-06-17 11:15:00,4135001,z9Y9gH1T5YWrNuG,778.55,740.7142857,778.55
2020-06-17 11:15:00,4135001,zVJPv84UY57bAof,786.0875,758.0857143,786.0875
2020-06-17 11:15:00,4135001,ih0vzX44oOqAx2f,767.925,732.0142857,767.925
2020-06-17 11:15:00,4135001,zBIq5rxdHJRwDNY,769.2,743.1142857,769.2
2020-06-17 11:15:00,4135001,bvBOhCH3iADSZry,723.475,685.1857143,723.475
2020-06-17 11:15:00,4135001,ZoEaEvLYb1n2sOq,776.2285714,750.875,776.2285714
2020-06-17 11:15:00,4135001,wCURE6d3bPkepu2,787.7875,750.1571429,787.7875
2020-06-17 11:15:00,4135001,VHMLBKoKgIrUVDU,795.3285714,764.8625,795.3285714
2020-06-17 11:15:00,4135001,iCRJl6heRkivqQ3,793.925,762.1571429,793.925
2020-06-17 11:15:00,4135001,rGa61gmuvPhdLxV,785.2,767.2428571,785.2
2020-06-17 11:15:00,4135001,pkci93gMrogZuBj,783.7375,765.4857143,783.7375
2020-06-17 11:15:00,4135001,1IF53ai7Xc0U56Y,796.2428571,776.7125,796.2428571
2020-06-17 11:15:00,4135001,YxYtjZvoooNbGkE,782.5428571,750.2125,782.5428571
2020-06-17 11:15:00,4135001,adLQvlD726eNBSB,806.9,789.625,806.9
2020-06-17 11:15:00,4135001,sjndEbLyjtCKgGv,786.6285714,753.0125,786.6285714
2020-06-17 11:15:00,4135001,1BY6WEcLGh8j5v7,736.525,692.7571429,736.525
2020-06-17 11:30:00,4135001,7JYdWkrLSPkdwr4,746.5875,1103.242857,746.5875
2020-06-17 11:30:00,4135001,rGa61gmuvPhdLxV,767.2428571,1150.6875,767.2428571
2020-06-17 11:30:00,4135001,zVJPv84UY57bAof,758.0857143,1162.4,758.0857143
2020-06-17 11:30:00,4135001,sjndEbLyjtCKgGv,753.0125,1119.128571,753.0125
2020-06-17 11:30:00,4135001,ZnxXDlPa8U1GXgE,750.2285714,1131.2125,750.2285714
2020-06-17 11:30:00,4135001,bvBOhCH3iADSZry,685.1857143,1023.9625,685.1857143
2020-06-17 11:30:00,4135001,WRmjgnKYAwPKWDb,762.3857143,1140.7625,762.3857143
2020-06-17 11:30:00,4135001,zBIq5rxdHJRwDNY,743.1142857,1157.6625,743.1142857
2020-06-17 11:30:00,4135001,YxYtjZvoooNbGkE,750.2125,1138.857143,750.2125
2020-06-17 11:30:00,4135001,pkci93gMrogZuBj,765.4857143,1138.514286,765.4857143
2020-06-17 11:30:00,4135001,1IF53ai7Xc0U56Y,776.7125,1124.414286,776.7125
2020-06-17 11:30:00,4135001,iCRJl6heRkivqQ3,762.1571429,1180.9125,762.1571429
2020-06-17 11:30:00,4135001,wCURE6d3bPkepu2,750.1571429,1117.285714,750.1571429
2020-06-17 11:30:00,4135001,ZoEaEvLYb1n2sOq,750.875,1114.3,750.875
2020-06-17 11:30:00,4135001,z9Y9gH1T5YWrNuG,740.7142857,1064.128571,740.7142857
2020-06-17 11:30:00,4135001,adLQvlD726eNBSB,789.625,1153.271429,789.625
2020-06-17 11:30:00,4135001,ih0vzX44oOqAx2f,732.0142857,1124.95,732.0142857
2020-06-17 11:30:00,4135001,uHbuxQJl8lW7ozc,764.0428571,1162.028571,764.0428571
2020-06-17 11:30:00,4135001,1BY6WEcLGh8j5v7,692.7571429,1045.0,692.7571429
2020-06-17 11:30:00,4135001,McdE0feGgRqW7Ca,765.4875,1143.471429,765.4875
2020-06-17 11:30:00,4135001,3PZuoBAID5Wc2HD,777.7571429,1165.4625,777.7571429
2020-06-17 11:30:00,4135001,VHMLBKoKgIrUVDU,764.8625,1112.257143,764.8625
2020-06-17 11:45:00,4135001,1BY6WEcLGh8j5v7,1045.0,952.0857143,1045.0
2020-06-17 11:45:00,4135001,wCURE6d3bPkepu2,1117.285714,1216.6875,1117.285714
2020-06-17 11:45:00,4135001,YxYtjZvoooNbGkE,1138.857143,1148.4875,1138.857143
2020-06-17 11:45:00,4135001,zVJPv84UY57bAof,1162.4,1141.742857,1162.4
2020-06-17 11:45:00,4135001,VHMLBKoKgIrUVDU,1112.257143,1104.2125,1112.257143
2020-06-17 11:45:00,4135001,rGa61gmuvPhdLxV,1150.6875,1131.2,1150.6875
2020-06-17 11:45:00,4135001,1IF53ai7Xc0U56Y,1124.414286,1146.4875,1124.414286
2020-06-17 11:45:00,4135001,iCRJl6heRkivqQ3,1180.9125,1150.2,1180.9125
2020-06-17 11:45:00,4135001,ih0vzX44oOqAx2f,1124.95,1121.271429,1124.95
2020-06-17 11:45:00,4135001,7JYdWkrLSPkdwr4,1103.242857,1105.8,1103.242857
2020-06-17 11:45:00,4135001,sjndEbLyjtCKgGv,1119.128571,1159.0,1119.128571
2020-06-17 11:45:00,4135001,ZoEaEvLYb1n2sOq,1114.3,1126.8,1114.3
2020-06-17 11:45:00,4135001,uHbuxQJl8lW7ozc,1162.028571,1226.8,1162.028571
2020-06-17 11:45:00,4135001,z9Y9gH1T5YWrNuG,1064.128571,1206.3625,1064.128571
2020-06-17 11:45:00,4135001,WRmjgnKYAwPKWDb,1140.7625,1027.414286,1140.7625
2020-06-17 11:45:00,4135001,zBIq5rxdHJRwDNY,1157.6625,1147.785714,1157.6625
2020-06-17 11:45:00,4135001,3PZuoBAID5Wc2HD,1165.4625,1056.242857,1165.4625
2020-06-17 11:45:00,4135001,pkci93gMrogZuBj,1138.514286,1219.6,1138.514286
2020-06-17 11:45:00,4135001,bvBOhCH3iADSZry,1023.9625,965.3285714,1023.9625
2020-06-17 11:45:00,4135001,ZnxXDlPa8U1GXgE,1131.2125,1076.771429,1131.2125
2020-06-17 11:45:00,4135001,McdE0feGgRqW7Ca,1143.471429,1194.9,1143.471429
2020-06-17 11:45:00,4135001,adLQvlD726eNBSB,1153.271429,1145.875,1153.271429
2020-06-17 12:00:00,4135001,adLQvlD726eNBSB,1145.875,1327.957143,1145.875
2020-06-17 12:00:00,4135001,iCRJl6heRkivqQ3,1150.2,1331.5125,1150.2
2020-06-17 12:00:00,4135001,ZoEaEvLYb1n2sOq,1126.8,1327.942857,1126.8
2020-06-17 12:00:00,4135001,zBIq5rxdHJRwDNY,1147.785714,1324.675,1147.785714
2020-06-17 12:00:00,4135001,sjndEbLyjtCKgGv,1159.0,1305.614286,1159.0
2020-06-17 12:00:00,4135001,rGa61gmuvPhdLxV,1131.2,1349.528571,1131.2
2020-06-17 12:00:00,4135001,pkci93gMrogZuBj,1219.6,1352.271429,1219.6
2020-06-17 12:00:00,4135001,wCURE6d3bPkepu2,1216.6875,1335.085714,1216.6875
2020-06-17 12:00:00,4135001,zVJPv84UY57bAof,1141.742857,1296.9,1141.742857
2020-06-17 12:00:00,4135001,z9Y9gH1T5YWrNuG,1206.3625,1295.557143,1206.3625
2020-06-17 12:00:00,4135001,3PZuoBAID5Wc2HD,1056.242857,1339.8,1056.242857
2020-06-17 12:00:00,4135001,bvBOhCH3iADSZry,965.3285714,1199.6625,965.3285714
2020-06-17 12:00:00,4135001,McdE0feGgRqW7Ca,1194.9,1345.771429,1194.9
2020-06-17 12:00:00,4135001,uHbuxQJl8lW7ozc,1226.8,1328.657143,1226.8
2020-06-17 12:00:00,4135001,WRmjgnKYAwPKWDb,1027.414286,1324.575,1027.414286
2020-06-17 12:00:00,4135001,ih0vzX44oOqAx2f,1121.271429,1317.971429,1121.271429
2020-06-17 12:00:00,4135001,ZnxXDlPa8U1GXgE,1076.771429,1345.885714,1076.771429
2020-06-17 12:00:00,4135001,YxYtjZvoooNbGkE,1148.4875,1349.4,1148.4875
2020-06-17 12:00:00,4135001,1IF53ai7Xc0U56Y,1146.4875,1345.242857,1146.4875
2020-06-17 12:00:00,4135001,VHMLBKoKgIrUVDU,1104.2125,1341.114286,1104.2125
2020-06-17 12:00:00,4135001,1BY6WEcLGh8j5v7,952.0857143,1244.7875,952.0857143
2020-06-17 12:00:00,4135001,7JYdWkrLSPkdwr4,1105.8,1319.042857,1105.8
2020-06-17 12:15:00,4135001,pkci93gMrogZuBj,1352.271429,937.9625,1352.271429
2020-06-17 12:15:00,4135001,rGa61gmuvPhdLxV,1349.528571,993.9125,1349.528571
2020-06-17 12:15:00,4135001,VHMLBKoKgIrUVDU,1341.114286,968.75,1341.114286
2020-06-17 12:15:00,4135001,bvBOhCH3iADSZry,1199.6625,873.4285714,1199.6625
2020-06-17 12:15:00,4135001,zVJPv84UY57bAof,1296.9,913.2625,1296.9
2020-06-17 12:15:00,4135001,YxYtjZvoooNbGkE,1349.4,938.1375,1349.4
2020-06-17 12:15:00,4135001,wCURE6d3bPkepu2,1335.085714,909.4375,1335.085714
2020-06-17 12:15:00,4135001,z9Y9gH1T5YWrNuG,1295.557143,899.2,1295.557143
2020-06-17 12:15:00,4135001,7JYdWkrLSPkdwr4,1319.042857,945.2125,1319.042857
2020-06-17 12:15:00,4135001,3PZuoBAID5Wc2HD,1339.8,975.4285714,1339.8
2020-06-17 12:15:00,4135001,WRmjgnKYAwPKWDb,1324.575,993.3714286,1324.575
2020-06-17 12:15:00,4135001,uHbuxQJl8lW7ozc,1328.657143,925.05,1328.657143
2020-06-17 12:15:00,4135001,McdE0feGgRqW7Ca,1345.771429,915.2,1345.771429
2020-06-17 12:15:00,4135001,1IF53ai7Xc0U56Y,1345.242857,998.05,1345.242857
2020-06-17 12:15:00,4135001,ZnxXDlPa8U1GXgE,1345.885714,946.4375,1345.885714
2020-06-17 12:15:00,4135001,1BY6WEcLGh8j5v7,1244.7875,869.5857143,1244.7875
2020-06-17 12:15:00,4135001,iCRJl6heRkivqQ3,1331.5125,909.0571429,1331.5125
2020-06-17 12:15:00,4135001,sjndEbLyjtCKgGv,1305.614286,898.1625,1305.614286
2020-06-17 12:15:00,4135001,ZoEaEvLYb1n2sOq,1327.942857,942.0625,1327.942857
2020-06-17 12:15:00,4135001,zBIq5rxdHJRwDNY,1324.675,911.3571429,1324.675
2020-06-17 12:15:00,4135001,adLQvlD726eNBSB,1327.957143,1029.1875,1327.957143
2020-06-17 12:15:00,4135001,ih0vzX44oOqAx2f,1317.971429,926.775,1317.971429
2020-06-17 12:30:00,4135001,1BY6WEcLGh8j5v7,869.5857143,969.1714286,869.5857143
2020-06-17 12:30:00,4135001,7JYdWkrLSPkdwr4,945.2125,1003.014286,945.2125
2020-06-17 12:30:00,4135001,adLQvlD726eNBSB,1029.1875,986.2428571,1029.1875
2020-06-17 12:30:00,4135001,VHMLBKoKgIrUVDU,968.75,1054.214286,968.75
2020-06-17 12:30:00,4135001,1IF53ai7Xc0U56Y,998.05,984.9428571,998.05
2020-06-17 12:30:00,4135001,sjndEbLyjtCKgGv,898.1625,1017.914286,898.1625
2020-06-17 12:30:00,4135001,rGa61gmuvPhdLxV,993.9125,967.1,993.9125
2020-06-17 12:30:00,4135001,pkci93gMrogZuBj,937.9625,926.4285714,937.9625
2020-06-17 12:30:00,4135001,uHbuxQJl8lW7ozc,925.05,963.0857143,925.05
2020-06-17 12:30:00,4135001,3PZuoBAID5Wc2HD,975.4285714,950.6142857,975.4285714
2020-06-17 12:30:00,4135001,YxYtjZvoooNbGkE,938.1375,1066.057143,938.1375
2020-06-17 12:30:00,4135001,z9Y9gH1T5YWrNuG,899.2,951.5285714,899.2
2020-06-17 12:30:00,4135001,ZoEaEvLYb1n2sOq,942.0625,1037.628571,942.0625
2020-06-17 12:30:00,4135001,bvBOhCH3iADSZry,873.4285714,943.8,873.4285714
2020-06-17 12:30:00,4135001,wCURE6d3bPkepu2,909.4375,983.0142857,909.4375
2020-06-17 12:30:00,4135001,WRmjgnKYAwPKWDb,993.3714286,955.5714286,993.3714286
2020-06-17 12:30:00,4135001,McdE0feGgRqW7Ca,915.2,1035.042857,915.2
2020-06-17 12:30:00,4135001,zBIq5rxdHJRwDNY,911.3571429,982.125,911.3571429
2020-06-17 12:30:00,4135001,ZnxXDlPa8U1GXgE,946.4375,1000.642857,946.4375
2020-06-17 12:30:00,4135001,zVJPv84UY57bAof,913.2625,977.7428571,913.2625
2020-06-17 12:30:00,4135001,iCRJl6heRkivqQ3,909.0571429,955.1375,909.0571429
2020-06-17 12:30:00,4135001,ih0vzX44oOqAx2f,926.775,944.7,926.775
2020-06-17 12:45:00,4135001,1BY6WEcLGh8j5v7,969.1714286,652.525,969.1714286
2020-06-17 12:45:00,4135001,adLQvlD726eNBSB,986.2428571,744.525,986.2428571
2020-06-17 12:45:00,4135001,zBIq5rxdHJRwDNY,982.125,658.1285714,982.125
2020-06-17 12:45:00,4135001,sjndEbLyjtCKgGv,1017.914286,681.625,1017.914286
2020-06-17 12:45:00,4135001,iCRJl6heRkivqQ3,955.1375,677.9285714,955.1375
2020-06-17 12:45:00,4135001,7JYdWkrLSPkdwr4,1003.014286,690.1,1003.014286
2020-06-17 12:45:00,4135001,uHbuxQJl8lW7ozc,963.0857143,699.1625,963.0857143
2020-06-17 12:45:00,4135001,1IF53ai7Xc0U56Y,984.9428571,725.2875,984.9428571
2020-06-17 12:45:00,4135001,ZoEaEvLYb1n2sOq,1037.628571,678.9625,1037.628571
2020-06-17 12:45:00,4135001,ZnxXDlPa8U1GXgE,1000.642857,693.7125,1000.642857
2020-06-17 12:45:00,4135001,McdE0feGgRqW7Ca,1035.042857,693.425,1035.042857
2020-06-17 12:45:00,4135001,WRmjgnKYAwPKWDb,955.5714286,728.0125,955.5714286
2020-06-17 12:45:00,4135001,3PZuoBAID5Wc2HD,950.6142857,726.9875,950.6142857
2020-06-17 12:45:00,4135001,z9Y9gH1T5YWrNuG,951.5285714,671.4375,951.5285714
2020-06-17 12:45:00,4135001,ih0vzX44oOqAx2f,944.7,666.375,944.7
2020-06-17 12:45:00,4135001,YxYtjZvoooNbGkE,1066.057143,698.0125,1066.057143
2020-06-17 12:45:00,4135001,VHMLBKoKgIrUVDU,1054.214286,717.275,1054.214286
2020-06-17 12:45:00,4135001,rGa61gmuvPhdLxV,967.1,676.2875,967.1
2020-06-17 12:45:00,4135001,zVJPv84UY57bAof,977.7428571,676.9125,977.7428571
2020-06-17 12:45:00,4135001,pkci93gMrogZuBj,926.4285714,685.0125,926.4285714
2020-06-17 12:45:00,4135001,wCURE6d3bPkepu2,983.0142857,688.075,983.0142857
2020-06-17 12:45:00,4135001,bvBOhCH3iADSZry,943.8,630.2375,943.8
2020-06-17 13:00:00,4135001,zBIq5rxdHJRwDNY,658.1285714,813.1285714,658.1285714
2020-06-17 13:00:00,4135001,7JYdWkrLSPkdwr4,690.1,922.1714286,690.1
2020-06-17 13:00:00,4135001,zVJPv84UY57bAof,676.9125,762.2714286,676.9125
2020-06-17 13:00:00,4135001,adLQvlD726eNBSB,744.525,947.3142857,744.525
2020-06-17 13:00:00,4135001,1BY6WEcLGh8j5v7,652.525,881.6428571,652.525
2020-06-17 13:00:00,4135001,bvBOhCH3iADSZry,630.2375,833.9,630.2375
2020-06-17 13:00:00,4135001,uHbuxQJl8lW7ozc,699.1625,847.0857143,699.1625
2020-06-17 13:00:00,4135001,sjndEbLyjtCKgGv,681.625,772.1142857,681.625
2020-06-17 13:00:00,4135001,ih0vzX44oOqAx2f,666.375,856.2428571,666.375
2020-06-17 13:00:00,4135001,iCRJl6heRkivqQ3,677.9285714,822.6857143,677.9285714
2020-06-17 13:00:00,4135001,ZnxXDlPa8U1GXgE,693.7125,903.3857143,693.7125
2020-06-17 13:00:00,4135001,1IF53ai7Xc0U56Y,725.2875,883.8142857,725.2875
2020-06-17 13:00:00,4135001,rGa61gmuvPhdLxV,676.2875,834.5571429,676.2875
2020-06-17 13:00:00,4135001,McdE0feGgRqW7Ca,693.425,774.0714286,693.425
2020-06-17 13:00:00,4135001,z9Y9gH1T5YWrNuG,671.4375,783.9857143,671.4375
2020-06-17 13:00:00,4135001,wCURE6d3bPkepu2,688.075,814.0142857,688.075
2020-06-17 13:00:00,4135001,pkci93gMrogZuBj,685.0125,843.5714286,685.0125
2020-06-17 13:00:00,4135001,ZoEaEvLYb1n2sOq,678.9625,804.4428571,678.9625
2020-06-17 13:00:00,4135001,YxYtjZvoooNbGkE,698.0125,796.8285714,698.0125
2020-06-17 13:00:00,4135001,WRmjgnKYAwPKWDb,728.0125,1058.7,728.0125
2020-06-17 13:00:00,4135001,VHMLBKoKgIrUVDU,717.275,1007.3,717.275
2020-06-17 13:00:00,4135001,3PZuoBAID5Wc2HD,726.9875,1050.842857,726.9875
2020-06-17 13:15:00,4135001,z9Y9gH1T5YWrNuG,783.9857143,857.8125,783.9857143
2020-06-17 13:15:00,4135001,uHbuxQJl8lW7ozc,847.0857143,916.7375,847.0857143
2020-06-17 13:15:00,4135001,WRmjgnKYAwPKWDb,1058.7,1051.5,1058.7
2020-06-17 13:15:00,4135001,3PZuoBAID5Wc2HD,1050.842857,1049.8125,1050.842857
2020-06-17 13:15:00,4135001,McdE0feGgRqW7Ca,774.0714286,931.675,774.0714286
2020-06-17 13:15:00,4135001,1IF53ai7Xc0U56Y,883.8142857,971.35,883.8142857
2020-06-17 13:15:00,4135001,7JYdWkrLSPkdwr4,922.1714286,968.7375,922.1714286
2020-06-17 13:15:00,4135001,ih0vzX44oOqAx2f,856.2428571,890.275,856.2428571
2020-06-17 13:15:00,4135001,wCURE6d3bPkepu2,814.0142857,908.5125,814.0142857
2020-06-17 13:15:00,4135001,zVJPv84UY57bAof,762.2714286,925.25,762.2714286
2020-06-17 13:15:00,4135001,ZnxXDlPa8U1GXgE,903.3857143,959.725,903.3857143
2020-06-17 13:15:00,4135001,bvBOhCH3iADSZry,833.9,889.125,833.9
2020-06-17 13:15:00,4135001,adLQvlD726eNBSB,947.3142857,1017.7,947.3142857
2020-06-17 13:15:00,4135001,iCRJl6heRkivqQ3,822.6857143,958.4375,822.6857143
2020-06-17 13:15:00,4135001,zBIq5rxdHJRwDNY,813.1285714,968.1375,813.1285714
2020-06-17 13:15:00,4135001,ZoEaEvLYb1n2sOq,804.4428571,944.275,804.4428571
2020-06-17 13:15:00,4135001,sjndEbLyjtCKgGv,772.1142857,947.8125,772.1142857
2020-06-17 13:15:00,4135001,VHMLBKoKgIrUVDU,1007.3,1055.7625,1007.3
2020-06-17 13:15:00,4135001,rGa61gmuvPhdLxV,834.5571429,1005.8625,834.5571429
2020-06-17 13:15:00,4135001,1BY6WEcLGh8j5v7,881.6428571,909.95,881.6428571
2020-06-17 13:15:00,4135001,YxYtjZvoooNbGkE,796.8285714,964.4375,796.8285714
2020-06-17 13:15:00,4135001,pkci93gMrogZuBj,843.5714286,951.2625,843.5714286
2020-06-17 13:30:00,4135001,adLQvlD726eNBSB,1017.7,800.0714286,1017.7
2020-06-17 13:30:00,4135001,zBIq5rxdHJRwDNY,968.1375,820.9857143,968.1375
2020-06-17 13:30:00,4135001,pkci93gMrogZuBj,951.2625,820.0857143,951.2625
2020-06-17 13:30:00,4135001,ih0vzX44oOqAx2f,890.275,781.2857143,890.275
2020-06-17 13:30:00,4135001,WRmjgnKYAwPKWDb,1051.5,719.1857143,1051.5
2020-06-17 13:30:00,4135001,VHMLBKoKgIrUVDU,1055.7625,788.2857143,1055.7625
2020-06-17 13:30:00,4135001,z9Y9gH1T5YWrNuG,857.8125,855.6,857.8125
2020-06-17 13:30:00,4135001,ZoEaEvLYb1n2sOq,944.275,881.4714286,944.275
2020-06-17 13:30:00,4135001,bvBOhCH3iADSZry,889.125,648.2428571,889.125
2020-06-17 13:30:00,4135001,3PZuoBAID5Wc2HD,1049.8125,734.7857143,1049.8125
2020-06-17 13:30:00,4135001,McdE0feGgRqW7Ca,931.675,929.8142857,931.675
2020-06-17 13:30:00,4135001,zVJPv84UY57bAof,925.25,903.1714286,925.25
2020-06-17 13:30:00,4135001,ZnxXDlPa8U1GXgE,959.725,757.1571429,959.725
2020-06-17 13:30:00,4135001,YxYtjZvoooNbGkE,964.4375,840.0142857,964.4375
2020-06-17 13:30:00,4135001,rGa61gmuvPhdLxV,1005.8625,782.6571429,1005.8625
2020-06-17 13:30:00,4135001,7JYdWkrLSPkdwr4,968.7375,807.4857143,968.7375
2020-06-17 13:30:00,4135001,iCRJl6heRkivqQ3,958.4375,850.2428571,958.4375
2020-06-17 13:30:00,4135001,1BY6WEcLGh8j5v7,909.95,639.9142857,909.95
2020-06-17 13:30:00,4135001,uHbuxQJl8lW7ozc,916.7375,875.5714286,916.7375
2020-06-17 13:30:00,4135001,1IF53ai7Xc0U56Y,971.35,835.7571429,971.35
2020-06-17 13:30:00,4135001,wCURE6d3bPkepu2,908.5125,844.8857143,908.5125
2020-06-17 13:30:00,4135001,sjndEbLyjtCKgGv,947.8125,829.3285714,947.8125
2020-06-17 13:45:00,4135001,wCURE6d3bPkepu2,844.8857143,597.275,844.8857143
2020-06-17 13:45:00,4135001,uHbuxQJl8lW7ozc,875.5714286,641.8125,875.5714286
2020-06-17 13:45:00,4135001,z9Y9gH1T5YWrNuG,855.6,595.1,855.6
2020-06-17 13:45:00,4135001,bvBOhCH3iADSZry,648.2428571,541.55,648.2428571
2020-06-17 13:45:00,4135001,WRmjgnKYAwPKWDb,719.1857143,561.5,719.1857143
2020-06-17 13:45:00,4135001,1IF53ai7Xc0U56Y,835.7571429,640.4625,835.7571429
2020-06-17 13:45:00,4135001,3PZuoBAID5Wc2HD,734.7857143,596.7625,734.7857143
2020-06-17 13:45:00,4135001,VHMLBKoKgIrUVDU,788.2857143,600.1375,788.2857143
2020-06-17 13:45:00,4135001,adLQvlD726eNBSB,800.0714286,632.7375,800.0714286
2020-06-17 13:45:00,4135001,rGa61gmuvPhdLxV,782.6571429,620.4625,782.6571429
2020-06-17 13:45:00,4135001,zBIq5rxdHJRwDNY,820.9857143,636.9,820.9857143
2020-06-17 13:45:00,4135001,pkci93gMrogZuBj,820.0857143,625.4625,820.0857143
2020-06-17 13:45:00,4135001,sjndEbLyjtCKgGv,829.3285714,681.025,829.3285714
2020-06-17 13:45:00,4135001,ZoEaEvLYb1n2sOq,881.4714286,622.1125,881.4714286
2020-06-17 13:45:00,4135001,YxYtjZvoooNbGkE,840.0142857,628.6,840.0142857
2020-06-17 13:45:00,4135001,ih0vzX44oOqAx2f,781.2857143,574.5375,781.2857143
2020-06-17 13:45:00,4135001,7JYdWkrLSPkdwr4,807.4857143,642.275,807.4857143
2020-06-17 13:45:00,4135001,McdE0feGgRqW7Ca,929.8142857,662.475,929.8142857
2020-06-17 13:45:00,4135001,zVJPv84UY57bAof,903.1714286,696.95,903.1714286
2020-06-17 13:45:00,4135001,ZnxXDlPa8U1GXgE,757.1571429,579.0,757.1571429
2020-06-17 13:45:00,4135001,iCRJl6heRkivqQ3,850.2428571,634.525,850.2428571
2020-06-17 13:45:00,4135001,1BY6WEcLGh8j5v7,639.9142857,519.6875,639.9142857
2020-06-17 14:00:00,4135001,ih0vzX44oOqAx2f,574.5375,578.8285714,574.5375
2020-06-17 14:00:00,4135001,uHbuxQJl8lW7ozc,641.8125,614.6428571,641.8125
2020-06-17 14:00:00,4135001,bvBOhCH3iADSZry,541.55,558.3428571,541.55
2020-06-17 14:00:00,4135001,wCURE6d3bPkepu2,597.275,597.1142857,597.275
2020-06-17 14:00:00,4135001,sjndEbLyjtCKgGv,681.025,603.9571429,681.025
2020-06-17 14:00:00,4135001,ZnxXDlPa8U1GXgE,579.0,597.9571429,579.0
2020-06-17 14:00:00,4135001,zBIq5rxdHJRwDNY,636.9,583.8714286,636.9
2020-06-17 14:00:00,4135001,YxYtjZvoooNbGkE,628.6,593.4285714,628.6
2020-06-17 14:00:00,4135001,WRmjgnKYAwPKWDb,561.5,580.7428571,561.5
2020-06-17 14:00:00,4135001,3PZuoBAID5Wc2HD,596.7625,592.7142857,596.7625
2020-06-17 14:00:00,4135001,ZoEaEvLYb1n2sOq,622.1125,593.2714286,622.1125
2020-06-17 14:00:00,4135001,McdE0feGgRqW7Ca,662.475,612.9,662.475
2020-06-17 14:00:00,4135001,z9Y9gH1T5YWrNuG,595.1,591.4428571,595.1
2020-06-17 14:00:00,4135001,VHMLBKoKgIrUVDU,600.1375,594.5428571,600.1375
2020-06-17 14:00:00,4135001,pkci93gMrogZuBj,625.4625,608.3571429,625.4625
2020-06-17 14:00:00,4135001,7JYdWkrLSPkdwr4,642.275,584.4,642.275
2020-06-17 14:00:00,4135001,iCRJl6heRkivqQ3,634.525,602.7142857,634.525
2020-06-17 14:00:00,4135001,zVJPv84UY57bAof,696.95,605.2714286,696.95
2020-06-17 14:00:00,4135001,1BY6WEcLGh8j5v7,519.6875,542.4571429,519.6875
2020-06-17 14:00:00,4135001,adLQvlD726eNBSB,632.7375,604.8428571,632.7375
2020-06-17 14:00:00,4135001,1IF53ai7Xc0U56Y,640.4625,601.6571429,640.4625
2020-06-17 14:00:00,4135001,rGa61gmuvPhdLxV,620.4625,604.6,620.4625
2020-06-17 14:15:00,4135001,VHMLBKoKgIrUVDU,594.5428571,815.05,594.5428571
2020-06-17 14:15:00,4135001,ZoEaEvLYb1n2sOq,593.2714286,849.1125,593.2714286
2020-06-17 14:15:00,4135001,pkci93gMrogZuBj,608.3571429,869.7375,608.3571429
2020-06-17 14:15:00,4135001,adLQvlD726eNBSB,604.8428571,886.5875,604.8428571
2020-06-17 14:15:00,4135001,1BY6WEcLGh8j5v7,542.4571429,776.325,542.4571429
2020-06-17 14:15:00,4135001,z9Y9gH1T5YWrNuG,591.4428571,755.9,591.4428571
2020-06-17 14:15:00,4135001,McdE0feGgRqW7Ca,612.9,778.8875,612.9
2020-06-17 14:15:00,4135001,ZnxXDlPa8U1GXgE,597.9571429,817.9625,597.9571429
2020-06-17 14:15:00,4135001,bvBOhCH3iADSZry,558.3428571,786.475,558.3428571
2020-06-17 14:15:00,4135001,wCURE6d3bPkepu2,597.1142857,762.6625,597.1142857
2020-06-17 14:15:00,4135001,zVJPv84UY57bAof,605.2714286,807.1,605.2714286
2020-06-17 14:15:00,4135001,ih0vzX44oOqAx2f,578.8285714,751.125,578.8285714
2020-06-17 14:15:00,4135001,rGa61gmuvPhdLxV,604.6,869.2,604.6
2020-06-17 14:15:00,4135001,uHbuxQJl8lW7ozc,614.6428571,872.0,614.6428571
2020-06-17 14:15:00,4135001,sjndEbLyjtCKgGv,603.9571429,796.675,603.9571429
2020-06-17 14:15:00,4135001,YxYtjZvoooNbGkE,593.4285714,795.7625,593.4285714
2020-06-17 14:15:00,4135001,3PZuoBAID5Wc2HD,592.7142857,830.25,592.7142857
2020-06-17 14:15:00,4135001,iCRJl6heRkivqQ3,602.7142857,796.0375,602.7142857
2020-06-17 14:15:00,4135001,WRmjgnKYAwPKWDb,580.7428571,858.05,580.7428571
2020-06-17 14:15:00,4135001,7JYdWkrLSPkdwr4,584.4,827.8,584.4
2020-06-17 14:15:00,4135001,1IF53ai7Xc0U56Y,601.6571429,865.55,601.6571429
2020-06-17 14:15:00,4135001,zBIq5rxdHJRwDNY,583.8714286,779.5125,583.8714286
2020-06-17 14:30:00,4135001,7JYdWkrLSPkdwr4,827.8,744.8428571,827.8
2020-06-17 14:30:00,4135001,pkci93gMrogZuBj,869.7375,801.6142857,869.7375
2020-06-17 14:30:00,4135001,rGa61gmuvPhdLxV,869.2,805.1428571,869.2
2020-06-17 14:30:00,4135001,1BY6WEcLGh8j5v7,776.325,675.1571429,776.325
2020-06-17 14:30:00,4135001,YxYtjZvoooNbGkE,795.7625,720.6857143,795.7625
2020-06-17 14:30:00,4135001,wCURE6d3bPkepu2,762.6625,755.1714286,762.6625
2020-06-17 14:30:00,4135001,bvBOhCH3iADSZry,786.475,708.2,786.475
2020-06-17 14:30:00,4135001,uHbuxQJl8lW7ozc,872.0,799.8142857,872.0
2020-06-17 14:30:00,4135001,1IF53ai7Xc0U56Y,865.55,737.4857143,865.55
2020-06-17 14:30:00,4135001,z9Y9gH1T5YWrNuG,755.9,728.6285714,755.9
2020-06-17 14:30:00,4135001,sjndEbLyjtCKgGv,796.675,789.0142857,796.675
2020-06-17 14:30:00,4135001,iCRJl6heRkivqQ3,796.0375,806.8571429,796.0375
2020-06-17 14:30:00,4135001,McdE0feGgRqW7Ca,778.8875,794.8857143,778.8875
2020-06-17 14:30:00,4135001,zBIq5rxdHJRwDNY,779.5125,756.0285714,779.5125
2020-06-17 14:30:00,4135001,ZnxXDlPa8U1GXgE,817.9625,781.1571429,817.9625
2020-06-17 14:30:00,4135001,3PZuoBAID5Wc2HD,830.25,816.6285714,830.25
2020-06-17 14:30:00,4135001,ZoEaEvLYb1n2sOq,849.1125,724.5571429,849.1125
2020-06-17 14:30:00,4135001,ih0vzX44oOqAx2f,751.125,776.0285714,751.125
2020-06-17 14:30:00,4135001,adLQvlD726eNBSB,886.5875,750.9857143,886.5875
2020-06-17 14:30:00,4135001,WRmjgnKYAwPKWDb,858.05,817.2,858.05
2020-06-17 14:30:00,4135001,zVJPv84UY57bAof,807.1,791.9142857,807.1
2020-06-17 14:30:00,4135001,VHMLBKoKgIrUVDU,815.05,769.6714286,815.05
2020-06-17 14:45:00,4135001,1BY6WEcLGh8j5v7,675.1571429,451.4625,675.1571429
2020-06-17 14:45:00,4135001,z9Y9gH1T5YWrNuG,728.6285714,501.2875,728.6285714
2020-06-17 14:45:00,4135001,ih0vzX44oOqAx2f,776.0285714,483.9125,776.0285714
2020-06-17 14:45:00,4135001,WRmjgnKYAwPKWDb,817.2,444.6,817.2
2020-06-17 14:45:00,4135001,pkci93gMrogZuBj,801.6142857,451.3875,801.6142857
2020-06-17 14:45:00,4135001,uHbuxQJl8lW7ozc,799.8142857,462.8875,799.8142857
2020-06-17 14:45:00,4135001,3PZuoBAID5Wc2HD,816.6285714,445.9125,816.6285714
2020-06-17 14:45:00,4135001,ZnxXDlPa8U1GXgE,781.1571429,485.45,781.1571429
2020-06-17 14:45:00,4135001,wCURE6d3bPkepu2,755.1714286,497.8,755.1714286
2020-06-17 14:45:00,4135001,ZoEaEvLYb1n2sOq,724.5571429,459.1571429,724.5571429
2020-06-17 14:45:00,4135001,bvBOhCH3iADSZry,708.2,443.275,708.2
2020-06-17 14:45:00,4135001,VHMLBKoKgIrUVDU,769.6714286,463.3714286,769.6714286
2020-06-17 14:45:00,4135001,McdE0feGgRqW7Ca,794.8857143,481.15,794.8857143
2020-06-17 14:45:00,4135001,zVJPv84UY57bAof,791.9142857,475.9625,791.9142857
2020-06-17 14:45:00,4135001,adLQvlD726eNBSB,750.9857143,468.5,750.9857143
2020-06-17 14:45:00,4135001,iCRJl6heRkivqQ3,806.8571429,493.8125,806.8571429
2020-06-17 14:45:00,4135001,7JYdWkrLSPkdwr4,744.8428571,451.4714286,744.8428571
2020-06-17 14:45:00,4135001,rGa61gmuvPhdLxV,805.1428571,450.3125,805.1428571
2020-06-17 14:45:00,4135001,zBIq5rxdHJRwDNY,756.0285714,458.6125,756.0285714
2020-06-17 14:45:00,4135001,YxYtjZvoooNbGkE,720.6857143,464.6285714,720.6857143
2020-06-17 14:45:00,4135001,sjndEbLyjtCKgGv,789.0142857,454.9625,789.0142857
2020-06-17 14:45:00,4135001,1IF53ai7Xc0U56Y,737.4857143,465.0571429,737.4857143
2020-06-17 15:00:00,4135001,rGa61gmuvPhdLxV,450.3125,148.9714286,450.3125
2020-06-17 15:00:00,4135001,ih0vzX44oOqAx2f,483.9125,149.2285714,483.9125
2020-06-17 15:00:00,4135001,pkci93gMrogZuBj,451.3875,149.6285714,451.3875
2020-06-17 15:00:00,4135001,1BY6WEcLGh8j5v7,451.4625,140.9857143,451.4625
2020-06-17 15:00:00,4135001,uHbuxQJl8lW7ozc,462.8875,155.9428571,462.8875
2020-06-17 15:00:00,4135001,zBIq5rxdHJRwDNY,458.6125,147.5,458.6125
2020-06-17 15:00:00,4135001,3PZuoBAID5Wc2HD,445.9125,144.1,445.9125
2020-06-17 15:00:00,4135001,iCRJl6heRkivqQ3,493.8125,155.2142857,493.8125
2020-06-17 15:00:00,4135001,sjndEbLyjtCKgGv,454.9625,150.3571429,454.9625
2020-06-17 15:00:00,4135001,VHMLBKoKgIrUVDU,463.3714286,159.0125,463.3714286
2020-06-17 15:00:00,4135001,McdE0feGgRqW7Ca,481.15,154.5428571,481.15
2020-06-17 15:00:00,4135001,1IF53ai7Xc0U56Y,465.0571429,158.5625,465.0571429
2020-06-17 15:00:00,4135001,ZnxXDlPa8U1GXgE,485.45,151.3,485.45
2020-06-17 15:00:00,4135001,zVJPv84UY57bAof,475.9625,154.5285714,475.9625
2020-06-17 15:00:00,4135001,YxYtjZvoooNbGkE,464.6285714,161.3375,464.6285714
2020-06-17 15:00:00,4135001,WRmjgnKYAwPKWDb,444.6,141.1714286,444.6
2020-06-17 15:00:00,4135001,ZoEaEvLYb1n2sOq,459.1571429,157.2875,459.1571429
2020-06-17 15:00:00,4135001,z9Y9gH1T5YWrNuG,501.2875,156.0428571,501.2875
2020-06-17 15:00:00,4135001,wCURE6d3bPkepu2,497.8,153.6714286,497.8
2020-06-17 15:00:00,4135001,bvBOhCH3iADSZry,443.275,137.9571429,443.275
2020-06-17 15:00:00,4135001,7JYdWkrLSPkdwr4,451.4714286,154.8125,451.4714286
2020-06-17 15:00:00,4135001,adLQvlD726eNBSB,468.5,159.55,468.5
2020-06-17 15:15:00,4135001,VHMLBKoKgIrUVDU,159.0125,93.72857143,159.0125
2020-06-17 15:15:00,4135001,pkci93gMrogZuBj,149.6285714,83.875,149.6285714
2020-06-17 15:15:00,4135001,wCURE6d3bPkepu2,153.6714286,85.925,153.6714286
2020-06-17 15:15:00,4135001,zBIq5rxdHJRwDNY,147.5,84.4625,147.5
2020-06-17 15:15:00,4135001,z9Y9gH1T5YWrNuG,156.0428571,83.4875,156.0428571
2020-06-17 15:15:00,4135001,bvBOhCH3iADSZry,137.9571429,85.4875,137.9571429
2020-06-17 15:15:00,4135001,adLQvlD726eNBSB,159.55,95.97142857,159.55
2020-06-17 15:15:00,4135001,uHbuxQJl8lW7ozc,155.9428571,82.5625,155.9428571
2020-06-17 15:15:00,4135001,McdE0feGgRqW7Ca,154.5428571,82.65714286,154.5428571
2020-06-17 15:15:00,4135001,1BY6WEcLGh8j5v7,140.9857143,86.35,140.9857143
2020-06-17 15:15:00,4135001,7JYdWkrLSPkdwr4,154.8125,90.3,154.8125
2020-06-17 15:15:00,4135001,ZnxXDlPa8U1GXgE,151.3,90.1625,151.3
2020-06-17 15:15:00,4135001,sjndEbLyjtCKgGv,150.3571429,82.12857143,150.3571429
2020-06-17 15:15:00,4135001,iCRJl6heRkivqQ3,155.2142857,84.65,155.2142857
2020-06-17 15:15:00,4135001,ZoEaEvLYb1n2sOq,157.2875,85.48571429,157.2875
2020-06-17 15:15:00,4135001,3PZuoBAID5Wc2HD,144.1,98.45,144.1
2020-06-17 15:15:00,4135001,YxYtjZvoooNbGkE,161.3375,84.87142857,161.3375
2020-06-17 15:15:00,4135001,rGa61gmuvPhdLxV,148.9714286,86.325,148.9714286
2020-06-17 15:15:00,4135001,zVJPv84UY57bAof,154.5285714,83.25,154.5285714
2020-06-17 15:15:00,4135001,1IF53ai7Xc0U56Y,158.5625,92.48571429,158.5625
2020-06-17 15:15:00,4135001,WRmjgnKYAwPKWDb,141.1714286,99.525,141.1714286
2020-06-17 15:15:00,4135001,ih0vzX44oOqAx2f,149.2285714,86.1375,149.2285714
2020-06-17 15:30:00,4135001,VHMLBKoKgIrUVDU,93.72857143,139.7625,93.72857143
2020-06-17 15:30:00,4135001,3PZuoBAID5Wc2HD,98.45,140.9571429,98.45
2020-06-17 15:30:00,4135001,sjndEbLyjtCKgGv,82.12857143,136.65,82.12857143
2020-06-17 15:30:00,4135001,adLQvlD726eNBSB,95.97142857,143.1125,95.97142857
2020-06-17 15:30:00,4135001,iCRJl6heRkivqQ3,84.65,139.0571429,84.65
2020-06-17 15:30:00,4135001,YxYtjZvoooNbGkE,84.87142857,136.2125,84.87142857
2020-06-17 15:30:00,4135001,1IF53ai7Xc0U56Y,92.48571429,141.5625,92.48571429
2020-06-17 15:30:00,4135001,WRmjgnKYAwPKWDb,99.525,139.3142857,99.525
2020-06-17 15:30:00,4135001,7JYdWkrLSPkdwr4,90.3,137.0,90.3
2020-06-17 15:30:00,4135001,zBIq5rxdHJRwDNY,84.4625,136.1857143,84.4625
2020-06-17 15:30:00,4135001,ZnxXDlPa8U1GXgE,90.1625,138.1142857,90.1625
2020-06-17 15:30:00,4135001,bvBOhCH3iADSZry,85.4875,126.9571429,85.4875
2020-06-17 15:30:00,4135001,z9Y9gH1T5YWrNuG,83.4875,136.4571429,83.4875
2020-06-17 15:30:00,4135001,rGa61gmuvPhdLxV,86.325,140.4714286,86.325
2020-06-17 15:30:00,4135001,ih0vzX44oOqAx2f,86.1375,135.3857143,86.1375
2020-06-17 15:30:00,4135001,1BY6WEcLGh8j5v7,86.35,126.5285714,86.35
2020-06-17 15:30:00,4135001,zVJPv84UY57bAof,83.25,139.3285714,83.25
2020-06-17 15:30:00,4135001,pkci93gMrogZuBj,83.875,140.0571429,83.875
2020-06-17 15:30:00,4135001,wCURE6d3bPkepu2,85.925,137.5285714,85.925
2020-06-17 15:30:00,4135001,ZoEaEvLYb1n2sOq,85.48571429,136.45,85.48571429
2020-06-17 15:30:00,4135001,McdE0feGgRqW7Ca,82.65714286,137.875,82.65714286
2020-06-17 15:30:00,4135001,uHbuxQJl8lW7ozc,82.5625,141.0714286,82.5625
2020-06-17 15:45:00,4135001,wCURE6d3bPkepu2,137.5285714,304.7714286,137.5285714
2020-06-17 15:45:00,4135001,iCRJl6heRkivqQ3,139.0571429,320.9,139.0571429
2020-06-17 15:45:00,4135001,ZoEaEvLYb1n2sOq,136.45,317.9857143,136.45
2020-06-17 15:45:00,4135001,McdE0feGgRqW7Ca,137.875,314.8142857,137.875
2020-06-17 15:45:00,4135001,rGa61gmuvPhdLxV,140.4714286,329.075,140.4714286
2020-06-17 15:45:00,4135001,ih0vzX44oOqAx2f,135.3857143,308.2125,135.3857143
2020-06-17 15:45:00,4135001,zBIq5rxdHJRwDNY,136.1857143,317.05,136.1857143
2020-06-17 15:45:00,4135001,bvBOhCH3iADSZry,126.9571429,287.6625,126.9571429
2020-06-17 15:45:00,4135001,adLQvlD726eNBSB,143.1125,326.6142857,143.1125
2020-06-17 15:45:00,4135001,uHbuxQJl8lW7ozc,141.0714286,318.6428571,141.0714286
2020-06-17 15:45:00,4135001,3PZuoBAID5Wc2HD,140.9571429,328.35,140.9571429
2020-06-17 15:45:00,4135001,sjndEbLyjtCKgGv,136.65,313.9428571,136.65
2020-06-17 15:45:00,4135001,7JYdWkrLSPkdwr4,137.0,313.6714286,137.0
2020-06-17 15:45:00,4135001,ZnxXDlPa8U1GXgE,138.1142857,314.025,138.1142857
2020-06-17 15:45:00,4135001,pkci93gMrogZuBj,140.0571429,322.0857143,140.0571429
2020-06-17 15:45:00,4135001,z9Y9gH1T5YWrNuG,136.4571429,298.7,136.4571429
2020-06-17 15:45:00,4135001,1BY6WEcLGh8j5v7,126.5285714,284.5125,126.5285714
2020-06-17 15:45:00,4135001,YxYtjZvoooNbGkE,136.2125,315.5428571,136.2125
2020-06-17 15:45:00,4135001,zVJPv84UY57bAof,139.3285714,321.25,139.3285714
2020-06-17 15:45:00,4135001,VHMLBKoKgIrUVDU,139.7625,318.3,139.7625
2020-06-17 15:45:00,4135001,WRmjgnKYAwPKWDb,139.3142857,321.7375,139.3142857
2020-06-17 15:45:00,4135001,1IF53ai7Xc0U56Y,141.5625,324.6571429,141.5625
2020-06-17 16:00:00,4135001,uHbuxQJl8lW7ozc,318.6428571,343.95,318.6428571
2020-06-17 16:00:00,4135001,z9Y9gH1T5YWrNuG,298.7,336.15,298.7
2020-06-17 16:00:00,4135001,1BY6WEcLGh8j5v7,284.5125,347.2857143,284.5125
2020-06-17 16:00:00,4135001,ZnxXDlPa8U1GXgE,314.025,359.8,314.025
2020-06-17 16:00:00,4135001,bvBOhCH3iADSZry,287.6625,334.9571429,287.6625
2020-06-17 16:00:00,4135001,zVJPv84UY57bAof,321.25,337.7857143,321.25
2020-06-17 16:00:00,4135001,rGa61gmuvPhdLxV,329.075,353.9857143,329.075
2020-06-17 16:00:00,4135001,ZoEaEvLYb1n2sOq,317.9857143,364.4375,317.9857143
2020-06-17 16:00:00,4135001,sjndEbLyjtCKgGv,313.9428571,345.025,313.9428571
2020-06-17 16:00:00,4135001,McdE0feGgRqW7Ca,314.8142857,346.3375,314.8142857
2020-06-17 16:00:00,4135001,WRmjgnKYAwPKWDb,321.7375,387.6857143,321.7375
2020-06-17 16:00:00,4135001,3PZuoBAID5Wc2HD,328.35,395.3571429,328.35
2020-06-17 16:00:00,4135001,1IF53ai7Xc0U56Y,324.6571429,390.325,324.6571429
2020-06-17 16:00:00,4135001,7JYdWkrLSPkdwr4,313.6714286,373.3,313.6714286
2020-06-17 16:00:00,4135001,iCRJl6heRkivqQ3,320.9,345.7142857,320.9
2020-06-17 16:00:00,4135001,adLQvlD726eNBSB,326.6142857,401.35,326.6142857
2020-06-17 16:00:00,4135001,wCURE6d3bPkepu2,304.7714286,343.175,304.7714286
2020-06-17 16:00:00,4135001,pkci93gMrogZuBj,322.0857143,351.9125,322.0857143
2020-06-17 16:00:00,4135001,zBIq5rxdHJRwDNY,317.05,344.0857143,317.05
2020-06-17 16:00:00,4135001,ih0vzX44oOqAx2f,308.2125,344.4857143,308.2125
2020-06-17 16:00:00,4135001,YxYtjZvoooNbGkE,315.5428571,351.0125,315.5428571
2020-06-17 16:00:00,4135001,VHMLBKoKgIrUVDU,318.3,381.925,318.3
2020-06-17 16:15:00,4135001,3PZuoBAID5Wc2HD,395.3571429,182.4125,395.3571429
2020-06-17 16:15:00,4135001,1IF53ai7Xc0U56Y,390.325,182.0285714,390.325
2020-06-17 16:15:00,4135001,uHbuxQJl8lW7ozc,343.95,174.5571429,343.95
2020-06-17 16:15:00,4135001,YxYtjZvoooNbGkE,351.0125,178.7,351.0125
2020-06-17 16:15:00,4135001,WRmjgnKYAwPKWDb,387.6857143,184.0625,387.6857143
2020-06-17 16:15:00,4135001,sjndEbLyjtCKgGv,345.025,179.1428571,345.025
2020-06-17 16:15:00,4135001,iCRJl6heRkivqQ3,345.7142857,178.1,345.7142857
2020-06-17 16:15:00,4135001,7JYdWkrLSPkdwr4,373.3,178.4142857,373.3
2020-06-17 16:15:00,4135001,McdE0feGgRqW7Ca,346.3375,183.8142857,346.3375
2020-06-17 16:15:00,4135001,ZnxXDlPa8U1GXgE,359.8,189.6571429,359.8
2020-06-17 16:15:00,4135001,bvBOhCH3iADSZry,334.9571429,170.275,334.9571429
2020-06-17 16:15:00,4135001,ZoEaEvLYb1n2sOq,364.4375,175.7,364.4375
2020-06-17 16:15:00,4135001,VHMLBKoKgIrUVDU,381.925,184.3142857,381.925
2020-06-17 16:15:00,4135001,ih0vzX44oOqAx2f,344.4857143,183.9714286,344.4857143
2020-06-17 16:15:00,4135001,1BY6WEcLGh8j5v7,347.2857143,174.475,347.2857143
2020-06-17 16:15:00,4135001,pkci93gMrogZuBj,351.9125,173.0428571,351.9125
2020-06-17 16:15:00,4135001,wCURE6d3bPkepu2,343.175,185.4428571,343.175
2020-06-17 16:15:00,4135001,zBIq5rxdHJRwDNY,344.0857143,172.0125,344.0857143
2020-06-17 16:15:00,4135001,z9Y9gH1T5YWrNuG,336.15,184.5285714,336.15
2020-06-17 16:15:00,4135001,adLQvlD726eNBSB,401.35,185.9,401.35
2020-06-17 16:15:00,4135001,rGa61gmuvPhdLxV,353.9857143,176.0571429,353.9857143
2020-06-17 16:15:00,4135001,zVJPv84UY57bAof,337.7857143,178.3,337.7857143
2020-06-17 16:30:00,4135001,zBIq5rxdHJRwDNY,172.0125,104.1,172.0125
2020-06-17 16:30:00,4135001,wCURE6d3bPkepu2,185.4428571,114.5125,185.4428571
2020-06-17 16:30:00,4135001,WRmjgnKYAwPKWDb,184.0625,106.1857143,184.0625
2020-06-17 16:30:00,4135001,YxYtjZvoooNbGkE,178.7,110.275,178.7
2020-06-17 16:30:00,4135001,pkci93gMrogZuBj,173.0428571,109.175,173.0428571
2020-06-17 16:30:00,4135001,VHMLBKoKgIrUVDU,184.3142857,111.6875,184.3142857
2020-06-17 16:30:00,4135001,iCRJl6heRkivqQ3,178.1,108.7142857,178.1
2020-06-17 16:30:00,4135001,7JYdWkrLSPkdwr4,178.4142857,109.0,178.4142857
2020-06-17 16:30:00,4135001,ih0vzX44oOqAx2f,183.9714286,111.425,183.9714286
2020-06-17 16:30:00,4135001,adLQvlD726eNBSB,185.9,112.8375,185.9
2020-06-17 16:30:00,4135001,3PZuoBAID5Wc2HD,182.4125,107.1142857,182.4125
2020-06-17 16:30:00,4135001,rGa61gmuvPhdLxV,176.0571429,109.775,176.0571429
2020-06-17 16:30:00,4135001,sjndEbLyjtCKgGv,179.1428571,112.1125,179.1428571
2020-06-17 16:30:00,4135001,zVJPv84UY57bAof,178.3,112.5875,178.3
2020-06-17 16:30:00,4135001,z9Y9gH1T5YWrNuG,184.5285714,115.575,184.5285714
2020-06-17 16:30:00,4135001,bvBOhCH3iADSZry,170.275,101.5,170.275
2020-06-17 16:30:00,4135001,1BY6WEcLGh8j5v7,174.475,104.0428571,174.475
2020-06-17 16:30:00,4135001,McdE0feGgRqW7Ca,183.8142857,115.425,183.8142857
2020-06-17 16:30:00,4135001,uHbuxQJl8lW7ozc,174.5571429,112.675,174.5571429
2020-06-17 16:30:00,4135001,ZoEaEvLYb1n2sOq,175.7,108.2875,175.7
2020-06-17 16:30:00,4135001,ZnxXDlPa8U1GXgE,189.6571429,113.6,189.6571429
2020-06-17 16:30:00,4135001,1IF53ai7Xc0U56Y,182.0285714,110.8375,182.0285714
2020-06-17 16:45:00,4135001,ZnxXDlPa8U1GXgE,113.6,127.0428571,113.6
2020-06-17 16:45:00,4135001,ih0vzX44oOqAx2f,111.425,124.5285714,111.425
2020-06-17 16:45:00,4135001,z9Y9gH1T5YWrNuG,115.575,126.5285714,115.575
2020-06-17 16:45:00,4135001,zBIq5rxdHJRwDNY,104.1,127.6375,104.1
2020-06-17 16:45:00,4135001,WRmjgnKYAwPKWDb,106.1857143,126.7571429,106.1857143
2020-06-17 16:45:00,4135001,bvBOhCH3iADSZry,101.5,118.1,101.5
2020-06-17 16:45:00,4135001,7JYdWkrLSPkdwr4,109.0,128.5428571,109.0
2020-06-17 16:45:00,4135001,McdE0feGgRqW7Ca,115.425,130.4714286,115.425
2020-06-17 16:45:00,4135001,zVJPv84UY57bAof,112.5875,128.8428571,112.5875
2020-06-17 16:45:00,4135001,3PZuoBAID5Wc2HD,107.1142857,129.1142857,107.1142857
2020-06-17 16:45:00,4135001,sjndEbLyjtCKgGv,112.1125,129.1714286,112.1125
2020-06-17 16:45:00,4135001,pkci93gMrogZuBj,109.175,129.6428571,109.175
2020-06-17 16:45:00,4135001,VHMLBKoKgIrUVDU,111.6875,130.4,111.6875
2020-06-17 16:45:00,4135001,adLQvlD726eNBSB,112.8375,134.5142857,112.8375
2020-06-17 16:45:00,4135001,uHbuxQJl8lW7ozc,112.675,130.7285714,112.675
2020-06-17 16:45:00,4135001,iCRJl6heRkivqQ3,108.7142857,130.6875,108.7142857
2020-06-17 16:45:00,4135001,wCURE6d3bPkepu2,114.5125,127.2,114.5125
2020-06-17 16:45:00,4135001,1BY6WEcLGh8j5v7,104.0428571,118.525,104.0428571
2020-06-17 16:45:00,4135001,ZoEaEvLYb1n2sOq,108.2875,128.7142857,108.2875
2020-06-17 16:45:00,4135001,rGa61gmuvPhdLxV,109.775,130.4571429,109.775
2020-06-17 16:45:00,4135001,1IF53ai7Xc0U56Y,110.8375,132.9571429,110.8375
2020-06-17 16:45:00,4135001,YxYtjZvoooNbGkE,110.275,128.8142857,110.275
2020-06-17 17:00:00,4135001,zBIq5rxdHJRwDNY,127.6375,151.0,127.6375
2020-06-17 17:00:00,4135001,3PZuoBAID5Wc2HD,129.1142857,154.4625,129.1142857
2020-06-17 17:00:00,4135001,uHbuxQJl8lW7ozc,130.7285714,155.7375,130.7285714
2020-06-17 17:00:00,4135001,ZoEaEvLYb1n2sOq,128.7142857,151.7625,128.7142857
2020-06-17 17:00:00,4135001,zVJPv84UY57bAof,128.8428571,154.1625,128.8428571
2020-06-17 17:00:00,4135001,pkci93gMrogZuBj,129.6428571,153.725,129.6428571
2020-06-17 17:00:00,4135001,7JYdWkrLSPkdwr4,128.5428571,151.375,128.5428571
2020-06-17 17:00:00,4135001,VHMLBKoKgIrUVDU,130.4,154.1875,130.4
2020-06-17 17:00:00,4135001,rGa61gmuvPhdLxV,130.4571429,154.55,130.4571429
2020-06-17 17:00:00,4135001,z9Y9gH1T5YWrNuG,126.5285714,152.9125,126.5285714
2020-06-17 17:00:00,4135001,ZnxXDlPa8U1GXgE,127.0428571,152.825,127.0428571
2020-06-17 17:00:00,4135001,1IF53ai7Xc0U56Y,132.9571429,155.9,132.9571429
2020-06-17 17:00:00,4135001,WRmjgnKYAwPKWDb,126.7571429,152.1,126.7571429
2020-06-17 17:00:00,4135001,bvBOhCH3iADSZry,118.1,141.4142857,118.1
2020-06-17 17:00:00,4135001,1BY6WEcLGh8j5v7,118.525,141.9285714,118.525
2020-06-17 17:00:00,4135001,sjndEbLyjtCKgGv,129.1714286,153.825,129.1714286
2020-06-17 17:00:00,4135001,iCRJl6heRkivqQ3,130.6875,155.0142857,130.6875
2020-06-17 17:00:00,4135001,ih0vzX44oOqAx2f,124.5285714,150.125,124.5285714
2020-06-17 17:00:00,4135001,wCURE6d3bPkepu2,127.2,152.8,127.2
2020-06-17 17:00:00,4135001,YxYtjZvoooNbGkE,128.8142857,152.7125,128.8142857
2020-06-17 17:00:00,4135001,adLQvlD726eNBSB,134.5142857,158.0375,134.5142857
2020-06-17 17:00:00,4135001,McdE0feGgRqW7Ca,130.4714286,155.9875,130.4714286
2020-06-17 17:15:00,4135001,sjndEbLyjtCKgGv,153.825,131.34,153.825
2020-06-17 17:15:00,4135001,WRmjgnKYAwPKWDb,152.1,131.12,152.1
2020-06-17 17:15:00,4135001,z9Y9gH1T5YWrNuG,152.9125,131.02,152.9125
2020-06-17 17:15:00,4135001,YxYtjZvoooNbGkE,152.7125,129.9,152.7125
2020-06-17 17:15:00,4135001,1IF53ai7Xc0U56Y,155.9,132.86,155.9
2020-06-17 17:15:00,4135001,zVJPv84UY57bAof,154.1625,131.88,154.1625
2020-06-17 17:15:00,4135001,7JYdWkrLSPkdwr4,151.375,128.9,151.375
2020-06-17 17:15:00,4135001,3PZuoBAID5Wc2HD,154.4625,132.5,154.4625
2020-06-17 17:15:00,4135001,bvBOhCH3iADSZry,141.4142857,121.44,141.4142857
2020-06-17 17:15:00,4135001,uHbuxQJl8lW7ozc,155.7375,132.94,155.7375
2020-06-17 17:15:00,4135001,McdE0feGgRqW7Ca,155.9875,133.32,155.9875
2020-06-17 17:15:00,4135001,ZnxXDlPa8U1GXgE,152.825,131.28,152.825
2020-06-17 17:15:00,4135001,1BY6WEcLGh8j5v7,141.9285714,122.62,141.9285714
2020-06-17 17:15:00,4135001,ZoEaEvLYb1n2sOq,151.7625,128.66,151.7625
2020-06-17 17:15:00,4135001,VHMLBKoKgIrUVDU,154.1875,131.52,154.1875
2020-06-17 17:15:00,4135001,pkci93gMrogZuBj,153.725,130.72,153.725
2020-06-17 17:15:00,4135001,rGa61gmuvPhdLxV,154.55,131.72,154.55
2020-06-17 17:15:00,4135001,ih0vzX44oOqAx2f,150.125,128.78,150.125
2020-06-17 17:15:00,4135001,adLQvlD726eNBSB,158.0375,135.16,158.0375
2020-06-17 17:15:00,4135001,zBIq5rxdHJRwDNY,151.0,128.66,151.0
2020-06-17 17:15:00,4135001,wCURE6d3bPkepu2,152.8,131.02,152.8
2020-06-17 17:15:00,4135001,iCRJl6heRkivqQ3,155.0142857,132.48,155.0142857
2020-06-17 17:30:00,4135001,ZoEaEvLYb1n2sOq,128.66,91.05714286,128.66
2020-06-17 17:30:00,4135001,wCURE6d3bPkepu2,131.02,92.04285714,131.02
2020-06-17 17:30:00,4135001,adLQvlD726eNBSB,135.16,95.41428571,135.16
2020-06-17 17:30:00,4135001,iCRJl6heRkivqQ3,132.48,92.91428571,132.48
2020-06-17 17:30:00,4135001,3PZuoBAID5Wc2HD,132.5,92.57142857,132.5
2020-06-17 17:30:00,4135001,WRmjgnKYAwPKWDb,131.12,91.17142857,131.12
2020-06-17 17:30:00,4135001,z9Y9gH1T5YWrNuG,131.02,92.71428571,131.02
2020-06-17 17:30:00,4135001,ih0vzX44oOqAx2f,128.78,90.34285714,128.78
2020-06-17 17:30:00,4135001,VHMLBKoKgIrUVDU,131.52,92.82857143,131.52
2020-06-17 17:30:00,4135001,uHbuxQJl8lW7ozc,132.94,94.97142857,132.94
2020-06-17 17:30:00,4135001,YxYtjZvoooNbGkE,129.9,91.9,129.9
2020-06-17 17:30:00,4135001,1BY6WEcLGh8j5v7,122.62,85.27142857,122.62
2020-06-17 17:30:00,4135001,zVJPv84UY57bAof,131.88,93.14285714,131.88
2020-06-17 17:30:00,4135001,ZnxXDlPa8U1GXgE,131.28,92.11428571,131.28
2020-06-17 17:30:00,4135001,sjndEbLyjtCKgGv,131.34,92.85714286,131.34
2020-06-17 17:30:00,4135001,pkci93gMrogZuBj,130.72,93.1,130.72
2020-06-17 17:30:00,4135001,7JYdWkrLSPkdwr4,128.9,90.92857143,128.9
2020-06-17 17:30:00,4135001,zBIq5rxdHJRwDNY,128.66,90.3,128.66
2020-06-17 17:30:00,4135001,rGa61gmuvPhdLxV,131.72,93.38571429,131.72
2020-06-17 17:30:00,4135001,bvBOhCH3iADSZry,121.44,84.55714286,121.44
2020-06-17 17:30:00,4135001,McdE0feGgRqW7Ca,133.32,94.18571429,133.32
2020-06-17 17:30:00,4135001,1IF53ai7Xc0U56Y,132.86,93.85714286,132.86
2020-06-17 17:45:00,4135001,McdE0feGgRqW7Ca,94.18571429,58.95714286,94.18571429
2020-06-17 17:45:00,4135001,ZoEaEvLYb1n2sOq,91.05714286,58.08571429,91.05714286
2020-06-17 17:45:00,4135001,wCURE6d3bPkepu2,92.04285714,58.14285714,92.04285714
2020-06-17 17:45:00,4135001,adLQvlD726eNBSB,95.41428571,62.61428571,95.41428571
2020-06-17 17:45:00,4135001,z9Y9gH1T5YWrNuG,92.71428571,57.88571429,92.71428571
2020-06-17 17:45:00,4135001,YxYtjZvoooNbGkE,91.9,58.38571429,91.9
2020-06-17 17:45:00,4135001,rGa61gmuvPhdLxV,93.38571429,59.3,93.38571429
2020-06-17 17:45:00,4135001,iCRJl6heRkivqQ3,92.91428571,58.75714286,92.91428571
2020-06-17 17:45:00,4135001,3PZuoBAID5Wc2HD,92.57142857,60.18571429,92.57142857
2020-06-17 17:45:00,4135001,7JYdWkrLSPkdwr4,90.92857143,58.7,90.92857143
2020-06-17 17:45:00,4135001,ZnxXDlPa8U1GXgE,92.11428571,58.62857143,92.11428571
2020-06-17 17:45:00,4135001,zVJPv84UY57bAof,93.14285714,58.41428571,93.14285714
2020-06-17 17:45:00,4135001,sjndEbLyjtCKgGv,92.85714286,58.42857143,92.85714286
2020-06-17 17:45:00,4135001,zBIq5rxdHJRwDNY,90.3,57.52857143,90.3
2020-06-17 17:45:00,4135001,VHMLBKoKgIrUVDU,92.82857143,59.75714286,92.82857143
2020-06-17 17:45:00,4135001,bvBOhCH3iADSZry,84.55714286,54.15714286,84.55714286
2020-06-17 17:45:00,4135001,uHbuxQJl8lW7ozc,94.97142857,59.61428571,94.97142857
2020-06-17 17:45:00,4135001,WRmjgnKYAwPKWDb,91.17142857,59.41428571,91.17142857
2020-06-17 17:45:00,4135001,pkci93gMrogZuBj,93.1,58.74285714,93.1
2020-06-17 17:45:00,4135001,1IF53ai7Xc0U56Y,93.85714286,60.9,93.85714286
2020-06-17 17:45:00,4135001,ih0vzX44oOqAx2f,90.34285714,57.37142857,90.34285714
2020-06-17 17:45:00,4135001,1BY6WEcLGh8j5v7,85.27142857,54.61428571,85.27142857
2020-06-17 18:00:00,4135001,McdE0feGgRqW7Ca,58.95714286,33.2375,58.95714286
2020-06-17 18:00:00,4135001,WRmjgnKYAwPKWDb,59.41428571,32.425,59.41428571
2020-06-17 18:00:00,4135001,z9Y9gH1T5YWrNuG,57.88571429,32.8,57.88571429
2020-06-17 18:00:00,4135001,bvBOhCH3iADSZry,54.15714286,30.0625,54.15714286
2020-06-17 18:00:00,4135001,ZoEaEvLYb1n2sOq,58.08571429,32.5,58.08571429
2020-06-17 18:00:00,4135001,ZnxXDlPa8U1GXgE,58.62857143,32.7375,58.62857143
2020-06-17 18:00:00,4135001,wCURE6d3bPkepu2,58.14285714,32.6,58.14285714
2020-06-17 18:00:00,4135001,1IF53ai7Xc0U56Y,60.9,34.15,60.9
2020-06-17 18:00:00,4135001,uHbuxQJl8lW7ozc,59.61428571,33.5,59.61428571
2020-06-17 18:00:00,4135001,YxYtjZvoooNbGkE,58.38571429,32.775,58.38571429
2020-06-17 18:00:00,4135001,VHMLBKoKgIrUVDU,59.75714286,33.3625,59.75714286
2020-06-17 18:00:00,4135001,ih0vzX44oOqAx2f,57.37142857,32.3,57.37142857
2020-06-17 18:00:00,4135001,3PZuoBAID5Wc2HD,60.18571429,33.0,60.18571429
2020-06-17 18:00:00,4135001,zVJPv84UY57bAof,58.41428571,32.8625,58.41428571
2020-06-17 18:00:00,4135001,iCRJl6heRkivqQ3,58.75714286,32.9125,58.75714286
2020-06-17 18:00:00,4135001,pkci93gMrogZuBj,58.74285714,32.525,58.74285714
2020-06-17 18:00:00,4135001,sjndEbLyjtCKgGv,58.42857143,32.7375,58.42857143
2020-06-17 18:00:00,4135001,7JYdWkrLSPkdwr4,58.7,32.7,58.7
2020-06-17 18:00:00,4135001,zBIq5rxdHJRwDNY,57.52857143,32.1375,57.52857143
2020-06-17 18:00:00,4135001,adLQvlD726eNBSB,62.61428571,34.9875,62.61428571
2020-06-17 18:00:00,4135001,1BY6WEcLGh8j5v7,54.61428571,30.4125,54.61428571
2020-06-17 18:00:00,4135001,rGa61gmuvPhdLxV,59.3,33.15,59.3
2020-06-17 18:15:00,4135001,zBIq5rxdHJRwDNY,32.1375,7.228571429,32.1375
2020-06-17 18:15:00,4135001,wCURE6d3bPkepu2,32.6,7.3,32.6
2020-06-17 18:15:00,4135001,McdE0feGgRqW7Ca,33.2375,7.585714286,33.2375
2020-06-17 18:15:00,4135001,YxYtjZvoooNbGkE,32.775,7.485714286,32.775
2020-06-17 18:15:00,4135001,rGa61gmuvPhdLxV,33.15,7.585714286,33.15
2020-06-17 18:15:00,4135001,iCRJl6heRkivqQ3,32.9125,7.328571429,32.9125
2020-06-17 18:15:00,4135001,sjndEbLyjtCKgGv,32.7375,7.428571429,32.7375
2020-06-17 18:15:00,4135001,adLQvlD726eNBSB,34.9875,9.457142857,34.9875
2020-06-17 18:15:00,4135001,uHbuxQJl8lW7ozc,33.5,7.614285714,33.5
2020-06-17 18:15:00,4135001,pkci93gMrogZuBj,32.525,7.242857143,32.525
2020-06-17 18:15:00,4135001,VHMLBKoKgIrUVDU,33.3625,7.614285714,33.3625
2020-06-17 18:15:00,4135001,1BY6WEcLGh8j5v7,30.4125,6.985714286,30.4125
2020-06-17 18:15:00,4135001,bvBOhCH3iADSZry,30.0625,6.771428571,30.0625
2020-06-17 18:15:00,4135001,3PZuoBAID5Wc2HD,33.0,7.557142857,33.0
2020-06-17 18:15:00,4135001,ih0vzX44oOqAx2f,32.3,7.285714286,32.3
2020-06-17 18:15:00,4135001,ZoEaEvLYb1n2sOq,32.5,7.3,32.5
2020-06-17 18:15:00,4135001,zVJPv84UY57bAof,32.8625,7.485714286,32.8625
2020-06-17 18:15:00,4135001,WRmjgnKYAwPKWDb,32.425,7.228571429,32.425
2020-06-17 18:15:00,4135001,ZnxXDlPa8U1GXgE,32.7375,7.342857143,32.7375
2020-06-17 18:15:00,4135001,7JYdWkrLSPkdwr4,32.7,7.514285714,32.7
2020-06-17 18:15:00,4135001,1IF53ai7Xc0U56Y,34.15,9.014285714,34.15
2020-06-17 18:15:00,4135001,z9Y9gH1T5YWrNuG,32.8,7.471428571,32.8
2020-06-17 18:30:00,4135001,ZnxXDlPa8U1GXgE,7.342857143,0.0,7.342857143
2020-06-17 18:30:00,4135001,1BY6WEcLGh8j5v7,6.985714286,0.0,6.985714286
2020-06-17 18:30:00,4135001,z9Y9gH1T5YWrNuG,7.471428571,0.0,7.471428571
2020-06-17 18:30:00,4135001,rGa61gmuvPhdLxV,7.585714286,0.0,7.585714286
2020-06-17 18:30:00,4135001,adLQvlD726eNBSB,9.457142857,0.0,9.457142857
2020-06-17 18:30:00,4135001,uHbuxQJl8lW7ozc,7.614285714,0.0,7.614285714
2020-06-17 18:30:00,4135001,wCURE6d3bPkepu2,7.3,0.0,7.3
2020-06-17 18:30:00,4135001,VHMLBKoKgIrUVDU,7.614285714,0.0,7.614285714
2020-06-17 18:30:00,4135001,WRmjgnKYAwPKWDb,7.228571429,0.0,7.228571429
2020-06-17 18:30:00,4135001,zVJPv84UY57bAof,7.485714286,0.0,7.485714286
2020-06-17 18:30:00,4135001,bvBOhCH3iADSZry,6.771428571,0.0,6.771428571
2020-06-17 18:30:00,4135001,YxYtjZvoooNbGkE,7.485714286,0.0,7.485714286
2020-06-17 18:30:00,4135001,McdE0feGgRqW7Ca,7.585714286,0.0,7.585714286
2020-06-17 18:30:00,4135001,iCRJl6heRkivqQ3,7.328571429,0.0,7.328571429
2020-06-17 18:30:00,4135001,3PZuoBAID5Wc2HD,7.557142857,0.0,7.557142857
2020-06-17 18:30:00,4135001,ZoEaEvLYb1n2sOq,7.3,0.0,7.3
2020-06-17 18:30:00,4135001,sjndEbLyjtCKgGv,7.428571429,0.0,7.428571429
2020-06-17 18:30:00,4135001,ih0vzX44oOqAx2f,7.285714286,0.0,7.285714286
2020-06-17 18:30:00,4135001,pkci93gMrogZuBj,7.242857143,0.0,7.242857143
2020-06-17 18:30:00,4135001,7JYdWkrLSPkdwr4,7.514285714,0.0,7.514285714
2020-06-17 18:30:00,4135001,zBIq5rxdHJRwDNY,7.228571429,0.0,7.228571429
2020-06-17 18:30:00,4135001,1IF53ai7Xc0U56Y,9.014285714,0.0,9.014285714
2020-06-17 18:45:00,4135001,iCRJl6heRkivqQ3,0.0,0.0,0.0
2020-06-17 18:45:00,4135001,McdE0feGgRqW7Ca,0.0,0.0,0.0
2020-06-17 18:45:00,4135001,WRmjgnKYAwPKWDb,0.0,0.0,0.0
2020-06-17 18:45:00,4135001,7JYdWkrLSPkdwr4,0.0,0.0,0.0
2020-06-17 18:45:00,4135001,sjndEbLyjtCKgGv,0.0,0.0,0.0
2020-06-17 18:45:00,4135001,zVJPv84UY57bAof,0.0,0.0,0.0
2020-06-17 18:45:00,4135001,VHMLBKoKgIrUVDU,0.0,0.0,0.0
2020-06-17 18:45:00,4135001,ih0vzX44oOqAx2f,0.0,0.0,0.0
2020-06-17 18:45:00,4135001,wCURE6d3bPkepu2,0.0,0.0,0.0
2020-06-17 18:45:00,4135001,zBIq5rxdHJRwDNY,0.0,0.0,0.0
2020-06-17 18:45:00,4135001,z9Y9gH1T5YWrNuG,0.0,0.0,0.0
2020-06-17 18:45:00,4135001,rGa61gmuvPhdLxV,0.0,0.0,0.0
2020-06-17 18:45:00,4135001,1IF53ai7Xc0U56Y,0.0,0.0,0.0
2020-06-17 18:45:00,4135001,uHbuxQJl8lW7ozc,0.0,0.0,0.0
2020-06-17 18:45:00,4135001,ZnxXDlPa8U1GXgE,0.0,0.0,0.0
2020-06-17 18:45:00,4135001,pkci93gMrogZuBj,0.0,0.0,0.0
2020-06-17 18:45:00,4135001,bvBOhCH3iADSZry,0.0,0.0,0.0
2020-06-17 18:45:00,4135001,YxYtjZvoooNbGkE,0.0,0.0,0.0
2020-06-17 18:45:00,4135001,adLQvlD726eNBSB,0.0,0.0,0.0
2020-06-17 18:45:00,4135001,1BY6WEcLGh8j5v7,0.0,0.0,0.0
2020-06-17 18:45:00,4135001,ZoEaEvLYb1n2sOq,0.0,0.0,0.0
2020-06-17 18:45:00,4135001,3PZuoBAID5Wc2HD,0.0,0.0,0.0
2020-06-17 19:00:00,4135001,WRmjgnKYAwPKWDb,0.0,0.0,0.0
2020-06-17 19:00:00,4135001,1IF53ai7Xc0U56Y,0.0,0.0,0.0
2020-06-17 19:00:00,4135001,1BY6WEcLGh8j5v7,0.0,0.0,0.0
2020-06-17 19:00:00,4135001,VHMLBKoKgIrUVDU,0.0,0.0,0.0
2020-06-17 19:00:00,4135001,uHbuxQJl8lW7ozc,0.0,0.0,0.0
2020-06-17 19:00:00,4135001,sjndEbLyjtCKgGv,0.0,0.0,0.0
2020-06-17 19:00:00,4135001,adLQvlD726eNBSB,0.0,0.0,0.0
2020-06-17 19:00:00,4135001,ZoEaEvLYb1n2sOq,0.0,0.0,0.0
2020-06-17 19:00:00,4135001,rGa61gmuvPhdLxV,0.0,0.0,0.0
2020-06-17 19:00:00,4135001,iCRJl6heRkivqQ3,0.0,0.0,0.0
2020-06-17 19:00:00,4135001,wCURE6d3bPkepu2,0.0,0.0,0.0
2020-06-17 19:00:00,4135001,ih0vzX44oOqAx2f,0.0,0.0,0.0
2020-06-17 19:00:00,4135001,ZnxXDlPa8U1GXgE,0.0,0.0,0.0
2020-06-17 19:00:00,4135001,zBIq5rxdHJRwDNY,0.0,0.0,0.0
2020-06-17 19:00:00,4135001,pkci93gMrogZuBj,0.0,0.0,0.0
2020-06-17 19:00:00,4135001,bvBOhCH3iADSZry,0.0,0.0,0.0
2020-06-17 19:00:00,4135001,7JYdWkrLSPkdwr4,0.0,0.0,0.0
2020-06-17 19:00:00,4135001,zVJPv84UY57bAof,0.0,0.0,0.0
2020-06-17 19:00:00,4135001,3PZuoBAID5Wc2HD,0.0,0.0,0.0
2020-06-17 19:00:00,4135001,z9Y9gH1T5YWrNuG,0.0,0.0,0.0
2020-06-17 19:00:00,4135001,McdE0feGgRqW7Ca,0.0,0.0,0.0
2020-06-17 19:00:00,4135001,YxYtjZvoooNbGkE,0.0,0.0,0.0
2020-06-17 19:15:00,4135001,sjndEbLyjtCKgGv,0.0,0.0,0.0
2020-06-17 19:15:00,4135001,zVJPv84UY57bAof,0.0,0.0,0.0
2020-06-17 19:15:00,4135001,ih0vzX44oOqAx2f,0.0,0.0,0.0
2020-06-17 19:15:00,4135001,iCRJl6heRkivqQ3,0.0,0.0,0.0
2020-06-17 19:15:00,4135001,bvBOhCH3iADSZry,0.0,0.0,0.0
2020-06-17 19:15:00,4135001,ZnxXDlPa8U1GXgE,0.0,0.0,0.0
2020-06-17 19:15:00,4135001,wCURE6d3bPkepu2,0.0,0.0,0.0
2020-06-17 19:15:00,4135001,7JYdWkrLSPkdwr4,0.0,0.0,0.0
2020-06-17 19:15:00,4135001,1BY6WEcLGh8j5v7,0.0,0.0,0.0
2020-06-17 19:15:00,4135001,z9Y9gH1T5YWrNuG,0.0,0.0,0.0
2020-06-17 19:15:00,4135001,uHbuxQJl8lW7ozc,0.0,0.0,0.0
2020-06-17 19:15:00,4135001,zBIq5rxdHJRwDNY,0.0,0.0,0.0
2020-06-17 19:15:00,4135001,YxYtjZvoooNbGkE,0.0,0.0,0.0
2020-06-17 19:15:00,4135001,1IF53ai7Xc0U56Y,0.0,0.0,0.0
2020-06-17 19:15:00,4135001,rGa61gmuvPhdLxV,0.0,0.0,0.0
2020-06-17 19:15:00,4135001,McdE0feGgRqW7Ca,0.0,0.0,0.0
2020-06-17 19:15:00,4135001,ZoEaEvLYb1n2sOq,0.0,0.0,0.0
2020-06-17 19:15:00,4135001,WRmjgnKYAwPKWDb,0.0,0.0,0.0
2020-06-17 19:15:00,4135001,VHMLBKoKgIrUVDU,0.0,0.0,0.0
2020-06-17 19:15:00,4135001,adLQvlD726eNBSB,0.0,0.0,0.0
2020-06-17 19:15:00,4135001,pkci93gMrogZuBj,0.0,0.0,0.0
2020-06-17 19:15:00,4135001,3PZuoBAID5Wc2HD,0.0,0.0,0.0
2020-06-17 19:30:00,4135001,ih0vzX44oOqAx2f,0.0,0.0,0.0
2020-06-17 19:30:00,4135001,sjndEbLyjtCKgGv,0.0,0.0,0.0
2020-06-17 19:30:00,4135001,bvBOhCH3iADSZry,0.0,0.0,0.0
2020-06-17 19:30:00,4135001,WRmjgnKYAwPKWDb,0.0,0.0,0.0
2020-06-17 19:30:00,4135001,adLQvlD726eNBSB,0.0,0.0,0.0
2020-06-17 19:30:00,4135001,ZoEaEvLYb1n2sOq,0.0,0.0,0.0
2020-06-17 19:30:00,4135001,1IF53ai7Xc0U56Y,0.0,0.0,0.0
2020-06-17 19:30:00,4135001,ZnxXDlPa8U1GXgE,0.0,0.0,0.0
2020-06-17 19:30:00,4135001,McdE0feGgRqW7Ca,0.0,0.0,0.0
2020-06-17 19:30:00,4135001,wCURE6d3bPkepu2,0.0,0.0,0.0
2020-06-17 19:30:00,4135001,3PZuoBAID5Wc2HD,0.0,0.0,0.0
2020-06-17 19:30:00,4135001,pkci93gMrogZuBj,0.0,0.0,0.0
2020-06-17 19:30:00,4135001,rGa61gmuvPhdLxV,0.0,0.0,0.0
2020-06-17 19:30:00,4135001,zBIq5rxdHJRwDNY,0.0,0.0,0.0
2020-06-17 19:30:00,4135001,YxYtjZvoooNbGkE,0.0,0.0,0.0
2020-06-17 19:30:00,4135001,uHbuxQJl8lW7ozc,0.0,0.0,0.0
2020-06-17 19:30:00,4135001,1BY6WEcLGh8j5v7,0.0,0.0,0.0
2020-06-17 19:30:00,4135001,zVJPv84UY57bAof,0.0,0.0,0.0
2020-06-17 19:30:00,4135001,7JYdWkrLSPkdwr4,0.0,0.0,0.0
2020-06-17 19:30:00,4135001,VHMLBKoKgIrUVDU,0.0,0.0,0.0
2020-06-17 19:30:00,4135001,iCRJl6heRkivqQ3,0.0,0.0,0.0
2020-06-17 19:30:00,4135001,z9Y9gH1T5YWrNuG,0.0,0.0,0.0
2020-06-17 19:45:00,4135001,uHbuxQJl8lW7ozc,0.0,0.0,0.0
2020-06-17 19:45:00,4135001,VHMLBKoKgIrUVDU,0.0,0.0,0.0
2020-06-17 19:45:00,4135001,1IF53ai7Xc0U56Y,0.0,0.0,0.0
2020-06-17 19:45:00,4135001,ZoEaEvLYb1n2sOq,0.0,0.0,0.0
2020-06-17 19:45:00,4135001,pkci93gMrogZuBj,0.0,0.0,0.0
2020-06-17 19:45:00,4135001,1BY6WEcLGh8j5v7,0.0,0.0,0.0
2020-06-17 19:45:00,4135001,rGa61gmuvPhdLxV,0.0,0.0,0.0
2020-06-17 19:45:00,4135001,WRmjgnKYAwPKWDb,0.0,0.0,0.0
2020-06-17 19:45:00,4135001,7JYdWkrLSPkdwr4,0.0,0.0,0.0
2020-06-17 19:45:00,4135001,YxYtjZvoooNbGkE,0.0,0.0,0.0
2020-06-17 19:45:00,4135001,z9Y9gH1T5YWrNuG,0.0,0.0,0.0
2020-06-17 19:45:00,4135001,zVJPv84UY57bAof,0.0,0.0,0.0
2020-06-17 19:45:00,4135001,McdE0feGgRqW7Ca,0.0,0.0,0.0
2020-06-17 19:45:00,4135001,adLQvlD726eNBSB,0.0,0.0,0.0
2020-06-17 19:45:00,4135001,iCRJl6heRkivqQ3,0.0,0.0,0.0
2020-06-17 19:45:00,4135001,wCURE6d3bPkepu2,0.0,0.0,0.0
2020-06-17 19:45:00,4135001,zBIq5rxdHJRwDNY,0.0,0.0,0.0
2020-06-17 19:45:00,4135001,ZnxXDlPa8U1GXgE,0.0,0.0,0.0
2020-06-17 19:45:00,4135001,bvBOhCH3iADSZry,0.0,0.0,0.0
2020-06-17 19:45:00,4135001,sjndEbLyjtCKgGv,0.0,0.0,0.0
2020-06-17 19:45:00,4135001,ih0vzX44oOqAx2f,0.0,0.0,0.0
2020-06-17 19:45:00,4135001,3PZuoBAID5Wc2HD,0.0,0.0,0.0
2020-06-17 20:00:00,4135001,zBIq5rxdHJRwDNY,0.0,0.0,0.0
2020-06-17 20:00:00,4135001,ZnxXDlPa8U1GXgE,0.0,0.0,0.0
2020-06-17 20:00:00,4135001,pkci93gMrogZuBj,0.0,0.0,0.0
2020-06-17 20:00:00,4135001,z9Y9gH1T5YWrNuG,0.0,0.0,0.0
2020-06-17 20:00:00,4135001,wCURE6d3bPkepu2,0.0,0.0,0.0
2020-06-17 20:00:00,4135001,1BY6WEcLGh8j5v7,0.0,0.0,0.0
2020-06-17 20:00:00,4135001,3PZuoBAID5Wc2HD,0.0,0.0,0.0
2020-06-17 20:00:00,4135001,1IF53ai7Xc0U56Y,0.0,0.0,0.0
2020-06-17 20:00:00,4135001,7JYdWkrLSPkdwr4,0.0,0.0,0.0
2020-06-17 20:00:00,4135001,adLQvlD726eNBSB,0.0,0.0,0.0
2020-06-17 20:00:00,4135001,sjndEbLyjtCKgGv,0.0,0.0,0.0
2020-06-17 20:00:00,4135001,ZoEaEvLYb1n2sOq,0.0,0.0,0.0
2020-06-17 20:00:00,4135001,iCRJl6heRkivqQ3,0.0,0.0,0.0
2020-06-17 20:00:00,4135001,bvBOhCH3iADSZry,0.0,0.0,0.0
2020-06-17 20:00:00,4135001,zVJPv84UY57bAof,0.0,0.0,0.0
2020-06-17 20:00:00,4135001,ih0vzX44oOqAx2f,0.0,0.0,0.0
2020-06-17 20:00:00,4135001,YxYtjZvoooNbGkE,0.0,0.0,0.0
2020-06-17 20:00:00,4135001,rGa61gmuvPhdLxV,0.0,0.0,0.0
2020-06-17 20:00:00,4135001,uHbuxQJl8lW7ozc,0.0,0.0,0.0
2020-06-17 20:00:00,4135001,VHMLBKoKgIrUVDU,0.0,0.0,0.0
2020-06-17 20:00:00,4135001,McdE0feGgRqW7Ca,0.0,0.0,0.0
2020-06-17 20:00:00,4135001,WRmjgnKYAwPKWDb,0.0,0.0,0.0
2020-06-17 20:15:00,4135001,7JYdWkrLSPkdwr4,0.0,0.0,0.0
2020-06-17 20:15:00,4135001,bvBOhCH3iADSZry,0.0,0.0,0.0
2020-06-17 20:15:00,4135001,ZoEaEvLYb1n2sOq,0.0,0.0,0.0
2020-06-17 20:15:00,4135001,VHMLBKoKgIrUVDU,0.0,0.0,0.0
2020-06-17 20:15:00,4135001,zVJPv84UY57bAof,0.0,0.0,0.0
2020-06-17 20:15:00,4135001,McdE0feGgRqW7Ca,0.0,0.0,0.0
2020-06-17 20:15:00,4135001,ZnxXDlPa8U1GXgE,0.0,0.0,0.0
2020-06-17 20:15:00,4135001,zBIq5rxdHJRwDNY,0.0,0.0,0.0
2020-06-17 20:15:00,4135001,3PZuoBAID5Wc2HD,0.0,0.0,0.0
2020-06-17 20:15:00,4135001,wCURE6d3bPkepu2,0.0,0.0,0.0
2020-06-17 20:15:00,4135001,z9Y9gH1T5YWrNuG,0.0,0.0,0.0
2020-06-17 20:15:00,4135001,rGa61gmuvPhdLxV,0.0,0.0,0.0
2020-06-17 20:15:00,4135001,YxYtjZvoooNbGkE,0.0,0.0,0.0
2020-06-17 20:15:00,4135001,iCRJl6heRkivqQ3,0.0,0.0,0.0
2020-06-17 20:15:00,4135001,adLQvlD726eNBSB,0.0,0.0,0.0
2020-06-17 20:15:00,4135001,1IF53ai7Xc0U56Y,0.0,0.0,0.0
2020-06-17 20:15:00,4135001,sjndEbLyjtCKgGv,0.0,0.0,0.0
2020-06-17 20:15:00,4135001,ih0vzX44oOqAx2f,0.0,0.0,0.0
2020-06-17 20:15:00,4135001,WRmjgnKYAwPKWDb,0.0,0.0,0.0
2020-06-17 20:15:00,4135001,pkci93gMrogZuBj,0.0,0.0,0.0
2020-06-17 20:15:00,4135001,uHbuxQJl8lW7ozc,0.0,0.0,0.0
2020-06-17 20:15:00,4135001,1BY6WEcLGh8j5v7,0.0,0.0,0.0
2020-06-17 20:30:00,4135001,1BY6WEcLGh8j5v7,0.0,0.0,0.0
2020-06-17 20:30:00,4135001,wCURE6d3bPkepu2,0.0,0.0,0.0
2020-06-17 20:30:00,4135001,pkci93gMrogZuBj,0.0,0.0,0.0
2020-06-17 20:30:00,4135001,z9Y9gH1T5YWrNuG,0.0,0.0,0.0
2020-06-17 20:30:00,4135001,zBIq5rxdHJRwDNY,0.0,0.0,0.0
2020-06-17 20:30:00,4135001,1IF53ai7Xc0U56Y,0.0,0.0,0.0
2020-06-17 20:30:00,4135001,bvBOhCH3iADSZry,0.0,0.0,0.0
2020-06-17 20:30:00,4135001,rGa61gmuvPhdLxV,0.0,0.0,0.0
2020-06-17 20:30:00,4135001,WRmjgnKYAwPKWDb,0.0,0.0,0.0
2020-06-17 20:30:00,4135001,ZnxXDlPa8U1GXgE,0.0,0.0,0.0
2020-06-17 20:30:00,4135001,ih0vzX44oOqAx2f,0.0,0.0,0.0
2020-06-17 20:30:00,4135001,7JYdWkrLSPkdwr4,0.0,0.0,0.0
2020-06-17 20:30:00,4135001,iCRJl6heRkivqQ3,0.0,0.0,0.0
2020-06-17 20:30:00,4135001,McdE0feGgRqW7Ca,0.0,0.0,0.0
2020-06-17 20:30:00,4135001,zVJPv84UY57bAof,0.0,0.0,0.0
2020-06-17 20:30:00,4135001,adLQvlD726eNBSB,0.0,0.0,0.0
2020-06-17 20:30:00,4135001,uHbuxQJl8lW7ozc,0.0,0.0,0.0
2020-06-17 20:30:00,4135001,VHMLBKoKgIrUVDU,0.0,0.0,0.0
2020-06-17 20:30:00,4135001,sjndEbLyjtCKgGv,0.0,0.0,0.0
2020-06-17 20:30:00,4135001,ZoEaEvLYb1n2sOq,0.0,0.0,0.0
2020-06-17 20:30:00,4135001,YxYtjZvoooNbGkE,0.0,0.0,0.0
2020-06-17 20:30:00,4135001,3PZuoBAID5Wc2HD,0.0,0.0,0.0
2020-06-17 20:45:00,4135001,sjndEbLyjtCKgGv,0.0,0.0,0.0
2020-06-17 20:45:00,4135001,1IF53ai7Xc0U56Y,0.0,0.0,0.0
2020-06-17 20:45:00,4135001,bvBOhCH3iADSZry,0.0,0.0,0.0
2020-06-17 20:45:00,4135001,uHbuxQJl8lW7ozc,0.0,0.0,0.0
2020-06-17 20:45:00,4135001,ZoEaEvLYb1n2sOq,0.0,0.0,0.0
2020-06-17 20:45:00,4135001,3PZuoBAID5Wc2HD,0.0,0.0,0.0
2020-06-17 20:45:00,4135001,YxYtjZvoooNbGkE,0.0,0.0,0.0
2020-06-17 20:45:00,4135001,z9Y9gH1T5YWrNuG,0.0,0.0,0.0
2020-06-17 20:45:00,4135001,iCRJl6heRkivqQ3,0.0,0.0,0.0
2020-06-17 20:45:00,4135001,ZnxXDlPa8U1GXgE,0.0,0.0,0.0
2020-06-17 20:45:00,4135001,adLQvlD726eNBSB,0.0,0.0,0.0
2020-06-17 20:45:00,4135001,rGa61gmuvPhdLxV,0.0,0.0,0.0
2020-06-17 20:45:00,4135001,wCURE6d3bPkepu2,0.0,0.0,0.0
2020-06-17 20:45:00,4135001,pkci93gMrogZuBj,0.0,0.0,0.0
2020-06-17 20:45:00,4135001,zVJPv84UY57bAof,0.0,0.0,0.0
2020-06-17 20:45:00,4135001,7JYdWkrLSPkdwr4,0.0,0.0,0.0
2020-06-17 20:45:00,4135001,1BY6WEcLGh8j5v7,0.0,0.0,0.0
2020-06-17 20:45:00,4135001,VHMLBKoKgIrUVDU,0.0,0.0,0.0
2020-06-17 20:45:00,4135001,WRmjgnKYAwPKWDb,0.0,0.0,0.0
2020-06-17 20:45:00,4135001,zBIq5rxdHJRwDNY,0.0,0.0,0.0
2020-06-17 20:45:00,4135001,ih0vzX44oOqAx2f,0.0,0.0,0.0
2020-06-17 20:45:00,4135001,McdE0feGgRqW7Ca,0.0,0.0,0.0
2020-06-17 21:00:00,4135001,zBIq5rxdHJRwDNY,0.0,0.0,0.0
2020-06-17 21:00:00,4135001,iCRJl6heRkivqQ3,0.0,0.0,0.0
2020-06-17 21:00:00,4135001,z9Y9gH1T5YWrNuG,0.0,0.0,0.0
2020-06-17 21:00:00,4135001,adLQvlD726eNBSB,0.0,0.0,0.0
2020-06-17 21:00:00,4135001,rGa61gmuvPhdLxV,0.0,0.0,0.0
2020-06-17 21:00:00,4135001,McdE0feGgRqW7Ca,0.0,0.0,0.0
2020-06-17 21:00:00,4135001,sjndEbLyjtCKgGv,0.0,0.0,0.0
2020-06-17 21:00:00,4135001,wCURE6d3bPkepu2,0.0,0.0,0.0
2020-06-17 21:00:00,4135001,pkci93gMrogZuBj,0.0,0.0,0.0
2020-06-17 21:00:00,4135001,7JYdWkrLSPkdwr4,0.0,0.0,0.0
2020-06-17 21:00:00,4135001,1IF53ai7Xc0U56Y,0.0,0.0,0.0
2020-06-17 21:00:00,4135001,ih0vzX44oOqAx2f,0.0,0.0,0.0
2020-06-17 21:00:00,4135001,YxYtjZvoooNbGkE,0.0,0.0,0.0
2020-06-17 21:00:00,4135001,3PZuoBAID5Wc2HD,0.0,0.0,0.0
2020-06-17 21:00:00,4135001,zVJPv84UY57bAof,0.0,0.0,0.0
2020-06-17 21:00:00,4135001,ZnxXDlPa8U1GXgE,0.0,0.0,0.0
2020-06-17 21:00:00,4135001,bvBOhCH3iADSZry,0.0,0.0,0.0
2020-06-17 21:00:00,4135001,1BY6WEcLGh8j5v7,0.0,0.0,0.0
2020-06-17 21:00:00,4135001,uHbuxQJl8lW7ozc,0.0,0.0,0.0
2020-06-17 21:00:00,4135001,VHMLBKoKgIrUVDU,0.0,0.0,0.0
2020-06-17 21:00:00,4135001,WRmjgnKYAwPKWDb,0.0,0.0,0.0
2020-06-17 21:00:00,4135001,ZoEaEvLYb1n2sOq,0.0,0.0,0.0
2020-06-17 21:15:00,4135001,McdE0feGgRqW7Ca,0.0,0.0,0.0
2020-06-17 21:15:00,4135001,VHMLBKoKgIrUVDU,0.0,0.0,0.0
2020-06-17 21:15:00,4135001,adLQvlD726eNBSB,0.0,0.0,0.0
2020-06-17 21:15:00,4135001,3PZuoBAID5Wc2HD,0.0,0.0,0.0
2020-06-17 21:15:00,4135001,iCRJl6heRkivqQ3,0.0,0.0,0.0
2020-06-17 21:15:00,4135001,zBIq5rxdHJRwDNY,0.0,0.0,0.0
2020-06-17 21:15:00,4135001,ZoEaEvLYb1n2sOq,0.0,0.0,0.0
2020-06-17 21:15:00,4135001,YxYtjZvoooNbGkE,0.0,0.0,0.0
2020-06-17 21:15:00,4135001,rGa61gmuvPhdLxV,0.0,0.0,0.0
2020-06-17 21:15:00,4135001,bvBOhCH3iADSZry,0.0,0.0,0.0
2020-06-17 21:15:00,4135001,pkci93gMrogZuBj,0.0,0.0,0.0
2020-06-17 21:15:00,4135001,1BY6WEcLGh8j5v7,0.0,0.0,0.0
2020-06-17 21:15:00,4135001,sjndEbLyjtCKgGv,0.0,0.0,0.0
2020-06-17 21:15:00,4135001,WRmjgnKYAwPKWDb,0.0,0.0,0.0
2020-06-17 21:15:00,4135001,1IF53ai7Xc0U56Y,0.0,0.0,0.0
2020-06-17 21:15:00,4135001,z9Y9gH1T5YWrNuG,0.0,0.0,0.0
2020-06-17 21:15:00,4135001,wCURE6d3bPkepu2,0.0,0.0,0.0
2020-06-17 21:15:00,4135001,ZnxXDlPa8U1GXgE,0.0,0.0,0.0
2020-06-17 21:15:00,4135001,uHbuxQJl8lW7ozc,0.0,0.0,0.0
2020-06-17 21:15:00,4135001,zVJPv84UY57bAof,0.0,0.0,0.0
2020-06-17 21:15:00,4135001,7JYdWkrLSPkdwr4,0.0,0.0,0.0
2020-06-17 21:15:00,4135001,ih0vzX44oOqAx2f,0.0,0.0,0.0
2020-06-17 21:30:00,4135001,rGa61gmuvPhdLxV,0.0,0.0,0.0
2020-06-17 21:30:00,4135001,wCURE6d3bPkepu2,0.0,0.0,0.0
2020-06-17 21:30:00,4135001,zBIq5rxdHJRwDNY,0.0,0.0,0.0
2020-06-17 21:30:00,4135001,7JYdWkrLSPkdwr4,0.0,0.0,0.0
2020-06-17 21:30:00,4135001,3PZuoBAID5Wc2HD,0.0,0.0,0.0
2020-06-17 21:30:00,4135001,sjndEbLyjtCKgGv,0.0,0.0,0.0
2020-06-17 21:30:00,4135001,iCRJl6heRkivqQ3,0.0,0.0,0.0
2020-06-17 21:30:00,4135001,uHbuxQJl8lW7ozc,0.0,0.0,0.0
2020-06-17 21:30:00,4135001,1BY6WEcLGh8j5v7,0.0,0.0,0.0
2020-06-17 21:30:00,4135001,ZoEaEvLYb1n2sOq,0.0,0.0,0.0
2020-06-17 21:30:00,4135001,VHMLBKoKgIrUVDU,0.0,0.0,0.0
2020-06-17 21:30:00,4135001,YxYtjZvoooNbGkE,0.0,0.0,0.0
2020-06-17 21:30:00,4135001,zVJPv84UY57bAof,0.0,0.0,0.0
2020-06-17 21:30:00,4135001,WRmjgnKYAwPKWDb,0.0,0.0,0.0
2020-06-17 21:30:00,4135001,bvBOhCH3iADSZry,0.0,0.0,0.0
2020-06-17 21:30:00,4135001,ZnxXDlPa8U1GXgE,0.0,0.0,0.0
2020-06-17 21:30:00,4135001,pkci93gMrogZuBj,0.0,0.0,0.0
2020-06-17 21:30:00,4135001,1IF53ai7Xc0U56Y,0.0,0.0,0.0
2020-06-17 21:30:00,4135001,McdE0feGgRqW7Ca,0.0,0.0,0.0
2020-06-17 21:30:00,4135001,adLQvlD726eNBSB,0.0,0.0,0.0
2020-06-17 21:30:00,4135001,ih0vzX44oOqAx2f,0.0,0.0,0.0
2020-06-17 21:30:00,4135001,z9Y9gH1T5YWrNuG,0.0,0.0,0.0
2020-06-17 21:45:00,4135001,ih0vzX44oOqAx2f,0.0,0.0,0.0
2020-06-17 21:45:00,4135001,zBIq5rxdHJRwDNY,0.0,0.0,0.0
2020-06-17 21:45:00,4135001,z9Y9gH1T5YWrNuG,0.0,0.0,0.0
2020-06-17 21:45:00,4135001,1IF53ai7Xc0U56Y,0.0,0.0,0.0
2020-06-17 21:45:00,4135001,WRmjgnKYAwPKWDb,0.0,0.0,0.0
2020-06-17 21:45:00,4135001,ZnxXDlPa8U1GXgE,0.0,0.0,0.0
2020-06-17 21:45:00,4135001,McdE0feGgRqW7Ca,0.0,0.0,0.0
2020-06-17 21:45:00,4135001,sjndEbLyjtCKgGv,0.0,0.0,0.0
2020-06-17 21:45:00,4135001,VHMLBKoKgIrUVDU,0.0,0.0,0.0
2020-06-17 21:45:00,4135001,ZoEaEvLYb1n2sOq,0.0,0.0,0.0
2020-06-17 21:45:00,4135001,bvBOhCH3iADSZry,0.0,0.0,0.0
2020-06-17 21:45:00,4135001,uHbuxQJl8lW7ozc,0.0,0.0,0.0
2020-06-17 21:45:00,4135001,1BY6WEcLGh8j5v7,0.0,0.0,0.0
2020-06-17 21:45:00,4135001,zVJPv84UY57bAof,0.0,0.0,0.0
2020-06-17 21:45:00,4135001,pkci93gMrogZuBj,0.0,0.0,0.0
2020-06-17 21:45:00,4135001,adLQvlD726eNBSB,0.0,0.0,0.0
2020-06-17 21:45:00,4135001,YxYtjZvoooNbGkE,0.0,0.0,0.0
2020-06-17 21:45:00,4135001,iCRJl6heRkivqQ3,0.0,0.0,0.0
2020-06-17 21:45:00,4135001,7JYdWkrLSPkdwr4,0.0,0.0,0.0
2020-06-17 21:45:00,4135001,wCURE6d3bPkepu2,0.0,0.0,0.0
2020-06-17 21:45:00,4135001,rGa61gmuvPhdLxV,0.0,0.0,0.0
2020-06-17 21:45:00,4135001,3PZuoBAID5Wc2HD,0.0,0.0,0.0
2020-06-17 22:00:00,4135001,ih0vzX44oOqAx2f,0.0,0.0,0.0
2020-06-17 22:00:00,4135001,VHMLBKoKgIrUVDU,0.0,0.0,0.0
2020-06-17 22:00:00,4135001,wCURE6d3bPkepu2,0.0,0.0,0.0
2020-06-17 22:00:00,4135001,ZoEaEvLYb1n2sOq,0.0,0.0,0.0
2020-06-17 22:00:00,4135001,uHbuxQJl8lW7ozc,0.0,0.0,0.0
2020-06-17 22:00:00,4135001,zBIq5rxdHJRwDNY,0.0,0.0,0.0
2020-06-17 22:00:00,4135001,WRmjgnKYAwPKWDb,0.0,0.0,0.0
2020-06-17 22:00:00,4135001,1BY6WEcLGh8j5v7,0.0,0.0,0.0
2020-06-17 22:00:00,4135001,McdE0feGgRqW7Ca,0.0,0.0,0.0
2020-06-17 22:00:00,4135001,zVJPv84UY57bAof,0.0,0.0,0.0
2020-06-17 22:00:00,4135001,3PZuoBAID5Wc2HD,0.0,0.0,0.0
2020-06-17 22:00:00,4135001,iCRJl6heRkivqQ3,0.0,0.0,0.0
2020-06-17 22:00:00,4135001,bvBOhCH3iADSZry,0.0,0.0,0.0
2020-06-17 22:00:00,4135001,sjndEbLyjtCKgGv,0.0,0.0,0.0
2020-06-17 22:00:00,4135001,ZnxXDlPa8U1GXgE,0.0,0.0,0.0
2020-06-17 22:00:00,4135001,pkci93gMrogZuBj,0.0,0.0,0.0
2020-06-17 22:00:00,4135001,1IF53ai7Xc0U56Y,0.0,0.0,0.0
2020-06-17 22:00:00,4135001,rGa61gmuvPhdLxV,0.0,0.0,0.0
2020-06-17 22:00:00,4135001,adLQvlD726eNBSB,0.0,0.0,0.0
2020-06-17 22:00:00,4135001,YxYtjZvoooNbGkE,0.0,0.0,0.0
2020-06-17 22:00:00,4135001,z9Y9gH1T5YWrNuG,0.0,0.0,0.0
2020-06-17 22:00:00,4135001,7JYdWkrLSPkdwr4,0.0,0.0,0.0
2020-06-17 22:15:00,4135001,zVJPv84UY57bAof,0.0,0.0,0.0
2020-06-17 22:15:00,4135001,VHMLBKoKgIrUVDU,0.0,0.0,0.0
2020-06-17 22:15:00,4135001,zBIq5rxdHJRwDNY,0.0,0.0,0.0
2020-06-17 22:15:00,4135001,1IF53ai7Xc0U56Y,0.0,0.0,0.0
2020-06-17 22:15:00,4135001,iCRJl6heRkivqQ3,0.0,0.0,0.0
2020-06-17 22:15:00,4135001,McdE0feGgRqW7Ca,0.0,0.0,0.0
2020-06-17 22:15:00,4135001,YxYtjZvoooNbGkE,0.0,0.0,0.0
2020-06-17 22:15:00,4135001,z9Y9gH1T5YWrNuG,0.0,0.0,0.0
2020-06-17 22:15:00,4135001,wCURE6d3bPkepu2,0.0,0.0,0.0
2020-06-17 22:15:00,4135001,bvBOhCH3iADSZry,0.0,0.0,0.0
2020-06-17 22:15:00,4135001,ZnxXDlPa8U1GXgE,0.0,0.0,0.0
2020-06-17 22:15:00,4135001,1BY6WEcLGh8j5v7,0.0,0.0,0.0
2020-06-17 22:15:00,4135001,ih0vzX44oOqAx2f,0.0,0.0,0.0
2020-06-17 22:15:00,4135001,adLQvlD726eNBSB,0.0,0.0,0.0
2020-06-17 22:15:00,4135001,sjndEbLyjtCKgGv,0.0,0.0,0.0
2020-06-17 22:15:00,4135001,3PZuoBAID5Wc2HD,0.0,0.0,0.0
2020-06-17 22:15:00,4135001,ZoEaEvLYb1n2sOq,0.0,0.0,0.0
2020-06-17 22:15:00,4135001,pkci93gMrogZuBj,0.0,0.0,0.0
2020-06-17 22:15:00,4135001,uHbuxQJl8lW7ozc,0.0,0.0,0.0
2020-06-17 22:15:00,4135001,rGa61gmuvPhdLxV,0.0,0.0,0.0
2020-06-17 22:15:00,4135001,WRmjgnKYAwPKWDb,0.0,0.0,0.0
2020-06-17 22:15:00,4135001,7JYdWkrLSPkdwr4,0.0,0.0,0.0
2020-06-17 22:30:00,4135001,ZoEaEvLYb1n2sOq,0.0,0.0,0.0
2020-06-17 22:30:00,4135001,uHbuxQJl8lW7ozc,0.0,0.0,0.0
2020-06-17 22:30:00,4135001,YxYtjZvoooNbGkE,0.0,0.0,0.0
2020-06-17 22:30:00,4135001,bvBOhCH3iADSZry,0.0,0.0,0.0
2020-06-17 22:30:00,4135001,VHMLBKoKgIrUVDU,0.0,0.0,0.0
2020-06-17 22:30:00,4135001,ZnxXDlPa8U1GXgE,0.0,0.0,0.0
2020-06-17 22:30:00,4135001,zBIq5rxdHJRwDNY,0.0,0.0,0.0
2020-06-17 22:30:00,4135001,3PZuoBAID5Wc2HD,0.0,0.0,0.0
2020-06-17 22:30:00,4135001,McdE0feGgRqW7Ca,0.0,0.0,0.0
2020-06-17 22:30:00,4135001,adLQvlD726eNBSB,0.0,0.0,0.0
2020-06-17 22:30:00,4135001,7JYdWkrLSPkdwr4,0.0,0.0,0.0
2020-06-17 22:30:00,4135001,rGa61gmuvPhdLxV,0.0,0.0,0.0
2020-06-17 22:30:00,4135001,sjndEbLyjtCKgGv,0.0,0.0,0.0
2020-06-17 22:30:00,4135001,1BY6WEcLGh8j5v7,0.0,0.0,0.0
2020-06-17 22:30:00,4135001,pkci93gMrogZuBj,0.0,0.0,0.0
2020-06-17 22:30:00,4135001,WRmjgnKYAwPKWDb,0.0,0.0,0.0
2020-06-17 22:30:00,4135001,wCURE6d3bPkepu2,0.0,0.0,0.0
2020-06-17 22:30:00,4135001,1IF53ai7Xc0U56Y,0.0,0.0,0.0
2020-06-17 22:30:00,4135001,iCRJl6heRkivqQ3,0.0,0.0,0.0
2020-06-17 22:30:00,4135001,ih0vzX44oOqAx2f,0.0,0.0,0.0
2020-06-17 22:30:00,4135001,z9Y9gH1T5YWrNuG,0.0,0.0,0.0
2020-06-17 22:30:00,4135001,zVJPv84UY57bAof,0.0,0.0,0.0
2020-06-17 22:45:00,4135001,z9Y9gH1T5YWrNuG,0.0,0.0,0.0
2020-06-17 22:45:00,4135001,zVJPv84UY57bAof,0.0,0.0,0.0
2020-06-17 22:45:00,4135001,ZnxXDlPa8U1GXgE,0.0,0.0,0.0
2020-06-17 22:45:00,4135001,ih0vzX44oOqAx2f,0.0,0.0,0.0
2020-06-17 22:45:00,4135001,VHMLBKoKgIrUVDU,0.0,0.0,0.0
2020-06-17 22:45:00,4135001,WRmjgnKYAwPKWDb,0.0,0.0,0.0
2020-06-17 22:45:00,4135001,7JYdWkrLSPkdwr4,0.0,0.0,0.0
2020-06-17 22:45:00,4135001,adLQvlD726eNBSB,0.0,0.0,0.0
2020-06-17 22:45:00,4135001,uHbuxQJl8lW7ozc,0.0,0.0,0.0
2020-06-17 22:45:00,4135001,1BY6WEcLGh8j5v7,0.0,0.0,0.0
2020-06-17 22:45:00,4135001,3PZuoBAID5Wc2HD,0.0,0.0,0.0
2020-06-17 22:45:00,4135001,wCURE6d3bPkepu2,0.0,0.0,0.0
2020-06-17 22:45:00,4135001,bvBOhCH3iADSZry,0.0,0.0,0.0
2020-06-17 22:45:00,4135001,YxYtjZvoooNbGkE,0.0,0.0,0.0
2020-06-17 22:45:00,4135001,iCRJl6heRkivqQ3,0.0,0.0,0.0
2020-06-17 22:45:00,4135001,McdE0feGgRqW7Ca,0.0,0.0,0.0
2020-06-17 22:45:00,4135001,sjndEbLyjtCKgGv,0.0,0.0,0.0
2020-06-17 22:45:00,4135001,ZoEaEvLYb1n2sOq,0.0,0.0,0.0
2020-06-17 22:45:00,4135001,1IF53ai7Xc0U56Y,0.0,0.0,0.0
2020-06-17 22:45:00,4135001,rGa61gmuvPhdLxV,0.0,0.0,0.0
2020-06-17 22:45:00,4135001,zBIq5rxdHJRwDNY,0.0,0.0,0.0
2020-06-17 22:45:00,4135001,pkci93gMrogZuBj,0.0,0.0,0.0
2020-06-17 23:00:00,4135001,zVJPv84UY57bAof,0.0,0.0,0.0
2020-06-17 23:00:00,4135001,z9Y9gH1T5YWrNuG,0.0,0.0,0.0
2020-06-17 23:00:00,4135001,WRmjgnKYAwPKWDb,0.0,0.0,0.0
2020-06-17 23:00:00,4135001,7JYdWkrLSPkdwr4,0.0,0.0,0.0
2020-06-17 23:00:00,4135001,ZnxXDlPa8U1GXgE,0.0,0.0,0.0
2020-06-17 23:00:00,4135001,wCURE6d3bPkepu2,0.0,0.0,0.0
2020-06-17 23:00:00,4135001,YxYtjZvoooNbGkE,0.0,0.0,0.0
2020-06-17 23:00:00,4135001,McdE0feGgRqW7Ca,0.0,0.0,0.0
2020-06-17 23:00:00,4135001,VHMLBKoKgIrUVDU,0.0,0.0,0.0
2020-06-17 23:00:00,4135001,ZoEaEvLYb1n2sOq,0.0,0.0,0.0
2020-06-17 23:00:00,4135001,3PZuoBAID5Wc2HD,0.0,0.0,0.0
2020-06-17 23:00:00,4135001,bvBOhCH3iADSZry,0.0,0.0,0.0
2020-06-17 23:00:00,4135001,sjndEbLyjtCKgGv,0.0,0.0,0.0
2020-06-17 23:00:00,4135001,zBIq5rxdHJRwDNY,0.0,0.0,0.0
2020-06-17 23:00:00,4135001,ih0vzX44oOqAx2f,0.0,0.0,0.0
2020-06-17 23:00:00,4135001,pkci93gMrogZuBj,0.0,0.0,0.0
2020-06-17 23:00:00,4135001,1IF53ai7Xc0U56Y,0.0,0.0,0.0
2020-06-17 23:00:00,4135001,iCRJl6heRkivqQ3,0.0,0.0,0.0
2020-06-17 23:00:00,4135001,1BY6WEcLGh8j5v7,0.0,0.0,0.0
2020-06-17 23:00:00,4135001,uHbuxQJl8lW7ozc,0.0,0.0,0.0
2020-06-17 23:00:00,4135001,rGa61gmuvPhdLxV,0.0,0.0,0.0
2020-06-17 23:00:00,4135001,adLQvlD726eNBSB,0.0,0.0,0.0
2020-06-17 23:15:00,4135001,iCRJl6heRkivqQ3,0.0,0.0,0.0
2020-06-17 23:15:00,4135001,WRmjgnKYAwPKWDb,0.0,0.0,0.0
2020-06-17 23:15:00,4135001,z9Y9gH1T5YWrNuG,0.0,0.0,0.0
2020-06-17 23:15:00,4135001,ZoEaEvLYb1n2sOq,0.0,0.0,0.0
2020-06-17 23:15:00,4135001,McdE0feGgRqW7Ca,0.0,0.0,0.0
2020-06-17 23:15:00,4135001,1BY6WEcLGh8j5v7,0.0,0.0,0.0
2020-06-17 23:15:00,4135001,ih0vzX44oOqAx2f,0.0,0.0,0.0
2020-06-17 23:15:00,4135001,sjndEbLyjtCKgGv,0.0,0.0,0.0
2020-06-17 23:15:00,4135001,1IF53ai7Xc0U56Y,0.0,0.0,0.0
2020-06-17 23:15:00,4135001,wCURE6d3bPkepu2,0.0,0.0,0.0
2020-06-17 23:15:00,4135001,uHbuxQJl8lW7ozc,0.0,0.0,0.0
2020-06-17 23:15:00,4135001,YxYtjZvoooNbGkE,0.0,0.0,0.0
2020-06-17 23:15:00,4135001,VHMLBKoKgIrUVDU,0.0,0.0,0.0
2020-06-17 23:15:00,4135001,zBIq5rxdHJRwDNY,0.0,0.0,0.0
2020-06-17 23:15:00,4135001,zVJPv84UY57bAof,0.0,0.0,0.0
2020-06-17 23:15:00,4135001,pkci93gMrogZuBj,0.0,0.0,0.0
2020-06-17 23:15:00,4135001,ZnxXDlPa8U1GXgE,0.0,0.0,0.0
2020-06-17 23:15:00,4135001,bvBOhCH3iADSZry,0.0,0.0,0.0
2020-06-17 23:15:00,4135001,7JYdWkrLSPkdwr4,0.0,0.0,0.0
2020-06-17 23:15:00,4135001,adLQvlD726eNBSB,0.0,0.0,0.0
2020-06-17 23:15:00,4135001,3PZuoBAID5Wc2HD,0.0,0.0,0.0
2020-06-17 23:15:00,4135001,rGa61gmuvPhdLxV,0.0,0.0,0.0
2020-06-17 23:30:00,4135001,VHMLBKoKgIrUVDU,0.0,0.0,0.0
2020-06-17 23:30:00,4135001,WRmjgnKYAwPKWDb,0.0,0.0,0.0
2020-06-17 23:30:00,4135001,pkci93gMrogZuBj,0.0,0.0,0.0
2020-06-17 23:30:00,4135001,ih0vzX44oOqAx2f,0.0,0.0,0.0
2020-06-17 23:30:00,4135001,rGa61gmuvPhdLxV,0.0,0.0,0.0
2020-06-17 23:30:00,4135001,ZoEaEvLYb1n2sOq,0.0,0.0,0.0
2020-06-17 23:30:00,4135001,McdE0feGgRqW7Ca,0.0,0.0,0.0
2020-06-17 23:30:00,4135001,1BY6WEcLGh8j5v7,0.0,0.0,0.0
2020-06-17 23:30:00,4135001,iCRJl6heRkivqQ3,0.0,0.0,0.0
2020-06-17 23:30:00,4135001,z9Y9gH1T5YWrNuG,0.0,0.0,0.0
2020-06-17 23:30:00,4135001,1IF53ai7Xc0U56Y,0.0,0.0,0.0
2020-06-17 23:30:00,4135001,sjndEbLyjtCKgGv,0.0,0.0,0.0
2020-06-17 23:30:00,4135001,bvBOhCH3iADSZry,0.0,0.0,0.0
2020-06-17 23:30:00,4135001,zBIq5rxdHJRwDNY,0.0,0.0,0.0
2020-06-17 23:30:00,4135001,YxYtjZvoooNbGkE,0.0,0.0,0.0
2020-06-17 23:30:00,4135001,adLQvlD726eNBSB,0.0,0.0,0.0
2020-06-17 23:30:00,4135001,ZnxXDlPa8U1GXgE,0.0,0.0,0.0
2020-06-17 23:30:00,4135001,7JYdWkrLSPkdwr4,0.0,0.0,0.0
2020-06-17 23:30:00,4135001,3PZuoBAID5Wc2HD,0.0,0.0,0.0
2020-06-17 23:30:00,4135001,uHbuxQJl8lW7ozc,0.0,0.0,0.0
2020-06-17 23:30:00,4135001,wCURE6d3bPkepu2,0.0,0.0,0.0
2020-06-17 23:30:00,4135001,zVJPv84UY57bAof,0.0,0.0,0.0
