DATE_TIME,PLANT_ID,SOURCE_KEY,AC_POWER,TARGET_AC_POWER,Persistence,Linear_Regression,Random_Forest,XGBoost,ACTUAL_AC_POWER,EXPECTED_AC_POWER,RESIDUAL,NORMALIZED_RESIDUAL,ABS_NORMALIZED_RESIDUAL,P95_Abs_Norm_Residual,CALIBRATION_OBSERVATIONS,ANOMALY_FLAG,STATUS
2020-06-16 06:30:00,4135001,1BY6WEcLGh8j5v7,62.1,91.11428571,62.1,129.09607599217736,120.53883035700022,104.49998,91.11428571,62.1,29.014285710000003,0.46721877149758456,0.46721877149758456,0.7244052284136537,127,False,WITHIN_THRESHOLD
2020-06-16 06:30:00,4135001,1IF53ai7Xc0U56Y,67.2125,99.75714286,67.2125,129.81860330758417,120.9149196425002,104.12204,99.75714286,67.2125,32.544642859999996,0.48420521272084793,0.48420521272084793,0.5940346974102673,140,False,WITHIN_THRESHOLD
2020-06-16 06:30:00,4135001,3PZuoBAID5Wc2HD,67.72857143,99.2125,67.72857143,129.89364435098236,120.9149196425002,104.12204,99.2125,67.72857143,31.483928570000003,0.4648544610532619,0.4648544610532619,0.6483868824537441,140,False,WITHIN_THRESHOLD
2020-06-16 06:30:00,4135001,7JYdWkrLSPkdwr4,67.3375,98.15714286,67.3375,129.79527141236736,120.8265446425002,104.12204,98.15714286,67.3375,30.819642859999988,0.45768914586968606,0.45768914586968606,0.5905745482895888,140,False,WITHIN_THRESHOLD
2020-06-16 06:30:00,4135001,McdE0feGgRqW7Ca,68.4875,100.4571429,68.4875,129.90844323046096,120.9149196425002,104.12204,100.4571429,68.4875,31.969642899999997,0.4667952969519985,0.4667952969519985,0.6677543807186324,140,False,WITHIN_THRESHOLD
2020-06-16 06:30:00,4135001,VHMLBKoKgIrUVDU,68.4625,99.71428571,68.4625,129.52288081944357,120.9149196425002,104.49998,99.71428571,68.4625,31.251785709999993,0.4564803463209785,0.4564803463209785,0.6129522180797938,140,False,WITHIN_THRESHOLD
2020-06-16 06:30:00,4135001,WRmjgnKYAwPKWDb,67.44285714,98.8875,67.44285714,128.9259901590728,120.42816964250018,104.49998,98.8875,67.44285714,31.444642860000002,0.4662412625065131,0.4662412625065131,0.6395407288719102,140,False,WITHIN_THRESHOLD
2020-06-16 06:30:00,4135001,YxYtjZvoooNbGkE,67.14285714,97.6875,67.14285714,129.80958960628692,120.8265446425002,104.12204,97.6875,67.14285714,30.544642859999996,0.4549202128278689,0.4549202128278689,0.621455172419359,140,False,WITHIN_THRESHOLD
2020-06-16 06:30:00,4135001,ZnxXDlPa8U1GXgE,67.45,98.68571429,67.45,129.779429711388,120.8265446425002,104.12204,98.68571429,67.45,31.235714290000004,0.4630943556708674,0.4630943556708674,0.6533279459118295,140,False,WITHIN_THRESHOLD
2020-06-16 06:30:00,4135001,ZoEaEvLYb1n2sOq,66.97142857,97.175,66.97142857,129.27380851564885,120.6859196425002,104.49998,97.175,66.97142857,30.203571429999997,0.45099189422890334,0.45099189422890334,0.6312243441917053,140,False,WITHIN_THRESHOLD
2020-06-16 06:30:00,4135001,adLQvlD726eNBSB,68.875,101.4428571,68.875,130.10700790113316,120.9383928570002,104.12204,101.4428571,68.875,32.5678571,0.4728545495462795,0.4728545495462795,0.5967226324524667,140,False,WITHIN_THRESHOLD
2020-06-16 06:30:00,4135001,bvBOhCH3iADSZry,61.25,89.85714286,61.25,128.93474008313092,120.0548303570002,104.49998,89.85714286,61.25,28.607142859999996,0.467055393632653,0.467055393632653,0.7126272967972415,127,False,WITHIN_THRESHOLD
2020-06-16 06:30:00,4135001,iCRJl6heRkivqQ3,66.175,97.77142857,66.175,128.7781667986125,120.42816964250018,104.49998,97.77142857,66.175,31.59642857,0.4774677532300718,0.4774677532300718,0.6313543652927712,140,False,WITHIN_THRESHOLD
2020-06-16 06:30:00,4135001,ih0vzX44oOqAx2f,66.275,96.61428571,66.275,129.6890846418884,120.7784821425002,104.12204,96.61428571,66.275,30.33928571,0.4577787357223689,0.4577787357223689,0.6624702585319796,140,False,WITHIN_THRESHOLD
2020-06-16 06:30:00,4135001,pkci93gMrogZuBj,66.71428571,97.8875,66.71428571,129.13469755751117,120.4548571425002,104.49998,97.8875,66.71428571,31.173214290000004,0.467264454055713,0.467264454055713,0.5863965339011183,140,False,WITHIN_THRESHOLD
2020-06-16 06:30:00,4135001,rGa61gmuvPhdLxV,68.14285714,96.31428571,68.14285714,129.41030392611202,120.9149196425002,104.49998,96.31428571,68.14285714,28.17142856999999,0.41341719077205086,0.41341719077205086,0.6265022920692254,140,False,WITHIN_THRESHOLD
2020-06-16 06:30:00,4135001,sjndEbLyjtCKgGv,67.7,98.85714286,67.7,129.76050777620884,120.8265446425002,104.12204,98.85714286,67.7,31.157142859999993,0.4602236759231904,0.4602236759231904,0.6598785838606678,140,False,WITHIN_THRESHOLD
2020-06-16 06:30:00,4135001,uHbuxQJl8lW7ozc,67.48571429,99.25,67.48571429,129.15985895629746,120.4548571425002,104.49998,99.25,67.48571429,31.764285709999996,0.4706816256475011,0.4706816256475011,0.6330720359237364,140,False,WITHIN_THRESHOLD
2020-06-16 06:30:00,4135001,wCURE6d3bPkepu2,67.6,98.45714286,67.6,129.80449625336155,120.8265446425002,104.12204,98.45714286,67.6,30.85714286000001,0.4564666103550298,0.4564666103550298,0.6722465763485777,140,False,WITHIN_THRESHOLD
2020-06-16 06:30:00,4135001,z9Y9gH1T5YWrNuG,67.5875,98.62857143,67.5875,129.69321367735157,120.8265446425002,104.12204,98.62857143,67.5875,31.041071429999988,0.4592723718143146,0.4592723718143146,0.686499253670038,140,False,WITHIN_THRESHOLD
2020-06-16 06:30:00,4135001,zBIq5rxdHJRwDNY,65.4625,96.81428571,65.4625,129.4669146565281,120.8265446425002,104.49998,96.81428571,65.4625,31.351785709999987,0.47892741202978784,0.47892741202978784,0.6310594990859788,140,False,WITHIN_THRESHOLD
2020-06-16 06:30:00,4135001,zVJPv84UY57bAof,67.92857143,96.58571429,67.92857143,129.28610491826794,120.6859196425002,104.49998,96.58571429,67.92857143,28.657142859999993,0.42187171401846735,0.42187171401846735,0.6239543405030045,140,False,WITHIN_THRESHOLD
2020-06-16 06:45:00,4135001,1BY6WEcLGh8j5v7,91.11428571,132.6875,91.11428571,162.80341496147545,138.87906250100016,190.25165,132.6875,91.11428571,41.573214289999996,0.45627547827483256,0.45627547827483256,0.7244052284136537,127,False,WITHIN_THRESHOLD
2020-06-16 06:45:00,4135001,1IF53ai7Xc0U56Y,99.75714286,144.6625,99.75714286,164.6045573657206,138.75779464350018,190.25165,144.6625,99.75714286,44.90535713999999,0.450146785007872,0.450146785007872,0.5940346974102673,140,False,WITHIN_THRESHOLD
2020-06-16 06:45:00,4135001,3PZuoBAID5Wc2HD,99.2125,143.9857143,99.2125,164.6333132697866,138.75779464350018,190.25165,143.9857143,99.2125,44.77321430000001,0.45128602041073457,0.45128602041073457,0.6483868824537441,140,False,WITHIN_THRESHOLD
2020-06-16 06:45:00,4135001,7JYdWkrLSPkdwr4,98.15714286,142.8125,98.15714286,164.4741219033514,138.75779464350018,190.25165,142.8125,98.15714286,44.65535714000001,0.4549374180918372,0.4549374180918372,0.5905745482895888,140,False,WITHIN_THRESHOLD
2020-06-16 06:45:00,4135001,McdE0feGgRqW7Ca,100.4571429,145.1875,100.4571429,164.892834285172,138.75273214350017,190.25165,145.1875,100.4571429,44.730357100000006,0.44526805967920885,0.44526805967920885,0.6677543807186324,140,False,WITHIN_THRESHOLD
2020-06-16 06:45:00,4135001,VHMLBKoKgIrUVDU,99.71428571,145.7625,99.71428571,164.6996889396433,138.74743750100018,190.25165,145.7625,99.71428571,46.04821428999999,0.46180157599406013,0.46180157599406013,0.6129522180797938,140,False,WITHIN_THRESHOLD
2020-06-16 06:45:00,4135001,WRmjgnKYAwPKWDb,98.8875,143.1428571,98.8875,164.203539606797,138.74743750100018,190.25165,143.1428571,98.8875,44.25535709999998,0.4475323686006824,0.4475323686006824,0.6395407288719102,140,False,WITHIN_THRESHOLD
2020-06-16 06:45:00,4135001,YxYtjZvoooNbGkE,97.6875,139.9571429,97.6875,164.3680305252623,138.75779464350018,190.25165,139.9571429,97.6875,42.26964290000001,0.43270267843889965,0.43270267843889965,0.621455172419359,140,False,WITHIN_THRESHOLD
2020-06-16 06:45:00,4135001,ZnxXDlPa8U1GXgE,98.68571429,143.325,98.68571429,164.574021689031,138.75779464350018,190.25165,143.325,98.68571429,44.63928570999998,0.45233786907415996,0.45233786907415996,0.6533279459118295,140,False,WITHIN_THRESHOLD
2020-06-16 06:45:00,4135001,ZoEaEvLYb1n2sOq,97.175,139.1714286,97.175,164.12795076146836,138.74743750100018,190.25165,139.1714286,97.175,41.996428600000016,0.4321731782865965,0.4321731782865965,0.6312243441917053,140,False,WITHIN_THRESHOLD
2020-06-16 06:45:00,4135001,adLQvlD726eNBSB,101.4428571,147.1375,101.4428571,165.14294795411092,138.68208928650017,190.25165,147.1375,101.4428571,45.69464289999999,0.4504471207367048,0.4504471207367048,0.5967226324524667,140,False,WITHIN_THRESHOLD
2020-06-16 06:45:00,4135001,bvBOhCH3iADSZry,89.85714286,130.9625,89.85714286,162.5077086025003,138.87906250100016,190.25165,130.9625,89.85714286,41.10535714000001,0.4574523052000811,0.4574523052000811,0.7126272967972415,127,False,WITHIN_THRESHOLD
2020-06-16 06:45:00,4135001,iCRJl6heRkivqQ3,97.77142857,140.4875,97.77142857,163.79685507766067,138.74743750100018,190.25165,140.4875,97.77142857,42.716071430000014,0.436897282312053,0.436897282312053,0.6313543652927712,140,False,WITHIN_THRESHOLD
2020-06-16 06:45:00,4135001,ih0vzX44oOqAx2f,96.61428571,139.6625,96.61428571,164.19648176280288,138.74743750100018,190.25165,139.6625,96.61428571,43.04821428999999,0.4455677954212139,0.4455677954212139,0.6624702585319796,140,False,WITHIN_THRESHOLD
2020-06-16 06:45:00,4135001,pkci93gMrogZuBj,97.8875,139.0714286,97.8875,164.00856126018593,138.74743750100018,190.25165,139.0714286,97.8875,41.18392859999999,0.42072714697995134,0.42072714697995134,0.5863965339011183,140,False,WITHIN_THRESHOLD
2020-06-16 06:45:00,4135001,rGa61gmuvPhdLxV,96.31428571,137.5375,96.31428571,164.4665629353766,138.74743750100018,190.25165,137.5375,96.31428571,41.22321429,0.42800726793657706,0.42800726793657706,0.6265022920692254,140,False,WITHIN_THRESHOLD
2020-06-16 06:45:00,4135001,sjndEbLyjtCKgGv,98.85714286,142.5875,98.85714286,164.52480498095866,138.75779464350018,190.25165,142.5875,98.85714286,43.73035714000001,0.4423591040045562,0.4423591040045562,0.6598785838606678,140,False,WITHIN_THRESHOLD
2020-06-16 06:45:00,4135001,uHbuxQJl8lW7ozc,99.25,140.9428571,99.25,164.22955602601056,138.74743750100018,190.25165,140.9428571,99.25,41.6928571,0.4200791647355164,0.4200791647355164,0.6330720359237364,140,False,WITHIN_THRESHOLD
2020-06-16 06:45:00,4135001,wCURE6d3bPkepu2,98.45714286,137.5857143,98.45714286,164.58504182626234,138.75779464350018,190.25165,137.5857143,98.45714286,39.12857144,0.39741729551951777,0.39741729551951777,0.6722465763485777,140,False,WITHIN_THRESHOLD
2020-06-16 06:45:00,4135001,z9Y9gH1T5YWrNuG,98.62857143,137.7571429,98.62857143,164.48585612760476,138.75779464350018,190.25165,137.7571429,98.62857143,39.12857147,0.3967265357561308,0.3967265357561308,0.686499253670038,140,False,WITHIN_THRESHOLD
2020-06-16 06:45:00,4135001,zBIq5rxdHJRwDNY,96.81428571,139.075,96.81428571,163.8532838151115,138.74743750100018,190.25165,139.075,96.81428571,42.260714289999996,0.43651320649711584,0.43651320649711584,0.6310594990859788,140,False,WITHIN_THRESHOLD
2020-06-16 06:45:00,4135001,zVJPv84UY57bAof,96.58571429,138.575,96.58571429,164.39381657552545,138.74743750100018,190.25165,138.575,96.58571429,41.98928570999999,0.43473598573725464,0.43473598573725464,0.6239543405030045,140,False,WITHIN_THRESHOLD
2020-06-16 07:00:00,4135001,1BY6WEcLGh8j5v7,132.6875,219.2285714,132.6875,196.02456044052545,187.1089196435001,187.92824,219.2285714,132.6875,86.54107139999999,0.6522172126236457,0.6522172126236457,0.7244052284136537,127,False,WITHIN_THRESHOLD
2020-06-16 07:00:00,4135001,1IF53ai7Xc0U56Y,144.6625,233.6428571,144.6625,199.47807683448488,182.9550982145001,187.92824,233.6428571,144.6625,88.98035709999999,0.6150893085630346,0.6150893085630346,0.5940346974102673,140,True,FLAGGED
2020-06-16 07:00:00,4135001,3PZuoBAID5Wc2HD,143.9857143,237.575,143.9857143,199.31606827649264,183.1702232145001,187.92824,237.575,143.9857143,93.58928569999998,0.6499900782170858,0.6499900782170858,0.6483868824537441,140,True,FLAGGED
2020-06-16 07:00:00,4135001,7JYdWkrLSPkdwr4,142.8125,232.7142857,142.8125,198.88215794499223,184.0495446425001,187.92824,232.7142857,142.8125,89.9017857,0.6295092215317287,0.6295092215317287,0.5905745482895888,140,True,FLAGGED
2020-06-16 07:00:00,4135001,McdE0feGgRqW7Ca,145.1875,238.9142857,145.1875,199.3417246924924,183.6447321435002,187.92824,238.9142857,145.1875,93.7267857,0.6455568537236331,0.6455568537236331,0.6677543807186324,140,False,WITHIN_THRESHOLD
2020-06-16 07:00:00,4135001,VHMLBKoKgIrUVDU,145.7625,237.4571429,145.7625,199.34159035362973,182.9550982145001,187.92824,237.4571429,145.7625,91.69464290000002,0.6290688133093219,0.6290688133093219,0.6129522180797938,140,True,FLAGGED
2020-06-16 07:00:00,4135001,WRmjgnKYAwPKWDb,143.1428571,235.8375,143.1428571,198.6791223738984,183.52777678600012,187.92824,235.8375,143.1428571,92.69464290000002,0.6475673657627449,0.6475673657627449,0.6395407288719102,140,True,FLAGGED
2020-06-16 07:00:00,4135001,YxYtjZvoooNbGkE,139.9571429,231.1875,139.9571429,198.57087661252692,185.07616964250013,187.92824,231.1875,139.9571429,91.23035709999999,0.6518449520306691,0.6518449520306691,0.621455172419359,140,True,FLAGGED
2020-06-16 07:00:00,4135001,ZnxXDlPa8U1GXgE,143.325,234.6714286,143.325,198.8729167839356,183.65873214350017,187.92824,234.6714286,143.325,91.34642860000002,0.6373377191697194,0.6373377191697194,0.6533279459118295,140,False,WITHIN_THRESHOLD
2020-06-16 07:00:00,4135001,ZoEaEvLYb1n2sOq,139.1714286,228.4,139.1714286,198.2963640318554,185.71495535600013,187.92824,228.4,139.1714286,89.22857139999999,0.641141449057454,0.641141449057454,0.6312243441917053,140,True,FLAGGED
2020-06-16 07:00:00,4135001,adLQvlD726eNBSB,147.1375,237.0428571,147.1375,200.19899008327505,182.8623392860001,187.92824,237.0428571,147.1375,89.9053571,0.6110295274827968,0.6110295274827968,0.5967226324524667,140,True,FLAGGED
2020-06-16 07:00:00,4135001,bvBOhCH3iADSZry,130.9625,214.1714286,130.9625,195.6694008924972,187.07981250000012,187.92824,214.1714286,130.9625,83.20892860000001,0.6353645402309822,0.6353645402309822,0.7126272967972415,127,False,WITHIN_THRESHOLD
2020-06-16 07:00:00,4135001,iCRJl6heRkivqQ3,140.4875,230.2857143,140.4875,198.0417378553968,184.9375178565001,187.92824,230.2857143,140.4875,89.79821429999998,0.6391900653083012,0.6391900653083012,0.6313543652927712,140,True,FLAGGED
2020-06-16 07:00:00,4135001,ih0vzX44oOqAx2f,139.6625,228.9857143,139.6625,198.06878063312507,185.7032053560001,187.92824,228.9857143,139.6625,89.32321430000002,0.6395647672066591,0.6395647672066591,0.6624702585319796,140,False,WITHIN_THRESHOLD
2020-06-16 07:00:00,4135001,pkci93gMrogZuBj,139.0714286,228.6625,139.0714286,198.26137219036536,184.4233124995001,187.92824,228.6625,139.0714286,89.5910714,0.6442090392102293,0.6442090392102293,0.5863965339011183,140,True,FLAGGED
2020-06-16 07:00:00,4135001,rGa61gmuvPhdLxV,137.5375,223.7,137.5375,198.01197887212308,185.7032053560001,187.92824,223.7,137.5375,86.1625,0.6264655094065255,0.6264655094065255,0.6265022920692254,140,False,WITHIN_THRESHOLD
2020-06-16 07:00:00,4135001,sjndEbLyjtCKgGv,142.5875,233.6285714,142.5875,198.7881918533006,183.6092321435001,187.92824,233.6285714,142.5875,91.04107139999999,0.6384926546857193,0.6384926546857193,0.6598785838606678,140,False,WITHIN_THRESHOLD
2020-06-16 07:00:00,4135001,uHbuxQJl8lW7ozc,140.9428571,232.4625,140.9428571,198.70073556264836,183.8170267860001,187.92824,232.4625,140.9428571,91.51964290000001,0.6493386382473156,0.6493386382473156,0.6330720359237364,140,True,FLAGGED
2020-06-16 07:00:00,4135001,wCURE6d3bPkepu2,137.5857143,226.375,137.5857143,198.64099439223315,184.4283928570001,187.92824,226.375,137.5857143,88.7892857,0.6453379709640392,0.6453379709640392,0.6722465763485777,140,False,WITHIN_THRESHOLD
2020-06-16 07:00:00,4135001,z9Y9gH1T5YWrNuG,137.7571429,228.6875,137.7571429,198.61660856135595,183.64660714350012,187.92824,228.6875,137.7571429,90.93035710000001,0.6600772575982339,0.6600772575982339,0.686499253670038,140,False,WITHIN_THRESHOLD
2020-06-16 07:00:00,4135001,zBIq5rxdHJRwDNY,139.075,226.8571429,139.075,198.0583705177044,185.66545535600008,187.92824,226.8571429,139.075,87.78214290000003,0.6311856401222364,0.6311856401222364,0.6310594990859788,140,True,FLAGGED
2020-06-16 07:00:00,4135001,zVJPv84UY57bAof,138.575,228.7,138.575,197.9667099501138,186.0161339280001,187.92824,228.7,138.575,90.125,0.6503698358289736,0.6503698358289736,0.6239543405030045,140,True,FLAGGED
2020-06-16 07:15:00,4135001,1BY6WEcLGh8j5v7,219.2285714,257.7625,219.2285714,266.3356198355842,257.2123214315,282.2809,257.7625,219.2285714,38.533928599999996,0.1757705592565842,0.1757705592565842,0.7244052284136537,127,False,WITHIN_THRESHOLD
2020-06-16 07:15:00,4135001,1IF53ai7Xc0U56Y,233.6428571,289.6875,233.6428571,270.81631484850925,259.61541964200006,282.2809,289.6875,233.6428571,56.044642900000014,0.23987312771138003,0.23987312771138003,0.5940346974102673,140,False,WITHIN_THRESHOLD
2020-06-16 07:15:00,4135001,3PZuoBAID5Wc2HD,237.575,287.3857143,237.575,270.6021754716424,259.44145535650006,282.2809,287.3857143,237.575,49.81071430000003,0.2096631139640115,0.2096631139640115,0.6483868824537441,140,False,WITHIN_THRESHOLD
2020-06-16 07:15:00,4135001,7JYdWkrLSPkdwr4,232.7142857,277.775,232.7142857,269.9791950030571,258.16635714200004,282.2809,277.775,232.7142857,45.06071429999997,0.19363106207450148,0.19363106207450148,0.5905745482895888,140,False,WITHIN_THRESHOLD
2020-06-16 07:15:00,4135001,McdE0feGgRqW7Ca,238.9142857,284.7285714,238.9142857,271.09001478782545,259.05335714150004,282.2809,284.7285714,238.9142857,45.81428570000003,0.19176034436688366,0.19176034436688366,0.6677543807186324,140,False,WITHIN_THRESHOLD
2020-06-16 07:15:00,4135001,VHMLBKoKgIrUVDU,237.4571429,282.775,237.4571429,270.9458980659973,258.7138214280001,282.2809,282.775,237.4571429,45.31785709999997,0.19084646832074711,0.19084646832074711,0.6129522180797938,140,False,WITHIN_THRESHOLD
2020-06-16 07:15:00,4135001,WRmjgnKYAwPKWDb,235.8375,284.3857143,235.8375,270.0805465176991,259.43366964200004,282.2809,284.3857143,235.8375,48.54821430000001,0.2058545155032597,0.2058545155032597,0.6395407288719102,140,False,WITHIN_THRESHOLD
2020-06-16 07:15:00,4135001,YxYtjZvoooNbGkE,231.1875,274.4428571,231.1875,269.3618042608193,258.91096428700007,282.2809,274.4428571,231.1875,43.255357100000026,0.1871007606380104,0.1871007606380104,0.621455172419359,140,False,WITHIN_THRESHOLD
2020-06-16 07:15:00,4135001,ZnxXDlPa8U1GXgE,234.6714286,278.5625,234.6714286,270.3357755234461,259.3537499985,282.2809,278.5625,234.6714286,43.89107139999999,0.18703202030960825,0.18703202030960825,0.6533279459118295,140,False,WITHIN_THRESHOLD
2020-06-16 07:15:00,4135001,ZoEaEvLYb1n2sOq,228.4,272.4142857,228.4,268.85167442730267,257.2676875025001,282.2809,272.4142857,228.4,44.01428569999999,0.19270703021015756,0.19270703021015756,0.6312243441917053,140,False,WITHIN_THRESHOLD
2020-06-16 07:15:00,4135001,adLQvlD726eNBSB,237.0428571,293.5375,237.0428571,271.7655681392586,258.76219642750004,282.2809,293.5375,237.0428571,56.49464290000003,0.2383309229021271,0.2383309229021271,0.5967226324524667,140,False,WITHIN_THRESHOLD
2020-06-16 07:15:00,4135001,bvBOhCH3iADSZry,214.1714286,254.975,214.1714286,265.57348714648094,253.9865000035,282.78156,254.975,214.1714286,40.80357139999998,0.19051827625526693,0.19051827625526693,0.7126272967972415,127,False,WITHIN_THRESHOLD
2020-06-16 07:15:00,4135001,iCRJl6heRkivqQ3,230.2857143,277.55,230.2857143,269.2885107951112,259.5167589300001,282.2809,277.55,230.2857143,47.264285700000016,0.20524193540910418,0.20524193540910418,0.6313543652927712,140,False,WITHIN_THRESHOLD
2020-06-16 07:15:00,4135001,ih0vzX44oOqAx2f,228.9857143,271.6375,228.9857143,269.104336822043,258.91098214400006,282.2809,271.6375,228.9857143,42.65178569999998,0.1862639590001706,0.1862639590001706,0.6624702585319796,140,False,WITHIN_THRESHOLD
2020-06-16 07:15:00,4135001,pkci93gMrogZuBj,228.6625,275.9571429,228.6625,269.4356823095065,259.1011428585001,281.41754,275.9571429,228.6625,47.294642900000014,0.20683165320067792,0.20683165320067792,0.5863965339011183,140,False,WITHIN_THRESHOLD
2020-06-16 07:15:00,4135001,rGa61gmuvPhdLxV,223.7,275.4875,223.7,268.7724442806139,258.7269642880001,282.2809,275.4875,223.7,51.78750000000002,0.23150424675905243,0.23150424675905243,0.6265022920692254,140,False,WITHIN_THRESHOLD
2020-06-16 07:15:00,4135001,sjndEbLyjtCKgGv,233.6285714,278.8428571,233.6285714,270.10630582738395,259.10401785600004,282.2809,278.8428571,233.6285714,45.214285700000005,0.1935306346696259,0.1935306346696259,0.6598785838606678,140,False,WITHIN_THRESHOLD
2020-06-16 07:15:00,4135001,uHbuxQJl8lW7ozc,232.4625,280.1714286,232.4625,270.2888105715851,259.2751071435001,281.41754,280.1714286,232.4625,47.70892860000001,0.20523279496693017,0.20523279496693017,0.6330720359237364,140,False,WITHIN_THRESHOLD
2020-06-16 07:15:00,4135001,wCURE6d3bPkepu2,226.375,276.6285714,226.375,269.23089363731145,258.9910446440001,282.2809,276.6285714,226.375,50.2535714,0.22199258487023743,0.22199258487023743,0.6722465763485777,140,False,WITHIN_THRESHOLD
2020-06-16 07:15:00,4135001,z9Y9gH1T5YWrNuG,228.6875,278.0,228.6875,269.5397584384886,258.9910446440001,281.41754,278.0,228.6875,49.3125,0.21563268652637332,0.21563268652637332,0.686499253670038,140,False,WITHIN_THRESHOLD
2020-06-16 07:15:00,4135001,zBIq5rxdHJRwDNY,226.8571429,275.0875,226.8571429,268.8179342445835,257.9973928590001,282.2809,275.0875,226.8571429,48.230357099999964,0.21260232974572987,0.21260232974572987,0.6310594990859788,140,False,WITHIN_THRESHOLD
2020-06-16 07:15:00,4135001,zVJPv84UY57bAof,228.7,277.375,228.7,269.5183568415267,258.9561160725001,281.41754,277.375,228.7,48.67500000000001,0.21283340620900748,0.21283340620900748,0.6239543405030045,140,False,WITHIN_THRESHOLD
2020-06-16 07:30:00,4135001,1BY6WEcLGh8j5v7,257.7625,326.0285714,257.7625,320.606197551994,342.1915982210002,339.41046,326.0285714,257.7625,68.26607139999999,0.26484097337665485,0.26484097337665485,0.7244052284136537,127,False,WITHIN_THRESHOLD
2020-06-16 07:30:00,4135001,1IF53ai7Xc0U56Y,289.6875,359.0,289.6875,326.7169524921856,345.1307589365001,339.41046,359.0,289.6875,69.3125,0.23926645091693635,0.23926645091693635,0.5940346974102673,140,False,WITHIN_THRESHOLD
2020-06-16 07:30:00,4135001,3PZuoBAID5Wc2HD,287.3857143,365.025,287.3857143,327.2866511345121,347.6501339299999,339.41046,365.025,287.3857143,77.63928569999996,0.27015708101256847,0.27015708101256847,0.6483868824537441,140,False,WITHIN_THRESHOLD
2020-06-16 07:30:00,4135001,7JYdWkrLSPkdwr4,277.775,354.2571429,277.775,326.0197830042776,345.8938214340001,339.41046,354.2571429,277.775,76.48214290000004,0.2753384678246784,0.2753384678246784,0.5905745482895888,140,False,WITHIN_THRESHOLD
2020-06-16 07:30:00,4135001,McdE0feGgRqW7Ca,284.7285714,352.9875,284.7285714,327.94225234842054,348.6918928579998,339.41046,352.9875,284.7285714,68.25892859999999,0.23973333011286266,0.23973333011286266,0.6677543807186324,140,False,WITHIN_THRESHOLD
2020-06-16 07:30:00,4135001,VHMLBKoKgIrUVDU,282.775,361.3571429,282.775,327.59560764462753,348.1838571444998,339.41046,361.3571429,282.775,78.58214290000001,0.27789635894262227,0.27789635894262227,0.6129522180797938,140,False,WITHIN_THRESHOLD
2020-06-16 07:30:00,4135001,WRmjgnKYAwPKWDb,284.3857143,360.3375,284.3857143,326.6950412741959,346.294857146,339.41046,360.3375,284.3857143,75.95178569999996,0.26707314003782207,0.26707314003782207,0.6395407288719102,140,False,WITHIN_THRESHOLD
2020-06-16 07:30:00,4135001,YxYtjZvoooNbGkE,274.4428571,345.925,274.4428571,325.28928623353033,344.61178572250026,339.41046,345.925,274.4428571,71.48214289999999,0.2604627559097073,0.2604627559097073,0.621455172419359,140,False,WITHIN_THRESHOLD
2020-06-16 07:30:00,4135001,ZnxXDlPa8U1GXgE,278.5625,351.9714286,278.5625,326.45027436632245,346.1384285759999,339.41046,351.9714286,278.5625,73.40892860000002,0.2635276772717075,0.2635276772717075,0.6533279459118295,140,False,WITHIN_THRESHOLD
2020-06-16 07:30:00,4135001,ZoEaEvLYb1n2sOq,272.4142857,345.0375,272.4142857,324.7057763104367,344.56688393700017,339.41046,345.0375,272.4142857,72.62321430000003,0.2665910640970472,0.2665910640970472,0.6312243441917053,140,False,WITHIN_THRESHOLD
2020-06-16 07:30:00,4135001,adLQvlD726eNBSB,293.5375,364.6,293.5375,327.9508767342426,348.6094464279998,339.41046,364.6,293.5375,71.0625,0.24209002256951836,0.24209002256951836,0.5967226324524667,140,False,WITHIN_THRESHOLD
2020-06-16 07:30:00,4135001,bvBOhCH3iADSZry,254.975,322.1285714,254.975,319.27646491627286,341.2119107210003,339.41046,322.1285714,254.975,67.1535714,0.26337315972154135,0.26337315972154135,0.7126272967972415,127,False,WITHIN_THRESHOLD
2020-06-16 07:30:00,4135001,iCRJl6heRkivqQ3,277.55,351.1714286,277.55,325.3533288184615,343.76430358100026,339.41046,351.1714286,277.55,73.6214286,0.26525465177445506,0.26525465177445506,0.6313543652927712,140,False,WITHIN_THRESHOLD
2020-06-16 07:30:00,4135001,ih0vzX44oOqAx2f,271.6375,343.4571429,271.6375,324.51520923189685,343.10042858050025,339.41046,343.4571429,271.6375,71.81964290000002,0.26439516966545495,0.26439516966545495,0.6624702585319796,140,False,WITHIN_THRESHOLD
2020-06-16 07:30:00,4135001,pkci93gMrogZuBj,275.9571429,353.425,275.9571429,325.1696388425209,343.73358929350013,339.41046,353.425,275.9571429,77.4678571,0.28072423234238375,0.28072423234238375,0.5863965339011183,140,False,WITHIN_THRESHOLD
2020-06-16 07:30:00,4135001,rGa61gmuvPhdLxV,275.4875,341.6285714,275.4875,323.6485156995081,345.6415267920001,339.41046,341.6285714,275.4875,66.14107139999999,0.24008737746721714,0.24008737746721714,0.6265022920692254,140,False,WITHIN_THRESHOLD
2020-06-16 07:30:00,4135001,sjndEbLyjtCKgGv,278.8428571,344.9375,278.8428571,326.36694638116865,345.7970089335,339.41046,344.9375,278.8428571,66.0946429,0.237031866576725,0.237031866576725,0.6598785838606678,140,False,WITHIN_THRESHOLD
2020-06-16 07:30:00,4135001,uHbuxQJl8lW7ozc,280.1714286,357.075,280.1714286,326.35288364159624,345.593107147,339.41046,357.075,280.1714286,76.90357139999998,0.27448755850759854,0.27448755850759854,0.6330720359237364,140,False,WITHIN_THRESHOLD
2020-06-16 07:30:00,4135001,wCURE6d3bPkepu2,276.6285714,341.8625,276.6285714,323.8373402880166,344.99426786300006,339.41046,341.8625,276.6285714,65.23392860000001,0.23581775472379862,0.23581775472379862,0.6722465763485777,140,False,WITHIN_THRESHOLD
2020-06-16 07:30:00,4135001,z9Y9gH1T5YWrNuG,278.0,342.2625,278.0,324.3764862141455,345.007392863,339.41046,342.2625,278.0,64.26249999999999,0.231160071942446,0.231160071942446,0.686499253670038,140,False,WITHIN_THRESHOLD
2020-06-16 07:30:00,4135001,zBIq5rxdHJRwDNY,275.0875,347.6142857,275.0875,324.3228711048042,341.98173215200023,339.41046,347.6142857,275.0875,72.5267857,0.263649877584405,0.263649877584405,0.6310594990859788,140,False,WITHIN_THRESHOLD
2020-06-16 07:30:00,4135001,zVJPv84UY57bAof,277.375,345.0571429,277.375,324.6971149599011,345.0148035775,339.41046,345.0571429,277.375,67.68214289999997,0.24400952825597105,0.24400952825597105,0.6239543405030045,140,False,WITHIN_THRESHOLD
2020-06-16 07:45:00,4135001,1BY6WEcLGh8j5v7,326.0285714,452.775,326.0285714,387.2616166812386,412.45983035700016,414.92642,452.775,326.0285714,126.7464286,0.38875865405212157,0.38875865405212157,0.7244052284136537,127,False,WITHIN_THRESHOLD
2020-06-16 07:45:00,4135001,1IF53ai7Xc0U56Y,359.0,499.1375,359.0,397.6460399959621,416.1715535815008,414.92642,499.1375,359.0,140.1375,0.3903551532033426,0.3903551532033426,0.5940346974102673,140,False,WITHIN_THRESHOLD
2020-06-16 07:45:00,4135001,3PZuoBAID5Wc2HD,365.025,500.2714286,365.025,397.76138867917086,416.3746250100007,414.92642,500.2714286,365.025,135.2464286,0.37051278296007123,0.37051278296007123,0.6483868824537441,140,False,WITHIN_THRESHOLD
2020-06-16 07:45:00,4135001,7JYdWkrLSPkdwr4,354.2571429,475.6428571,354.2571429,394.59624717100064,425.0801339365005,414.92642,475.6428571,354.2571429,121.3857142,0.3426486004101965,0.3426486004101965,0.5905745482895888,140,False,WITHIN_THRESHOLD
2020-06-16 07:45:00,4135001,McdE0feGgRqW7Ca,352.9875,482.4,352.9875,397.73680565249,416.5734107245007,414.92642,482.4,352.9875,129.41249999999997,0.3666206310421756,0.3666206310421756,0.6677543807186324,140,False,WITHIN_THRESHOLD
2020-06-16 07:45:00,4135001,VHMLBKoKgIrUVDU,361.3571429,486.6571429,361.3571429,396.7857364062325,417.0185625095007,414.92642,486.6571429,361.3571429,125.30000000000001,0.3467483692018089,0.3467483692018089,0.6129522180797938,140,False,WITHIN_THRESHOLD
2020-06-16 07:45:00,4135001,WRmjgnKYAwPKWDb,360.3375,492.0285714,360.3375,396.4901648907477,417.0473214380006,414.92642,492.0285714,360.3375,131.6910714,0.3654659073784993,0.3654659073784993,0.6395407288719102,140,False,WITHIN_THRESHOLD
2020-06-16 07:45:00,4135001,YxYtjZvoooNbGkE,345.925,477.4571429,345.925,393.9204877660639,428.58146429300047,414.92642,477.4571429,345.925,131.5321429,0.3802331224976512,0.3802331224976512,0.621455172419359,140,False,WITHIN_THRESHOLD
2020-06-16 07:45:00,4135001,ZnxXDlPa8U1GXgE,351.9714286,489.75,351.9714286,395.0760017859064,423.5639464375006,414.92642,489.75,351.9714286,137.77857139999998,0.39144816938132565,0.39144816938132565,0.6533279459118295,140,False,WITHIN_THRESHOLD
2020-06-16 07:45:00,4135001,ZoEaEvLYb1n2sOq,345.0375,478.2428571,345.0375,392.7604987536605,425.91258929150047,414.92642,478.2428571,345.0375,133.20535709999996,0.3860605212476903,0.3860605212476903,0.6312243441917053,140,False,WITHIN_THRESHOLD
2020-06-16 07:45:00,4135001,adLQvlD726eNBSB,364.6,506.4875,364.6,399.2957507255202,414.2225625100008,414.92642,506.4875,364.6,141.8875,0.3891593527153044,0.3891593527153044,0.5967226324524667,140,False,WITHIN_THRESHOLD
2020-06-16 07:45:00,4135001,bvBOhCH3iADSZry,322.1285714,445.9,322.1285714,385.94866661336937,406.96212499800026,406.16718,445.9,322.1285714,123.77142859999998,0.38422989945312247,0.38422989945312247,0.7126272967972415,127,False,WITHIN_THRESHOLD
2020-06-16 07:45:00,4135001,iCRJl6heRkivqQ3,351.1714286,481.0375,351.1714286,394.3546475978276,430.38851786550055,414.92642,481.0375,351.1714286,129.8660714,0.3698081928752902,0.3698081928752902,0.6313543652927712,140,False,WITHIN_THRESHOLD
2020-06-16 07:45:00,4135001,ih0vzX44oOqAx2f,343.4571429,477.6875,343.4571429,392.4463406652916,425.9586428630005,414.92642,477.6875,343.4571429,134.2303571,0.3908212709353438,0.3908212709353438,0.6624702585319796,140,False,WITHIN_THRESHOLD
2020-06-16 07:45:00,4135001,pkci93gMrogZuBj,353.425,480.7428571,353.425,393.8038967468911,429.4413214350005,414.92642,480.7428571,353.425,127.31785709999997,0.36024009931385714,0.36024009931385714,0.5863965339011183,140,False,WITHIN_THRESHOLD
2020-06-16 07:45:00,4135001,rGa61gmuvPhdLxV,341.6285714,475.025,341.6285714,392.6944383515037,429.5523571500006,414.92642,475.025,341.6285714,133.39642859999998,0.39047210850468106,0.39047210850468106,0.6265022920692254,140,False,WITHIN_THRESHOLD
2020-06-16 07:45:00,4135001,sjndEbLyjtCKgGv,344.9375,472.1142857,344.9375,395.2759946879261,424.9837500085006,414.92642,472.1142857,344.9375,127.17678569999998,0.36869515694872257,0.36869515694872257,0.6598785838606678,140,False,WITHIN_THRESHOLD
2020-06-16 07:45:00,4135001,uHbuxQJl8lW7ozc,357.075,484.1142857,357.075,395.7404463747522,425.1759107235006,414.92642,484.1142857,357.075,127.0392857,0.35577759770356365,0.35577759770356365,0.6330720359237364,140,False,WITHIN_THRESHOLD
2020-06-16 07:45:00,4135001,wCURE6d3bPkepu2,341.8625,472.1142857,341.8625,393.1563722644694,430.0188214360005,414.92642,472.1142857,341.8625,130.25178569999997,0.3810063569417528,0.3810063569417528,0.6722465763485777,140,False,WITHIN_THRESHOLD
2020-06-16 07:45:00,4135001,z9Y9gH1T5YWrNuG,342.2625,472.5857143,342.2625,394.02173174902725,430.0928928665005,414.92642,472.5857143,342.2625,130.32321430000002,0.38076977261604766,0.38076977261604766,0.686499253670038,140,False,WITHIN_THRESHOLD
2020-06-16 07:45:00,4135001,zBIq5rxdHJRwDNY,347.6142857,476.1875,347.6142857,393.0303435702022,428.6264017920005,414.92642,476.1875,347.6142857,128.57321430000002,0.3698732174976318,0.3698732174976318,0.6310594990859788,140,False,WITHIN_THRESHOLD
2020-06-16 07:45:00,4135001,zVJPv84UY57bAof,345.0571429,476.675,345.0571429,393.8951408206148,429.9486339365005,414.92642,476.675,345.0571429,131.61785710000004,0.3814378569121342,0.3814378569121342,0.6239543405030045,140,False,WITHIN_THRESHOLD
2020-06-16 08:00:00,4135001,1BY6WEcLGh8j5v7,452.775,425.6428571,452.775,480.3897851187245,567.4373035695006,537.61017,425.6428571,452.775,-27.132142899999963,-0.05992411882281479,0.05992411882281479,0.7244052284136537,127,False,WITHIN_THRESHOLD
2020-06-16 08:00:00,4135001,1IF53ai7Xc0U56Y,499.1375,458.4428571,499.1375,494.06046355738846,542.4626607120003,539.03186,458.4428571,499.1375,-40.69464289999996,-0.08152992492048777,0.08152992492048777,0.5940346974102673,140,False,WITHIN_THRESHOLD
2020-06-16 08:00:00,4135001,3PZuoBAID5Wc2HD,500.2714286,458.475,500.2714286,495.0864424835459,544.0509464265004,537.91406,458.475,500.2714286,-41.796428599999956,-0.08354750283654308,0.08354750283654308,0.6483868824537441,140,False,WITHIN_THRESHOLD
2020-06-16 08:00:00,4135001,7JYdWkrLSPkdwr4,475.6428571,457.55,475.6428571,492.0052842953158,541.8051964255006,537.91406,457.55,475.6428571,-18.092857100000003,-0.03803874446956349,0.03803874446956349,0.5905745482895888,140,False,WITHIN_THRESHOLD
2020-06-16 08:00:00,4135001,McdE0feGgRqW7Ca,482.4,474.75,482.4,492.4326061276489,541.7643660695005,539.03186,474.75,482.4,-7.649999999999977,-0.015858208955223833,0.015858208955223833,0.6677543807186324,140,False,WITHIN_THRESHOLD
2020-06-16 08:00:00,4135001,VHMLBKoKgIrUVDU,486.6571429,470.4,486.6571429,494.4493579435943,542.4626607120003,541.068,470.4,486.6571429,-16.25714290000002,-0.03340574188046099,0.03340574188046099,0.6129522180797938,140,False,WITHIN_THRESHOLD
2020-06-16 08:00:00,4135001,WRmjgnKYAwPKWDb,492.0285714,456.7375,492.0285714,493.7644224196495,543.6299642835005,537.91406,456.7375,492.0285714,-35.291071399999964,-0.07172565466997993,0.07172565466997993,0.6395407288719102,140,False,WITHIN_THRESHOLD
2020-06-16 08:00:00,4135001,YxYtjZvoooNbGkE,477.4571429,452.6428571,477.4571429,487.7727370310095,537.1574642805007,537.9498,452.6428571,477.4571429,-24.814285799999993,-0.05197175530620801,0.05197175530620801,0.621455172419359,140,False,WITHIN_THRESHOLD
2020-06-16 08:00:00,4135001,ZnxXDlPa8U1GXgE,489.75,451.4,489.75,491.18637770031086,543.6764374970006,535.8779,451.4,489.75,-38.35000000000002,-0.07830525778458401,0.07830525778458401,0.6533279459118295,140,False,WITHIN_THRESHOLD
2020-06-16 08:00:00,4135001,ZoEaEvLYb1n2sOq,478.2428571,451.9857143,478.2428571,487.7483875068101,539.2279821370007,537.9498,451.9857143,478.2428571,-26.257142799999997,-0.05490336637586134,0.05490336637586134,0.6312243441917053,140,False,WITHIN_THRESHOLD
2020-06-16 08:00:00,4135001,adLQvlD726eNBSB,506.4875,463.4714286,506.4875,495.4080198445379,545.8468839275005,539.03186,463.4714286,506.4875,-43.01607139999999,-0.08493017379500972,0.08493017379500972,0.5967226324524667,140,False,WITHIN_THRESHOLD
2020-06-16 08:00:00,4135001,bvBOhCH3iADSZry,445.9,415.0571429,445.9,477.76347529934174,568.3804196400007,539.90576,415.0571429,445.9,-30.842857100000003,-0.06916989706212157,0.06916989706212157,0.7126272967972415,127,False,WITHIN_THRESHOLD
2020-06-16 08:00:00,4135001,iCRJl6heRkivqQ3,481.0375,448.3714286,481.0375,489.9812704216967,543.6742053535006,537.91406,448.3714286,481.0375,-32.66607140000002,-0.06790753610685242,0.06790753610685242,0.6313543652927712,140,False,WITHIN_THRESHOLD
2020-06-16 08:00:00,4135001,ih0vzX44oOqAx2f,477.6875,435.8857143,477.6875,488.17063337573467,537.3674642795006,535.9137,435.8857143,477.6875,-41.80178569999998,-0.08750864466832392,0.08750864466832392,0.6624702585319796,140,False,WITHIN_THRESHOLD
2020-06-16 08:00:00,4135001,pkci93gMrogZuBj,480.7428571,450.5875,480.7428571,488.7555241641884,544.5363482105007,537.91406,450.5875,480.7428571,-30.155357100000003,-0.0627265837747587,0.0627265837747587,0.5863965339011183,140,False,WITHIN_THRESHOLD
2020-06-16 08:00:00,4135001,rGa61gmuvPhdLxV,475.025,445.5428571,475.025,486.0432224794114,549.6174642810006,537.9498,445.5428571,475.025,-29.482142899999985,-0.06206440271564652,0.06206440271564652,0.6265022920692254,140,False,WITHIN_THRESHOLD
2020-06-16 08:00:00,4135001,sjndEbLyjtCKgGv,472.1142857,458.6875,472.1142857,488.5746712497201,537.0478928520007,537.9498,458.6875,472.1142857,-13.426785699999982,-0.02843969374934757,0.02843969374934757,0.6598785838606678,140,False,WITHIN_THRESHOLD
2020-06-16 08:00:00,4135001,uHbuxQJl8lW7ozc,484.1142857,455.75,484.1142857,490.29660719017454,544.5631428540006,537.91406,455.75,484.1142857,-28.364285699999982,-0.05859006135087904,0.05859006135087904,0.6330720359237364,140,False,WITHIN_THRESHOLD
2020-06-16 08:00:00,4135001,wCURE6d3bPkepu2,472.1142857,462.725,472.1142857,487.5661497836456,546.8972678525006,535.9137,462.725,472.1142857,-9.38928569999996,-0.01988773901657846,0.01988773901657846,0.6722465763485777,140,False,WITHIN_THRESHOLD
2020-06-16 08:00:00,4135001,z9Y9gH1T5YWrNuG,472.5857143,466.45,472.5857143,487.4586366342799,547.4828571380007,537.9498,466.45,472.5857143,-6.135714300000018,-0.012983283485596504,0.012983283485596504,0.686499253670038,140,False,WITHIN_THRESHOLD
2020-06-16 08:00:00,4135001,zBIq5rxdHJRwDNY,476.1875,440.0857143,476.1875,488.8968950963263,541.8539553525007,537.9498,440.0857143,476.1875,-36.10178569999999,-0.0758142238088988,0.0758142238088988,0.6310594990859788,140,False,WITHIN_THRESHOLD
2020-06-16 08:00:00,4135001,zVJPv84UY57bAof,476.675,454.2857143,476.675,487.461124711936,545.2230803525007,537.9498,454.2857143,476.675,-22.389285700000016,-0.046969708291813114,0.046969708291813114,0.6239543405030045,140,False,WITHIN_THRESHOLD
2020-06-16 08:15:00,4135001,1BY6WEcLGh8j5v7,425.6428571,534.6875,425.6428571,500.6709619700139,459.4397053570007,544.3256,534.6875,425.6428571,109.04464289999999,0.25618811893836424,0.25618811893836424,0.7244052284136537,127,False,WITHIN_THRESHOLD
2020-06-16 08:15:00,4135001,1IF53ai7Xc0U56Y,458.4428571,597.15,458.4428571,520.4870759618723,461.1178571390003,555.4521,597.15,458.4428571,138.70714289999995,0.3025614659533103,0.3025614659533103,0.5940346974102673,140,False,WITHIN_THRESHOLD
2020-06-16 08:15:00,4135001,3PZuoBAID5Wc2HD,458.475,613.4714286,458.475,521.5485010428135,461.2658571390003,559.6222,613.4714286,458.475,154.99642859999994,0.3380695318174381,0.3380695318174381,0.6483868824537441,140,False,WITHIN_THRESHOLD
2020-06-16 08:15:00,4135001,7JYdWkrLSPkdwr4,457.55,581.2142857,457.55,512.0505368635611,461.3148660685004,554.3073,581.2142857,457.55,123.6642857,0.2702749113758059,0.2702749113758059,0.5905745482895888,140,False,WITHIN_THRESHOLD
2020-06-16 08:15:00,4135001,McdE0feGgRqW7Ca,474.75,566.4285714,474.75,514.376946641451,461.9225089255003,554.3073,566.4285714,474.75,91.67857140000001,0.19310915513428123,0.19310915513428123,0.6677543807186324,140,False,WITHIN_THRESHOLD
2020-06-16 08:15:00,4135001,VHMLBKoKgIrUVDU,470.4,594.5857143,470.4,516.764876447142,461.5825624965005,555.4521,594.5857143,470.4,124.18571429999997,0.2640002429846938,0.2640002429846938,0.6129522180797938,140,False,WITHIN_THRESHOLD
2020-06-16 08:15:00,4135001,WRmjgnKYAwPKWDb,456.7375,605.8714286,456.7375,518.8439089357913,461.3320892820004,555.4521,605.8714286,456.7375,149.13392859999993,0.326520000218944,0.326520000218944,0.6395407288719102,140,False,WITHIN_THRESHOLD
2020-06-16 08:15:00,4135001,YxYtjZvoooNbGkE,452.6428571,548.6625,452.6428571,509.9995439998024,462.3206696400004,554.3073,548.6625,452.6428571,96.01964290000001,0.2121311347210476,0.2121311347210476,0.621455172419359,140,False,WITHIN_THRESHOLD
2020-06-16 08:15:00,4135001,ZnxXDlPa8U1GXgE,451.4,567.3857143,451.4,514.7162203621482,461.4024910680004,554.3073,567.3857143,451.4,115.98571430000004,0.2569466422241915,0.2569466422241915,0.6533279459118295,140,False,WITHIN_THRESHOLD
2020-06-16 08:15:00,4135001,ZoEaEvLYb1n2sOq,451.9857143,555.6625,451.9857143,509.7550634484812,462.2480624970004,554.3073,555.6625,451.9857143,103.67678570000004,0.22938066938811663,0.22938066938811663,0.6312243441917053,140,False,WITHIN_THRESHOLD
2020-06-16 08:15:00,4135001,adLQvlD726eNBSB,463.4714286,608.0375,463.4714286,523.8565856463199,461.2504464240004,559.6222,608.0375,463.4714286,144.5660714,0.31192013677453256,0.31192013677453256,0.5967226324524667,140,False,WITHIN_THRESHOLD
2020-06-16 08:15:00,4135001,bvBOhCH3iADSZry,415.0571429,528.8875,415.0571429,498.2519708813077,458.6252857150004,544.3256,528.8875,415.0571429,113.83035710000007,0.2742522542912249,0.2742522542912249,0.7126272967972415,127,False,WITHIN_THRESHOLD
2020-06-16 08:15:00,4135001,iCRJl6heRkivqQ3,448.3714286,569.225,448.3714286,512.3216589613346,460.7230357110005,554.3073,569.225,448.3714286,120.85357140000002,0.26953896633724983,0.26953896633724983,0.6313543652927712,140,False,WITHIN_THRESHOLD
2020-06-16 08:15:00,4135001,ih0vzX44oOqAx2f,435.8857143,551.5,435.8857143,509.63391603304007,462.5806071400005,554.3073,551.5,435.8857143,115.61428569999998,0.26523990556944016,0.26523990556944016,0.6624702585319796,140,False,WITHIN_THRESHOLD
2020-06-16 08:15:00,4135001,pkci93gMrogZuBj,450.5875,582.1285714,450.5875,510.9058847130142,461.57897321100046,554.3073,582.1285714,450.5875,131.54107140000008,0.2919323580880519,0.2919323580880519,0.5863965339011183,140,False,WITHIN_THRESHOLD
2020-06-16 08:15:00,4135001,rGa61gmuvPhdLxV,445.5428571,566.375,445.5428571,508.87117958747007,462.1365178545004,554.3073,566.375,445.5428571,120.83214290000001,0.27120206501903316,0.27120206501903316,0.6265022920692254,140,False,WITHIN_THRESHOLD
2020-06-16 08:15:00,4135001,sjndEbLyjtCKgGv,458.6875,564.6142857,458.6875,509.593080455984,461.2359732110003,554.3073,564.6142857,458.6875,105.92678569999998,0.2309345375664259,0.2309345375664259,0.6598785838606678,140,False,WITHIN_THRESHOLD
2020-06-16 08:15:00,4135001,uHbuxQJl8lW7ozc,455.75,576.0714286,455.75,513.0119112676994,462.1549910680004,554.3073,576.0714286,455.75,120.32142859999999,0.26400752298409214,0.26400752298409214,0.6330720359237364,140,False,WITHIN_THRESHOLD
2020-06-16 08:15:00,4135001,wCURE6d3bPkepu2,462.725,554.3,462.725,509.4592921583912,461.8483749970004,554.3073,554.3,462.725,91.57499999999993,0.1979037225133717,0.1979037225133717,0.6722465763485777,140,False,WITHIN_THRESHOLD
2020-06-16 08:15:00,4135001,z9Y9gH1T5YWrNuG,466.45,543.7285714,466.45,510.23780795679966,461.4732857115004,554.3073,543.7285714,466.45,77.27857139999998,0.16567385872012,0.16567385872012,0.686499253670038,140,False,WITHIN_THRESHOLD
2020-06-16 08:15:00,4135001,zBIq5rxdHJRwDNY,440.0857143,568.8,440.0857143,509.5338698977376,462.6590803545004,554.3073,568.8,440.0857143,128.71428569999995,0.2924754917453587,0.2924754917453587,0.6310594990859788,140,False,WITHIN_THRESHOLD
2020-06-16 08:15:00,4135001,zVJPv84UY57bAof,454.2857143,554.2625,454.2857143,510.8332783734067,461.6748571400004,554.3073,554.2625,454.2857143,99.97678570000005,0.2200746854962242,0.2200746854962242,0.6239543405030045,140,False,WITHIN_THRESHOLD
2020-06-16 08:30:00,4135001,1BY6WEcLGh8j5v7,534.6875,545.1714286,534.6875,569.70157828432,789.7278035739988,696.8687,545.1714286,534.6875,10.483928600000013,0.01960758125073059,0.01960758125073059,0.7244052284136537,127,False,WITHIN_THRESHOLD
2020-06-16 08:30:00,4135001,1IF53ai7Xc0U56Y,597.15,594.8857143,597.15,588.1734473295767,774.9956696429987,713.61035,594.8857143,597.15,-2.2642856999999594,-0.0037918206480783046,0.0037918206480783046,0.5940346974102673,140,False,WITHIN_THRESHOLD
2020-06-16 08:30:00,4135001,3PZuoBAID5Wc2HD,613.4714286,595.2375,613.4714286,585.4410844773678,791.872508932499,710.0423,595.2375,613.4714286,-18.233928600000013,-0.029722539225032155,0.029722539225032155,0.6483868824537441,140,False,WITHIN_THRESHOLD
2020-06-16 08:30:00,4135001,7JYdWkrLSPkdwr4,581.2142857,580.275,581.2142857,584.5153382484032,774.8413125009988,710.0423,580.275,581.2142857,-0.9392857000000276,-0.0016160746958736145,0.0016160746958736145,0.5905745482895888,140,False,WITHIN_THRESHOLD
2020-06-16 08:30:00,4135001,McdE0feGgRqW7Ca,566.4285714,584.8,566.4285714,590.6686094239645,775.2070892854988,713.61035,584.8,566.4285714,18.371428599999945,0.032433795764561506,0.032433795764561506,0.6677543807186324,140,False,WITHIN_THRESHOLD
2020-06-16 08:30:00,4135001,VHMLBKoKgIrUVDU,594.5857143,595.4625,594.5857143,589.6063438537312,774.7222946424987,713.61035,595.4625,594.5857143,0.8767857000000276,0.0014746161552708326,0.0014746161552708326,0.6129522180797938,140,False,WITHIN_THRESHOLD
2020-06-16 08:30:00,4135001,WRmjgnKYAwPKWDb,605.8714286,589.3875,605.8714286,582.6071626414216,790.6452857174992,679.3822,589.3875,605.8714286,-16.4839285999999,-0.02720697465151916,0.02720697465151916,0.6395407288719102,140,False,WITHIN_THRESHOLD
2020-06-16 08:30:00,4135001,YxYtjZvoooNbGkE,548.6625,571.5285714,548.6625,581.5077281905374,779.9644285719991,705.0493,571.5285714,548.6625,22.86607140000001,0.041676023785113814,0.041676023785113814,0.621455172419359,140,False,WITHIN_THRESHOLD
2020-06-16 08:30:00,4135001,ZnxXDlPa8U1GXgE,567.3857143,583.5875,567.3857143,584.9065584740574,775.6845625004988,713.61035,583.5875,567.3857143,16.20178569999996,0.028555152679493465,0.028555152679493465,0.6533279459118295,140,False,WITHIN_THRESHOLD
2020-06-16 08:30:00,4135001,ZoEaEvLYb1n2sOq,555.6625,570.8571429,555.6625,582.0282130994061,779.556607143499,705.0493,570.8571429,555.6625,15.194642899999963,0.027345093289541694,0.027345093289541694,0.6312243441917053,140,False,WITHIN_THRESHOLD
2020-06-16 08:30:00,4135001,adLQvlD726eNBSB,608.0375,603.5714286,608.0375,590.4414255387092,775.9565089284988,713.61035,603.5714286,608.0375,-4.4660714000000326,-0.007345059145200801,0.007345059145200801,0.5967226324524667,140,False,WITHIN_THRESHOLD
2020-06-16 08:30:00,4135001,bvBOhCH3iADSZry,528.8875,537.7142857,528.8875,567.4831628654202,787.1638125039989,711.2737,537.7142857,528.8875,8.82678569999996,0.016689344520337424,0.016689344520337424,0.7126272967972415,127,False,WITHIN_THRESHOLD
2020-06-16 08:30:00,4135001,iCRJl6heRkivqQ3,569.225,531.1571429,569.225,583.052840523763,774.6239553579987,710.0383,531.1571429,569.225,-38.06785709999997,-0.0668766429794896,0.0668766429794896,0.6313543652927712,140,False,WITHIN_THRESHOLD
2020-06-16 08:30:00,4135001,ih0vzX44oOqAx2f,551.5,563.1125,551.5,579.0073476944149,774.5335178579988,705.0493,563.1125,551.5,11.612499999999955,0.021056210335448692,0.021056210335448692,0.6624702585319796,140,False,WITHIN_THRESHOLD
2020-06-16 08:30:00,4135001,pkci93gMrogZuBj,582.1285714,565.4571429,582.1285714,582.1823897406524,779.9644285719991,705.0493,565.4571429,582.1285714,-16.671428500000047,-0.0286387394796751,0.0286387394796751,0.5863965339011183,140,False,WITHIN_THRESHOLD
2020-06-16 08:30:00,4135001,rGa61gmuvPhdLxV,566.375,571.0857143,566.375,580.6558477467319,777.9064464294989,705.0493,571.0857143,566.375,4.71071429999995,0.008317306201721386,0.008317306201721386,0.6265022920692254,140,False,WITHIN_THRESHOLD
2020-06-16 08:30:00,4135001,sjndEbLyjtCKgGv,564.6142857,575.8,564.6142857,584.0747257795026,774.8783392859988,710.0383,575.8,564.6142857,11.185714299999972,0.019811249171869782,0.019811249171869782,0.6598785838606678,140,False,WITHIN_THRESHOLD
2020-06-16 08:30:00,4135001,uHbuxQJl8lW7ozc,576.0714286,568.9285714,576.0714286,585.1453997932608,777.6073125009988,710.0423,568.9285714,576.0714286,-7.14285719999998,-0.01239925614321637,0.01239925614321637,0.6330720359237364,140,False,WITHIN_THRESHOLD
2020-06-16 08:30:00,4135001,wCURE6d3bPkepu2,554.3,574.5,554.3,584.8424536051866,773.9864642859989,710.0383,574.5,554.3,20.200000000000045,0.03644235973299666,0.03644235973299666,0.6722465763485777,140,False,WITHIN_THRESHOLD
2020-06-16 08:30:00,4135001,z9Y9gH1T5YWrNuG,543.7285714,573.0125,543.7285714,586.065061263889,774.4526874999989,713.61035,573.0125,543.7285714,29.28392860000008,0.053857623344308374,0.053857623344308374,0.686499253670038,140,False,WITHIN_THRESHOLD
2020-06-16 08:30:00,4135001,zBIq5rxdHJRwDNY,568.8,527.1428571,568.8,580.5686632955735,774.5575892859988,705.04535,527.1428571,568.8,-41.65714289999994,-0.07323688976793238,0.07323688976793238,0.6310594990859788,140,False,WITHIN_THRESHOLD
2020-06-16 08:30:00,4135001,zVJPv84UY57bAof,554.2625,570.0,554.2625,582.9060566701585,778.762169643999,710.0423,570.0,554.2625,15.737499999999955,0.02839358607158152,0.02839358607158152,0.6239543405030045,140,False,WITHIN_THRESHOLD
2020-06-16 08:45:00,4135001,1BY6WEcLGh8j5v7,545.1714286,535.55,545.1714286,608.9233877026754,751.2608035744998,690.7067,535.55,545.1714286,-9.621428600000058,-0.017648446149696222,0.017648446149696222,0.7244052284136537,127,False,WITHIN_THRESHOLD
2020-06-16 08:45:00,4135001,1IF53ai7Xc0U56Y,594.8857143,584.55,594.8857143,631.2018752323102,733.2934285759999,689.45483,584.55,594.8857143,-10.335714300000063,-0.017374285600658713,0.017374285600658713,0.5940346974102673,140,False,WITHIN_THRESHOLD
2020-06-16 08:45:00,4135001,3PZuoBAID5Wc2HD,595.2375,585.9857143,595.2375,634.9261779816068,733.2869107184998,689.45483,585.9857143,595.2375,-9.251785699999914,-0.015543015519015376,0.015543015519015376,0.6483868824537441,140,False,WITHIN_THRESHOLD
2020-06-16 08:45:00,4135001,7JYdWkrLSPkdwr4,580.275,562.3285714,580.275,624.6349852958874,735.9963928604999,689.45483,562.3285714,580.275,-17.94642859999999,-0.030927454396622277,0.030927454396622277,0.5905745482895888,140,False,WITHIN_THRESHOLD
2020-06-16 08:45:00,4135001,McdE0feGgRqW7Ca,584.8,579.4,584.8,623.154856083631,736.0710089329998,689.45483,579.4,584.8,-5.399999999999977,-0.009233926128590933,0.009233926128590933,0.6677543807186324,140,False,WITHIN_THRESHOLD
2020-06-16 08:45:00,4135001,VHMLBKoKgIrUVDU,595.4625,575.7857143,595.4625,630.7470059065286,732.2618660765,689.45483,575.7857143,595.4625,-19.676785699999982,-0.03304454218359675,0.03304454218359675,0.6129522180797938,140,False,WITHIN_THRESHOLD
2020-06-16 08:45:00,4135001,WRmjgnKYAwPKWDb,589.3875,586.1428571,589.3875,631.6115735401166,736.2905267905,689.45483,586.1428571,589.3875,-3.2446429000000307,-0.005505109796186771,0.005505109796186771,0.6395407288719102,140,False,WITHIN_THRESHOLD
2020-06-16 08:45:00,4135001,YxYtjZvoooNbGkE,571.5285714,570.15,571.5285714,617.3224409969091,740.2308214299998,691.0807,570.15,571.5285714,-1.3785714000000553,-0.0024120778364993133,0.0024120778364993133,0.621455172419359,140,False,WITHIN_THRESHOLD
2020-06-16 08:45:00,4135001,ZnxXDlPa8U1GXgE,583.5875,573.6857143,583.5875,623.1092664333498,733.0542500025,689.45483,573.6857143,583.5875,-9.901785700000005,-0.016967096964893878,0.016967096964893878,0.6533279459118295,140,False,WITHIN_THRESHOLD
2020-06-16 08:45:00,4135001,ZoEaEvLYb1n2sOq,570.8571429,564.5,570.8571429,618.5893330614556,742.3923125019999,691.0807,564.5,570.8571429,-6.357142899999985,-0.011136136210375139,0.011136136210375139,0.6312243441917053,140,False,WITHIN_THRESHOLD
2020-06-16 08:45:00,4135001,adLQvlD726eNBSB,603.5714286,592.325,603.5714286,635.2048760850741,731.5881875049998,689.45483,592.325,603.5714286,-11.246428599999945,-0.0186331361411297,0.0186331361411297,0.5967226324524667,140,False,WITHIN_THRESHOLD
2020-06-16 08:45:00,4135001,bvBOhCH3iADSZry,537.7142857,527.4875,537.7142857,606.0710431340011,750.9344642884998,690.7067,527.4875,537.7142857,-10.22678570000005,-0.019018995723140874,0.019018995723140874,0.7126272967972415,127,False,WITHIN_THRESHOLD
2020-06-16 08:45:00,4135001,iCRJl6heRkivqQ3,531.1571429,577.3625,531.1571429,622.1050608342687,731.7064375025001,689.45483,577.3625,531.1571429,46.2053570999999,0.08698999480215763,0.08698999480215763,0.6313543652927712,140,False,WITHIN_THRESHOLD
2020-06-16 08:45:00,4135001,ih0vzX44oOqAx2f,563.1125,558.4571429,563.1125,616.2646950113124,744.2008660734996,691.0807,558.4571429,563.1125,-4.6553570999999465,-0.008267188350462735,0.008267188350462735,0.6624702585319796,140,False,WITHIN_THRESHOLD
2020-06-16 08:45:00,4135001,pkci93gMrogZuBj,565.4571429,567.175,565.4571429,625.1590075351082,732.028607146,689.45483,567.175,565.4571429,1.7178570999999465,0.003037996993352591,0.003037996993352591,0.5863965339011183,140,False,WITHIN_THRESHOLD
2020-06-16 08:45:00,4135001,rGa61gmuvPhdLxV,571.0857143,571.7625,571.0857143,619.6208105345873,744.5314196475001,689.45483,571.7625,571.0857143,0.6767857000000959,0.0011850860265864927,0.0011850860265864927,0.6265022920692254,140,False,WITHIN_THRESHOLD
2020-06-16 08:45:00,4135001,sjndEbLyjtCKgGv,575.8,571.8285714,575.8,620.3113123447623,734.9453125025,689.45483,571.8285714,575.8,-3.9714285999999674,-0.006897236193122556,0.006897236193122556,0.6598785838606678,140,False,WITHIN_THRESHOLD
2020-06-16 08:45:00,4135001,uHbuxQJl8lW7ozc,568.9285714,578.4125,568.9285714,625.4654423892404,730.8985892894999,689.45483,578.4125,568.9285714,9.483928600000013,0.016669805449675845,0.016669805449675845,0.6330720359237364,140,False,WITHIN_THRESHOLD
2020-06-16 08:45:00,4135001,wCURE6d3bPkepu2,574.5,569.5142857,574.5,618.1501175691249,746.8178303599998,691.0807,569.5142857,574.5,-4.985714300000041,-0.008678353872933055,0.008678353872933055,0.6722465763485777,140,False,WITHIN_THRESHOLD
2020-06-16 08:45:00,4135001,z9Y9gH1T5YWrNuG,573.0125,562.6,573.0125,616.3866134922932,742.6867500024997,690.7067,562.6,573.0125,-10.412500000000023,-0.018171505857202105,0.018171505857202105,0.686499253670038,140,False,WITHIN_THRESHOLD
2020-06-16 08:45:00,4135001,zBIq5rxdHJRwDNY,527.1428571,572.0375,527.1428571,620.0127282883806,739.4319107175002,689.45483,572.0375,527.1428571,44.89464290000001,0.08516598924811648,0.08516598924811648,0.6310594990859788,140,False,WITHIN_THRESHOLD
2020-06-16 08:45:00,4135001,zVJPv84UY57bAof,570.0,571.4125,570.0,619.1505919462398,739.6751964304997,691.0807,571.4125,570.0,1.4125000000000227,0.0024780701754386365,0.0024780701754386365,0.6239543405030045,140,False,WITHIN_THRESHOLD
2020-06-16 09:00:00,4135001,1BY6WEcLGh8j5v7,535.55,594.7857143,535.55,614.9861527868225,728.1050714304997,676.0196,594.7857143,535.55,59.23571430000004,0.11060725291756147,0.11060725291756147,0.7244052284136537,127,False,WITHIN_THRESHOLD
2020-06-16 09:00:00,4135001,1IF53ai7Xc0U56Y,584.55,655.5571429,584.55,638.8365807801088,718.0748750024999,686.4451,655.5571429,584.55,71.00714290000008,0.12147317235480298,0.12147317235480298,0.5940346974102673,140,False,WITHIN_THRESHOLD
2020-06-16 09:00:00,4135001,3PZuoBAID5Wc2HD,585.9857143,667.925,585.9857143,638.5353227562471,715.3278125009997,681.6457,667.925,585.9857143,81.93928569999991,0.13983154145298915,0.13983154145298915,0.6483868824537441,140,False,WITHIN_THRESHOLD
2020-06-16 09:00:00,4135001,7JYdWkrLSPkdwr4,562.3285714,645.0375,562.3285714,632.5009182288665,716.3792321454999,685.36304,645.0375,562.3285714,82.70892860000004,0.1470829205673899,0.1470829205673899,0.5905745482895888,140,False,WITHIN_THRESHOLD
2020-06-16 09:00:00,4135001,McdE0feGgRqW7Ca,579.4,650.8,579.4,632.9423541310869,715.0977500004998,685.36304,650.8,579.4,71.39999999999998,0.12323092854677249,0.12323092854677249,0.6677543807186324,140,False,WITHIN_THRESHOLD
2020-06-16 09:00:00,4135001,VHMLBKoKgIrUVDU,575.7857143,660.4875,575.7857143,638.5367179779237,717.967080359,686.4451,660.4875,575.7857143,84.70178569999996,0.14710643837868478,0.14710643837868478,0.6129522180797938,140,False,WITHIN_THRESHOLD
2020-06-16 09:00:00,4135001,WRmjgnKYAwPKWDb,586.1428571,658.6,586.1428571,635.83973034978,715.5930892869999,682.275,658.6,586.1428571,72.45714290000001,0.1236168657901743,0.1236168657901743,0.6395407288719102,140,False,WITHIN_THRESHOLD
2020-06-16 09:00:00,4135001,YxYtjZvoooNbGkE,570.15,634.3571429,570.15,624.4573926891924,714.2427321455001,671.50104,634.3571429,570.15,64.20714290000001,0.11261447496272912,0.11261447496272912,0.621455172419359,140,False,WITHIN_THRESHOLD
2020-06-16 09:00:00,4135001,ZnxXDlPa8U1GXgE,573.6857143,641.7875,573.6857143,630.4731455210455,713.0613125014997,681.19293,641.7875,573.6857143,68.10178570000005,0.11870922353905311,0.11870922353905311,0.6533279459118295,140,False,WITHIN_THRESHOLD
2020-06-16 09:00:00,4135001,ZoEaEvLYb1n2sOq,564.5,628.9428571,564.5,625.1513106920095,714.5604464310001,671.50104,628.9428571,564.5,64.44285709999997,0.11415917998228516,0.11415917998228516,0.6312243441917053,140,False,WITHIN_THRESHOLD
2020-06-16 09:00:00,4135001,adLQvlD726eNBSB,592.325,661.7,592.325,641.4802101709749,717.4478571449997,685.8158,661.7,592.325,69.375,0.11712320094542691,0.11712320094542691,0.5967226324524667,140,False,WITHIN_THRESHOLD
2020-06-16 09:00:00,4135001,bvBOhCH3iADSZry,527.4875,587.3857143,527.4875,611.1971714464262,738.8412946454998,676.0196,587.3857143,527.4875,59.89821430000006,0.11355380800492916,0.11355380800492916,0.7126272967972415,127,False,WITHIN_THRESHOLD
2020-06-16 09:00:00,4135001,iCRJl6heRkivqQ3,577.3625,647.2571429,577.3625,618.1761778219482,717.8360625009998,682.34436,647.2571429,577.3625,69.89464290000001,0.12105850812964128,0.12105850812964128,0.6313543652927712,140,False,WITHIN_THRESHOLD
2020-06-16 09:00:00,4135001,ih0vzX44oOqAx2f,558.4571429,620.4875,558.4571429,623.2176291978819,711.8518035729999,677.8258,620.4875,558.4571429,62.03035709999995,0.111074516439854,0.111074516439854,0.6624702585319796,140,False,WITHIN_THRESHOLD
2020-06-16 09:00:00,4135001,pkci93gMrogZuBj,567.175,630.7857143,567.175,625.3465060631434,716.298071431,674.86816,630.7857143,567.175,63.61071430000004,0.11215359333539039,0.11215359333539039,0.5863965339011183,140,False,WITHIN_THRESHOLD
2020-06-16 09:00:00,4135001,rGa61gmuvPhdLxV,571.7625,641.9428571,571.7625,626.1769968906669,709.8608303594998,671.50104,641.9428571,571.7625,70.18035709999992,0.12274389646050575,0.12274389646050575,0.6265022920692254,140,False,WITHIN_THRESHOLD
2020-06-16 09:00:00,4135001,sjndEbLyjtCKgGv,571.8285714,639.8125,571.8285714,628.8889394578437,712.1355535734998,681.19293,639.8125,571.8285714,67.98392860000001,0.11888865299884527,0.11888865299884527,0.6598785838606678,140,False,WITHIN_THRESHOLD
2020-06-16 09:00:00,4135001,uHbuxQJl8lW7ozc,578.4125,635.1142857,578.4125,625.2919156225794,724.5069017894998,674.86816,635.1142857,578.4125,56.70178569999996,0.09803001439284241,0.09803001439284241,0.6330720359237364,140,False,WITHIN_THRESHOLD
2020-06-16 09:00:00,4135001,wCURE6d3bPkepu2,569.5142857,648.175,569.5142857,629.3437192005167,712.8526964309998,685.32153,648.175,569.5142857,78.6607143,0.1381189485059479,0.1381189485059479,0.6722465763485777,140,False,WITHIN_THRESHOLD
2020-06-16 09:00:00,4135001,z9Y9gH1T5YWrNuG,562.6,646.5875,562.6,628.3269978255306,711.8767500019999,681.9959,646.5875,562.6,83.98749999999995,0.14928457163170983,0.14928457163170983,0.686499253670038,140,False,WITHIN_THRESHOLD
2020-06-16 09:00:00,4135001,zBIq5rxdHJRwDNY,572.0375,653.5285714,572.0375,617.1695885246355,718.6294553584999,682.34436,653.5285714,572.0375,81.49107140000001,0.14245756860345696,0.14245756860345696,0.6310594990859788,140,False,WITHIN_THRESHOLD
2020-06-16 09:00:00,4135001,zVJPv84UY57bAof,571.4125,635.6142857,571.4125,625.1493503378306,714.0066339315,671.50104,635.6142857,571.4125,64.20178569999996,0.11235628499551542,0.11235628499551542,0.6239543405030045,140,False,WITHIN_THRESHOLD
2020-06-16 09:15:00,4135001,1BY6WEcLGh8j5v7,594.7857143,681.6,594.7857143,653.1848871417033,686.3204976270003,819.5626,681.6,594.7857143,86.81428570000003,0.1459589287583534,0.1459589287583534,0.7244052284136537,127,False,WITHIN_THRESHOLD
2020-06-16 09:15:00,4135001,1IF53ai7Xc0U56Y,655.5571429,736.0125,655.5571429,675.5757499464727,693.0485898849998,824.5288,736.0125,655.5571429,80.45535710000001,0.12272821365974015,0.12272821365974015,0.5940346974102673,140,False,WITHIN_THRESHOLD
2020-06-16 09:15:00,4135001,3PZuoBAID5Wc2HD,667.925,748.0714286,667.925,675.2089832847423,692.0090684554998,824.5288,748.0714286,667.925,80.14642860000004,0.11999315581839284,0.11999315581839284,0.6483868824537441,140,False,WITHIN_THRESHOLD
2020-06-16 09:15:00,4135001,7JYdWkrLSPkdwr4,645.0375,748.2571429,645.0375,667.6951425397161,691.2642773834999,821.45917,748.2571429,645.0375,103.21964289999994,0.1600211505532623,0.1600211505532623,0.5905745482895888,140,False,WITHIN_THRESHOLD
2020-06-16 09:15:00,4135001,McdE0feGgRqW7Ca,650.8,741.1857143,650.8,669.8174532608955,696.3423958399998,821.45917,741.1857143,650.8,90.38571430000002,0.1388840109096497,0.1388840109096497,0.6677543807186324,140,False,WITHIN_THRESHOLD
2020-06-16 09:15:00,4135001,VHMLBKoKgIrUVDU,660.4875,732.8714286,660.4875,673.4733537708057,696.9661440509997,824.5288,732.8714286,660.4875,72.38392859999999,0.10959167069778004,0.10959167069778004,0.6129522180797938,140,False,WITHIN_THRESHOLD
2020-06-16 09:15:00,4135001,WRmjgnKYAwPKWDb,658.6,747.5142857,658.6,674.1133016812641,691.2733154829998,824.5288,747.5142857,658.6,88.91428569999994,0.13500498891588208,0.13500498891588208,0.6395407288719102,140,False,WITHIN_THRESHOLD
2020-06-16 09:15:00,4135001,YxYtjZvoooNbGkE,634.3571429,752.85,634.3571429,664.2734523490299,686.1024940540001,841.0186,752.85,634.3571429,118.49285710000004,0.1867920278446037,0.1867920278446037,0.621455172419359,140,False,WITHIN_THRESHOLD
2020-06-16 09:15:00,4135001,ZnxXDlPa8U1GXgE,641.7875,709.9428571,641.7875,668.4499289137527,693.0298738125,839.94904,709.9428571,641.7875,68.15535709999995,0.10619614296009185,0.10619614296009185,0.6533279459118295,140,False,WITHIN_THRESHOLD
2020-06-16 09:15:00,4135001,ZoEaEvLYb1n2sOq,628.9428571,737.875,628.9428571,665.3893750115483,689.972097027,841.0186,737.875,628.9428571,108.93214290000003,0.17319879170307542,0.17319879170307542,0.6312243441917053,140,False,WITHIN_THRESHOLD
2020-06-16 09:15:00,4135001,adLQvlD726eNBSB,661.7,732.375,661.7,678.5549586537427,695.3879113129997,824.5288,732.375,661.7,70.67499999999995,0.10680822124829976,0.10680822124829976,0.5967226324524667,140,False,WITHIN_THRESHOLD
2020-06-16 09:15:00,4135001,bvBOhCH3iADSZry,587.3857143,647.4285714,587.3857143,649.3467190090904,684.0106404845002,819.6858,647.4285714,587.3857143,60.04285709999999,0.10222049266478048,0.10222049266478048,0.7126272967972415,127,False,WITHIN_THRESHOLD
2020-06-16 09:15:00,4135001,iCRJl6heRkivqQ3,647.2571429,755.8142857,647.2571429,663.906692445015,686.5076726254999,841.0186,755.8142857,647.2571429,108.55714280000007,0.16771872507055816,0.16771872507055816,0.6313543652927712,140,False,WITHIN_THRESHOLD
2020-06-16 09:15:00,4135001,ih0vzX44oOqAx2f,620.4875,700.7428571,620.4875,660.308296571006,687.5515119115,836.66,700.7428571,620.4875,80.25535710000008,0.1293424236588168,0.1293424236588168,0.6624702585319796,140,False,WITHIN_THRESHOLD
2020-06-16 09:15:00,4135001,pkci93gMrogZuBj,630.7857143,775.2625,630.7857143,664.2867586806174,683.2977261970002,835.77893,775.2625,630.7857143,144.47678570000005,0.22904257725673108,0.22904257725673108,0.5863965339011183,140,False,WITHIN_THRESHOLD
2020-06-16 09:15:00,4135001,rGa61gmuvPhdLxV,641.9428571,769.9,641.9428571,666.3001605867352,687.6132619115,839.94904,769.9,641.9428571,127.95714290000001,0.1993279331404216,0.1993279331404216,0.6265022920692254,140,False,WITHIN_THRESHOLD
2020-06-16 09:15:00,4135001,sjndEbLyjtCKgGv,639.8125,724.2571429,639.8125,666.9125587878696,690.7521279829998,821.45917,724.2571429,639.8125,84.44464289999996,0.13198342154928197,0.13198342154928197,0.6598785838606678,140,False,WITHIN_THRESHOLD
2020-06-16 09:15:00,4135001,uHbuxQJl8lW7ozc,635.1142857,781.5625,635.1142857,668.5626040313556,687.8932797679997,821.45917,781.5625,635.1142857,146.44821430000002,0.23058560891696853,0.23058560891696853,0.6330720359237364,140,False,WITHIN_THRESHOLD
2020-06-16 09:15:00,4135001,wCURE6d3bPkepu2,648.175,734.3285714,648.175,666.4470555889832,689.1270029825001,821.45917,734.3285714,648.175,86.15357140000003,0.13291714644964714,0.13291714644964714,0.6722465763485777,140,False,WITHIN_THRESHOLD
2020-06-16 09:15:00,4135001,z9Y9gH1T5YWrNuG,646.5875,747.8571429,646.5875,663.9928204219008,689.539690482,822.52875,747.8571429,646.5875,101.26964290000001,0.15662171461712454,0.15662171461712454,0.686499253670038,140,False,WITHIN_THRESHOLD
2020-06-16 09:15:00,4135001,zBIq5rxdHJRwDNY,653.5285714,736.5285714,653.5285714,663.4940278304559,688.5599613130001,836.66,736.5285714,653.5285714,83.0,0.127002863581306,0.127002863581306,0.6310594990859788,140,False,WITHIN_THRESHOLD
2020-06-16 09:15:00,4135001,zVJPv84UY57bAof,635.6142857,768.4,635.6142857,665.0468557200234,686.7895744110001,822.52875,768.4,635.6142857,132.7857143,0.20890926665338164,0.20890926665338164,0.6239543405030045,140,False,WITHIN_THRESHOLD
2020-06-16 09:30:00,4135001,1BY6WEcLGh8j5v7,681.6,808.7625,681.6,736.6789010931036,799.9031756005005,842.99475,808.7625,681.6,127.16250000000002,0.18656470070422537,0.18656470070422537,0.7244052284136537,127,False,WITHIN_THRESHOLD
2020-06-16 09:30:00,4135001,1IF53ai7Xc0U56Y,736.0125,873.7142857,736.0125,756.9875262180158,832.9515922715,883.28595,873.7142857,736.0125,137.70178569999996,0.1870916400197007,0.1870916400197007,0.5940346974102673,140,False,WITHIN_THRESHOLD
2020-06-16 09:30:00,4135001,3PZuoBAID5Wc2HD,748.0714286,889.5142857,748.0714286,762.7535174287609,839.2846517885,884.2187,889.5142857,748.0714286,141.44285709999997,0.1890766732860087,0.1890766732860087,0.6483868824537441,140,False,WITHIN_THRESHOLD
2020-06-16 09:30:00,4135001,7JYdWkrLSPkdwr4,748.2571429,837.175,748.2571429,751.9683583986844,830.8990773889999,884.52844,837.175,748.2571429,88.91785709999999,0.11883328872128565,0.11883328872128565,0.5905745482895888,140,False,WITHIN_THRESHOLD
2020-06-16 09:30:00,4135001,McdE0feGgRqW7Ca,741.1857143,884.525,741.1857143,755.672046074084,832.9987916734998,883.28595,884.525,741.1857143,143.3392857,0.19339186243676365,0.19339186243676365,0.6677543807186324,140,False,WITHIN_THRESHOLD
2020-06-16 09:30:00,4135001,VHMLBKoKgIrUVDU,732.8714286,869.525,732.8714286,758.6041935069431,833.9149285760001,883.28595,869.525,732.8714286,136.65357140000003,0.18646322679142857,0.18646322679142857,0.6129522180797938,140,False,WITHIN_THRESHOLD
2020-06-16 09:30:00,4135001,WRmjgnKYAwPKWDb,747.5142857,883.0,747.5142857,760.5976285505213,835.3013303650001,883.28595,883.0,747.5142857,135.48571430000004,0.1812483278137303,0.1812483278137303,0.6395407288719102,140,False,WITHIN_THRESHOLD
2020-06-16 09:30:00,4135001,YxYtjZvoooNbGkE,752.85,850.3571429,752.85,749.0751305302965,822.60868453,852.5139,850.3571429,752.85,97.50714289999996,0.12951735790662144,0.12951735790662144,0.621455172419359,140,False,WITHIN_THRESHOLD
2020-06-16 09:30:00,4135001,ZnxXDlPa8U1GXgE,709.9428571,872.6875,709.9428571,752.4272488692664,832.2862381025,884.52844,872.6875,709.9428571,162.74464290000003,0.22923625651335544,0.22923625651335544,0.6533279459118295,140,False,WITHIN_THRESHOLD
2020-06-16 09:30:00,4135001,ZoEaEvLYb1n2sOq,737.875,864.0142857,737.875,747.1070237089434,822.4615059639999,852.5139,864.0142857,737.875,126.13928569999996,0.1709493961714382,0.1709493961714382,0.6312243441917053,140,False,WITHIN_THRESHOLD
2020-06-16 09:30:00,4135001,adLQvlD726eNBSB,732.375,890.9,732.375,759.3720906854522,836.6993571490001,885.0941,890.9,732.375,158.52499999999998,0.2164533196791261,0.2164533196791261,0.5967226324524667,140,False,WITHIN_THRESHOLD
2020-06-16 09:30:00,4135001,bvBOhCH3iADSZry,647.4285714,791.3625,647.4285714,731.87010851953,792.4222589215003,842.99475,791.3625,647.4285714,143.93392859999994,0.2223163063204905,0.2223163063204905,0.7126272967972415,127,False,WITHIN_THRESHOLD
2020-06-16 09:30:00,4135001,iCRJl6heRkivqQ3,755.8142857,871.4875,755.8142857,750.0268546796608,828.9239702474999,884.52844,871.4875,755.8142857,115.67321429999993,0.15304449318904945,0.15304449318904945,0.6313543652927712,140,False,WITHIN_THRESHOLD
2020-06-16 09:30:00,4135001,ih0vzX44oOqAx2f,700.7428571,854.85,700.7428571,743.6758645458727,816.7246279845001,852.90533,854.85,700.7428571,154.10714289999999,0.219919677151997,0.219919677151997,0.6624702585319796,140,False,WITHIN_THRESHOLD
2020-06-16 09:30:00,4135001,pkci93gMrogZuBj,775.2625,869.8571429,775.2625,748.6294456643866,823.8623898904999,852.5139,869.8571429,775.2625,94.59464289999994,0.12201627564857057,0.12201627564857057,0.5863965339011183,140,False,WITHIN_THRESHOLD
2020-06-16 09:30:00,4135001,rGa61gmuvPhdLxV,769.9,874.3857143,769.9,751.9797135992227,832.0880952454999,884.52844,874.3857143,769.9,104.48571430000004,0.1357133579685674,0.1357133579685674,0.6265022920692254,140,False,WITHIN_THRESHOLD
2020-06-16 09:30:00,4135001,sjndEbLyjtCKgGv,724.2571429,864.3125,724.2571429,751.1364824733921,832.1860773915,852.5139,864.3125,724.2571429,140.05535710000004,0.19337794383249574,0.19337794383249574,0.6598785838606678,140,False,WITHIN_THRESHOLD
2020-06-16 09:30:00,4135001,uHbuxQJl8lW7ozc,781.5625,880.2428571,781.5625,750.4832577388984,826.8895952424998,852.5139,880.2428571,781.5625,98.68035710000004,0.1262603529468213,0.1262603529468213,0.6330720359237364,140,False,WITHIN_THRESHOLD
2020-06-16 09:30:00,4135001,wCURE6d3bPkepu2,734.3285714,877.9125,734.3285714,752.8565669977397,830.2399077485,884.52844,877.9125,734.3285714,143.58392860000004,0.19553090291210756,0.19553090291210756,0.6722465763485777,140,False,WITHIN_THRESHOLD
2020-06-16 09:30:00,4135001,z9Y9gH1T5YWrNuG,747.8571429,876.3625,747.8571429,750.345671873568,826.5784166789999,884.52844,876.3625,747.8571429,128.50535709999997,0.17183142304650437,0.17183142304650437,0.686499253670038,140,False,WITHIN_THRESHOLD
2020-06-16 09:30:00,4135001,zBIq5rxdHJRwDNY,736.5285714,853.15,736.5285714,749.7483078635507,829.0029404894998,884.52844,853.15,736.5285714,116.62142859999994,0.15833931381416053,0.15833931381416053,0.6310594990859788,140,False,WITHIN_THRESHOLD
2020-06-16 09:30:00,4135001,zVJPv84UY57bAof,768.4,878.0142857,768.4,749.6775036490338,824.8217023885,852.5139,878.0142857,768.4,109.61428569999998,0.1426526362571577,0.1426526362571577,0.6239543405030045,140,False,WITHIN_THRESHOLD
2020-06-16 09:45:00,4135001,1BY6WEcLGh8j5v7,808.7625,1020.257143,808.7625,808.8031425278726,1019.4332708689992,914.1867,1020.257143,808.7625,211.494643,0.26150401755768843,0.26150401755768843,0.7244052284136537,127,False,WITHIN_THRESHOLD
2020-06-16 09:45:00,4135001,1IF53ai7Xc0U56Y,873.7142857,1157.0375,873.7142857,828.2106931235178,1018.6968303779994,985.39343,1157.0375,873.7142857,283.3232142999999,0.32427444410275125,0.32427444410275125,0.5940346974102673,140,False,WITHIN_THRESHOLD
2020-06-16 09:45:00,4135001,3PZuoBAID5Wc2HD,889.5142857,1096.8,889.5142857,830.8889890250576,1019.4310357409994,984.84607,1096.8,889.5142857,207.2857143,0.23303247360089024,0.23303247360089024,0.6483868824537441,140,False,WITHIN_THRESHOLD
2020-06-16 09:45:00,4135001,7JYdWkrLSPkdwr4,837.175,1130.371429,837.175,828.8710110692258,1017.444663713999,974.36774,1130.371429,837.175,293.1964290000001,0.3502211950906323,0.3502211950906323,0.5905745482895888,140,False,WITHIN_THRESHOLD
2020-06-16 09:45:00,4135001,McdE0feGgRqW7Ca,884.525,1090.6,884.525,830.458102907073,1019.4596488349994,974.9151,1090.6,884.525,206.07499999999993,0.23297815211554218,0.23297815211554218,0.6677543807186324,140,False,WITHIN_THRESHOLD
2020-06-16 09:45:00,4135001,VHMLBKoKgIrUVDU,869.525,1169.214286,869.525,828.631222349471,1019.3744881194996,985.39343,1169.214286,869.525,299.6892859999999,0.3446586193611454,0.3446586193611454,0.6129522180797938,140,False,WITHIN_THRESHOLD
2020-06-16 09:45:00,4135001,WRmjgnKYAwPKWDb,883.0,1112.0,883.0,829.9022819093842,1013.5891428869996,984.84607,1112.0,883.0,229.0,0.25934314835787087,0.25934314835787087,0.6395407288719102,140,False,WITHIN_THRESHOLD
2020-06-16 09:45:00,4135001,YxYtjZvoooNbGkE,850.3571429,1113.625,850.3571429,830.9067722086534,1019.644836337999,971.16296,1113.625,850.3571429,263.2678571,0.3095968079978364,0.3095968079978364,0.621455172419359,140,False,WITHIN_THRESHOLD
2020-06-16 09:45:00,4135001,ZnxXDlPa8U1GXgE,872.6875,1110.6,872.6875,822.0384078465634,1020.0060982414994,971.7103,1110.6,872.6875,237.9124999999999,0.27262049702785923,0.27262049702785923,0.6533279459118295,140,False,WITHIN_THRESHOLD
2020-06-16 09:45:00,4135001,ZoEaEvLYb1n2sOq,864.0142857,1102.0875,864.0142857,825.9771017993637,1018.2640476439988,971.7103,1102.0875,864.0142857,238.07321430000013,0.2755431458024099,0.2755431458024099,0.6312243441917053,140,False,WITHIN_THRESHOLD
2020-06-16 09:45:00,4135001,adLQvlD726eNBSB,890.9,1173.45,890.9,828.813368752415,1022.7498154994994,985.39343,1173.45,890.9,282.55000000000007,0.3171511954203615,0.3171511954203615,0.5967226324524667,140,False,WITHIN_THRESHOLD
2020-06-16 09:45:00,4135001,bvBOhCH3iADSZry,791.3625,983.0428571,791.3625,799.6423473678569,1006.3724821599988,914.1867,983.0428571,791.3625,191.68035710000004,0.24221561812696463,0.24221561812696463,0.7126272967972415,127,False,WITHIN_THRESHOLD
2020-06-16 09:45:00,4135001,iCRJl6heRkivqQ3,871.4875,1087.471429,871.4875,829.3773418233096,1018.075547643999,971.16296,1087.471429,871.4875,215.983929,0.24783365108507008,0.24783365108507008,0.6313543652927712,140,False,WITHIN_THRESHOLD
2020-06-16 09:45:00,4135001,ih0vzX44oOqAx2f,854.85,1043.442857,854.85,815.4812018748967,1013.2458303829994,943.56165,1043.442857,854.85,188.59285699999998,0.2206151453471369,0.2206151453471369,0.6624702585319796,140,False,WITHIN_THRESHOLD
2020-06-16 09:45:00,4135001,pkci93gMrogZuBj,869.8571429,1089.175,869.8571429,832.3429983384502,1017.3532768334992,974.36774,1089.175,869.8571429,219.31785709999997,0.25213089171035646,0.25213089171035646,0.5863965339011183,140,False,WITHIN_THRESHOLD
2020-06-16 09:45:00,4135001,rGa61gmuvPhdLxV,874.3857143,1068.8375,874.3857143,833.8383150439925,1012.5242857554992,971.16296,1068.8375,874.3857143,194.45178570000007,0.22238673679117776,0.22238673679117776,0.6265022920692254,140,False,WITHIN_THRESHOLD
2020-06-16 09:45:00,4135001,sjndEbLyjtCKgGv,864.3125,1124.285714,864.3125,823.9183255525109,1018.4952768074992,971.7103,1124.285714,864.3125,259.9732140000001,0.3007861323306097,0.3007861323306097,0.6598785838606678,140,False,WITHIN_THRESHOLD
2020-06-16 09:45:00,4135001,uHbuxQJl8lW7ozc,880.2428571,1079.2125,880.2428571,837.0158739833063,1021.2257381149996,969.6838,1079.2125,880.2428571,198.96964290000005,0.22603948591586934,0.22603948591586934,0.6330720359237364,140,False,WITHIN_THRESHOLD
2020-06-16 09:45:00,4135001,wCURE6d3bPkepu2,877.9125,1074.914286,877.9125,827.9780139986219,1018.9608809774992,971.7103,1074.914286,877.9125,197.00178599999992,0.22439797360215274,0.22439797360215274,0.6722465763485777,140,False,WITHIN_THRESHOLD
2020-06-16 09:45:00,4135001,z9Y9gH1T5YWrNuG,876.3625,1036.3,876.3625,831.2805576409651,1020.8065684789992,971.16296,1036.3,876.3625,159.9375,0.18250153332667704,0.18250153332667704,0.686499253670038,140,False,WITHIN_THRESHOLD
2020-06-16 09:45:00,4135001,zBIq5rxdHJRwDNY,853.15,1136.414286,853.15,825.2162151501943,1017.4940744249992,971.7103,1136.414286,853.15,283.26428599999997,0.3320216679364707,0.3320216679364707,0.6310594990859788,140,False,WITHIN_THRESHOLD
2020-06-16 09:45:00,4135001,zVJPv84UY57bAof,878.0142857,1083.825,878.0142857,834.3336322692857,1018.797068478499,971.16296,1083.825,878.0142857,205.8107143000001,0.23440474449218873,0.23440474449218873,0.6239543405030045,140,False,WITHIN_THRESHOLD
2020-06-16 10:00:00,4135001,1BY6WEcLGh8j5v7,1020.257143,962.45,1020.257143,964.1646501390796,830.3232023834992,1161.9833,962.45,1020.257143,-57.807142999999996,-0.056659385721154414,0.056659385721154414,0.7244052284136537,127,False,WITHIN_THRESHOLD
2020-06-16 10:00:00,4135001,1IF53ai7Xc0U56Y,1157.0375,1023.857143,1157.0375,989.713363776864,777.3570922779998,1214.4832,1023.857143,1157.0375,-133.18035699999996,-0.11510461588323626,0.11510461588323626,0.5940346974102673,140,False,WITHIN_THRESHOLD
2020-06-16 10:00:00,4135001,3PZuoBAID5Wc2HD,1096.8,1043.071429,1096.8,995.4930621178992,835.1652946419993,1214.4832,1043.071429,1096.8,-53.728570999999874,-0.04898666210795029,0.04898666210795029,0.6483868824537441,140,False,WITHIN_THRESHOLD
2020-06-16 10:00:00,4135001,7JYdWkrLSPkdwr4,1130.371429,922.6,1130.371429,980.8241344416368,800.8796011999993,1209.2151,922.6,1130.371429,-207.771429,-0.18380810384052976,0.18380810384052976,0.5905745482895888,140,False,WITHIN_THRESHOLD
2020-06-16 10:00:00,4135001,McdE0feGgRqW7Ca,1090.6,1054.6625,1090.6,993.7104311623968,822.0803720239995,1212.8063,1054.6625,1090.6,-35.9375,-0.03295204474601137,0.03295204474601137,0.6677543807186324,140,False,WITHIN_THRESHOLD
2020-06-16 10:00:00,4135001,VHMLBKoKgIrUVDU,1169.214286,982.9375,1169.214286,987.727438753334,801.7518214414996,1212.8063,982.9375,1169.214286,-186.2767859999999,-0.15931791822119415,0.15931791822119415,0.6129522180797938,140,False,WITHIN_THRESHOLD
2020-06-16 10:00:00,4135001,WRmjgnKYAwPKWDb,1112.0,1052.214286,1112.0,991.8993515885568,832.2887053629995,1212.8063,1052.214286,1112.0,-59.7857140000001,-0.053764131294964115,0.053764131294964115,0.6395407288719102,140,False,WITHIN_THRESHOLD
2020-06-16 10:00:00,4135001,YxYtjZvoooNbGkE,1113.625,995.1857143,1113.625,983.3949329826356,806.0469107199992,1215.7336,995.1857143,1113.625,-118.43928570000003,-0.10635472955438323,0.10635472955438323,0.621455172419359,140,False,WITHIN_THRESHOLD
2020-06-16 10:00:00,4135001,ZnxXDlPa8U1GXgE,1110.6,1036.05,1110.6,984.9148172515388,773.4239881159997,1212.8063,1036.05,1110.6,-74.54999999999995,-0.06712587790383573,0.06712587790383573,0.6533279459118295,140,False,WITHIN_THRESHOLD
2020-06-16 10:00:00,4135001,ZoEaEvLYb1n2sOq,1102.0875,1033.585714,1102.0875,983.606652588074,808.7054285854994,1211.5636,1033.585714,1102.0875,-68.50178600000004,-0.06215639502308123,0.06215639502308123,0.6312243441917053,140,False,WITHIN_THRESHOLD
2020-06-16 10:00:00,4135001,adLQvlD726eNBSB,1173.45,1040.514286,1173.45,994.4090770274912,821.3638511869996,1214.4832,1040.514286,1173.45,-132.93571399999996,-0.11328621926797047,0.11328621926797047,0.5967226324524667,140,False,WITHIN_THRESHOLD
2020-06-16 10:00:00,4135001,bvBOhCH3iADSZry,983.0428571,966.725,983.0428571,956.8647221064872,837.0704702489991,1161.106,966.725,983.0428571,-16.31785709999997,-0.016599334385214944,0.016599334385214944,0.7126272967972415,127,False,WITHIN_THRESHOLD
2020-06-16 10:00:00,4135001,iCRJl6heRkivqQ3,1087.471429,1030.725,1087.471429,990.3187216321352,783.9214047729997,1212.8063,1030.725,1087.471429,-56.746429000000035,-0.05218199530279341,0.05218199530279341,0.6313543652927712,140,False,WITHIN_THRESHOLD
2020-06-16 10:00:00,4135001,ih0vzX44oOqAx2f,1043.442857,1004.575,1043.442857,978.8835320731924,806.3434791714993,1209.2151,1004.575,1043.442857,-38.86785699999996,-0.03724962679005618,0.03724962679005618,0.6624702585319796,140,False,WITHIN_THRESHOLD
2020-06-16 10:00:00,4135001,pkci93gMrogZuBj,1089.175,1019.942857,1089.175,987.3778240138948,800.9462857269995,1208.6362,1019.942857,1089.175,-69.23214299999995,-0.06356383776711727,0.06356383776711727,0.5863965339011183,140,False,WITHIN_THRESHOLD
2020-06-16 10:00:00,4135001,rGa61gmuvPhdLxV,1068.8375,1022.1,1068.8375,990.0242280386824,780.5370416804998,1208.6362,1022.1,1068.8375,-46.73750000000007,-0.04372741412983738,0.04372741412983738,0.6265022920692254,140,False,WITHIN_THRESHOLD
2020-06-16 10:00:00,4135001,sjndEbLyjtCKgGv,1124.285714,1003.7,1124.285714,986.5841752042556,807.9893065604996,1215.7336,1003.7,1124.285714,-120.58571400000005,-0.10725540002725681,0.10725540002725681,0.6598785838606678,140,False,WITHIN_THRESHOLD
2020-06-16 10:00:00,4135001,uHbuxQJl8lW7ozc,1079.2125,1060.685714,1079.2125,992.5035312776644,820.2962589339993,1212.8063,1060.685714,1079.2125,-18.52678600000013,-0.017166949048496128,0.017166949048496128,0.6330720359237364,140,False,WITHIN_THRESHOLD
2020-06-16 10:00:00,4135001,wCURE6d3bPkepu2,1074.914286,1038.9875,1074.914286,992.338557379511,815.7376845219994,1212.8063,1038.9875,1074.914286,-35.92678599999999,-0.03342293098893654,0.03342293098893654,0.6722465763485777,140,False,WITHIN_THRESHOLD
2020-06-16 10:00:00,4135001,z9Y9gH1T5YWrNuG,1036.3,1055.6375,1036.3,992.6299486860214,787.7080386874998,1206.2877,1055.6375,1036.3,19.33750000000009,0.018660137025957823,0.018660137025957823,0.686499253670038,140,False,WITHIN_THRESHOLD
2020-06-16 10:00:00,4135001,zBIq5rxdHJRwDNY,1136.414286,990.7875,1136.414286,986.3395469338266,809.2147559549995,1215.7336,990.7875,1136.414286,-145.62678599999992,-0.12814586000373454,0.12814586000373454,0.6310594990859788,140,False,WITHIN_THRESHOLD
2020-06-16 10:00:00,4135001,zVJPv84UY57bAof,1083.825,1037.342857,1083.825,990.7654995790956,820.3100238074994,1212.8063,1037.342857,1083.825,-46.48214299999995,-0.04288712937974299,0.04288712937974299,0.6239543405030045,140,False,WITHIN_THRESHOLD
2020-06-16 10:15:00,4135001,1BY6WEcLGh8j5v7,962.45,768.0857143,962.45,952.9086681359064,1050.1112589254997,1168.9738,768.0857143,962.45,-194.3642857000001,-0.20194741098238878,0.20194741098238878,0.7244052284136537,127,False,WITHIN_THRESHOLD
2020-06-16 10:15:00,4135001,1IF53ai7Xc0U56Y,1023.857143,841.1375,1023.857143,996.0336382151812,1044.8256517679993,1145.4348,841.1375,1023.857143,-182.7196429999999,-0.17846204839145213,0.17846204839145213,0.5940346974102673,140,False,WITHIN_THRESHOLD
2020-06-16 10:15:00,4135001,3PZuoBAID5Wc2HD,1043.071429,857.2125,1043.071429,985.6717378901052,1053.997785687499,1153.6736,857.2125,1043.071429,-185.8589290000001,-0.17818427754097757,0.17818427754097757,0.6483868824537441,140,False,WITHIN_THRESHOLD
2020-06-16 10:15:00,4135001,7JYdWkrLSPkdwr4,922.6,816.2285714,922.6,987.2572672719384,1055.696943424999,1140.795,816.2285714,922.6,-106.37142860000006,-0.11529528354649908,0.11529528354649908,0.5905745482895888,140,False,WITHIN_THRESHOLD
2020-06-16 10:15:00,4135001,McdE0feGgRqW7Ca,1054.6625,854.0285714,1054.6625,982.5140371479632,1052.0087291379991,1123.1415,854.0285714,1054.6625,-200.63392859999988,-0.19023519713652462,0.19023519713652462,0.6677543807186324,140,False,WITHIN_THRESHOLD
2020-06-16 10:15:00,4135001,VHMLBKoKgIrUVDU,982.9375,851.5,982.9375,998.159829640376,1044.7999196229994,1146.0356,851.5,982.9375,-131.4375,-0.13371908183378903,0.13371908183378903,0.6129522180797938,140,False,WITHIN_THRESHOLD
2020-06-16 10:15:00,4135001,WRmjgnKYAwPKWDb,1052.214286,852.5625,1052.214286,986.4117386808545,1054.359348190999,1156.2888,852.5625,1052.214286,-199.6517859999999,-0.18974441675656922,0.18974441675656922,0.6395407288719102,140,False,WITHIN_THRESHOLD
2020-06-16 10:15:00,4135001,YxYtjZvoooNbGkE,995.1857143,791.0125,995.1857143,984.8280457242416,1059.6027618809992,1140.795,791.0125,995.1857143,-204.17321429999993,-0.20516091757166408,0.20516091757166408,0.621455172419359,140,False,WITHIN_THRESHOLD
2020-06-16 10:15:00,4135001,ZnxXDlPa8U1GXgE,1036.05,856.3714286,1036.05,981.4938143325058,1059.124764857999,1164.5138,856.3714286,1036.05,-179.6785714,-0.17342654447179193,0.17342654447179193,0.6533279459118295,140,False,WITHIN_THRESHOLD
2020-06-16 10:15:00,4135001,ZoEaEvLYb1n2sOq,1033.585714,817.8875,1033.585714,982.12143499353,1058.3843630814993,1140.795,817.8875,1033.585714,-215.698214,-0.2086892369721743,0.2086892369721743,0.6312243441917053,140,False,WITHIN_THRESHOLD
2020-06-16 10:15:00,4135001,adLQvlD726eNBSB,1040.514286,856.7625,1040.514286,1001.8187131190508,1041.7793035549992,1142.4402,856.7625,1040.514286,-183.75178600000004,-0.17659708133983276,0.17659708133983276,0.5967226324524667,140,False,WITHIN_THRESHOLD
2020-06-16 10:15:00,4135001,bvBOhCH3iADSZry,966.725,781.1714286,966.725,939.986412549106,1063.17005359,1144.3002,781.1714286,966.725,-185.5535714,-0.19194038780418424,0.19194038780418424,0.7126272967972415,127,False,WITHIN_THRESHOLD
2020-06-16 10:15:00,4135001,iCRJl6heRkivqQ3,1030.725,841.5428571,1030.725,982.6174004889727,1050.6254850979992,1140.795,841.5428571,1030.725,-189.18214289999992,-0.18354279065706172,0.18354279065706172,0.6313543652927712,140,False,WITHIN_THRESHOLD
2020-06-16 10:15:00,4135001,ih0vzX44oOqAx2f,1004.575,822.4571429,1004.575,964.4065688541044,1048.6619910814995,1159.7058,822.4571429,1004.575,-182.11785710000004,-0.18128846238459054,0.18128846238459054,0.6624702585319796,140,False,WITHIN_THRESHOLD
2020-06-16 10:15:00,4135001,pkci93gMrogZuBj,1019.942857,801.9625,1019.942857,983.3085616533392,1054.290202352999,1138.3593,801.9625,1019.942857,-217.98035700000003,-0.21371820539157912,0.21371820539157912,0.5863965339011183,140,False,WITHIN_THRESHOLD
2020-06-16 10:15:00,4135001,rGa61gmuvPhdLxV,1022.1,823.4625,1022.1,980.2816304839868,1053.350717242999,1133.7687,823.4625,1022.1,-198.63750000000005,-0.19434253008511893,0.19434253008511893,0.6265022920692254,140,False,WITHIN_THRESHOLD
2020-06-16 10:15:00,4135001,sjndEbLyjtCKgGv,1003.7,846.3285714,1003.7,986.3127229882468,1058.7457618824992,1138.3593,846.3285714,1003.7,-157.37142860000006,-0.15679130078708783,0.15679130078708783,0.6598785838606678,140,False,WITHIN_THRESHOLD
2020-06-16 10:15:00,4135001,uHbuxQJl8lW7ozc,1060.685714,799.7375,1060.685714,982.7487074656664,1047.8166428389989,1133.7687,799.7375,1060.685714,-260.948214,-0.2460184110672391,0.2460184110672391,0.6330720359237364,140,False,WITHIN_THRESHOLD
2020-06-16 10:15:00,4135001,wCURE6d3bPkepu2,1038.9875,838.3428571,1038.9875,977.3793321107114,1052.1758898669991,1137.4113,838.3428571,1038.9875,-200.6446429,-0.19311555037957628,0.19311555037957628,0.6722465763485777,140,False,WITHIN_THRESHOLD
2020-06-16 10:15:00,4135001,z9Y9gH1T5YWrNuG,1055.6375,861.9142857,1055.6375,969.0942959668804,1058.1348303599991,1138.9856,861.9142857,1055.6375,-193.7232143,-0.18351300924796626,0.18351300924796626,0.686499253670038,140,False,WITHIN_THRESHOLD
2020-06-16 10:15:00,4135001,zBIq5rxdHJRwDNY,990.7875,820.4714286,990.7875,992.3528676597488,1057.2486934269991,1132.7355,820.4714286,990.7875,-170.31607140000006,-0.171899697361947,0.171899697361947,0.6310594990859788,140,False,WITHIN_THRESHOLD
2020-06-16 10:15:00,4135001,zVJPv84UY57bAof,1037.342857,801.4375,1037.342857,983.196515328802,1051.2886011729993,1129.0929,801.4375,1037.342857,-235.9053570000001,-0.2274131020502126,0.2274131020502126,0.6239543405030045,140,False,WITHIN_THRESHOLD
2020-06-16 10:30:00,4135001,1BY6WEcLGh8j5v7,768.0857143,842.525,768.0857143,869.917670537641,953.154270838499,977.7282,842.525,768.0857143,74.43928570000003,0.09691533680956528,0.09691533680956528,0.7244052284136537,127,False,WITHIN_THRESHOLD
2020-06-16 10:30:00,4135001,1IF53ai7Xc0U56Y,841.1375,930.9857143,841.1375,903.3201866241384,956.8127112944986,1024.6968,930.9857143,841.1375,89.8482143,0.1068175111679125,0.1068175111679125,0.5940346974102673,140,False,WITHIN_THRESHOLD
2020-06-16 10:30:00,4135001,3PZuoBAID5Wc2HD,857.2125,859.3714286,857.2125,894.1126696435961,975.1705267414987,987.41345,859.3714286,857.2125,2.1589285999999674,0.002518545401519422,0.002518545401519422,0.6483868824537441,140,False,WITHIN_THRESHOLD
2020-06-16 10:30:00,4135001,7JYdWkrLSPkdwr4,816.2285714,899.175,816.2285714,878.8447450975497,961.3514583309984,1019.9025,899.175,816.2285714,82.94642859999999,0.10162156962691198,0.10162156962691198,0.5905745482895888,140,False,WITHIN_THRESHOLD
2020-06-16 10:30:00,4135001,McdE0feGgRqW7Ca,854.0285714,951.25,854.0285714,906.348948961456,967.5834732049988,1001.9744,951.25,854.0285714,97.22142859999997,0.1138386136667839,0.1138386136667839,0.6677543807186324,140,False,WITHIN_THRESHOLD
2020-06-16 10:30:00,4135001,VHMLBKoKgIrUVDU,851.5,914.725,851.5,895.6312781146834,959.834017840999,1036.1133,914.725,851.5,63.22500000000002,0.0742513211978861,0.0742513211978861,0.6129522180797938,140,False,WITHIN_THRESHOLD
2020-06-16 10:30:00,4135001,WRmjgnKYAwPKWDb,852.5625,846.4714286,852.5625,898.6738594042936,972.5420892349993,987.41345,846.4714286,852.5625,-6.0910714000000326,-0.007144428003812075,0.007144428003812075,0.6395407288719102,140,False,WITHIN_THRESHOLD
2020-06-16 10:30:00,4135001,YxYtjZvoooNbGkE,791.0125,881.4285714,791.0125,886.3752463669986,953.0037380844992,991.1636,881.4285714,791.0125,90.41607139999996,0.11430422578657096,0.11430422578657096,0.621455172419359,140,False,WITHIN_THRESHOLD
2020-06-16 10:30:00,4135001,ZnxXDlPa8U1GXgE,856.3714286,957.1375,856.3714286,901.2145531468972,964.8310981989988,1000.1041,957.1375,856.3714286,100.7660714000001,0.11766631631409394,0.11766631631409394,0.6533279459118295,140,False,WITHIN_THRESHOLD
2020-06-16 10:30:00,4135001,ZoEaEvLYb1n2sOq,817.8875,895.5142857,817.8875,894.3571891209733,955.3926577209988,988.5647,895.5142857,817.8875,77.62678569999991,0.09491132423468987,0.09491132423468987,0.6312243441917053,140,False,WITHIN_THRESHOLD
2020-06-16 10:30:00,4135001,adLQvlD726eNBSB,856.7625,915.4857143,856.7625,908.075134707099,974.4643005739988,1019.3602,915.4857143,856.7625,58.723214299999995,0.06854083167739017,0.06854083167739017,0.5967226324524667,140,False,WITHIN_THRESHOLD
2020-06-16 10:30:00,4135001,bvBOhCH3iADSZry,781.1714286,853.4875,781.1714286,866.7840067669539,943.2717112979996,977.4229,853.4875,781.1714286,72.31607139999994,0.09257388167614293,0.09257388167614293,0.7126272967972415,127,False,WITHIN_THRESHOLD
2020-06-16 10:30:00,4135001,iCRJl6heRkivqQ3,841.5428571,961.325,841.5428571,901.0727448601972,965.1029731929988,1001.9744,961.325,841.5428571,119.78214290000005,0.14233635505240397,0.14233635505240397,0.6313543652927712,140,False,WITHIN_THRESHOLD
2020-06-16 10:30:00,4135001,ih0vzX44oOqAx2f,822.4571429,932.675,822.4571429,888.0998863533994,952.283869040499,989.4938,932.675,822.4571429,110.21785709999995,0.13401045641280424,0.13401045641280424,0.6624702585319796,140,False,WITHIN_THRESHOLD
2020-06-16 10:30:00,4135001,pkci93gMrogZuBj,801.9625,949.9857143,801.9625,895.9367537690398,972.7977469884994,996.92017,949.9857143,801.9625,148.02321430000006,0.18457622931246795,0.18457622931246795,0.5863965339011183,140,False,WITHIN_THRESHOLD
2020-06-16 10:30:00,4135001,rGa61gmuvPhdLxV,823.4625,958.9142857,823.4625,896.9026796221503,965.9041696249986,995.37286,958.9142857,823.4625,135.45178570000007,0.16449053320582308,0.16449053320582308,0.6265022920692254,140,False,WITHIN_THRESHOLD
2020-06-16 10:30:00,4135001,sjndEbLyjtCKgGv,846.3285714,930.5375,846.3285714,896.9645025170231,962.0845059464988,1004.3471,930.5375,846.3285714,84.20892860000004,0.09949909697684116,0.09949909697684116,0.6598785838606678,140,False,WITHIN_THRESHOLD
2020-06-16 10:30:00,4135001,uHbuxQJl8lW7ozc,799.7375,943.9,799.7375,903.9331216517228,975.7255862764994,1008.058,943.9,799.7375,144.16250000000002,0.18026227355851143,0.18026227355851143,0.6330720359237364,140,False,WITHIN_THRESHOLD
2020-06-16 10:30:00,4135001,wCURE6d3bPkepu2,838.3428571,950.1375,838.3428571,904.3971041939484,957.5635862939988,1024.0352,950.1375,838.3428571,111.7946429000001,0.13335193584963642,0.13335193584963642,0.6722465763485777,140,False,WITHIN_THRESHOLD
2020-06-16 10:30:00,4135001,z9Y9gH1T5YWrNuG,861.9142857,944.3875,861.9142857,903.2009488973736,964.9356220169988,1001.9744,944.3875,861.9142857,82.4732143,0.09568609740934939,0.09568609740934939,0.686499253670038,140,False,WITHIN_THRESHOLD
2020-06-16 10:30:00,4135001,zBIq5rxdHJRwDNY,820.4714286,946.9625,820.4714286,896.0851236643155,964.9547112969988,1031.6213,946.9625,820.4714286,126.49107140000001,0.154168770527252,0.154168770527252,0.6310594990859788,140,False,WITHIN_THRESHOLD
2020-06-16 10:30:00,4135001,zVJPv84UY57bAof,801.4375,944.4857143,801.4375,904.5760866289198,955.8489255814987,1001.9744,944.4857143,801.4375,143.04821430000004,0.17848954447477194,0.17848954447477194,0.6239543405030045,140,False,WITHIN_THRESHOLD
2020-06-16 10:45:00,4135001,1BY6WEcLGh8j5v7,842.525,1111.228571,842.525,916.269858724724,948.5430535594996,1021.8117,1111.228571,842.525,268.7035710000001,0.31892652562238527,0.31892652562238527,0.7244052284136537,127,False,WITHIN_THRESHOLD
2020-06-16 10:45:00,4135001,1IF53ai7Xc0U56Y,930.9857143,1137.328571,930.9857143,953.0141108598896,982.1284196480004,1030.9023,1137.328571,930.9857143,206.34285669999997,0.22163912241676806,0.22163912241676806,0.5940346974102673,140,False,WITHIN_THRESHOLD
2020-06-16 10:45:00,4135001,3PZuoBAID5Wc2HD,859.3714286,1074.7875,859.3714286,944.1594702513474,994.4494910740008,1035.486,1074.7875,859.3714286,215.41607139999996,0.2506670157174457,0.2506670157174457,0.6483868824537441,140,False,WITHIN_THRESHOLD
2020-06-16 10:45:00,4135001,7JYdWkrLSPkdwr4,899.175,1079.628571,899.175,938.6554245171224,986.3568660705004,996.0648,1079.628571,899.175,180.453571,0.2006879317151834,0.2006879317151834,0.5905745482895888,140,False,WITHIN_THRESHOLD
2020-06-16 10:45:00,4135001,McdE0feGgRqW7Ca,951.25,1205.042857,951.25,952.3728807805912,982.7478392895002,1053.9238,1205.042857,951.25,253.7928569999999,0.2667993240473061,0.2667993240473061,0.6677543807186324,140,False,WITHIN_THRESHOLD
2020-06-16 10:45:00,4135001,VHMLBKoKgIrUVDU,914.725,1111.471429,914.725,954.772558788554,984.2086964285004,999.11053,1111.471429,914.725,196.74642899999992,0.21508806362567975,0.21508806362567975,0.6129522180797938,140,False,WITHIN_THRESHOLD
2020-06-16 10:45:00,4135001,WRmjgnKYAwPKWDb,846.4714286,1032.75,846.4714286,944.3506504915608,1009.9357946450008,1035.486,1032.75,846.4714286,186.27857140000003,0.22006480680404153,0.22006480680404153,0.6395407288719102,140,False,WITHIN_THRESHOLD
2020-06-16 10:45:00,4135001,YxYtjZvoooNbGkE,881.4285714,1192.375,881.4285714,926.487228497461,1001.5020982105004,1041.6477,1192.375,881.4285714,310.9464286,0.35277552678615154,0.35277552678615154,0.621455172419359,140,False,WITHIN_THRESHOLD
2020-06-16 10:45:00,4135001,ZnxXDlPa8U1GXgE,957.1375,1194.714286,957.1375,952.6431066588992,984.8770000035004,1053.9238,1194.714286,957.1375,237.57678599999986,0.24821594180564427,0.24821594180564427,0.6533279459118295,140,False,WITHIN_THRESHOLD
2020-06-16 10:45:00,4135001,ZoEaEvLYb1n2sOq,895.5142857,1119.475,895.5142857,938.57711192777,981.5739821445012,1037.354,1119.475,895.5142857,223.96071429999995,0.2500917270403294,0.2500917270403294,0.6312243441917053,140,False,WITHIN_THRESHOLD
2020-06-16 10:45:00,4135001,adLQvlD726eNBSB,915.4857143,1124.785714,915.4857143,958.6128979254544,982.9417142910002,1033.8613,1124.785714,915.4857143,209.29999970000006,0.22862180854458808,0.22862180854458808,0.5967226324524667,140,False,WITHIN_THRESHOLD
2020-06-16 10:45:00,4135001,bvBOhCH3iADSZry,853.4875,1024.028571,853.4875,916.5213945931376,945.0248035684996,1018.7572,1024.028571,853.4875,170.5410710000001,0.19981671787811786,0.19981671787811786,0.7126272967972415,127,False,WITHIN_THRESHOLD
2020-06-16 10:45:00,4135001,iCRJl6heRkivqQ3,961.325,1204.328571,961.325,950.5805277859876,984.8450714345004,1046.3126,1204.328571,961.325,243.00357099999997,0.25277983096247364,0.25277983096247364,0.6313543652927712,140,False,WITHIN_THRESHOLD
2020-06-16 10:45:00,4135001,ih0vzX44oOqAx2f,932.675,1157.371429,932.675,939.4609540427904,982.5982321485006,1030.2598,1157.371429,932.675,224.69642900000008,0.24091610582464426,0.24091610582464426,0.6624702585319796,140,False,WITHIN_THRESHOLD
2020-06-16 10:45:00,4135001,pkci93gMrogZuBj,949.9857143,1122.8875,949.9857143,934.3660528786296,981.2217589380008,1041.2877,1122.8875,949.9857143,172.9017857,0.18200461659300132,0.18200461659300132,0.5863965339011183,140,False,WITHIN_THRESHOLD
2020-06-16 10:45:00,4135001,rGa61gmuvPhdLxV,958.9142857,1108.5375,958.9142857,938.8713702281354,989.7901964350008,1036.994,1108.5375,958.9142857,149.62321429999986,0.1560339819014961,0.1560339819014961,0.6265022920692254,140,False,WITHIN_THRESHOLD
2020-06-16 10:45:00,4135001,sjndEbLyjtCKgGv,930.5375,1186.842857,930.5375,949.547212774945,984.4418482180004,1055.7919,1186.842857,930.5375,256.3053570000001,0.27543796676651944,0.27543796676651944,0.6598785838606678,140,False,WITHIN_THRESHOLD
2020-06-16 10:45:00,4135001,uHbuxQJl8lW7ozc,943.9,1121.1125,943.9,939.264048712226,979.0131250095004,1058.8395,1121.1125,943.9,177.21249999999998,0.18774499417311155,0.18774499417311155,0.6330720359237364,140,False,WITHIN_THRESHOLD
2020-06-16 10:45:00,4135001,wCURE6d3bPkepu2,950.1375,1196.571429,950.1375,950.1442552090076,984.0429910775006,1008.82776,1196.571429,950.1375,246.43392900000003,0.2593665958874374,0.2593665958874374,0.6722465763485777,140,False,WITHIN_THRESHOLD
2020-06-16 10:45:00,4135001,z9Y9gH1T5YWrNuG,944.3875,1143.542857,944.3875,950.0236357967548,985.5939464340004,1055.7919,1143.542857,944.3875,199.15535699999987,0.21088309301001956,0.21088309301001956,0.686499253670038,140,False,WITHIN_THRESHOLD
2020-06-16 10:45:00,4135001,zBIq5rxdHJRwDNY,946.9625,1202.328571,946.9625,946.8361098426518,987.5627857200004,1018.47394,1202.328571,946.9625,255.36607100000003,0.2696686204575155,0.2696686204575155,0.6310594990859788,140,False,WITHIN_THRESHOLD
2020-06-16 10:45:00,4135001,zVJPv84UY57bAof,944.4857143,1126.9875,944.4857143,938.2997171539024,978.6784553680004,1062.9175,1126.9875,944.4857143,182.5017856999999,0.19322874124703943,0.19322874124703943,0.6239543405030045,140,False,WITHIN_THRESHOLD
2020-06-16 11:00:00,4135001,1BY6WEcLGh8j5v7,1111.228571,813.0,1111.228571,1076.4690804558686,719.8208393289997,1112.0972,813.0,1111.228571,-298.2285710000001,-0.26837734268443325,0.26837734268443325,0.7244052284136537,127,False,WITHIN_THRESHOLD
2020-06-16 11:00:00,4135001,1IF53ai7Xc0U56Y,1137.328571,855.7625,1137.328571,1111.516387827415,737.648616073,1074.2189,855.7625,1137.328571,-281.56607099999997,-0.24756792204070988,0.24756792204070988,0.5940346974102673,140,False,WITHIN_THRESHOLD
2020-06-16 11:00:00,4135001,3PZuoBAID5Wc2HD,1074.7875,877.7571429,1074.7875,1085.502305031783,730.129869046,1078.8096,877.7571429,1074.7875,-197.03035709999995,-0.18332029084819088,0.18332029084819088,0.6483868824537441,140,False,WITHIN_THRESHOLD
2020-06-16 11:00:00,4135001,7JYdWkrLSPkdwr4,1079.628571,790.175,1079.628571,1089.7527628324633,729.6963928705,1093.7504,790.175,1079.628571,-289.453571,-0.26810477119172127,0.26810477119172127,0.5905745482895888,140,False,WITHIN_THRESHOLD
2020-06-16 11:00:00,4135001,McdE0feGgRqW7Ca,1205.042857,809.9875,1205.042857,1112.9529785593013,728.6965178700002,1111.484,809.9875,1205.042857,-395.05535699999996,-0.3278351095192625,0.3278351095192625,0.6677543807186324,140,False,WITHIN_THRESHOLD
2020-06-16 11:00:00,4135001,VHMLBKoKgIrUVDU,1111.471429,832.125,1111.471429,1105.9155784145262,737.5606071584998,1081.5479,832.125,1111.471429,-279.34642899999994,-0.25133028318265477,0.25133028318265477,0.6129522180797938,140,False,WITHIN_THRESHOLD
2020-06-16 11:00:00,4135001,WRmjgnKYAwPKWDb,1032.75,850.8714286,1032.75,1083.6190364777958,730.7118601270001,1075.9386,850.8714286,1032.75,-181.87857140000006,-0.17611093817477613,0.17611093817477613,0.6395407288719102,140,False,WITHIN_THRESHOLD
2020-06-16 11:00:00,4135001,YxYtjZvoooNbGkE,1192.375,865.4,1192.375,1083.2662411410524,727.716017867,1079.0675,865.4,1192.375,-326.975,-0.274221616521648,0.274221616521648,0.621455172419359,140,False,WITHIN_THRESHOLD
2020-06-16 11:00:00,4135001,ZnxXDlPa8U1GXgE,1194.714286,837.65,1194.714286,1114.4998638263128,727.8850803715002,1102.3782,837.65,1194.714286,-357.0642859999999,-0.29887002288679415,0.29887002288679415,0.6533279459118295,140,False,WITHIN_THRESHOLD
2020-06-16 11:00:00,4135001,ZoEaEvLYb1n2sOq,1119.475,855.8857143,1119.475,1091.0282865659472,730.3260267844998,1098.6934,855.8857143,1119.475,-263.5892856999999,-0.23545794743071521,0.23545794743071521,0.6312243441917053,140,False,WITHIN_THRESHOLD
2020-06-16 11:00:00,4135001,adLQvlD726eNBSB,1124.785714,864.2625,1124.785714,1111.2391198027583,741.2217678615,1065.9999,864.2625,1124.785714,-260.52321400000005,-0.2316203084350341,0.2316203084350341,0.5967226324524667,140,False,WITHIN_THRESHOLD
2020-06-16 11:00:00,4135001,bvBOhCH3iADSZry,1024.028571,790.1625,1024.028571,1078.4161521123056,723.4830536029997,1070.5739,790.1625,1024.028571,-233.86607100000003,-0.22837846288958671,0.22837846288958671,0.7126272967972415,127,False,WITHIN_THRESHOLD
2020-06-16 11:00:00,4135001,iCRJl6heRkivqQ3,1204.328571,805.775,1204.328571,1111.0617575396036,726.6250803715001,1077.8978,805.775,1204.328571,-398.55357100000003,-0.33093424883963835,0.33093424883963835,0.6313543652927712,140,False,WITHIN_THRESHOLD
2020-06-16 11:00:00,4135001,ih0vzX44oOqAx2f,1157.371429,800.4875,1157.371429,1099.3921171729448,706.4778839539996,1078.2638,800.4875,1157.371429,-356.8839290000001,-0.308357300048747,0.308357300048747,0.6624702585319796,140,False,WITHIN_THRESHOLD
2020-06-16 11:00:00,4135001,pkci93gMrogZuBj,1122.8875,815.3,1122.8875,1100.274466377995,729.9331696449999,1077.5853,815.3,1122.8875,-307.5875000000001,-0.2739254822945309,0.2739254822945309,0.5863965339011183,140,False,WITHIN_THRESHOLD
2020-06-16 11:00:00,4135001,rGa61gmuvPhdLxV,1108.5375,789.4,1108.5375,1105.5975731725623,709.5726071654998,1077.8978,789.4,1108.5375,-319.13749999999993,-0.2878905765479291,0.2878905765479291,0.6265022920692254,140,False,WITHIN_THRESHOLD
2020-06-16 11:00:00,4135001,sjndEbLyjtCKgGv,1186.842857,778.8875,1186.842857,1104.3243194322745,730.575053587,1089.1102,778.8875,1186.842857,-407.95535700000005,-0.34373156866882504,0.34373156866882504,0.6598785838606678,140,False,WITHIN_THRESHOLD
2020-06-16 11:00:00,4135001,uHbuxQJl8lW7ozc,1121.1125,792.3714286,1121.1125,1100.4902068294728,714.2202678779998,1077.5853,792.3714286,1121.1125,-328.7410714,-0.2932275497775647,0.2932275497775647,0.6330720359237364,140,False,WITHIN_THRESHOLD
2020-06-16 11:00:00,4135001,wCURE6d3bPkepu2,1196.571429,816.35,1196.571429,1110.1829786351627,713.5304232519999,1096.2229,816.35,1196.571429,-380.22142900000006,-0.31775907378781315,0.31775907378781315,0.6722465763485777,140,False,WITHIN_THRESHOLD
2020-06-16 11:00:00,4135001,z9Y9gH1T5YWrNuG,1143.542857,824.625,1143.542857,1110.5371001243952,711.3588250394998,1096.2229,824.625,1143.542857,-318.9178569999999,-0.2788857934338004,0.2788857934338004,0.686499253670038,140,False,WITHIN_THRESHOLD
2020-06-16 11:00:00,4135001,zBIq5rxdHJRwDNY,1202.328571,794.1125,1202.328571,1109.1241086018035,731.0108660885,1082.4973,794.1125,1202.328571,-408.21607100000006,-0.339521226431872,0.339521226431872,0.6310594990859788,140,False,WITHIN_THRESHOLD
2020-06-16 11:00:00,4135001,zVJPv84UY57bAof,1126.9875,808.9142857,1126.9875,1100.189806648797,728.7567142864999,1077.5853,808.9142857,1126.9875,-318.0732142999999,-0.2822331341740702,0.2822331341740702,0.6239543405030045,140,False,WITHIN_THRESHOLD
2020-06-16 11:15:00,4135001,1BY6WEcLGh8j5v7,813.0,549.4142857,813.0,878.6602393568725,1005.7586845464988,888.783,549.4142857,813.0,-263.58571429999995,-0.32421367072570717,0.32421367072570717,0.7244052284136537,127,False,WITHIN_THRESHOLD
2020-06-16 11:15:00,4135001,1IF53ai7Xc0U56Y,855.7625,595.5,855.7625,892.6425932149709,1015.9460208604996,933.26,595.5,855.7625,-260.26250000000005,-0.3041293583207958,0.3041293583207958,0.5940346974102673,140,False,WITHIN_THRESHOLD
2020-06-16 11:15:00,4135001,3PZuoBAID5Wc2HD,877.7571429,635.225,877.7571429,874.1627507960667,1011.8876369334996,933.1583,635.225,877.7571429,-242.53214289999994,-0.2763089367734497,0.2763089367734497,0.6483868824537441,140,False,WITHIN_THRESHOLD
2020-06-16 11:15:00,4135001,7JYdWkrLSPkdwr4,790.175,591.3,790.175,871.7869159138115,1008.2508869464988,940.82263,591.3,790.175,-198.875,-0.2516847533774164,0.2516847533774164,0.5905745482895888,140,False,WITHIN_THRESHOLD
2020-06-16 11:15:00,4135001,McdE0feGgRqW7Ca,809.9875,571.4142857,809.9875,916.6364051283358,1015.6540952765,956.6053,571.4142857,809.9875,-238.5732142999999,-0.2945393778299047,0.2945393778299047,0.6677543807186324,140,False,WITHIN_THRESHOLD
2020-06-16 11:15:00,4135001,VHMLBKoKgIrUVDU,832.125,616.1,832.125,884.3899340092801,1007.5120208664996,933.72253,616.1,832.125,-216.02499999999998,-0.2596064293225176,0.2596064293225176,0.6129522180797938,140,False,WITHIN_THRESHOLD
2020-06-16 11:15:00,4135001,WRmjgnKYAwPKWDb,850.8714286,640.6375,850.8714286,864.870415891605,1012.0724940644996,930.0537,640.6375,850.8714286,-210.2339285999999,-0.2470807239889497,0.2470807239889497,0.6395407288719102,140,False,WITHIN_THRESHOLD
2020-06-16 11:15:00,4135001,YxYtjZvoooNbGkE,865.4,616.5,865.4,895.4806878265002,1006.7765000409994,946.62494,616.5,865.4,-248.89999999999998,-0.2876126646637393,0.2876126646637393,0.621455172419359,140,False,WITHIN_THRESHOLD
2020-06-16 11:15:00,4135001,ZnxXDlPa8U1GXgE,837.65,581.5571429,837.65,911.0450378795096,1013.493110158,946.7147,581.5571429,837.65,-256.09285709999995,-0.3057277587297797,0.3057277587297797,0.6533279459118295,140,False,WITHIN_THRESHOLD
2020-06-16 11:15:00,4135001,ZoEaEvLYb1n2sOq,855.8857143,604.0875,855.8857143,888.2810448288071,1008.1123482469994,936.05646,604.0875,855.8857143,-251.79821430000004,-0.29419607091577327,0.29419607091577327,0.6312243441917053,140,False,WITHIN_THRESHOLD
2020-06-16 11:15:00,4135001,adLQvlD726eNBSB,864.2625,612.4142857,864.2625,890.6103506782575,1012.5630208604996,935.59393,612.4142857,864.2625,-251.8482143,-0.29140245504114776,0.29140245504114776,0.5967226324524667,140,False,WITHIN_THRESHOLD
2020-06-16 11:15:00,4135001,bvBOhCH3iADSZry,790.1625,543.6571429,790.1625,861.4059829093951,983.0766666509992,877.92053,543.6571429,790.1625,-246.50535709999997,-0.31196792697704584,0.31196792697704584,0.7126272967972415,127,False,WITHIN_THRESHOLD
2020-06-16 11:15:00,4135001,iCRJl6heRkivqQ3,805.775,564.3857143,805.775,914.697833566114,1018.8261458735,958.4567,564.3857143,805.775,-241.38928569999996,-0.2995740569017405,0.2995740569017405,0.6313543652927712,140,False,WITHIN_THRESHOLD
2020-06-16 11:15:00,4135001,ih0vzX44oOqAx2f,800.4875,554.5285714,800.4875,896.4899147766987,1009.4324821719996,904.60675,554.5285714,800.4875,-245.95892859999992,-0.3072614233201642,0.3072614233201642,0.6624702585319796,140,False,WITHIN_THRESHOLD
2020-06-16 11:15:00,4135001,pkci93gMrogZuBj,815.3,574.8375,815.3,889.9428866315006,1013.5454464604996,933.26,574.8375,815.3,-240.46249999999998,-0.294937446338771,0.294937446338771,0.5863965339011183,140,False,WITHIN_THRESHOLD
2020-06-16 11:15:00,4135001,rGa61gmuvPhdLxV,789.4,555.1285714,789.4,891.2329475988694,1010.7173155104996,943.1506,555.1285714,789.4,-234.27142859999992,-0.29677150823410176,0.29677150823410176,0.6265022920692254,140,False,WITHIN_THRESHOLD
2020-06-16 11:15:00,4135001,sjndEbLyjtCKgGv,778.8875,570.9142857,778.8875,906.6557440220992,1006.1473869384996,951.8829,570.9142857,778.8875,-207.9732143,-0.2670131621062092,0.2670131621062092,0.6598785838606678,140,False,WITHIN_THRESHOLD
2020-06-16 11:15:00,4135001,uHbuxQJl8lW7ozc,792.3714286,573.7875,792.3714286,888.2142898292252,1010.0545476589996,931.40857,573.7875,792.3714286,-218.58392859999992,-0.2758604370505945,0.2758604370505945,0.6330720359237364,140,False,WITHIN_THRESHOLD
2020-06-16 11:15:00,4135001,wCURE6d3bPkepu2,816.35,567.5857143,816.35,910.3696227837576,1016.0388601525,942.8532,567.5857143,816.35,-248.76428570000007,-0.3047274890671894,0.3047274890671894,0.6722465763485777,140,False,WITHIN_THRESHOLD
2020-06-16 11:15:00,4135001,z9Y9gH1T5YWrNuG,824.625,547.0142857,824.625,903.0314882849452,1011.1765297979998,941.29913,547.0142857,824.625,-277.61071430000004,-0.3366508586327119,0.3366508586327119,0.686499253670038,140,False,WITHIN_THRESHOLD
2020-06-16 11:15:00,4135001,zBIq5rxdHJRwDNY,794.1125,572.1,794.1125,909.1116743641392,1015.1292976514997,954.5952,572.1,794.1125,-222.01249999999993,-0.27957310834422067,0.27957310834422067,0.6310594990859788,140,False,WITHIN_THRESHOLD
2020-06-16 11:15:00,4135001,zVJPv84UY57bAof,808.9142857,542.3142857,808.9142857,891.2372077029394,1008.4564107459996,931.40857,542.3142857,808.9142857,-266.6,-0.3295775642895164,0.3295775642895164,0.6239543405030045,140,False,WITHIN_THRESHOLD
2020-06-16 11:30:00,4135001,1BY6WEcLGh8j5v7,549.4142857,719.85,549.4142857,706.6355843606484,601.2983095319996,826.1412,719.85,549.4142857,170.43571429999997,0.3102134741233576,0.3102134741233576,0.7244052284136537,127,False,WITHIN_THRESHOLD
2020-06-16 11:30:00,4135001,1IF53ai7Xc0U56Y,595.5,769.95,595.5,720.6763679351131,650.5348839330001,825.3965,769.95,595.5,174.45000000000005,0.29294710327455925,0.29294710327455925,0.5940346974102673,140,False,WITHIN_THRESHOLD
2020-06-16 11:30:00,4135001,3PZuoBAID5Wc2HD,635.225,795.6428571,635.225,714.4084239552632,648.3959553615001,812.198,795.6428571,635.225,160.4178571,0.25253706497697664,0.25253706497697664,0.6483868824537441,140,False,WITHIN_THRESHOLD
2020-06-16 11:30:00,4135001,7JYdWkrLSPkdwr4,591.3,727.525,591.3,697.6719912830226,625.633705361,822.4747,727.525,591.3,136.22500000000002,0.23038220869271103,0.23038220869271103,0.5905745482895888,140,False,WITHIN_THRESHOLD
2020-06-16 11:30:00,4135001,McdE0feGgRqW7Ca,571.4142857,732.2375,571.4142857,717.8833278606594,666.8088839324998,821.2264,732.2375,571.4142857,160.8232142999999,0.28144766122356657,0.28144766122356657,0.6677543807186324,140,False,WITHIN_THRESHOLD
2020-06-16 11:30:00,4135001,VHMLBKoKgIrUVDU,616.1,755.675,616.1,712.5503875798537,653.8470000050002,821.2264,755.675,616.1,139.57499999999993,0.2265460152572633,0.2265460152572633,0.6129522180797938,140,False,WITHIN_THRESHOLD
2020-06-16 11:30:00,4135001,WRmjgnKYAwPKWDb,640.6375,798.5571429,640.6375,703.8409004294545,646.9646607185002,825.3965,798.5571429,640.6375,157.91964289999999,0.2465039010360773,0.2465039010360773,0.6395407288719102,140,False,WITHIN_THRESHOLD
2020-06-16 11:30:00,4135001,YxYtjZvoooNbGkE,616.5,725.1571429,616.5,718.4410362562609,614.477607149,816.18317,725.1571429,616.5,108.65714290000005,0.17624840697485816,0.17624840697485816,0.621455172419359,140,False,WITHIN_THRESHOLD
2020-06-16 11:30:00,4135001,ZnxXDlPa8U1GXgE,581.5571429,736.875,581.5571429,726.5014937062363,655.9141607174997,821.2264,736.875,581.5571429,155.31785709999997,0.26707239176100567,0.26707239176100567,0.6533279459118295,140,False,WITHIN_THRESHOLD
2020-06-16 11:30:00,4135001,ZoEaEvLYb1n2sOq,604.0875,720.8714286,604.0875,714.4404143735583,623.6070357195,807.74164,720.8714286,604.0875,116.78392859999997,0.19332286895524237,0.19332286895524237,0.6312243441917053,140,False,WITHIN_THRESHOLD
2020-06-16 11:30:00,4135001,adLQvlD726eNBSB,612.4142857,784.6125,612.4142857,719.8577628441927,658.8126964335002,806.222,784.6125,612.4142857,172.1982142999999,0.2811792904262094,0.2811792904262094,0.5967226324524667,140,False,WITHIN_THRESHOLD
2020-06-16 11:30:00,4135001,bvBOhCH3iADSZry,543.6571429,702.6,543.6571429,695.4153929078718,605.4622410794994,809.36206,702.6,543.6571429,158.94285709999997,0.29235862928639167,0.29235862928639167,0.7126272967972415,127,False,WITHIN_THRESHOLD
2020-06-16 11:30:00,4135001,iCRJl6heRkivqQ3,564.3857143,723.4,564.3857143,715.906963640057,661.3581339319999,821.2264,723.4,564.3857143,159.01428569999996,0.2817475383784709,0.2817475383784709,0.6313543652927712,140,False,WITHIN_THRESHOLD
2020-06-16 11:30:00,4135001,ih0vzX44oOqAx2f,554.5285714,716.1875,554.5285714,713.3940611815025,629.9633660755001,826.1639,716.1875,554.5285714,161.65892859999997,0.2915249762367789,0.2915249762367789,0.6624702585319796,140,False,WITHIN_THRESHOLD
2020-06-16 11:30:00,4135001,pkci93gMrogZuBj,574.8375,702.7,574.8375,711.0498527543884,617.3135446465002,823.09906,702.7,574.8375,127.86250000000007,0.222432426555331,0.222432426555331,0.5863965339011183,140,False,WITHIN_THRESHOLD
2020-06-16 11:30:00,4135001,rGa61gmuvPhdLxV,555.1285714,715.15,555.1285714,702.2404187635925,637.5904910754999,826.41327,715.15,555.1285714,160.02142859999992,0.28826011998704326,0.28826011998704326,0.6265022920692254,140,False,WITHIN_THRESHOLD
2020-06-16 11:30:00,4135001,sjndEbLyjtCKgGv,570.9142857,716.9875,570.9142857,710.1815345684367,660.7166785760002,830.1294,716.9875,570.9142857,146.0732142999999,0.25585839758922657,0.25585839758922657,0.6598785838606678,140,False,WITHIN_THRESHOLD
2020-06-16 11:30:00,4135001,uHbuxQJl8lW7ozc,573.7875,720.8285714,573.7875,703.6664629233437,620.186767861,831.45886,720.8285714,573.7875,147.04107139999996,0.25626398518615334,0.25626398518615334,0.6330720359237364,140,False,WITHIN_THRESHOLD
2020-06-16 11:30:00,4135001,wCURE6d3bPkepu2,567.5857143,750.0571429,567.5857143,721.5056895916533,651.3509107169999,825.3965,750.0571429,567.5857143,182.47142860000008,0.3214870001177549,0.3214870001177549,0.6722465763485777,140,False,WITHIN_THRESHOLD
2020-06-16 11:30:00,4135001,z9Y9gH1T5YWrNuG,547.0142857,738.1428571,547.0142857,715.4692412048313,654.0014464330001,821.2264,738.1428571,547.0142857,191.12857140000006,0.34940325398525524,0.34940325398525524,0.686499253670038,140,False,WITHIN_THRESHOLD
2020-06-16 11:30:00,4135001,zBIq5rxdHJRwDNY,572.1,731.8875,572.1,712.7350583216779,633.2545000050002,826.41327,731.8875,572.1,159.78750000000002,0.27929994756161514,0.27929994756161514,0.6310594990859788,140,False,WITHIN_THRESHOLD
2020-06-16 11:30:00,4135001,zVJPv84UY57bAof,542.3142857,725.7375,542.3142857,706.0865289121741,622.4679821485001,822.74603,725.7375,542.3142857,183.42321429999993,0.3382230915478167,0.3382230915478167,0.6239543405030045,140,False,WITHIN_THRESHOLD
2020-06-16 11:45:00,4135001,1BY6WEcLGh8j5v7,719.85,310.8142857,719.85,711.4597147954514,837.4595476339997,849.48193,310.8142857,719.85,-409.0357143,-0.5682235386538862,0.5682235386538862,0.7244052284136537,127,False,WITHIN_THRESHOLD
2020-06-16 11:45:00,4135001,1IF53ai7Xc0U56Y,769.95,333.0857143,769.95,723.9099486565549,851.8765238274995,870.92084,333.0857143,769.95,-436.86428570000004,-0.5673930588999286,0.5673930588999286,0.5940346974102673,140,False,WITHIN_THRESHOLD
2020-06-16 11:45:00,4135001,3PZuoBAID5Wc2HD,795.6428571,339.5125,795.6428571,728.3536449600319,857.8399047804998,863.49274,339.5125,795.6428571,-456.1303571,-0.5732853038642581,0.5732853038642581,0.6483868824537441,140,False,WITHIN_THRESHOLD
2020-06-16 11:45:00,4135001,7JYdWkrLSPkdwr4,727.525,319.7,727.525,718.8418886483198,854.5038779899993,861.0782,319.7,727.525,-407.825,-0.5605649290402391,0.5605649290402391,0.5905745482895888,140,False,WITHIN_THRESHOLD
2020-06-16 11:45:00,4135001,McdE0feGgRqW7Ca,732.2375,328.6285714,732.2375,723.7774721672403,853.4817202534994,877.3059,328.6285714,732.2375,-403.60892859999996,-0.5511994791307465,0.5511994791307465,0.6677543807186324,140,False,WITHIN_THRESHOLD
2020-06-16 11:45:00,4135001,VHMLBKoKgIrUVDU,755.675,328.9142857,755.675,728.0394780298755,856.6152916889997,868.5115,328.9142857,755.675,-426.76071429999996,-0.5647410782413074,0.5647410782413074,0.6129522180797938,140,False,WITHIN_THRESHOLD
2020-06-16 11:45:00,4135001,WRmjgnKYAwPKWDb,798.5571429,338.275,798.5571429,724.2711218437973,857.5241815660002,850.87103,338.275,798.5571429,-460.28214290000005,-0.5763922431755635,0.5763922431755635,0.6395407288719102,140,False,WITHIN_THRESHOLD
2020-06-16 11:45:00,4135001,YxYtjZvoooNbGkE,725.1571429,330.9625,725.1571429,739.5797277634222,864.9815595464997,864.108,330.9625,725.1571429,-394.1946429000001,-0.5435989243980459,0.5435989243980459,0.621455172419359,140,False,WITHIN_THRESHOLD
2020-06-16 11:45:00,4135001,ZnxXDlPa8U1GXgE,736.875,329.2714286,736.875,725.9055074303024,852.8889345399995,873.1358,329.2714286,736.875,-407.6035714,-0.5531515812044105,0.5531515812044105,0.6533279459118295,140,False,WITHIN_THRESHOLD
2020-06-16 11:45:00,4135001,ZoEaEvLYb1n2sOq,720.8714286,329.7,720.8714286,726.9084778906542,858.0008452504994,866.7131,329.7,720.8714286,-391.17142859999996,-0.5426368879117481,0.5426368879117481,0.6312243441917053,140,False,WITHIN_THRESHOLD
2020-06-16 11:45:00,4135001,adLQvlD726eNBSB,784.6125,337.3714286,784.6125,723.8319946971551,853.9808988249995,869.4972,337.3714286,784.6125,-447.24107139999995,-0.5700152258598989,0.5700152258598989,0.5967226324524667,140,False,WITHIN_THRESHOLD
2020-06-16 11:45:00,4135001,bvBOhCH3iADSZry,702.6,305.0571429,702.6,702.1013699906197,830.0432619264997,846.2375,305.0571429,702.6,-397.54285710000005,-0.5658167621690863,0.5658167621690863,0.7126272967972415,127,False,WITHIN_THRESHOLD
2020-06-16 11:45:00,4135001,iCRJl6heRkivqQ3,723.4,329.0857143,723.4,723.0533942097516,852.9032738264993,881.0786,329.0857143,723.4,-394.31428569999997,-0.5450847189659939,0.5450847189659939,0.6313543652927712,140,False,WITHIN_THRESHOLD
2020-06-16 11:45:00,4135001,ih0vzX44oOqAx2f,716.1875,318.6285714,716.1875,714.8703385078367,848.0070119254991,862.83875,318.6285714,716.1875,-397.5589286,-0.5551045342176455,0.5551045342176455,0.6624702585319796,140,False,WITHIN_THRESHOLD
2020-06-16 11:45:00,4135001,pkci93gMrogZuBj,702.7,337.95,702.7,726.2596914140294,875.3765059759996,874.48346,337.95,702.7,-364.75000000000006,-0.5190693041127081,0.5190693041127081,0.5863965339011183,140,False,WITHIN_THRESHOLD
2020-06-16 11:45:00,4135001,rGa61gmuvPhdLxV,715.15,331.0142857,715.15,713.1056898120668,848.2885654964994,870.6257,331.0142857,715.15,-384.13571429999996,-0.5371400605467385,0.5371400605467385,0.6265022920692254,140,False,WITHIN_THRESHOLD
2020-06-16 11:45:00,4135001,sjndEbLyjtCKgGv,716.9875,323.3,716.9875,717.6506564592513,851.4632827599995,868.15845,323.3,716.9875,-393.68749999999994,-0.5490855837793546,0.5490855837793546,0.6598785838606678,140,False,WITHIN_THRESHOLD
2020-06-16 11:45:00,4135001,uHbuxQJl8lW7ozc,720.8285714,343.725,720.8285714,720.2796271591975,865.4223958624993,865.53174,343.725,720.8285714,-377.10357139999996,-0.5231529192406814,0.5231529192406814,0.6330720359237364,140,False,WITHIN_THRESHOLD
2020-06-16 11:45:00,4135001,wCURE6d3bPkepu2,750.0571429,347.925,750.0571429,722.167260149987,853.8728898984995,877.3059,347.925,750.0571429,-402.1321429,-0.5361353420956803,0.5361353420956803,0.6722465763485777,140,False,WITHIN_THRESHOLD
2020-06-16 11:45:00,4135001,z9Y9gH1T5YWrNuG,738.1428571,345.775,738.1428571,713.5799799489462,851.1133184724995,868.4107,345.775,738.1428571,-392.36785710000004,-0.5315608670136381,0.5315608670136381,0.686499253670038,140,False,WITHIN_THRESHOLD
2020-06-16 11:45:00,4135001,zBIq5rxdHJRwDNY,731.8875,324.6285714,731.8875,723.406707610096,851.8977648984996,875.27045,324.6285714,731.8875,-407.25892860000005,-0.5564501765640212,0.5564501765640212,0.6310594990859788,140,False,WITHIN_THRESHOLD
2020-06-16 11:45:00,4135001,zVJPv84UY57bAof,725.7375,335.9571429,725.7375,717.5624662169638,874.2266637154997,863.6085,335.9571429,725.7375,-389.78035709999995,-0.5370817369916808,0.5370817369916808,0.6239543405030045,140,False,WITHIN_THRESHOLD
2020-06-16 12:00:00,4135001,1BY6WEcLGh8j5v7,310.8142857,525.85,310.8142857,489.2124548142902,535.6916160749995,464.76706,525.85,310.8142857,215.0357143,0.6918463024172379,0.6918463024172379,0.7244052284136537,127,False,WITHIN_THRESHOLD
2020-06-16 12:00:00,4135001,1IF53ai7Xc0U56Y,333.0857143,603.525,333.0857143,501.3700844426407,540.6135089314997,451.2014,603.525,333.0857143,270.43928569999997,0.8119209983782842,0.8119209983782842,0.5940346974102673,140,True,FLAGGED
2020-06-16 12:00:00,4135001,3PZuoBAID5Wc2HD,339.5125,597.4714286,339.5125,514.7455239392514,541.1291875024999,456.63388,597.4714286,339.5125,257.9589286,0.7597921390228636,0.7597921390228636,0.6483868824537441,140,True,FLAGGED
2020-06-16 12:00:00,4135001,7JYdWkrLSPkdwr4,319.7,634.0375,319.7,485.6389987922066,541.2239464284997,469.31522,634.0375,319.7,314.33750000000003,0.9832264623084143,0.9832264623084143,0.5905745482895888,140,True,FLAGGED
2020-06-16 12:00:00,4135001,McdE0feGgRqW7Ca,328.6285714,642.7142857,328.6285714,494.9520857055688,540.8313660749998,465.9655,642.7142857,328.6285714,314.0857143,0.9557468267654101,0.9557468267654101,0.6677543807186324,140,True,FLAGGED
2020-06-16 12:00:00,4135001,VHMLBKoKgIrUVDU,328.9142857,625.225,328.9142857,496.1596367145557,540.8259285739998,454.6349,625.225,328.9142857,296.31071430000003,0.9008751738143189,0.9008751738143189,0.6129522180797938,140,True,FLAGGED
2020-06-16 12:00:00,4135001,WRmjgnKYAwPKWDb,338.275,579.9571429,338.275,511.0663884503681,541.3338035724998,456.63388,579.9571429,338.275,241.68214290000003,0.7144546386815462,0.7144546386815462,0.6395407288719102,140,True,FLAGGED
2020-06-16 12:00:00,4135001,YxYtjZvoooNbGkE,330.9625,630.3428571,330.9625,503.2404841368954,540.8512321454997,462.5955,630.3428571,330.9625,299.38035709999997,0.9045748599916908,0.9045748599916908,0.621455172419359,140,True,FLAGGED
2020-06-16 12:00:00,4135001,ZnxXDlPa8U1GXgE,329.2714286,602.7375,329.2714286,495.6631089716389,540.7019910744998,456.6294,602.7375,329.2714286,273.4660714,0.8305186774410587,0.8305186774410587,0.6533279459118295,140,True,FLAGGED
2020-06-16 12:00:00,4135001,ZoEaEvLYb1n2sOq,329.7,618.5857143,329.7,493.8288702785912,540.8977678589998,472.78528,618.5857143,329.7,288.88571429999996,0.8762078080072793,0.8762078080072793,0.6312243441917053,140,True,FLAGGED
2020-06-16 12:00:00,4135001,adLQvlD726eNBSB,337.3714286,597.3375,337.3714286,504.311224709896,540.3578392884998,453.90262,597.3375,337.3714286,259.9660714,0.7705633890776961,0.7705633890776961,0.5967226324524667,140,True,FLAGGED
2020-06-16 12:00:00,4135001,bvBOhCH3iADSZry,305.0571429,530.3125,305.0571429,481.7461748766912,533.7688482139998,465.87314,530.3125,305.0571429,225.25535710000003,0.7384038116879644,0.7384038116879644,0.7126272967972415,127,True,FLAGGED
2020-06-16 12:00:00,4135001,iCRJl6heRkivqQ3,329.0857143,642.375,329.0857143,491.6201724838256,541.0302678595,456.6294,642.375,329.0857143,313.2892857,0.9519990448883486,0.9519990448883486,0.6313543652927712,140,True,FLAGGED
2020-06-16 12:00:00,4135001,ih0vzX44oOqAx2f,318.6285714,594.9625,318.6285714,489.3833907575632,537.4510089279997,469.7239,594.9625,318.6285714,276.3339286,0.8672603570540943,0.8672603570540943,0.6624702585319796,140,True,FLAGGED
2020-06-16 12:00:00,4135001,pkci93gMrogZuBj,337.95,660.4857143,337.95,488.1670120297548,541.7787499999997,471.83374,660.4857143,337.95,322.53571430000005,0.9543888572274007,0.9543888572274007,0.5863965339011183,140,True,FLAGGED
2020-06-16 12:00:00,4135001,rGa61gmuvPhdLxV,331.0142857,627.1125,331.0142857,485.8007888520276,540.3894553569996,475.43622,627.1125,331.0142857,296.09821429999994,0.8945179319793929,0.8945179319793929,0.6265022920692254,140,True,FLAGGED
2020-06-16 12:00:00,4135001,sjndEbLyjtCKgGv,323.3,631.7,323.3,485.5303923493288,541.0890803584998,463.23715,631.7,323.3,308.40000000000003,0.9539127745128364,0.9539127745128364,0.6598785838606678,140,True,FLAGGED
2020-06-16 12:00:00,4135001,uHbuxQJl8lW7ozc,343.725,671.9714286,343.725,490.8116707562741,541.3874464284999,472.70117,671.9714286,343.725,328.24642859999994,0.9549681536111715,0.9549681536111715,0.6330720359237364,140,True,FLAGGED
2020-06-16 12:00:00,4135001,wCURE6d3bPkepu2,347.925,599.4857143,347.925,499.1971175682187,540.8062946459999,454.11533,599.4857143,347.925,251.56071430000003,0.7230314415463104,0.7230314415463104,0.6722465763485777,140,True,FLAGGED
2020-06-16 12:00:00,4135001,z9Y9gH1T5YWrNuG,345.775,609.0714286,345.775,495.7326962603692,537.7157321439997,467.90717,609.0714286,345.775,263.2964286,0.761467510953655,0.761467510953655,0.686499253670038,140,True,FLAGGED
2020-06-16 12:00:00,4135001,zBIq5rxdHJRwDNY,324.6285714,446.1375,324.6285714,490.6133953019682,540.6863660739999,456.6294,446.1375,324.6285714,121.50892859999999,0.3743013995224697,0.3743013995224697,0.6310594990859788,140,False,WITHIN_THRESHOLD
2020-06-16 12:00:00,4135001,zVJPv84UY57bAof,335.9571429,627.7125,335.9571429,488.7413632616228,541.0880357144997,475.43622,627.7125,335.9571429,291.75535709999997,0.8684302842367099,0.8684302842367099,0.6239543405030045,140,True,FLAGGED
2020-06-16 12:15:00,4135001,1BY6WEcLGh8j5v7,525.85,683.4285714,525.85,531.4163558685191,662.4874285769995,817.03467,683.4285714,525.85,157.5785714,0.29966448873252827,0.29966448873252827,0.7244052284136537,127,False,WITHIN_THRESHOLD
2020-06-16 12:15:00,4135001,1IF53ai7Xc0U56Y,603.525,684.3714286,603.525,540.8067177115973,694.6554196460004,802.28253,684.3714286,603.525,80.84642859999997,0.1339570499979288,0.1339570499979288,0.5940346974102673,140,False,WITHIN_THRESHOLD
2020-06-16 12:15:00,4135001,3PZuoBAID5Wc2HD,597.4714286,709.875,597.4714286,549.0934695413777,692.2909732160002,802.28253,709.875,597.4714286,112.40357140000003,0.18813212819797093,0.18813212819797093,0.6483868824537441,140,False,WITHIN_THRESHOLD
2020-06-16 12:15:00,4135001,7JYdWkrLSPkdwr4,634.0375,686.7142857,634.0375,538.8269792544747,656.9903571509994,808.1108,686.7142857,634.0375,52.67678569999998,0.0830814986495278,0.0830814986495278,0.5905745482895888,140,False,WITHIN_THRESHOLD
2020-06-16 12:15:00,4135001,McdE0feGgRqW7Ca,642.7142857,683.5375,642.7142857,529.3914837743175,662.8678928629994,802.0236,683.5375,642.7142857,40.82321430000002,0.0635168926664485,0.0635168926664485,0.6677543807186324,140,False,WITHIN_THRESHOLD
2020-06-16 12:15:00,4135001,VHMLBKoKgIrUVDU,625.225,736.7571429,625.225,542.1625253859479,693.113696431,804.2006,736.7571429,625.225,111.53214289999994,0.1783872092446718,0.1783872092446718,0.6129522180797938,140,False,WITHIN_THRESHOLD
2020-06-16 12:15:00,4135001,WRmjgnKYAwPKWDb,579.9571429,762.325,579.9571429,547.9967377768306,695.6390535720003,805.335,762.325,579.9571429,182.36785710000004,0.31445057506851865,0.31445057506851865,0.6395407288719102,140,False,WITHIN_THRESHOLD
2020-06-16 12:15:00,4135001,YxYtjZvoooNbGkE,630.3428571,683.9285714,630.3428571,542.3114012512028,696.3939642890003,805.335,683.9285714,630.3428571,53.58571430000006,0.08501042519388623,0.08501042519388623,0.621455172419359,140,False,WITHIN_THRESHOLD
2020-06-16 12:15:00,4135001,ZnxXDlPa8U1GXgE,602.7375,682.9142857,602.7375,532.7044116913188,692.7594017884999,801.14813,682.9142857,602.7375,80.1767857000001,0.13302106754598828,0.13302106754598828,0.6533279459118295,140,False,WITHIN_THRESHOLD
2020-06-16 12:15:00,4135001,ZoEaEvLYb1n2sOq,618.5857143,678.8571429,618.5857143,538.4328761146478,697.7535178610003,807.2353,678.8571429,618.5857143,60.271428600000036,0.09743423943794759,0.09743423943794759,0.6312243441917053,140,False,WITHIN_THRESHOLD
2020-06-16 12:15:00,4135001,adLQvlD726eNBSB,597.3375,703.8285714,597.3375,543.823985519605,695.5741964300003,802.28253,703.8285714,597.3375,106.49107140000001,0.17827621972502986,0.17827621972502986,0.5967226324524667,140,False,WITHIN_THRESHOLD
2020-06-16 12:15:00,4135001,bvBOhCH3iADSZry,530.3125,639.0714286,530.3125,527.1781071133361,657.2441875069995,817.81323,639.0714286,530.3125,108.75892859999999,0.205084603134944,0.205084603134944,0.7126272967972415,127,False,WITHIN_THRESHOLD
2020-06-16 12:15:00,4135001,iCRJl6heRkivqQ3,642.375,647.1428571,642.375,529.7745230657844,661.6830803629995,802.0236,647.1428571,642.375,4.767857100000015,0.00742223327495624,0.00742223327495624,0.6313543652927712,140,False,WITHIN_THRESHOLD
2020-06-16 12:15:00,4135001,ih0vzX44oOqAx2f,594.9625,676.8285714,594.9625,527.7978244148026,663.3391517919995,808.1108,676.8285714,594.9625,81.86607140000001,0.13759870815387526,0.13759870815387526,0.6624702585319796,140,False,WITHIN_THRESHOLD
2020-06-16 12:15:00,4135001,pkci93gMrogZuBj,660.4857143,605.5625,660.4857143,536.7136668453852,664.4247053604994,797.7062,605.5625,660.4857143,-54.92321430000004,-0.083155794456825,0.083155794456825,0.5863965339011183,140,False,WITHIN_THRESHOLD
2020-06-16 12:15:00,4135001,rGa61gmuvPhdLxV,627.1125,630.3428571,627.1125,530.9433126351107,659.2305178644996,809.2452,630.3428571,627.1125,3.230357099999992,0.005151160437720492,0.005151160437720492,0.6265022920692254,140,False,WITHIN_THRESHOLD
2020-06-16 12:15:00,4135001,sjndEbLyjtCKgGv,631.7,665.2625,631.7,529.4013064539251,646.0878571514993,808.1108,665.2625,631.7,33.5625,0.05313044166534747,0.05313044166534747,0.6598785838606678,140,False,WITHIN_THRESHOLD
2020-06-16 12:15:00,4135001,uHbuxQJl8lW7ozc,671.9714286,597.0,671.9714286,534.5688168440556,661.5093750064995,806.0221,597.0,671.9714286,-74.97142859999997,-0.11156936948375482,0.11156936948375482,0.6330720359237364,140,False,WITHIN_THRESHOLD
2020-06-16 12:15:00,4135001,wCURE6d3bPkepu2,599.4857143,700.6375,599.4857143,538.5541101346797,665.6360982184996,799.93494,700.6375,599.4857143,101.1517857,0.16873093601256478,0.16873093601256478,0.6722465763485777,140,False,WITHIN_THRESHOLD
2020-06-16 12:15:00,4135001,z9Y9gH1T5YWrNuG,609.0714286,663.3125,609.0714286,534.0156455348867,669.5727053594997,802.28253,663.3125,609.0714286,54.24107140000001,0.08905535353164983,0.08905535353164983,0.686499253670038,140,False,WITHIN_THRESHOLD
2020-06-16 12:15:00,4135001,zBIq5rxdHJRwDNY,446.1375,0.0,446.1375,532.4739939396968,663.2160000059995,805.0761,0.0,446.1375,-446.1375,-1.0,1.0,0.6310594990859788,140,True,FLAGGED
2020-06-16 12:15:00,4135001,zVJPv84UY57bAof,627.7125,654.9714286,627.7125,534.5682456605896,664.2328125039994,797.8944,654.9714286,627.7125,27.25892859999999,0.043425817711133664,0.043425817711133664,0.6239543405030045,140,False,WITHIN_THRESHOLD
2020-06-16 12:30:00,4135001,1BY6WEcLGh8j5v7,683.4285714,713.7125,683.4285714,571.8838459192908,762.1307857229997,912.744,713.7125,683.4285714,30.283928599999967,0.0443117684383073,0.0443117684383073,0.7244052284136537,127,False,WITHIN_THRESHOLD
2020-06-16 12:30:00,4135001,1IF53ai7Xc0U56Y,684.3714286,740.25,684.3714286,592.4135598371032,760.8377797574996,903.07184,740.25,684.3714286,55.878571400000055,0.08164948018696416,0.08164948018696416,0.5940346974102673,140,False,WITHIN_THRESHOLD
2020-06-16 12:30:00,4135001,3PZuoBAID5Wc2HD,709.875,803.1571429,709.875,596.4392921161275,757.8222619009995,902.96313,803.1571429,709.875,93.28214290000005,0.13140643479485833,0.13140643479485833,0.6483868824537441,140,False,WITHIN_THRESHOLD
2020-06-16 12:30:00,4135001,7JYdWkrLSPkdwr4,686.7142857,812.2571429,686.7142857,598.1016686968522,759.1250029754998,906.82904,812.2571429,686.7142857,125.54285719999996,0.18281672569550267,0.18281672569550267,0.5905745482895888,140,False,WITHIN_THRESHOLD
2020-06-16 12:30:00,4135001,McdE0feGgRqW7Ca,683.5375,719.3428571,683.5375,593.9190880845799,761.9522261879997,928.72046,719.3428571,683.5375,35.805357099999924,0.052382432712177344,0.052382432712177344,0.6677543807186324,140,False,WITHIN_THRESHOLD
2020-06-16 12:30:00,4135001,VHMLBKoKgIrUVDU,736.7571429,862.0571429,736.7571429,597.2629064210722,760.6912708304995,902.96313,862.0571429,736.7571429,125.30000000000007,0.17006961005739044,0.17006961005739044,0.6129522180797938,140,False,WITHIN_THRESHOLD
2020-06-16 12:30:00,4135001,WRmjgnKYAwPKWDb,762.325,810.7285714,762.325,594.2742694902144,759.0804493999993,902.96313,810.7285714,762.325,48.40357139999992,0.06349466618568185,0.06349466618568185,0.6395407288719102,140,False,WITHIN_THRESHOLD
2020-06-16 12:30:00,4135001,YxYtjZvoooNbGkE,683.9285714,734.9625,683.9285714,598.1746672404946,760.2252976169998,902.96313,734.9625,683.9285714,51.03392859999997,0.07461879900050622,0.07461879900050622,0.621455172419359,140,False,WITHIN_THRESHOLD
2020-06-16 12:30:00,4135001,ZnxXDlPa8U1GXgE,682.9142857,739.6375,682.9142857,585.5558228168202,759.3290297599997,906.82904,739.6375,682.9142857,56.723214299999995,0.0830605179709451,0.0830605179709451,0.6533279459118295,140,False,WITHIN_THRESHOLD
2020-06-16 12:30:00,4135001,ZoEaEvLYb1n2sOq,678.8571429,734.2375,678.8571429,593.873267965063,760.4914761864997,906.82904,734.2375,678.8571429,55.38035709999997,0.08157880885427739,0.08157880885427739,0.6312243441917053,140,False,WITHIN_THRESHOLD
2020-06-16 12:30:00,4135001,adLQvlD726eNBSB,703.8285714,792.175,703.8285714,592.8979055602454,760.1921547549993,903.07184,792.175,703.8285714,88.34642859999997,0.12552265166540236,0.12552265166540236,0.5967226324524667,140,False,WITHIN_THRESHOLD
2020-06-16 12:30:00,4135001,bvBOhCH3iADSZry,639.0714286,729.875,639.0714286,571.3159170362471,757.120875009,908.49426,729.875,639.0714286,90.80357140000001,0.14208673293206275,0.14208673293206275,0.7126272967972415,127,False,WITHIN_THRESHOLD
2020-06-16 12:30:00,4135001,iCRJl6heRkivqQ3,647.1428571,708.175,647.1428571,593.6304821697776,762.2961101169998,928.72046,708.175,647.1428571,61.03214289999994,0.09431015459785709,0.09431015459785709,0.6313543652927712,140,False,WITHIN_THRESHOLD
2020-06-16 12:30:00,4135001,ih0vzX44oOqAx2f,676.8285714,675.3625,676.8285714,582.9961324194738,756.6978154759996,912.6833,675.3625,676.8285714,-1.4660714000000326,-0.00216608970417355,0.00216608970417355,0.6624702585319796,140,False,WITHIN_THRESHOLD
2020-06-16 12:30:00,4135001,pkci93gMrogZuBj,605.5625,748.1571429,605.5625,601.4913673070421,762.2327886844998,928.72046,748.1571429,605.5625,142.59464290000005,0.23547469154711537,0.23547469154711537,0.5863965339011183,140,False,WITHIN_THRESHOLD
2020-06-16 12:30:00,4135001,rGa61gmuvPhdLxV,630.3428571,681.325,630.3428571,592.1486313731514,760.2547083324998,906.82904,681.325,630.3428571,50.9821429000001,0.08088002001728418,0.08088002001728418,0.6265022920692254,140,False,WITHIN_THRESHOLD
2020-06-16 12:30:00,4135001,sjndEbLyjtCKgGv,665.2625,690.8285714,665.2625,591.321789324277,760.2983779739998,906.82904,690.8285714,665.2625,25.56607139999994,0.038430050393641516,0.038430050393641516,0.6598785838606678,140,False,WITHIN_THRESHOLD
2020-06-16 12:30:00,4135001,uHbuxQJl8lW7ozc,597.0,705.2428571,597.0,606.3528237132224,760.2970565399999,924.96326,705.2428571,597.0,108.24285710000004,0.1813113184254607,0.1813113184254607,0.6330720359237364,140,False,WITHIN_THRESHOLD
2020-06-16 12:30:00,4135001,wCURE6d3bPkepu2,700.6375,719.9,700.6375,587.8710592340783,758.1854047604995,915.7529,719.9,700.6375,19.262499999999932,0.027492819039802937,0.027492819039802937,0.6722465763485777,140,False,WITHIN_THRESHOLD
2020-06-16 12:30:00,4135001,z9Y9gH1T5YWrNuG,663.3125,716.8428571,663.3125,586.5613188111201,760.9692261899999,915.7529,716.8428571,663.3125,53.53035709999995,0.08070156540092331,0.08070156540092331,0.686499253670038,140,False,WITHIN_THRESHOLD
2020-06-16 12:30:00,4135001,zVJPv84UY57bAof,654.9714286,684.6375,654.9714286,593.656772504097,756.8360654754999,915.7529,684.6375,654.9714286,29.666071400000078,0.04529368779247553,0.04529368779247553,0.6239543405030045,140,False,WITHIN_THRESHOLD
2020-06-16 12:45:00,4135001,1BY6WEcLGh8j5v7,713.7125,420.4285714,713.7125,612.5161646791964,877.5342797699997,806.29767,420.4285714,713.7125,-293.28392859999997,-0.4109272691735117,0.4109272691735117,0.7244052284136537,127,False,WITHIN_THRESHOLD
2020-06-16 12:45:00,4135001,1IF53ai7Xc0U56Y,740.25,463.9714286,740.25,617.5791221135296,894.9534493919997,827.5981,463.9714286,740.25,-276.2785714,-0.37322333184734885,0.37322333184734885,0.5940346974102673,140,False,WITHIN_THRESHOLD
2020-06-16 12:45:00,4135001,3PZuoBAID5Wc2HD,803.1571429,467.65,803.1571429,630.5657354251196,888.6762440309999,830.14294,467.65,803.1571429,-335.5071429000001,-0.41773536581965454,0.41773536581965454,0.6483868824537441,140,False,WITHIN_THRESHOLD
2020-06-16 12:45:00,4135001,7JYdWkrLSPkdwr4,812.2571429,450.7125,812.2571429,620.6525120085141,880.8313154659995,824.8721,450.7125,812.2571429,-361.5446429,-0.4451110661941093,0.4451110661941093,0.5905745482895888,140,False,WITHIN_THRESHOLD
2020-06-16 12:45:00,4135001,McdE0feGgRqW7Ca,719.3428571,499.3375,719.3428571,617.2864178495852,895.2655743954998,823.38336,499.3375,719.3428571,-220.00535709999997,-0.3058421376239728,0.3058421376239728,0.6677543807186324,140,False,WITHIN_THRESHOLD
2020-06-16 12:45:00,4135001,VHMLBKoKgIrUVDU,862.0571429,458.2625,862.0571429,631.443923732003,895.0899136744996,830.0636,458.2625,862.0571429,-403.79464290000004,-0.4684082096247312,0.4684082096247312,0.6129522180797938,140,False,WITHIN_THRESHOLD
2020-06-16 12:45:00,4135001,WRmjgnKYAwPKWDb,810.7285714,456.375,810.7285714,643.0930618719464,902.4803065345,815.4711,456.375,810.7285714,-354.35357139999996,-0.4370804038496971,0.4370804038496971,0.6395407288719102,140,False,WITHIN_THRESHOLD
2020-06-16 12:45:00,4135001,YxYtjZvoooNbGkE,734.9625,456.0857143,734.9625,619.2541812512505,885.7815743899997,810.9177,456.0857143,734.9625,-278.87678569999997,-0.37944355759647597,0.37944355759647597,0.621455172419359,140,False,WITHIN_THRESHOLD
2020-06-16 12:45:00,4135001,ZnxXDlPa8U1GXgE,739.6375,470.9714286,739.6375,611.9664572845196,893.8694047494998,824.8721,470.9714286,739.6375,-268.6660714,-0.3632401972587923,0.3632401972587923,0.6533279459118295,140,False,WITHIN_THRESHOLD
2020-06-16 12:45:00,4135001,ZoEaEvLYb1n2sOq,734.2375,454.8571429,734.2375,616.7992196828893,885.154529754,810.9177,454.8571429,734.2375,-279.38035709999997,-0.3805040700045966,0.3805040700045966,0.6312243441917053,140,False,WITHIN_THRESHOLD
2020-06-16 12:45:00,4135001,adLQvlD726eNBSB,792.175,463.6714286,792.175,623.6080212172665,890.7042440334995,827.5981,463.6714286,792.175,-328.50357139999994,-0.41468560785180036,0.41468560785180036,0.5967226324524667,140,False,WITHIN_THRESHOLD
2020-06-16 12:45:00,4135001,bvBOhCH3iADSZry,729.875,419.6142857,729.875,602.1039419745277,866.1796012039999,775.2095,419.6142857,729.875,-310.2607143,-0.4250874660729577,0.4250874660729577,0.7126272967972415,127,False,WITHIN_THRESHOLD
2020-06-16 12:45:00,4135001,iCRJl6heRkivqQ3,708.175,501.3285714,708.175,607.1121143818458,878.6072976114998,810.9177,501.3285714,708.175,-206.84642859999997,-0.29208377675009706,0.29208377675009706,0.6313543652927712,140,False,WITHIN_THRESHOLD
2020-06-16 12:45:00,4135001,ih0vzX44oOqAx2f,675.3625,465.2857143,675.3625,611.1442933254931,880.2006993969995,810.9177,465.2857143,675.3625,-210.07678569999996,-0.3110578181347054,0.3110578181347054,0.6624702585319796,140,False,WITHIN_THRESHOLD
2020-06-16 12:45:00,4135001,pkci93gMrogZuBj,748.1571429,527.0375,748.1571429,602.9190989949716,873.4439851134995,782.5565,527.0375,748.1571429,-221.11964290000003,-0.2955524049972951,0.2955524049972951,0.5863965339011183,140,False,WITHIN_THRESHOLD
2020-06-16 12:45:00,4135001,rGa61gmuvPhdLxV,681.325,492.3142857,681.325,603.763275139219,862.7194583279994,796.01733,492.3142857,681.325,-189.01071430000002,-0.2774163788206803,0.2774163788206803,0.6265022920692254,140,False,WITHIN_THRESHOLD
2020-06-16 12:45:00,4135001,sjndEbLyjtCKgGv,690.8285714,484.3,690.8285714,612.1771683249277,883.2106368984998,810.9177,484.3,690.8285714,-206.52857139999998,-0.29895777324533507,0.29895777324533507,0.6598785838606678,140,False,WITHIN_THRESHOLD
2020-06-16 12:45:00,4135001,uHbuxQJl8lW7ozc,705.2428571,538.45,705.2428571,603.5543933679124,872.3100297554997,782.3683,538.45,705.2428571,-166.7928571,-0.23650414239693543,0.23650414239693543,0.6330720359237364,140,False,WITHIN_THRESHOLD
2020-06-16 12:45:00,4135001,wCURE6d3bPkepu2,719.9,483.325,719.9,619.0547780426939,893.5700922474996,827.5981,483.325,719.9,-236.575,-0.3286220308376163,0.3286220308376163,0.6722465763485777,140,False,WITHIN_THRESHOLD
2020-06-16 12:45:00,4135001,z9Y9gH1T5YWrNuG,716.8428571,486.5125,716.8428571,612.0912109656923,889.7699404699997,824.8721,486.5125,716.8428571,-230.33035709999996,-0.32131220227513374,0.32131220227513374,0.686499253670038,140,False,WITHIN_THRESHOLD
2020-06-16 12:45:00,4135001,zVJPv84UY57bAof,684.6375,492.1,684.6375,612.234817324881,879.2009315369997,824.9514,492.1,684.6375,-192.53750000000002,-0.28122546603129395,0.28122546603129395,0.6239543405030045,140,False,WITHIN_THRESHOLD
2020-06-16 13:00:00,4135001,1BY6WEcLGh8j5v7,420.4285714,667.3125,420.4285714,491.016471278073,747.8570535789985,799.87604,667.3125,420.4285714,246.8839286,0.5872196739101067,0.5872196739101067,0.7244052284136537,127,False,WITHIN_THRESHOLD
2020-06-16 13:00:00,4135001,1IF53ai7Xc0U56Y,463.9714286,741.975,463.9714286,503.9377489971994,744.8755178649985,806.8962,741.975,463.9714286,278.0035714,0.5991825234559282,0.5991825234559282,0.5940346974102673,140,True,FLAGGED
2020-06-16 13:00:00,4135001,3PZuoBAID5Wc2HD,467.65,708.4571429,467.65,524.6479014695137,750.7674553644985,788.7309,708.4571429,467.65,240.80714290000003,0.514930274564311,0.514930274564311,0.6483868824537441,140,False,WITHIN_THRESHOLD
2020-06-16 13:00:00,4135001,7JYdWkrLSPkdwr4,450.7125,684.3142857,450.7125,526.5366214927558,749.4431428639986,797.6172,684.3142857,450.7125,233.60178570000005,0.5182944464597722,0.5182944464597722,0.5905745482895888,140,False,WITHIN_THRESHOLD
2020-06-16 13:00:00,4135001,McdE0feGgRqW7Ca,499.3375,725.4857143,499.3375,500.69933525557946,744.3574196504985,787.55945,725.4857143,499.3375,226.14821430000006,0.4528965164843419,0.4528965164843419,0.6677543807186324,140,False,WITHIN_THRESHOLD
2020-06-16 13:00:00,4135001,VHMLBKoKgIrUVDU,458.2625,700.0714286,458.2625,539.416875559855,751.4056250074988,750.29047,700.0714286,458.2625,241.8089286,0.5276646651209732,0.5276646651209732,0.6129522180797938,140,False,WITHIN_THRESHOLD
2020-06-16 13:00:00,4135001,WRmjgnKYAwPKWDb,456.375,695.7,456.375,531.2702571881928,749.8619732219986,788.7309,695.7,456.375,239.32500000000005,0.5244042728019722,0.5244042728019722,0.6395407288719102,140,False,WITHIN_THRESHOLD
2020-06-16 13:00:00,4135001,YxYtjZvoooNbGkE,456.0857143,718.6375,456.0857143,499.8363433751709,743.1036428644984,826.3357,718.6375,456.0857143,262.55178570000004,0.5756632524721024,0.5756632524721024,0.621455172419359,140,False,WITHIN_THRESHOLD
2020-06-16 13:00:00,4135001,ZnxXDlPa8U1GXgE,470.9714286,706.4428571,470.9714286,500.5950602242887,743.3771517934985,806.8962,706.4428571,470.9714286,235.47142849999994,0.4999696673744254,0.4999696673744254,0.6533279459118295,140,False,WITHIN_THRESHOLD
2020-06-16 13:00:00,4135001,ZoEaEvLYb1n2sOq,454.8571429,714.7125,454.8571429,503.8663923233048,747.4191517929986,830.007,714.7125,454.8571429,259.8553571,0.5712900438218006,0.5712900438218006,0.6312243441917053,140,False,WITHIN_THRESHOLD
2020-06-16 13:00:00,4135001,adLQvlD726eNBSB,463.6714286,749.6375,463.6714286,517.5761340311495,750.2228125074986,794.13116,749.6375,463.6714286,285.96607140000003,0.6167429213040797,0.6167429213040797,0.5967226324524667,140,True,FLAGGED
2020-06-16 13:00:00,4135001,bvBOhCH3iADSZry,419.6142857,664.525,419.6142857,498.33296288293593,749.4834196499985,802.2398,664.525,419.6142857,244.9107143,0.5836567596630803,0.5836567596630803,0.7126272967972415,127,False,WITHIN_THRESHOLD
2020-06-16 13:00:00,4135001,iCRJl6heRkivqQ3,501.3285714,742.025,501.3285714,495.44500567990247,743.1384910794985,795.9498,742.025,501.3285714,240.6964286,0.4801171174581892,0.4801171174581892,0.6313543652927712,140,False,WITHIN_THRESHOLD
2020-06-16 13:00:00,4135001,ih0vzX44oOqAx2f,465.2857143,688.6857143,465.2857143,487.8798655958472,740.5035892944985,775.8978,688.6857143,465.2857143,223.39999999999998,0.4801350936297164,0.4801350936297164,0.6624702585319796,140,False,WITHIN_THRESHOLD
2020-06-16 13:00:00,4135001,pkci93gMrogZuBj,527.0375,752.8571429,527.0375,509.0804811625893,748.7778571504986,799.80804,752.8571429,527.0375,225.81964289999996,0.42846978232099225,0.42846978232099225,0.5863965339011183,140,False,WITHIN_THRESHOLD
2020-06-16 13:00:00,4135001,rGa61gmuvPhdLxV,492.3142857,734.6875,492.3142857,492.33394783078415,744.5734285799987,775.8978,734.6875,492.3142857,242.37321429999997,0.4923139980701152,0.4923139980701152,0.6265022920692254,140,False,WITHIN_THRESHOLD
2020-06-16 13:00:00,4135001,sjndEbLyjtCKgGv,484.3,712.5571429,484.3,493.71830761022,741.6233839364984,796.28534,712.5571429,484.3,228.25714290000002,0.47131353066281234,0.47131353066281234,0.6598785838606678,140,False,WITHIN_THRESHOLD
2020-06-16 13:00:00,4135001,uHbuxQJl8lW7ozc,538.45,764.9142857,538.45,501.93230049799394,746.4569107224987,802.6075,764.9142857,538.45,226.4642857,0.4205855431330671,0.4205855431330671,0.6330720359237364,140,False,WITHIN_THRESHOLD
2020-06-16 13:00:00,4135001,wCURE6d3bPkepu2,483.325,714.6714286,483.325,500.0578332707288,743.3788571504986,801.1362,714.6714286,483.325,231.34642860000002,0.4786560360006208,0.4786560360006208,0.6722465763485777,140,False,WITHIN_THRESHOLD
2020-06-16 13:00:00,4135001,z9Y9gH1T5YWrNuG,486.5125,709.7285714,486.5125,500.0371385946984,744.0445714369985,796.81726,709.7285714,486.5125,223.21607139999998,0.45880850214537133,0.45880850214537133,0.686499253670038,140,False,WITHIN_THRESHOLD
2020-06-16 13:00:00,4135001,zBIq5rxdHJRwDNY,352.9571429,679.25,352.9571429,263.55612354725105,735.9034553629987,697.1439,679.25,352.9571429,326.2928571,0.924454607772155,0.924454607772155,0.6310594990859788,140,True,FLAGGED
2020-06-16 13:00:00,4135001,zVJPv84UY57bAof,492.1,753.625,492.1,494.2428764418647,746.4595625079986,775.9933,753.625,492.1,261.525,0.5314468603942287,0.5314468603942287,0.6239543405030045,140,False,WITHIN_THRESHOLD
2020-06-16 13:15:00,4135001,1BY6WEcLGh8j5v7,667.3125,759.1,667.3125,609.2883227935813,888.5911607295003,814.07935,759.1,667.3125,91.78750000000002,0.1375480003746371,0.1375480003746371,0.7244052284136537,127,False,WITHIN_THRESHOLD
2020-06-16 13:15:00,4135001,1IF53ai7Xc0U56Y,741.975,809.5714286,741.975,623.4254324776864,887.2933571569998,817.747,809.5714286,741.975,67.59642859999997,0.09110337760706219,0.09110337760706219,0.5940346974102673,140,False,WITHIN_THRESHOLD
2020-06-16 13:15:00,4135001,3PZuoBAID5Wc2HD,708.4571429,760.3,708.4571429,628.1060853380586,883.8485178675,817.747,760.3,708.4571429,51.84285709999995,0.07317712527787677,0.07317712527787677,0.6483868824537441,140,False,WITHIN_THRESHOLD
2020-06-16 13:15:00,4135001,7JYdWkrLSPkdwr4,684.3142857,811.5,684.3142857,633.1338519318515,883.2325892964999,817.6383,811.5,684.3142857,127.18571429999997,0.18585862805698836,0.18585862805698836,0.5905745482895888,140,False,WITHIN_THRESHOLD
2020-06-16 13:15:00,4135001,McdE0feGgRqW7Ca,725.4857143,821.4375,725.4857143,638.0137063075683,876.0252767924999,819.78265,821.4375,725.4857143,95.95178569999996,0.13225868381513348,0.13225868381513348,0.6677543807186324,140,False,WITHIN_THRESHOLD
2020-06-16 13:15:00,4135001,VHMLBKoKgIrUVDU,700.0714286,835.2125,700.0714286,638.7964409198455,884.8650357265002,817.6383,835.2125,700.0714286,135.1410714,0.1930389755660427,0.1930389755660427,0.6129522180797938,140,False,WITHIN_THRESHOLD
2020-06-16 13:15:00,4135001,WRmjgnKYAwPKWDb,695.7,767.9875,695.7,630.9964327170344,881.8534017985002,814.2427,767.9875,695.7,72.28749999999991,0.10390613770303278,0.10390613770303278,0.6395407288719102,140,False,WITHIN_THRESHOLD
2020-06-16 13:15:00,4135001,YxYtjZvoooNbGkE,718.6375,816.7142857,718.6375,622.3351663464301,885.4009821534997,817.6383,816.7142857,718.6375,98.07678569999996,0.13647601982919058,0.13647601982919058,0.621455172419359,140,False,WITHIN_THRESHOLD
2020-06-16 13:15:00,4135001,ZnxXDlPa8U1GXgE,706.4428571,833.35,706.4428571,626.028851977678,885.4112767984999,817.747,833.35,706.4428571,126.90714290000005,0.17964247444013126,0.17964247444013126,0.6533279459118295,140,False,WITHIN_THRESHOLD
2020-06-16 13:15:00,4135001,ZoEaEvLYb1n2sOq,714.7125,808.0,714.7125,621.2653266522605,881.3007678679999,817.6383,808.0,714.7125,93.28750000000002,0.13052451160431647,0.13052451160431647,0.6312243441917053,140,False,WITHIN_THRESHOLD
2020-06-16 13:15:00,4135001,adLQvlD726eNBSB,749.6375,823.5,749.6375,627.8266237344405,887.9963125144999,817.747,823.5,749.6375,73.86249999999995,0.0985309566290373,0.0985309566290373,0.5967226324524667,140,False,WITHIN_THRESHOLD
2020-06-16 13:15:00,4135001,bvBOhCH3iADSZry,664.525,754.1857143,664.525,609.2302983627724,882.8410803720003,812.49005,754.1857143,664.525,89.6607143,0.13492451645912493,0.13492451645912493,0.7126272967972415,127,False,WITHIN_THRESHOLD
2020-06-16 13:15:00,4135001,iCRJl6heRkivqQ3,742.025,780.8142857,742.025,632.9437106328226,882.9010714370002,817.6383,780.8142857,742.025,38.78928570000005,0.05227490408005128,0.05227490408005128,0.6313543652927712,140,False,WITHIN_THRESHOLD
2020-06-16 13:15:00,4135001,ih0vzX44oOqAx2f,688.6857143,790.5,688.6857143,621.5621215824419,872.175991085,814.2427,790.5,688.6857143,101.81428570000003,0.14783853299975447,0.14783853299975447,0.6624702585319796,140,False,WITHIN_THRESHOLD
2020-06-16 13:15:00,4135001,pkci93gMrogZuBj,752.8571429,770.5142857,752.8571429,639.7169837902793,888.2233125045,817.6383,770.5142857,752.8571429,17.657142799999974,0.02345351035919616,0.02345351035919616,0.5863965339011183,140,False,WITHIN_THRESHOLD
2020-06-16 13:15:00,4135001,rGa61gmuvPhdLxV,734.6875,768.9142857,734.6875,628.3979559930908,874.0907589390001,817.6383,768.9142857,734.6875,34.22678570000005,0.0465868627137389,0.0465868627137389,0.6265022920692254,140,False,WITHIN_THRESHOLD
2020-06-16 13:15:00,4135001,sjndEbLyjtCKgGv,712.5571429,799.4,712.5571429,631.4422339237749,880.1858035834999,817.6383,799.4,712.5571429,86.84285709999995,0.12187493728090722,0.12187493728090722,0.6598785838606678,140,False,WITHIN_THRESHOLD
2020-06-16 13:15:00,4135001,uHbuxQJl8lW7ozc,764.9142857,779.5,764.9142857,640.1137983237461,889.1375625049998,817.6383,779.5,764.9142857,14.58571429999995,0.019068429721706723,0.019068429721706723,0.6330720359237364,140,False,WITHIN_THRESHOLD
2020-06-16 13:15:00,4135001,wCURE6d3bPkepu2,714.6714286,824.125,714.6714286,631.1279856592682,889.770553583,817.747,824.125,714.6714286,109.45357139999999,0.15315229771310881,0.15315229771310881,0.6722465763485777,140,False,WITHIN_THRESHOLD
2020-06-16 13:15:00,4135001,z9Y9gH1T5YWrNuG,709.7285714,819.575,709.7285714,629.5908282886519,878.7573571534999,817.747,819.575,709.7285714,109.84642860000008,0.15477244826612893,0.15477244826612893,0.686499253670038,140,False,WITHIN_THRESHOLD
2020-06-16 13:15:00,4135001,zBIq5rxdHJRwDNY,679.25,707.8857143,679.25,477.7261782412889,857.2253928755006,818.1374,707.8857143,679.25,28.635714300000018,0.042157842178873785,0.042157842178873785,0.6310594990859788,140,False,WITHIN_THRESHOLD
2020-06-16 13:15:00,4135001,zVJPv84UY57bAof,753.625,782.7714286,753.625,629.1107364916438,879.426839297,817.6383,782.7714286,753.625,29.146428600000036,0.03867497575053911,0.03867497575053911,0.6239543405030045,140,False,WITHIN_THRESHOLD
2020-06-16 13:30:00,4135001,1BY6WEcLGh8j5v7,759.1,535.5125,759.1,707.634480257787,907.2045178524996,888.09344,535.5125,759.1,-223.58749999999998,-0.29454287972599125,0.29454287972599125,0.7244052284136537,127,False,WITHIN_THRESHOLD
2020-06-16 13:30:00,4135001,1IF53ai7Xc0U56Y,809.5714286,602.625,809.5714286,726.2125590873893,917.3660446394996,909.169,602.625,809.5714286,-206.9464286,-0.2556246691633801,0.2556246691633801,0.5940346974102673,140,False,WITHIN_THRESHOLD
2020-06-16 13:30:00,4135001,3PZuoBAID5Wc2HD,760.3,651.3142857,760.3,721.2678687846942,928.5969553574996,900.6064,651.3142857,760.3,-108.98571429999993,-0.14334567184006305,0.14334567184006305,0.6483868824537441,140,False,WITHIN_THRESHOLD
2020-06-16 13:30:00,4135001,7JYdWkrLSPkdwr4,811.5,509.0571429,811.5,718.2617900766112,918.3536071404995,895.6794,509.0571429,811.5,-302.4428571,-0.37269606543438083,0.37269606543438083,0.5905745482895888,140,False,WITHIN_THRESHOLD
2020-06-16 13:30:00,4135001,McdE0feGgRqW7Ca,821.4375,624.9285714,821.4375,725.869162243647,910.6376339275,909.169,624.9285714,821.4375,-196.5089286,-0.23922566062542797,0.23922566062542797,0.6677543807186324,140,False,WITHIN_THRESHOLD
2020-06-16 13:30:00,4135001,VHMLBKoKgIrUVDU,835.2125,516.2714286,835.2125,727.0918021238591,931.7448214254996,905.99835,516.2714286,835.2125,-318.94107139999994,-0.3818681729499977,0.3818681729499977,0.6129522180797938,140,False,WITHIN_THRESHOLD
2020-06-16 13:30:00,4135001,WRmjgnKYAwPKWDb,767.9875,613.7857143,767.9875,720.3309768174124,931.3457678544996,896.79736,613.7857143,767.9875,-154.20178569999996,-0.20078684314523343,0.20078684314523343,0.6395407288719102,140,False,WITHIN_THRESHOLD
2020-06-16 13:30:00,4135001,YxYtjZvoooNbGkE,816.7142857,626.8375,816.7142857,718.6572420818437,920.6950089284994,910.0665,626.8375,816.7142857,-189.87678570000003,-0.2324886303871347,0.2324886303871347,0.621455172419359,140,False,WITHIN_THRESHOLD
2020-06-16 13:30:00,4135001,ZnxXDlPa8U1GXgE,833.35,549.4428571,833.35,719.9392222829284,912.8889464269996,899.70886,549.4428571,833.35,-283.90714290000005,-0.34068175784484317,0.34068175784484317,0.6533279459118295,140,False,WITHIN_THRESHOLD
2020-06-16 13:30:00,4135001,ZoEaEvLYb1n2sOq,808.0,606.5,808.0,718.4758767769683,918.6708124949994,910.0665,606.5,808.0,-201.5,-0.24938118811881188,0.24938118811881188,0.6312243441917053,140,False,WITHIN_THRESHOLD
2020-06-16 13:30:00,4135001,adLQvlD726eNBSB,823.5,575.05,823.5,731.7780548055068,927.8076607099996,910.9456,575.05,823.5,-248.45000000000005,-0.3017000607164542,0.3017000607164542,0.5967226324524667,140,False,WITHIN_THRESHOLD
2020-06-16 13:30:00,4135001,bvBOhCH3iADSZry,754.1857143,536.3875,754.1857143,706.6811693637062,905.5952678499998,887.8093,536.3875,754.1857143,-217.79821429999993,-0.2887859186011632,0.2887859186011632,0.7126272967972415,127,False,WITHIN_THRESHOLD
2020-06-16 13:30:00,4135001,iCRJl6heRkivqQ3,780.8142857,634.475,780.8142857,727.6963305029891,902.380910709,909.169,634.475,780.8142857,-146.3392857,-0.18741881184820644,0.18741881184820644,0.6313543652927712,140,False,WITHIN_THRESHOLD
2020-06-16 13:30:00,4135001,ih0vzX44oOqAx2f,790.5,550.1857143,790.5,712.2528323454059,904.9257946329998,895.6794,550.1857143,790.5,-240.31428570000003,-0.3040028914611006,0.3040028914611006,0.6624702585319796,140,False,WITHIN_THRESHOLD
2020-06-16 13:30:00,4135001,pkci93gMrogZuBj,770.5142857,616.8375,770.5142857,732.5030638509435,903.5681785620004,910.1568,616.8375,770.5142857,-153.67678569999998,-0.19944702979826917,0.19944702979826917,0.5863965339011183,140,False,WITHIN_THRESHOLD
2020-06-16 13:30:00,4135001,rGa61gmuvPhdLxV,768.9142857,612.875,768.9142857,723.3628845300914,900.5259910620001,909.169,612.875,768.9142857,-156.03928570000005,-0.20293456449173114,0.20293456449173114,0.6265022920692254,140,False,WITHIN_THRESHOLD
2020-06-16 13:30:00,4135001,sjndEbLyjtCKgGv,799.4,577.1,799.4,718.6956557604232,902.9744642784996,909.169,577.1,799.4,-222.29999999999995,-0.27808356267200396,0.27808356267200396,0.6598785838606678,140,False,WITHIN_THRESHOLD
2020-06-16 13:30:00,4135001,uHbuxQJl8lW7ozc,779.5,596.45,779.5,731.9504848711828,904.1020178510004,906.7233,596.45,779.5,-183.04999999999995,-0.2348300192431045,0.2348300192431045,0.6330720359237364,140,False,WITHIN_THRESHOLD
2020-06-16 13:30:00,4135001,wCURE6d3bPkepu2,824.125,590.7571429,824.125,722.9427525838764,912.2092767824998,909.169,590.7571429,824.125,-233.36785710000004,-0.2831704621264978,0.2831704621264978,0.6722465763485777,140,False,WITHIN_THRESHOLD
2020-06-16 13:30:00,4135001,z9Y9gH1T5YWrNuG,819.575,599.5571429,819.575,721.7058871129913,900.9460267784998,909.169,599.5571429,819.575,-220.01785710000001,-0.2684535974132935,0.2684535974132935,0.686499253670038,140,False,WITHIN_THRESHOLD
2020-06-16 13:30:00,4135001,zBIq5rxdHJRwDNY,707.8857143,561.0875,707.8857143,611.2893660346217,782.2581964115002,888.2435,561.0875,707.8857143,-146.79821430000004,-0.20737558525978017,0.20737558525978017,0.6310594990859788,140,False,WITHIN_THRESHOLD
2020-06-16 13:30:00,4135001,zVJPv84UY57bAof,782.7714286,607.8625,782.7714286,730.025782893917,900.649937494,910.0481,607.8625,782.7714286,-174.90892860000008,-0.22344827903699507,0.22344827903699507,0.6239543405030045,140,False,WITHIN_THRESHOLD
2020-06-16 13:45:00,4135001,1BY6WEcLGh8j5v7,535.5125,643.4714286,535.5125,593.7652179911352,754.4748928659988,713.37854,643.4714286,535.5125,107.95892859999992,0.2015992691113651,0.2015992691113651,0.7244052284136537,127,False,WITHIN_THRESHOLD
2020-06-16 13:45:00,4135001,1IF53ai7Xc0U56Y,602.625,625.7,602.625,612.5935414257926,772.5707678649987,740.67847,625.7,602.625,23.075000000000045,0.03829081103505504,0.03829081103505504,0.5940346974102673,140,False,WITHIN_THRESHOLD
2020-06-16 13:45:00,4135001,3PZuoBAID5Wc2HD,651.3142857,659.6,651.3142857,600.0298908852444,772.5753035774984,744.8654,659.6,651.3142857,8.285714299999995,0.012721530115211465,0.012721530115211465,0.6483868824537441,140,False,WITHIN_THRESHOLD
2020-06-16 13:45:00,4135001,7JYdWkrLSPkdwr4,509.0571429,587.35,509.0571429,613.4692886263074,767.3958928654985,740.67847,587.35,509.0571429,78.29285710000005,0.15379974172247304,0.15379974172247304,0.5905745482895888,140,False,WITHIN_THRESHOLD
2020-06-16 13:45:00,4135001,McdE0feGgRqW7Ca,624.9285714,689.575,624.9285714,618.8480325933696,758.6496517939986,727.06824,689.575,624.9285714,64.64642860000004,0.10344610817709211,0.10344610817709211,0.6677543807186324,140,False,WITHIN_THRESHOLD
2020-06-16 13:45:00,4135001,VHMLBKoKgIrUVDU,516.2714286,631.85,516.2714286,620.7319627352786,765.1898928649986,733.38965,631.85,516.2714286,115.57857139999999,0.22387171746734152,0.22387171746734152,0.6129522180797938,140,False,WITHIN_THRESHOLD
2020-06-16 13:45:00,4135001,WRmjgnKYAwPKWDb,613.7857143,605.8625,613.7857143,599.1423000823802,771.3005446509985,727.8775,605.8625,613.7857143,-7.923214300000041,-0.012908762969558805,0.012908762969558805,0.6395407288719102,140,False,WITHIN_THRESHOLD
2020-06-16 13:45:00,4135001,YxYtjZvoooNbGkE,626.8375,585.0142857,626.8375,614.2244677408079,767.9563839364986,740.67847,585.0142857,626.8375,-41.82321430000002,-0.06672098318942313,0.06672098318942313,0.621455172419359,140,False,WITHIN_THRESHOLD
2020-06-16 13:45:00,4135001,ZnxXDlPa8U1GXgE,549.4428571,679.25,549.4428571,618.0333405252533,770.4907410794987,738.3105,679.25,549.4428571,129.80714290000003,0.23625230762873456,0.23625230762873456,0.6533279459118295,140,False,WITHIN_THRESHOLD
2020-06-16 13:45:00,4135001,ZoEaEvLYb1n2sOq,606.5,650.1285714,606.5,612.3508369199061,767.9563839364986,740.67847,650.1285714,606.5,43.628571400000055,0.07193498994229193,0.07193498994229193,0.6312243441917053,140,False,WITHIN_THRESHOLD
2020-06-16 13:45:00,4135001,adLQvlD726eNBSB,575.05,645.7714286,575.05,617.6638927725401,773.0642589364985,740.67847,645.7714286,575.05,70.72142860000008,0.12298309468741864,0.12298309468741864,0.5967226324524667,140,False,WITHIN_THRESHOLD
2020-06-16 13:45:00,4135001,bvBOhCH3iADSZry,536.3875,624.4285714,536.3875,595.2356297966176,765.2315535804987,726.9888,624.4285714,536.3875,88.04107139999996,0.16413706769825911,0.16413706769825911,0.7126272967972415,127,False,WITHIN_THRESHOLD
2020-06-16 13:45:00,4135001,iCRJl6heRkivqQ3,634.475,645.6571429,634.475,611.5425733362616,755.5145267939987,731.2552,645.6571429,634.475,11.18214290000003,0.017624245084518743,0.017624245084518743,0.6313543652927712,140,False,WITHIN_THRESHOLD
2020-06-16 13:45:00,4135001,ih0vzX44oOqAx2f,550.1857143,639.75,550.1857143,604.8970750923099,755.2075803654985,730.3435,639.75,550.1857143,89.56428570000003,0.16278918803617515,0.16278918803617515,0.6624702585319796,140,False,WITHIN_THRESHOLD
2020-06-16 13:45:00,4135001,pkci93gMrogZuBj,616.8375,672.7857143,616.8375,616.37362561072,765.8420714374987,744.8654,672.7857143,616.8375,55.94821430000002,0.09070170717571487,0.09070170717571487,0.5863965339011183,140,False,WITHIN_THRESHOLD
2020-06-16 13:45:00,4135001,rGa61gmuvPhdLxV,612.875,634.8142857,612.875,607.1786775516982,754.7898750084986,731.2552,634.8142857,612.875,21.939285700000028,0.0357973252294514,0.0357973252294514,0.6265022920692254,140,False,WITHIN_THRESHOLD
2020-06-16 13:45:00,4135001,sjndEbLyjtCKgGv,577.1,659.975,577.1,611.526008766592,756.8608928654986,732.4585,659.975,577.1,82.875,0.14360596083867613,0.14360596083867613,0.6598785838606678,140,False,WITHIN_THRESHOLD
2020-06-16 13:45:00,4135001,uHbuxQJl8lW7ozc,596.45,688.9285714,596.45,617.187124510041,754.9987589369987,731.2552,688.9285714,596.45,92.47857139999996,0.15504832156928486,0.15504832156928486,0.6330720359237364,140,False,WITHIN_THRESHOLD
2020-06-16 13:45:00,4135001,wCURE6d3bPkepu2,590.7571429,692.0,590.7571429,615.6913618651699,762.9033750059987,727.06824,692.0,590.7571429,101.24285710000004,0.17137813451226921,0.17137813451226921,0.6722465763485777,140,False,WITHIN_THRESHOLD
2020-06-16 13:45:00,4135001,z9Y9gH1T5YWrNuG,599.5571429,669.1875,599.5571429,615.8075214679029,761.3685267934986,727.06824,669.1875,599.5571429,69.63035709999997,0.11613631481930922,0.11613631481930922,0.686499253670038,140,False,WITHIN_THRESHOLD
2020-06-16 13:45:00,4135001,zBIq5rxdHJRwDNY,561.0875,576.9285714,561.0875,552.6434341914103,722.6447678639984,646.22534,576.9285714,561.0875,15.841071400000033,0.0282328004099183,0.0282328004099183,0.6310594990859788,140,False,WITHIN_THRESHOLD
2020-06-16 13:45:00,4135001,zVJPv84UY57bAof,607.8625,650.7714286,607.8625,611.1304314237891,756.0575267939986,731.2552,650.7714286,607.8625,42.90892860000008,0.07058985971333992,0.07058985971333992,0.6239543405030045,140,False,WITHIN_THRESHOLD
2020-06-16 14:00:00,4135001,1BY6WEcLGh8j5v7,643.4714286,396.1285714,643.4714286,582.570783537841,766.9681309565004,670.01294,396.1285714,643.4714286,-247.34285719999997,-0.3843882512983421,0.3843882512983421,0.7244052284136537,127,False,WITHIN_THRESHOLD
2020-06-16 14:00:00,4135001,1IF53ai7Xc0U56Y,625.7,439.0875,625.7,608.0413886184572,782.817059529,738.8734,439.0875,625.7,-186.61250000000007,-0.298245964519738,0.298245964519738,0.5940346974102673,140,False,WITHIN_THRESHOLD
2020-06-16 14:00:00,4135001,3PZuoBAID5Wc2HD,659.6,419.0571429,659.6,610.5014559738372,790.1499345279996,749.3894,419.0571429,659.6,-240.54285710000005,-0.36467989251061256,0.36467989251061256,0.6483868824537441,140,False,WITHIN_THRESHOLD
2020-06-16 14:00:00,4135001,7JYdWkrLSPkdwr4,587.35,414.5714286,587.35,580.3310636623454,783.1533273895001,697.6462,414.5714286,587.35,-172.77857140000003,-0.2941662916489317,0.2941662916489317,0.5905745482895888,140,False,WITHIN_THRESHOLD
2020-06-16 14:00:00,4135001,McdE0feGgRqW7Ca,689.575,450.4571429,689.575,613.6812559961279,784.1648006014999,738.8734,450.4571429,689.575,-239.11785710000004,-0.34676120378494,0.34676120378494,0.6677543807186324,140,False,WITHIN_THRESHOLD
2020-06-16 14:00:00,4135001,VHMLBKoKgIrUVDU,631.85,423.4428571,631.85,584.0823414055458,783.698898817,731.958,423.4428571,631.85,-208.4071429,-0.32983642146078973,0.32983642146078973,0.6129522180797938,140,False,WITHIN_THRESHOLD
2020-06-16 14:00:00,4135001,WRmjgnKYAwPKWDb,605.8625,410.3,605.8625,600.3832500423734,786.8365773835,738.8734,410.3,605.8625,-195.56249999999994,-0.3227836349006581,0.3227836349006581,0.6395407288719102,140,False,WITHIN_THRESHOLD
2020-06-16 14:00:00,4135001,YxYtjZvoooNbGkE,585.0142857,435.425,585.0142857,611.0942077711968,786.606907741,738.8734,435.425,585.0142857,-149.58928569999995,-0.2557019364424727,0.2557019364424727,0.621455172419359,140,False,WITHIN_THRESHOLD
2020-06-16 14:00:00,4135001,ZnxXDlPa8U1GXgE,679.25,431.0714286,679.25,595.308386630568,775.9190773855003,734.41785,431.0714286,679.25,-248.1785714,-0.36537147059256536,0.36537147059256536,0.6533279459118295,140,False,WITHIN_THRESHOLD
2020-06-16 14:00:00,4135001,ZoEaEvLYb1n2sOq,650.1285714,432.925,650.1285714,605.7134724575062,786.7644970265002,738.8734,432.925,650.1285714,-217.20357140000004,-0.334093256249713,0.334093256249713,0.6312243441917053,140,False,WITHIN_THRESHOLD
2020-06-16 14:00:00,4135001,adLQvlD726eNBSB,645.7714286,439.0375,645.7714286,602.5743858474717,781.9859791709998,738.8734,439.0375,645.7714286,-206.7339286,-0.3201348332306816,0.3201348332306816,0.5967226324524667,140,False,WITHIN_THRESHOLD
2020-06-16 14:00:00,4135001,bvBOhCH3iADSZry,624.4285714,389.8571429,624.4285714,582.5945198040591,764.9793898850006,671.5741,389.8571429,624.4285714,-234.57142850000002,-0.37565774412608827,0.37565774412608827,0.7126272967972415,127,False,WITHIN_THRESHOLD
2020-06-16 14:00:00,4135001,iCRJl6heRkivqQ3,645.6571429,444.0714286,645.6571429,614.8917121644931,784.5783184589999,738.39606,444.0714286,645.6571429,-201.58571430000006,-0.31221789539037414,0.31221789539037414,0.6313543652927712,140,False,WITHIN_THRESHOLD
2020-06-16 14:00:00,4135001,ih0vzX44oOqAx2f,639.75,423.1,639.75,591.5608247802381,773.7901666720002,734.797,423.1,639.75,-216.64999999999998,-0.3386479093395857,0.3386479093395857,0.6624702585319796,140,False,WITHIN_THRESHOLD
2020-06-16 14:00:00,4135001,pkci93gMrogZuBj,672.7857143,455.7625,672.7857143,611.0016008608841,782.3654702444999,741.553,455.7625,672.7857143,-217.0232143,-0.3225740524615655,0.3225740524615655,0.5863965339011183,140,False,WITHIN_THRESHOLD
2020-06-16 14:00:00,4135001,rGa61gmuvPhdLxV,634.8142857,456.2,634.8142857,608.5074591007004,781.1442380999999,738.8734,456.2,634.8142857,-178.61428570000004,-0.2813646285591144,0.2813646285591144,0.6265022920692254,140,False,WITHIN_THRESHOLD
2020-06-16 14:00:00,4135001,sjndEbLyjtCKgGv,659.975,441.4,659.975,600.2030385815183,780.8195505990001,742.69135,441.4,659.975,-218.57500000000005,-0.33118678737830987,0.33118678737830987,0.6598785838606678,140,False,WITHIN_THRESHOLD
2020-06-16 14:00:00,4135001,uHbuxQJl8lW7ozc,688.9285714,466.625,688.9285714,608.4882934725078,781.8019523874998,741.553,466.625,688.9285714,-222.3035714,-0.322680145124839,0.322680145124839,0.6330720359237364,140,False,WITHIN_THRESHOLD
2020-06-16 14:00:00,4135001,wCURE6d3bPkepu2,692.0,439.5,692.0,603.3721753815646,783.8357202429999,738.8734,439.5,692.0,-252.5,-0.36488439306358383,0.36488439306358383,0.6722465763485777,140,False,WITHIN_THRESHOLD
2020-06-16 14:00:00,4135001,z9Y9gH1T5YWrNuG,669.1875,441.0857143,669.1875,605.1351948952699,783.6072380999998,738.8734,441.0857143,669.1875,-228.1017857,-0.3408637873540674,0.3408637873540674,0.686499253670038,140,False,WITHIN_THRESHOLD
2020-06-16 14:00:00,4135001,zBIq5rxdHJRwDNY,576.9285714,402.6142857,576.9285714,602.5558242476425,676.4689910709997,672.3732,402.6142857,576.9285714,-174.31428570000003,-0.3021418843532075,0.3021418843532075,0.6310594990859788,140,False,WITHIN_THRESHOLD
2020-06-16 14:00:00,4135001,zVJPv84UY57bAof,650.7714286,456.1125,650.7714286,609.3091557003064,782.2303631005,738.8734,456.1125,650.7714286,-194.65892860000002,-0.29912027486942444,0.29912027486942444,0.6239543405030045,140,False,WITHIN_THRESHOLD
2020-06-16 14:15:00,4135001,1BY6WEcLGh8j5v7,396.1285714,869.8125,396.1285714,517.9338714160504,450.2871874964999,495.66336,869.8125,396.1285714,473.6839286,1.1957832956252143,1.1957832956252143,0.7244052284136537,127,True,FLAGGED
2020-06-16 14:15:00,4135001,1IF53ai7Xc0U56Y,439.0875,983.9142857,439.0875,523.2335990944819,450.3846607094998,487.44424,983.9142857,439.0875,544.8267857000001,1.2408159779087313,1.2408159779087313,0.5940346974102673,140,True,FLAGGED
2020-06-16 14:15:00,4135001,3PZuoBAID5Wc2HD,419.0571429,952.6857143,419.0571429,528.156032746346,449.8716249954998,495.66336,952.6857143,419.0571429,533.6285714,1.2734028770089247,1.2734028770089247,0.6483868824537441,140,True,FLAGGED
2020-06-16 14:15:00,4135001,7JYdWkrLSPkdwr4,414.5714286,1000.4125,414.5714286,500.7511175802291,448.740446424,486.01898,1000.4125,414.5714286,585.8410714,1.41312456909627,1.41312456909627,0.5905745482895888,140,True,FLAGGED
2020-06-16 14:15:00,4135001,McdE0feGgRqW7Ca,450.4571429,966.925,450.4571429,535.8248276748542,449.650241067,497.87158,966.925,450.4571429,516.4678571,1.146541608320448,1.146541608320448,0.6677543807186324,140,True,FLAGGED
2020-06-16 14:15:00,4135001,VHMLBKoKgIrUVDU,423.4428571,1032.025,423.4428571,513.3628479926158,450.501026782,493.18826,1032.025,423.4428571,608.5821429,1.4372237781219146,1.4372237781219146,0.6129522180797938,140,True,FLAGGED
2020-06-16 14:15:00,4135001,WRmjgnKYAwPKWDb,410.3,904.6571429,410.3,512.8586231408526,450.926624996,485.23602,904.6571429,410.3,494.35714290000004,1.204867518644894,1.204867518644894,0.6395407288719102,140,True,FLAGGED
2020-06-16 14:15:00,4135001,YxYtjZvoooNbGkE,435.425,1036.642857,435.425,511.4664208532923,447.7577499955,486.01898,1036.642857,435.425,601.2178570000001,1.3807609967273355,1.3807609967273355,0.621455172419359,140,True,FLAGGED
2020-06-16 14:15:00,4135001,ZnxXDlPa8U1GXgE,431.0714286,936.425,431.0714286,530.0276888814581,449.8785267814998,496.44632,936.425,431.0714286,505.35357139999996,1.172319801015919,1.172319801015919,0.6533279459118295,140,True,FLAGGED
2020-06-16 14:15:00,4135001,ZoEaEvLYb1n2sOq,432.925,1051.828571,432.925,525.1959806055031,449.53350892399993,496.44632,1051.828571,432.925,618.903571,1.4295861199976903,1.4295861199976903,0.6312243441917053,140,True,FLAGGED
2020-06-16 14:15:00,4135001,adLQvlD726eNBSB,439.0375,1050.128571,439.0375,526.6094564458898,450.0060178519998,497.08862,1050.128571,439.0375,611.0910709999999,1.3918880983970616,1.3918880983970616,0.5967226324524667,140,True,FLAGGED
2020-06-16 14:15:00,4135001,bvBOhCH3iADSZry,389.8571429,837.0125,389.8571429,513.040314070324,452.1249285679998,481.7317,837.0125,389.8571429,447.15535710000006,1.1469723339523301,1.1469723339523301,0.7126272967972415,127,True,FLAGGED
2020-06-16 14:15:00,4135001,iCRJl6heRkivqQ3,444.0714286,950.7625,444.0714286,524.9699835596389,449.6775178519999,497.87158,950.7625,444.0714286,506.69107140000006,1.1410125461064173,1.1410125461064173,0.6313543652927712,140,True,FLAGGED
2020-06-16 14:15:00,4135001,ih0vzX44oOqAx2f,423.1,938.8125,423.1,517.9750272800154,450.58170535349984,492.4053,938.8125,423.1,515.7125,1.2188903332545495,1.2188903332545495,0.6624702585319796,140,True,FLAGGED
2020-06-16 14:15:00,4135001,pkci93gMrogZuBj,455.7625,969.6285714,455.7625,527.3912842072752,449.4067767804999,497.87158,969.6285714,455.7625,513.8660714,1.1274865119442692,1.1274865119442692,0.5863965339011183,140,True,FLAGGED
2020-06-16 14:15:00,4135001,rGa61gmuvPhdLxV,456.2,1004.471429,456.2,521.019724983733,450.0923749955,494.61353,1004.471429,456.2,548.2714289999999,1.2018225098640944,1.2018225098640944,0.6265022920692254,140,True,FLAGGED
2020-06-16 14:15:00,4135001,sjndEbLyjtCKgGv,441.4,976.2125,441.4,524.3114651967653,449.758267853,496.44632,976.2125,441.4,534.8125,1.2116277752605347,1.2116277752605347,0.6598785838606678,140,True,FLAGGED
2020-06-16 14:15:00,4135001,uHbuxQJl8lW7ozc,466.625,959.3714286,466.625,530.1583815293302,449.8912678519999,497.87158,959.3714286,466.625,492.74642859999994,1.0559794880257165,1.0559794880257165,0.6330720359237364,140,True,FLAGGED
2020-06-16 14:15:00,4135001,wCURE6d3bPkepu2,439.5,966.675,439.5,536.3310809380267,449.90462499549983,495.66336,966.675,439.5,527.175,1.1994880546075084,1.1994880546075084,0.6722465763485777,140,True,FLAGGED
2020-06-16 14:15:00,4135001,z9Y9gH1T5YWrNuG,441.0857143,913.6375,441.0857143,530.7978316619324,449.90583928149977,496.44632,913.6375,441.0857143,472.55178570000004,1.0713377703694995,1.0713377703694995,0.686499253670038,140,True,FLAGGED
2020-06-16 14:15:00,4135001,zBIq5rxdHJRwDNY,402.6142857,915.55,402.6142857,530.29825226755,447.5963124959998,478.7012,915.55,402.6142857,512.9357143,1.2740127027738002,1.2740127027738002,0.6310594990859788,140,True,FLAGGED
2020-06-16 14:15:00,4135001,zVJPv84UY57bAof,456.1125,928.2714286,456.1125,526.0564685706947,449.6779464234998,497.87158,928.2714286,456.1125,472.1589286,1.0351808569157828,1.0351808569157828,0.6239543405030045,140,True,FLAGGED
2020-06-16 14:30:00,4135001,1BY6WEcLGh8j5v7,869.8125,622.1142857,869.8125,748.5485991997556,742.801261907,884.2932,622.1142857,869.8125,-247.69821430000002,-0.28477196441761876,0.28477196441761876,0.7244052284136537,127,False,WITHIN_THRESHOLD
2020-06-16 14:30:00,4135001,1IF53ai7Xc0U56Y,983.9142857,720.6125,983.9142857,768.4752385671248,775.8687351224997,930.9847,720.6125,983.9142857,-263.3017857000001,-0.2676064262169703,0.2676064262169703,0.5940346974102673,140,False,WITHIN_THRESHOLD
2020-06-16 14:30:00,4135001,3PZuoBAID5Wc2HD,952.6857143,718.45,952.6857143,760.7557797539549,753.0947827435,930.5569,718.45,952.6857143,-234.23571429999993,-0.24586882198827564,0.24586882198827564,0.6483868824537441,140,False,WITHIN_THRESHOLD
2020-06-16 14:30:00,4135001,7JYdWkrLSPkdwr4,1000.4125,782.6142857,1000.4125,751.622006434907,768.7966309549996,901.62396,782.6142857,1000.4125,-217.79821430000004,-0.21770840958104784,0.21770840958104784,0.5905745482895888,140,False,WITHIN_THRESHOLD
2020-06-16 14:30:00,4135001,McdE0feGgRqW7Ca,966.925,713.5714286,966.925,779.9115380073506,771.3173154775001,941.5227,713.5714286,966.925,-253.35357139999996,-0.26201987889443334,0.26201987889443334,0.6677543807186324,140,False,WITHIN_THRESHOLD
2020-06-16 14:30:00,4135001,VHMLBKoKgIrUVDU,1032.025,772.1,1032.025,755.065009245687,780.3921547649995,930.1092,772.1,1032.025,-259.92500000000007,-0.25185920883699525,0.25185920883699525,0.6129522180797938,140,False,WITHIN_THRESHOLD
2020-06-16 14:30:00,4135001,WRmjgnKYAwPKWDb,904.6571429,755.975,904.6571429,747.9033086741244,754.6441011959998,930.5569,755.975,904.6571429,-148.68214290000003,-0.1643519249993201,0.1643519249993201,0.6395407288719102,140,False,WITHIN_THRESHOLD
2020-06-16 14:30:00,4135001,YxYtjZvoooNbGkE,1036.642857,748.8,1036.642857,764.1754501381579,756.9009761965,930.5569,748.8,1036.642857,-287.8428570000001,-0.27766829728900555,0.27766829728900555,0.621455172419359,140,False,WITHIN_THRESHOLD
2020-06-16 14:30:00,4135001,ZnxXDlPa8U1GXgE,936.425,666.3714286,936.425,766.4808669445672,763.8209136969998,929.6814,666.3714286,936.425,-270.0535714,-0.2883878275355741,0.2883878275355741,0.6533279459118295,140,False,WITHIN_THRESHOLD
2020-06-16 14:30:00,4135001,ZoEaEvLYb1n2sOq,1051.828571,697.525,1051.828571,767.9910650679191,759.4470297689998,930.5569,697.525,1051.828571,-354.30357100000003,-0.33684535747413163,0.33684535747413163,0.6312243441917053,140,False,WITHIN_THRESHOLD
2020-06-16 14:30:00,4135001,adLQvlD726eNBSB,1050.128571,707.3,1050.128571,766.6059480664223,779.4954136934997,930.1092,707.3,1050.128571,-342.828571,-0.326463425972247,0.326463425972247,0.5967226324524667,140,False,WITHIN_THRESHOLD
2020-06-16 14:30:00,4135001,bvBOhCH3iADSZry,837.0125,606.9571429,837.0125,751.6159329644837,754.6631339344999,880.9593,606.9571429,837.0125,-230.05535710000004,-0.2748529527336808,0.2748529527336808,0.7126272967972415,127,False,WITHIN_THRESHOLD
2020-06-16 14:30:00,4135001,iCRJl6heRkivqQ3,950.7625,717.9142857,950.7625,774.4425335604703,771.3654136959999,930.9847,717.9142857,950.7625,-232.8482143,-0.24490681353124463,0.24490681353124463,0.6313543652927712,140,False,WITHIN_THRESHOLD
2020-06-16 14:30:00,4135001,ih0vzX44oOqAx2f,938.8125,640.6142857,938.8125,760.7920822931213,761.9680922694997,930.5569,640.6142857,938.8125,-298.1982143,-0.3176334084814593,0.3176334084814593,0.6624702585319796,140,False,WITHIN_THRESHOLD
2020-06-16 14:30:00,4135001,pkci93gMrogZuBj,969.6285714,736.0125,969.6285714,781.9442446577838,774.0239761944999,943.1032,736.0125,969.6285714,-233.6160714,-0.24093356805966742,0.24093356805966742,0.5863965339011183,140,False,WITHIN_THRESHOLD
2020-06-16 14:30:00,4135001,rGa61gmuvPhdLxV,1004.471429,711.1875,1004.471429,776.1563061831987,776.624556551,930.9847,711.1875,1004.471429,-293.28392899999994,-0.2919783684559135,0.2919783684559135,0.6265022920692254,140,False,WITHIN_THRESHOLD
2020-06-16 14:30:00,4135001,sjndEbLyjtCKgGv,976.2125,705.2857143,976.2125,772.0532950679568,776.8237797655,930.9847,705.2857143,976.2125,-270.9267857,-0.27752849476932534,0.27752849476932534,0.6598785838606678,140,False,WITHIN_THRESHOLD
2020-06-16 14:30:00,4135001,uHbuxQJl8lW7ozc,959.3714286,778.075,959.3714286,785.2893471801508,775.1987916705001,939.4579,778.075,959.3714286,-181.2964285999999,-0.18897417954645968,0.18897417954645968,0.6330720359237364,140,False,WITHIN_THRESHOLD
2020-06-16 14:30:00,4135001,wCURE6d3bPkepu2,966.675,685.5857143,966.675,773.7336963000328,780.0895029784999,930.1092,685.5857143,966.675,-281.0892857,-0.29077951296971577,0.29077951296971577,0.6722465763485777,140,False,WITHIN_THRESHOLD
2020-06-16 14:30:00,4135001,z9Y9gH1T5YWrNuG,913.6375,685.1571429,913.6375,775.0424091697076,778.3248095274998,930.1092,685.1571429,913.6375,-228.4803571,-0.2500776917541147,0.2500776917541147,0.686499253670038,140,False,WITHIN_THRESHOLD
2020-06-16 14:30:00,4135001,zBIq5rxdHJRwDNY,915.55,714.6285714,915.55,810.6746122976008,762.9333958359998,878.83856,714.6285714,915.55,-200.9214285999999,-0.21945434831522026,0.21945434831522026,0.6310594990859788,140,False,WITHIN_THRESHOLD
2020-06-16 14:30:00,4135001,zVJPv84UY57bAof,928.2714286,753.7,928.2714286,777.8618478158256,774.3322172659999,943.1032,753.7,928.2714286,-174.5714286,-0.18806075811606637,0.18806075811606637,0.6239543405030045,140,False,WITHIN_THRESHOLD
2020-06-16 14:45:00,4135001,1BY6WEcLGh8j5v7,622.1142857,347.775,622.1142857,659.8906984124478,721.133644045,706.73413,347.775,622.1142857,-274.3392857,-0.4409789197997837,0.4409789197997837,0.7244052284136537,127,False,WITHIN_THRESHOLD
2020-06-16 14:45:00,4135001,1IF53ai7Xc0U56Y,720.6125,401.9571429,720.6125,688.754847751542,723.2818404834999,706.0233,401.9571429,720.6125,-318.65535709999995,-0.44220070717618687,0.44220070717618687,0.5940346974102673,140,False,WITHIN_THRESHOLD
2020-06-16 14:45:00,4135001,3PZuoBAID5Wc2HD,718.45,369.4285714,718.45,683.4464054719705,728.5291083395,709.6877,369.4285714,718.45,-349.02142860000004,-0.4857977988725729,0.4857977988725729,0.6483868824537441,140,False,WITHIN_THRESHOLD
2020-06-16 14:45:00,4135001,7JYdWkrLSPkdwr4,782.6142857,382.6,782.6142857,677.2032415241652,730.3048404875001,703.87994,382.6,782.6142857,-400.01428569999996,-0.5111257141724828,0.5111257141724828,0.5905745482895888,140,False,WITHIN_THRESHOLD
2020-06-16 14:45:00,4135001,McdE0feGgRqW7Ca,713.5714286,435.8875,713.5714286,692.2584276322505,727.5767958384998,705.9146,435.8875,713.5714286,-277.6839286,-0.38914664667110527,0.38914664667110527,0.6677543807186324,140,False,WITHIN_THRESHOLD
2020-06-16 14:45:00,4135001,VHMLBKoKgIrUVDU,772.1,394.0,772.1,686.0696887968795,725.959679777,703.42444,394.0,772.1,-378.1,-0.48970340629452147,0.48970340629452147,0.6129522180797938,140,False,WITHIN_THRESHOLD
2020-06-16 14:45:00,4135001,WRmjgnKYAwPKWDb,755.975,360.8714286,755.975,662.6318074210748,719.5120815480001,710.6955,360.8714286,755.975,-395.1035714,-0.5226410547967856,0.5226410547967856,0.6395407288719102,140,False,WITHIN_THRESHOLD
2020-06-16 14:45:00,4135001,YxYtjZvoooNbGkE,748.8,381.8571429,748.8,696.4561828791568,723.3998404824998,668.2962,381.8571429,748.8,-366.94285709999997,-0.49004120873397433,0.49004120873397433,0.621455172419359,140,False,WITHIN_THRESHOLD
2020-06-16 14:45:00,4135001,ZnxXDlPa8U1GXgE,666.3714286,417.275,666.3714286,678.763597213901,731.0103404829997,710.8042,417.275,666.3714286,-249.09642859999997,-0.37381018739554045,0.37381018739554045,0.6533279459118295,140,False,WITHIN_THRESHOLD
2020-06-16 14:45:00,4135001,ZoEaEvLYb1n2sOq,697.525,381.4428571,697.525,706.4859296456412,725.4426887029999,696.2962,381.4428571,697.525,-316.08214289999995,-0.4531481207125192,0.4531481207125192,0.6312243441917053,140,False,WITHIN_THRESHOLD
2020-06-16 14:45:00,4135001,adLQvlD726eNBSB,707.3,399.3571429,707.3,700.7183512564541,724.8855904895,697.20593,399.3571429,707.3,-307.94285709999997,-0.4353779967481974,0.4353779967481974,0.5967226324524667,140,False,WITHIN_THRESHOLD
2020-06-16 14:45:00,4135001,bvBOhCH3iADSZry,606.9571429,361.275,606.9571429,648.9201495361235,716.959902975,708.22675,361.275,606.9571429,-245.68214290000003,-0.40477675528480883,0.40477675528480883,0.7126272967972415,127,False,WITHIN_THRESHOLD
2020-06-16 14:45:00,4135001,iCRJl6heRkivqQ3,717.9142857,424.5125,717.9142857,684.0415439883609,730.0524267889999,671.57745,424.5125,717.9142857,-293.40178570000006,-0.40868637321225554,0.40868637321225554,0.6313543652927712,140,False,WITHIN_THRESHOLD
2020-06-16 14:45:00,4135001,ih0vzX44oOqAx2f,640.6142857,409.95,640.6142857,679.7237686208978,729.7811053599997,706.73413,409.95,640.6142857,-230.6642857,-0.36006734605981017,0.36006734605981017,0.6624702585319796,140,False,WITHIN_THRESHOLD
2020-06-16 14:45:00,4135001,pkci93gMrogZuBj,736.0125,422.8428571,736.0125,690.438726077185,725.5676172679999,705.9146,422.8428571,736.0125,-313.16964290000004,-0.42549500572340826,0.42549500572340826,0.5863965339011183,140,False,WITHIN_THRESHOLD
2020-06-16 14:45:00,4135001,rGa61gmuvPhdLxV,711.1875,409.7,711.1875,698.0202301090922,726.572819648,668.2962,409.7,711.1875,-301.4875,-0.42392125845856404,0.42392125845856404,0.6265022920692254,140,False,WITHIN_THRESHOLD
2020-06-16 14:45:00,4135001,sjndEbLyjtCKgGv,705.2857143,422.4875,705.2857143,691.3330844017811,727.9684892939997,706.0233,422.4875,705.2857143,-282.7982143,-0.40096971846463497,0.40096971846463497,0.6598785838606678,140,False,WITHIN_THRESHOLD
2020-06-16 14:45:00,4135001,uHbuxQJl8lW7ozc,778.075,424.2428571,778.075,692.3601892485602,723.480632144,706.0233,424.2428571,778.075,-353.83214290000006,-0.4547532601612956,0.4547532601612956,0.6330720359237364,140,False,WITHIN_THRESHOLD
2020-06-16 14:45:00,4135001,wCURE6d3bPkepu2,685.5857143,430.575,685.5857143,689.8383638078132,725.8928315555,706.0233,430.575,685.5857143,-255.01071429999996,-0.37196036758200574,0.37196036758200574,0.6722465763485777,140,False,WITHIN_THRESHOLD
2020-06-16 14:45:00,4135001,z9Y9gH1T5YWrNuG,685.1571429,436.1375,685.1571429,676.3912442962783,722.5675279765,706.73413,436.1375,685.1571429,-249.01964290000006,-0.36344894814348444,0.36344894814348444,0.686499253670038,140,False,WITHIN_THRESHOLD
2020-06-16 14:45:00,4135001,zBIq5rxdHJRwDNY,714.6285714,401.3375,714.6285714,718.4732906318653,716.0489642785002,659.0919,401.3375,714.6285714,-313.2910714000001,-0.4383970693842315,0.4383970693842315,0.6310594990859788,140,False,WITHIN_THRESHOLD
2020-06-16 14:45:00,4135001,zVJPv84UY57bAof,753.7,428.9,753.7,681.4780271005646,727.3740071435,701.0739,428.9,753.7,-324.80000000000007,-0.430940692583256,0.430940692583256,0.6239543405030045,140,False,WITHIN_THRESHOLD
2020-06-16 15:00:00,4135001,1BY6WEcLGh8j5v7,347.775,423.4714286,347.775,480.075944487324,514.1989553575002,499.4339,423.4714286,347.775,75.69642860000005,0.2176592009201353,0.2176592009201353,0.7244052284136537,127,False,WITHIN_THRESHOLD
2020-06-16 15:00:00,4135001,1IF53ai7Xc0U56Y,401.9571429,466.2125,401.9571429,510.2299481786738,516.5799910700002,509.56998,466.2125,401.9571429,64.25535709999997,0.15985623899208973,0.15985623899208973,0.5940346974102673,140,False,WITHIN_THRESHOLD
2020-06-16 15:00:00,4135001,3PZuoBAID5Wc2HD,369.4285714,465.0875,369.4285714,507.1453904368352,515.8780714275002,507.8907,465.0875,369.4285714,95.65892859999997,0.25893754843456585,0.25893754843456585,0.6483868824537441,140,False,WITHIN_THRESHOLD
2020-06-16 15:00:00,4135001,7JYdWkrLSPkdwr4,382.6,445.9,382.6,523.7269152581025,516.3865982140002,505.44504,445.9,382.6,63.299999999999955,0.16544694197595386,0.16544694197595386,0.5905745482895888,140,False,WITHIN_THRESHOLD
2020-06-16 15:00:00,4135001,McdE0feGgRqW7Ca,435.8875,463.5571429,435.8875,508.1847825047264,515.8377321410002,507.8907,463.5571429,435.8875,27.669642899999985,0.06347886300937738,0.06347886300937738,0.6677543807186324,140,False,WITHIN_THRESHOLD
2020-06-16 15:00:00,4135001,VHMLBKoKgIrUVDU,394.0,455.3857143,394.0,525.9390084922352,517.4917410700002,505.3363,455.3857143,394.0,61.38571430000002,0.1558013053299493,0.1558013053299493,0.6129522180797938,140,False,WITHIN_THRESHOLD
2020-06-16 15:00:00,4135001,WRmjgnKYAwPKWDb,360.8714286,450.8,360.8714286,509.03375424854914,517.2604732135002,508.87854,450.8,360.8714286,89.92857140000001,0.24919836892845112,0.24919836892845112,0.6395407288719102,140,False,WITHIN_THRESHOLD
2020-06-16 15:00:00,4135001,YxYtjZvoooNbGkE,381.8571429,465.0375,381.8571429,519.011885928925,517.8541874985002,510.55783,465.0375,381.8571429,83.18035710000004,0.21783108852774072,0.21783108852774072,0.621455172419359,140,False,WITHIN_THRESHOLD
2020-06-16 15:00:00,4135001,ZnxXDlPa8U1GXgE,417.275,458.4285714,417.275,495.8377887305497,515.3557410695,507.02325,458.4285714,417.275,41.15357140000003,0.09862457947396809,0.09862457947396809,0.6533279459118295,140,False,WITHIN_THRESHOLD
2020-06-16 15:00:00,4135001,ZoEaEvLYb1n2sOq,381.4428571,465.65,381.4428571,511.0562943748636,517.0438571415002,507.02325,465.65,381.4428571,84.20714289999995,0.22075952225243528,0.22075952225243528,0.6312243441917053,140,False,WITHIN_THRESHOLD
2020-06-16 15:00:00,4135001,adLQvlD726eNBSB,399.3571429,470.15,399.3571429,514.1054432577884,516.8010178555002,508.70255,470.15,399.3571429,70.79285709999999,0.1772670361820139,0.1772670361820139,0.5967226324524667,140,False,WITHIN_THRESHOLD
2020-06-16 15:00:00,4135001,bvBOhCH3iADSZry,361.275,411.1857143,361.275,471.7972103245563,515.8119107120004,499.4339,411.1857143,361.275,49.910714299999995,0.13815158618780707,0.13815158618780707,0.7126272967972415,127,False,WITHIN_THRESHOLD
2020-06-16 15:00:00,4135001,iCRJl6heRkivqQ3,424.5125,461.0857143,424.5125,505.723513938704,516.1226964270002,509.56998,461.0857143,424.5125,36.57321430000002,0.08615344495156213,0.08615344495156213,0.6313543652927712,140,False,WITHIN_THRESHOLD
2020-06-16 15:00:00,4135001,ih0vzX44oOqAx2f,409.95,451.6571429,409.95,488.26671792901385,517.0994017855002,505.75748,451.6571429,409.95,41.70714290000001,0.10173714574948167,0.10173714574948167,0.6624702585319796,140,False,WITHIN_THRESHOLD
2020-06-16 15:00:00,4135001,pkci93gMrogZuBj,422.8428571,481.4625,422.8428571,512.008455423167,515.6224999985002,509.56998,481.4625,422.8428571,58.619642899999974,0.13863221742004442,0.13863221742004442,0.5863965339011183,140,False,WITHIN_THRESHOLD
2020-06-16 15:00:00,4135001,rGa61gmuvPhdLxV,409.7,471.125,409.7,510.6319976534281,516.5202321410002,510.3377,471.125,409.7,61.42500000000001,0.14992677568952895,0.14992677568952895,0.6265022920692254,140,False,WITHIN_THRESHOLD
2020-06-16 15:00:00,4135001,sjndEbLyjtCKgGv,422.4875,450.0857143,422.4875,507.4541949006985,516.0234107135001,508.70255,450.0857143,422.4875,27.598214299999995,0.06532314991567796,0.06532314991567796,0.6598785838606678,140,False,WITHIN_THRESHOLD
2020-06-16 15:00:00,4135001,uHbuxQJl8lW7ozc,424.2428571,492.5875,424.2428571,521.9142046784625,515.621142855,507.78333,492.5875,424.2428571,68.3446429,0.1610979224663533,0.1610979224663533,0.6330720359237364,140,False,WITHIN_THRESHOLD
2020-06-16 15:00:00,4135001,wCURE6d3bPkepu2,430.575,463.1,430.575,502.5451100104984,515.473312498,507.02325,463.1,430.575,32.525000000000034,0.07553852406665514,0.07553852406665514,0.6722465763485777,140,False,WITHIN_THRESHOLD
2020-06-16 15:00:00,4135001,z9Y9gH1T5YWrNuG,436.1375,461.1142857,436.1375,496.14949919305707,515.4553392845002,507.02325,461.1142857,436.1375,24.976785699999994,0.05726814525235733,0.05726814525235733,0.686499253670038,140,False,WITHIN_THRESHOLD
2020-06-16 15:00:00,4135001,zBIq5rxdHJRwDNY,401.3375,439.3714286,401.3375,509.3497901153539,518.5087678565,522.7094,439.3714286,401.3375,38.033928600000024,0.09476794119662385,0.09476794119662385,0.6310594990859788,140,False,WITHIN_THRESHOLD
2020-06-16 15:00:00,4135001,zVJPv84UY57bAof,428.9,478.2,428.9,512.2593675202767,516.1706517850002,508.7698,478.2,428.9,49.30000000000001,0.11494520867335047,0.11494520867335047,0.6239543405030045,140,False,WITHIN_THRESHOLD
2020-06-16 15:15:00,4135001,1BY6WEcLGh8j5v7,423.4714286,590.3125,423.4714286,441.2232482152538,740.9305714369998,595.83563,590.3125,423.4714286,166.84107139999998,0.3939842457650045,0.3939842457650045,0.7244052284136537,127,False,WITHIN_THRESHOLD
2020-06-16 15:15:00,4135001,1IF53ai7Xc0U56Y,466.2125,622.8714286,466.2125,467.2826396215111,736.4952678565,543.3526,622.8714286,466.2125,156.65892859999997,0.33602472820870305,0.33602472820870305,0.5940346974102673,140,False,WITHIN_THRESHOLD
2020-06-16 15:15:00,4135001,3PZuoBAID5Wc2HD,465.0875,656.3428571,465.0875,458.90722173107406,744.0263035809999,546.7104,656.3428571,465.0875,191.25535709999997,0.41122446227860343,0.41122446227860343,0.6483868824537441,140,False,WITHIN_THRESHOLD
2020-06-16 15:15:00,4135001,7JYdWkrLSPkdwr4,445.9,615.9625,445.9,473.6875480212013,731.8730982155002,546.7104,615.9625,445.9,170.0625,0.3813915676160574,0.3813915676160574,0.5905745482895888,140,False,WITHIN_THRESHOLD
2020-06-16 15:15:00,4135001,McdE0feGgRqW7Ca,463.5571429,655.0,463.5571429,474.2975535817211,736.0891785734999,543.3526,655.0,463.5571429,191.44285710000003,0.41298653258223805,0.41298653258223805,0.6677543807186324,140,False,WITHIN_THRESHOLD
2020-06-16 15:15:00,4135001,VHMLBKoKgIrUVDU,455.3857143,644.1,455.3857143,476.9284018474695,737.0388660714999,546.7104,644.1,455.3857143,188.7142857,0.41440537059903987,0.41440537059903987,0.6129522180797938,140,False,WITHIN_THRESHOLD
2020-06-16 15:15:00,4135001,WRmjgnKYAwPKWDb,450.8,629.0142857,450.8,457.41507830540473,741.3184464379998,550.1839,629.0142857,450.8,178.21428569999995,0.39532893899733795,0.39532893899733795,0.6395407288719102,140,False,WITHIN_THRESHOLD
2020-06-16 15:15:00,4135001,YxYtjZvoooNbGkE,465.0375,634.6857143,465.0375,472.6726036491573,735.3808482184999,546.7104,634.6857143,465.0375,169.64821429999995,0.3648054496680374,0.3648054496680374,0.621455172419359,140,False,WITHIN_THRESHOLD
2020-06-16 15:15:00,4135001,ZnxXDlPa8U1GXgE,458.4285714,635.1,458.4285714,464.6281637464,732.5053839305001,543.3526,635.1,458.4285714,176.6714286,0.38538485518138893,0.38538485518138893,0.6533279459118295,140,False,WITHIN_THRESHOLD
2020-06-16 15:15:00,4135001,ZoEaEvLYb1n2sOq,465.65,645.5571429,465.65,469.2185985186628,734.7435357185,546.7104,645.5571429,465.65,179.90714290000005,0.38635701256308397,0.38635701256308397,0.6312243441917053,140,False,WITHIN_THRESHOLD
2020-06-16 15:15:00,4135001,adLQvlD726eNBSB,470.15,633.5857143,470.15,470.6465032318904,736.4356071425,546.7104,633.5857143,470.15,163.43571429999997,0.3476246183133042,0.3476246183133042,0.5967226324524667,140,False,WITHIN_THRESHOLD
2020-06-16 15:15:00,4135001,bvBOhCH3iADSZry,411.1857143,575.5875,411.1857143,440.50049005094655,745.6685714385,593.18225,575.5875,411.1857143,164.4017857,0.3998236805961914,0.3998236805961914,0.7126272967972415,127,False,WITHIN_THRESHOLD
2020-06-16 15:15:00,4135001,iCRJl6heRkivqQ3,461.0857143,631.4125,461.0857143,470.0509120809215,736.7529107165001,543.3526,631.4125,461.0857143,170.32678570000002,0.3694037364800656,0.3694037364800656,0.6313543652927712,140,False,WITHIN_THRESHOLD
2020-06-16 15:15:00,4135001,ih0vzX44oOqAx2f,451.6571429,616.225,451.6571429,462.5384422312797,731.4286875005002,543.3526,616.225,451.6571429,164.56785710000003,0.3643645621175009,0.3643645621175009,0.6624702585319796,140,False,WITHIN_THRESHOLD
2020-06-16 15:15:00,4135001,pkci93gMrogZuBj,481.4625,661.4428571,481.4625,473.1479856368764,736.964571432,543.3526,661.4428571,481.4625,179.9803571,0.3738200941921749,0.3738200941921749,0.5863965339011183,140,False,WITHIN_THRESHOLD
2020-06-16 15:15:00,4135001,rGa61gmuvPhdLxV,471.125,654.0142857,471.125,472.5650000681287,736.4626250019999,543.3526,654.0142857,471.125,182.88928569999996,0.3881969449721411,0.3881969449721411,0.6265022920692254,140,False,WITHIN_THRESHOLD
2020-06-16 15:15:00,4135001,sjndEbLyjtCKgGv,450.0857143,651.075,450.0857143,473.1636898903888,736.1080000025,543.3526,651.075,450.0857143,200.98928570000004,0.446557798468655,0.446557798468655,0.6598785838606678,140,False,WITHIN_THRESHOLD
2020-06-16 15:15:00,4135001,uHbuxQJl8lW7ozc,492.5875,663.1714286,492.5875,476.7984674521268,736.0350000034997,557.87823,663.1714286,492.5875,170.58392860000004,0.3463017811048799,0.3463017811048799,0.6330720359237364,140,False,WITHIN_THRESHOLD
2020-06-16 15:15:00,4135001,wCURE6d3bPkepu2,463.1,640.2375,463.1,470.8009077875254,735.0494732155001,543.3526,640.2375,463.1,177.13749999999993,0.38250377888145093,0.38250377888145093,0.6722465763485777,140,False,WITHIN_THRESHOLD
2020-06-16 15:15:00,4135001,z9Y9gH1T5YWrNuG,461.1142857,646.45,461.1142857,468.2623220310186,735.1814375000001,543.3526,646.45,461.1142857,185.33571430000006,0.4019301072371874,0.4019301072371874,0.686499253670038,140,False,WITHIN_THRESHOLD
2020-06-16 15:15:00,4135001,zBIq5rxdHJRwDNY,439.3714286,584.9625,439.3714286,467.0372467436415,731.5638750020001,588.7759,584.9625,439.3714286,145.59107139999998,0.331362173147915,0.331362173147915,0.6310594990859788,140,False,WITHIN_THRESHOLD
2020-06-16 15:15:00,4135001,zVJPv84UY57bAof,478.2,657.6,478.2,473.2946589811946,736.0950446465,543.3526,657.6,478.2,179.40000000000003,0.37515683814303646,0.37515683814303646,0.6239543405030045,140,False,WITHIN_THRESHOLD
2020-06-16 15:30:00,4135001,1BY6WEcLGh8j5v7,590.3125,450.9142857,590.3125,506.8730353992468,716.745410727,609.42505,450.9142857,590.3125,-139.3982143,-0.236143084044468,0.236143084044468,0.7244052284136537,127,False,WITHIN_THRESHOLD
2020-06-16 15:30:00,4135001,1IF53ai7Xc0U56Y,622.8714286,485.0428571,622.8714286,533.4355339657445,760.9770893129999,616.2733,485.0428571,622.8714286,-137.82857149999995,-0.2212793285602954,0.2212793285602954,0.5940346974102673,140,False,WITHIN_THRESHOLD
2020-06-16 15:30:00,4135001,3PZuoBAID5Wc2HD,656.3428571,497.6625,656.3428571,530.3453777513541,740.1075089525001,615.962,497.6625,656.3428571,-158.68035709999992,-0.2417644305616683,0.2417644305616683,0.6483868824537441,140,False,WITHIN_THRESHOLD
2020-06-16 15:30:00,4135001,7JYdWkrLSPkdwr4,615.9625,470.3571429,615.9625,535.0179334062317,751.6267321700002,616.2733,470.3571429,615.9625,-145.6053571,-0.23638672338007588,0.23638672338007588,0.5905745482895888,140,False,WITHIN_THRESHOLD
2020-06-16 15:30:00,4135001,McdE0feGgRqW7Ca,655.0,511.3428571,655.0,532.4483161275215,764.0415893075,619.4663,511.3428571,655.0,-143.6571429,-0.21932388229007632,0.21932388229007632,0.6677543807186324,140,False,WITHIN_THRESHOLD
2020-06-16 15:30:00,4135001,VHMLBKoKgIrUVDU,644.1,478.3,644.1,535.98598439121,738.8045714510001,616.1918,478.3,644.1,-165.8,-0.2574134451172178,0.2574134451172178,0.6129522180797938,140,False,WITHIN_THRESHOLD
2020-06-16 15:30:00,4135001,WRmjgnKYAwPKWDb,629.0142857,499.35,629.0142857,527.2081510889933,737.7690178785,614.41156,499.35,629.0142857,-129.66428569999994,-0.20613885669655777,0.20613885669655777,0.6395407288719102,140,False,WITHIN_THRESHOLD
2020-06-16 15:30:00,4135001,YxYtjZvoooNbGkE,634.6857143,506.65,634.6857143,535.3692443480534,739.6358928770002,616.1918,506.65,634.6857143,-128.0357143,-0.2017308904474266,0.2017308904474266,0.621455172419359,140,False,WITHIN_THRESHOLD
2020-06-16 15:30:00,4135001,ZnxXDlPa8U1GXgE,635.1,481.6571429,635.1,522.6209577377044,729.6721696610002,615.962,481.6571429,635.1,-153.44285710000003,-0.241604246732798,0.241604246732798,0.6533279459118295,140,False,WITHIN_THRESHOLD
2020-06-16 15:30:00,4135001,ZoEaEvLYb1n2sOq,645.5571429,497.7125,645.5571429,533.2266543288567,762.114160736,616.1918,497.7125,645.5571429,-147.84464290000005,-0.22901867716287033,0.22901867716287033,0.6312243441917053,140,False,WITHIN_THRESHOLD
2020-06-16 15:30:00,4135001,adLQvlD726eNBSB,633.5857143,488.4857143,633.5857143,535.8031304056287,760.905857164,616.1918,488.4857143,633.5857143,-145.09999999999997,-0.2290140019339132,0.2290140019339132,0.5967226324524667,140,False,WITHIN_THRESHOLD
2020-06-16 15:30:00,4135001,bvBOhCH3iADSZry,575.5875,441.6571429,575.5875,503.0571018933372,717.6184375145002,612.9013,441.6571429,575.5875,-133.93035709999998,-0.23268461719547417,0.23268461719547417,0.7126272967972415,127,False,WITHIN_THRESHOLD
2020-06-16 15:30:00,4135001,iCRJl6heRkivqQ3,631.4125,515.8285714,631.4125,533.7721537150162,762.9250893105001,615.962,515.8285714,631.4125,-115.58392860000004,-0.1830561298675589,0.1830561298675589,0.6313543652927712,140,False,WITHIN_THRESHOLD
2020-06-16 15:30:00,4135001,ih0vzX44oOqAx2f,616.225,474.5714286,616.225,522.8019520093594,737.044098236,615.962,474.5714286,616.225,-141.65357140000003,-0.2298731330277091,0.2298731330277091,0.6624702585319796,140,False,WITHIN_THRESHOLD
2020-06-16 15:30:00,4135001,pkci93gMrogZuBj,661.4428571,516.8666667,661.4428571,541.6500728559757,761.7986607379999,621.8902,516.8666667,661.4428571,-144.57619039999997,-0.21857699247652815,0.21857699247652815,0.5863965339011183,140,False,WITHIN_THRESHOLD
2020-06-16 15:30:00,4135001,rGa61gmuvPhdLxV,654.0142857,518.1,654.0142857,539.4972692777852,763.2468393094998,619.77765,518.1,654.0142857,-135.91428569999994,-0.2078154692821872,0.2078154692821872,0.6265022920692254,140,False,WITHIN_THRESHOLD
2020-06-16 15:30:00,4135001,sjndEbLyjtCKgGv,651.075,504.6428571,651.075,530.5975606399095,761.6246250295001,618.38586,504.6428571,651.075,-146.43214290000003,-0.224908256191683,0.224908256191683,0.6598785838606678,140,False,WITHIN_THRESHOLD
2020-06-16 15:30:00,4135001,uHbuxQJl8lW7ozc,663.1714286,530.6888889,663.1714286,546.8340044192565,762.3321696634998,624.5958,530.6888889,663.1714286,-132.48253969999996,-0.199771181306287,0.199771181306287,0.6330720359237364,140,False,WITHIN_THRESHOLD
2020-06-16 15:30:00,4135001,wCURE6d3bPkepu2,640.2375,497.9714286,640.2375,528.6459382621988,741.2369553780002,615.962,497.9714286,640.2375,-142.26607139999993,-0.22220827645990737,0.22220827645990737,0.6722465763485777,140,False,WITHIN_THRESHOLD
2020-06-16 15:30:00,4135001,z9Y9gH1T5YWrNuG,646.45,501.0428571,646.45,527.5057851740983,760.1422678864999,614.41156,501.0428571,646.45,-145.40714290000005,-0.22493177028385805,0.22493177028385805,0.686499253670038,140,False,WITHIN_THRESHOLD
2020-06-16 15:30:00,4135001,zBIq5rxdHJRwDNY,584.9625,498.8571429,584.9625,532.4051596069727,753.4792768124997,614.41156,498.8571429,584.9625,-86.10535709999999,-0.14719808038976856,0.14719808038976856,0.6310594990859788,140,False,WITHIN_THRESHOLD
2020-06-16 15:30:00,4135001,zVJPv84UY57bAof,657.6,512.975,657.6,540.7453473995308,761.5464375209998,617.9159,512.975,657.6,-144.625,-0.21992852798053528,0.21992852798053528,0.6239543405030045,140,False,WITHIN_THRESHOLD
2020-06-16 15:45:00,4135001,1BY6WEcLGh8j5v7,450.9142857,446.75,450.9142857,473.3612534965719,417.8616339324996,480.54752,446.75,450.9142857,-4.1642856999999935,-0.009235204632151653,0.009235204632151653,0.7244052284136537,127,False,WITHIN_THRESHOLD
2020-06-16 15:45:00,4135001,1IF53ai7Xc0U56Y,485.0428571,500.5125,485.0428571,487.8491794592916,419.2425535749997,467.3579,500.5125,485.0428571,15.469642899999997,0.03189335266679468,0.03189335266679468,0.5940346974102673,140,False,WITHIN_THRESHOLD
2020-06-16 15:45:00,4135001,3PZuoBAID5Wc2HD,497.6625,504.8,497.6625,490.6650341021704,419.28822321599966,493.47955,504.8,497.6625,7.137499999999989,0.014342049079446388,0.014342049079446388,0.6483868824537441,140,False,WITHIN_THRESHOLD
2020-06-16 15:45:00,4135001,7JYdWkrLSPkdwr4,470.3571429,484.5,470.3571429,493.654940105769,419.17650000349977,468.0002,484.5,470.3571429,14.142857100000015,0.030068337035984695,0.030068337035984695,0.5905745482895888,140,False,WITHIN_THRESHOLD
2020-06-16 15:45:00,4135001,McdE0feGgRqW7Ca,511.3428571,482.85,511.3428571,493.6544823001744,421.8717500034997,485.25458,482.85,511.3428571,-28.49285709999998,-0.05572162924420751,0.05572162924420751,0.6677543807186324,140,False,WITHIN_THRESHOLD
2020-06-16 15:45:00,4135001,VHMLBKoKgIrUVDU,478.3,492.1625,478.3,500.2979841961314,421.4014910739997,489.06006,492.1625,478.3,13.862500000000011,0.02898285594814972,0.02898285594814972,0.6129522180797938,140,False,WITHIN_THRESHOLD
2020-06-16 15:45:00,4135001,WRmjgnKYAwPKWDb,499.35,500.5,499.35,490.1617872678878,419.8963125019998,474.0332,500.5,499.35,1.1499999999999773,0.002302993892059632,0.002302993892059632,0.6395407288719102,140,False,WITHIN_THRESHOLD
2020-06-16 15:45:00,4135001,YxYtjZvoooNbGkE,506.65,485.8142857,506.65,488.4659048652861,419.1842589314997,476.73315,485.8142857,506.65,-20.83571429999995,-0.04112447310766792,0.04112447310766792,0.621455172419359,140,False,WITHIN_THRESHOLD
2020-06-16 15:45:00,4135001,ZnxXDlPa8U1GXgE,481.6571429,492.725,481.6571429,492.0763374792233,420.2448750034997,474.52493,492.725,481.6571429,11.067857100000026,0.02297870438163085,0.02297870438163085,0.6533279459118295,140,False,WITHIN_THRESHOLD
2020-06-16 15:45:00,4135001,ZoEaEvLYb1n2sOq,497.7125,494.4428571,497.7125,488.8885321732536,419.6328125024996,486.73846,494.4428571,497.7125,-3.269642899999951,-0.006569340532938095,0.006569340532938095,0.6312243441917053,140,False,WITHIN_THRESHOLD
2020-06-16 15:45:00,4135001,adLQvlD726eNBSB,488.4857143,499.6,488.4857143,492.38803924988486,418.8642053589997,479.58673,499.6,488.4857143,11.114285700000039,0.022752529653660005,0.022752529653660005,0.5967226324524667,140,False,WITHIN_THRESHOLD
2020-06-16 15:45:00,4135001,bvBOhCH3iADSZry,441.6571429,443.6125,441.6571429,469.34347397623,417.5040446469996,480.10498,443.6125,441.6571429,1.9553571000000147,0.004427319090009027,0.004427319090009027,0.7126272967972415,127,False,WITHIN_THRESHOLD
2020-06-16 15:45:00,4135001,iCRJl6heRkivqQ3,515.8285714,495.175,515.8285714,488.587113781266,419.8154464319997,475.3079,495.175,515.8285714,-20.653571399999976,-0.040039603358814596,0.040039603358814596,0.6313543652927712,140,False,WITHIN_THRESHOLD
2020-06-16 15:45:00,4135001,ih0vzX44oOqAx2f,474.5714286,476.4,474.5714286,485.4450435047574,418.2035089329997,482.9715,476.4,474.5714286,1.828571399999987,0.003853100481405566,0.003853100481405566,0.6624702585319796,140,False,WITHIN_THRESHOLD
2020-06-16 15:45:00,4135001,pkci93gMrogZuBj,516.8666667,498.7571429,516.8666667,497.0075480607302,420.89196428899976,486.7753,498.7571429,516.8666667,-18.109523799999977,-0.03503712846414047,0.03503712846414047,0.5863965339011183,140,False,WITHIN_THRESHOLD
2020-06-16 15:45:00,4135001,rGa61gmuvPhdLxV,518.1,499.8857143,518.1,491.8278008470344,420.0954196459997,485.25458,499.8857143,518.1,-18.214285700000005,-0.03515592684809883,0.03515592684809883,0.6265022920692254,140,False,WITHIN_THRESHOLD
2020-06-16 15:45:00,4135001,sjndEbLyjtCKgGv,504.6428571,485.9125,504.6428571,494.0819969325968,420.1702142894997,484.47162,485.9125,504.6428571,-18.730357099999992,-0.037116065027922085,0.037116065027922085,0.6598785838606678,140,False,WITHIN_THRESHOLD
2020-06-16 15:45:00,4135001,uHbuxQJl8lW7ozc,530.6888889,488.0142857,530.6888889,502.1261251952893,420.8627142889997,485.99234,488.0142857,530.6888889,-42.674603200000035,-0.08041359842384299,0.08041359842384299,0.6330720359237364,140,False,WITHIN_THRESHOLD
2020-06-16 15:45:00,4135001,wCURE6d3bPkepu2,497.9714286,489.0428571,497.9714286,491.08295107822914,420.2154375039997,473.04105,489.0428571,497.9714286,-8.928571500000032,-0.017929887112402964,0.017929887112402964,0.6722465763485777,140,False,WITHIN_THRESHOLD
2020-06-16 15:45:00,4135001,z9Y9gH1T5YWrNuG,501.0428571,481.9142857,501.0428571,492.2039183652765,420.27063393199967,484.47162,481.9142857,501.0428571,-19.1285714,-0.03817751541398034,0.03817751541398034,0.686499253670038,140,False,WITHIN_THRESHOLD
2020-06-16 15:45:00,4135001,zBIq5rxdHJRwDNY,498.8571429,486.075,498.8571429,481.6747102823926,419.17116071749945,478.7511,486.075,498.8571429,-12.782142899999997,-0.025622852317386348,0.025622852317386348,0.6310594990859788,140,False,WITHIN_THRESHOLD
2020-06-16 15:45:00,4135001,zVJPv84UY57bAof,512.975,484.0285714,512.975,498.73152045898,421.2490714319997,486.7753,484.0285714,512.975,-28.946428600000047,-0.05642853667332725,0.05642853667332725,0.6239543405030045,140,False,WITHIN_THRESHOLD
2020-06-16 16:00:00,4135001,1BY6WEcLGh8j5v7,446.75,314.8714286,446.75,410.3567074763959,403.7787589274998,441.1727,314.8714286,446.75,-131.8785714,-0.2951954592053721,0.2951954592053721,0.7244052284136537,127,False,WITHIN_THRESHOLD
2020-06-16 16:00:00,4135001,1IF53ai7Xc0U56Y,500.5125,352.0714286,500.5125,425.23386680259495,403.3024315484997,436.32013,352.0714286,500.5125,-148.4410714,-0.29657815019604905,0.29657815019604905,0.5940346974102673,140,False,WITHIN_THRESHOLD
2020-06-16 16:00:00,4135001,3PZuoBAID5Wc2HD,504.8,340.025,504.8,427.5720608944328,403.58806547749975,441.16354,340.025,504.8,-164.77500000000003,-0.32641640253565773,0.32641640253565773,0.6483868824537441,140,False,WITHIN_THRESHOLD
2020-06-16 16:00:00,4135001,7JYdWkrLSPkdwr4,484.5,335.5142857,484.5,420.4298653072673,403.3347351199998,444.2455,335.5142857,484.5,-148.98571429999998,-0.3075040542827657,0.3075040542827657,0.5905745482895888,140,False,WITHIN_THRESHOLD
2020-06-16 16:00:00,4135001,McdE0feGgRqW7Ca,482.85,346.7857143,482.85,430.835374644039,405.67516369199967,405.48914,346.7857143,482.85,-136.06428570000003,-0.28179410935073007,0.28179410935073007,0.6677543807186324,140,False,WITHIN_THRESHOLD
2020-06-16 16:00:00,4135001,VHMLBKoKgIrUVDU,492.1625,341.7428571,492.1625,422.35271895630746,402.38952083449976,441.16354,341.7428571,492.1625,-150.41964290000004,-0.30563003662408256,0.30563003662408256,0.6129522180797938,140,False,WITHIN_THRESHOLD
2020-06-16 16:00:00,4135001,WRmjgnKYAwPKWDb,500.5,335.9375,500.5,428.1833456971539,404.2078154764997,441.97498,335.9375,500.5,-164.5625,-0.3287962037962038,0.3287962037962038,0.6395407288719102,140,False,WITHIN_THRESHOLD
2020-06-16 16:00:00,4135001,YxYtjZvoooNbGkE,485.8142857,341.525,485.8142857,431.7343142228093,403.47934226249976,444.2455,341.525,485.8142857,-144.28928570000005,-0.29700502835583875,0.29700502835583875,0.621455172419359,140,False,WITHIN_THRESHOLD
2020-06-16 16:00:00,4135001,ZnxXDlPa8U1GXgE,492.725,346.4857143,492.725,423.1782700845882,403.743056549,396.92572,346.4857143,492.725,-146.23928570000004,-0.29679696727383437,0.29679696727383437,0.6533279459118295,140,False,WITHIN_THRESHOLD
2020-06-16 16:00:00,4135001,ZoEaEvLYb1n2sOq,494.4428571,343.975,494.4428571,426.5221429702853,402.8923601199997,441.16354,343.975,494.4428571,-150.4678571,-0.3043179913297204,0.3043179913297204,0.6312243441917053,140,False,WITHIN_THRESHOLD
2020-06-16 16:00:00,4135001,adLQvlD726eNBSB,499.6,354.7714286,499.6,424.91519092108575,402.6796904769997,436.32013,354.7714286,499.6,-144.82857140000004,-0.2898890540432347,0.2898890540432347,0.5967226324524667,140,False,WITHIN_THRESHOLD
2020-06-16 16:00:00,4135001,bvBOhCH3iADSZry,443.6125,317.2285714,443.6125,408.872721373211,404.1356071434997,441.1086,317.2285714,443.6125,-126.38392859999999,-0.28489713116740395,0.28489713116740395,0.7126272967972415,127,False,WITHIN_THRESHOLD
2020-06-16 16:00:00,4135001,iCRJl6heRkivqQ3,495.175,354.2857143,495.175,432.5929271202348,404.5757708344995,405.48914,354.2857143,495.175,-140.88928570000002,-0.28452423022163886,0.28452423022163886,0.6313543652927712,140,False,WITHIN_THRESHOLD
2020-06-16 16:00:00,4135001,ih0vzX44oOqAx2f,476.4,337.1285714,476.4,422.24721080288407,404.1303958344998,401.21063,337.1285714,476.4,-139.27142859999998,-0.2923413698572628,0.2923413698572628,0.6624702585319796,140,False,WITHIN_THRESHOLD
2020-06-16 16:00:00,4135001,pkci93gMrogZuBj,498.7571429,352.3875,498.7571429,434.53260137651336,405.5714047634997,407.70535,352.3875,498.7571429,-146.36964290000003,-0.2934687652771058,0.2934687652771058,0.5863965339011183,140,False,WITHIN_THRESHOLD
2020-06-16 16:00:00,4135001,rGa61gmuvPhdLxV,499.8857143,358.4571429,499.8857143,435.18103844737095,405.4163779779995,408.96262,358.4571429,499.8857143,-141.4285714,-0.28292181063434724,0.28292181063434724,0.6265022920692254,140,False,WITHIN_THRESHOLD
2020-06-16 16:00:00,4135001,sjndEbLyjtCKgGv,485.9125,344.7857143,485.9125,429.4322319241065,402.8074047624999,405.48914,344.7857143,485.9125,-141.12678570000003,-0.2904366232603607,0.2904366232603607,0.6598785838606678,140,False,WITHIN_THRESHOLD
2020-06-16 16:00:00,4135001,uHbuxQJl8lW7ozc,488.0142857,350.1125,488.0142857,437.054504375671,406.37886904999954,416.24762,350.1125,488.0142857,-137.9017857,-0.2825773542719059,0.2825773542719059,0.6330720359237364,140,False,WITHIN_THRESHOLD
2020-06-16 16:00:00,4135001,wCURE6d3bPkepu2,489.0428571,346.625,489.0428571,426.528612736208,403.0959404774998,405.48914,346.625,489.0428571,-142.4178571,-0.2912175385701999,0.2912175385701999,0.6722465763485777,140,False,WITHIN_THRESHOLD
2020-06-16 16:00:00,4135001,z9Y9gH1T5YWrNuG,481.9142857,341.8,481.9142857,430.2593891275265,402.5952351199999,405.48914,341.8,481.9142857,-140.11428569999998,-0.29074524216786457,0.29074524216786457,0.686499253670038,140,False,WITHIN_THRESHOLD
2020-06-16 16:00:00,4135001,zBIq5rxdHJRwDNY,486.075,345.7571429,486.075,428.0504117193743,404.42576190449967,436.3486,345.7571429,486.075,-140.31785709999997,-0.28867532191534223,0.28867532191534223,0.6310594990859788,140,False,WITHIN_THRESHOLD
2020-06-16 16:00:00,4135001,zVJPv84UY57bAof,484.0285714,353.2285714,484.0285714,435.18308163802175,404.80456547749947,407.70535,353.2285714,484.0285714,-130.79999999999995,-0.2702319815990928,0.2702319815990928,0.6239543405030045,140,False,WITHIN_THRESHOLD
2020-06-16 16:15:00,4135001,1BY6WEcLGh8j5v7,314.8714286,235.9125,314.8714286,364.40047519873946,324.6244732175001,309.55963,235.9125,314.8714286,-78.95892860000001,-0.25076561868783037,0.25076561868783037,0.7244052284136537,127,False,WITHIN_THRESHOLD
2020-06-16 16:15:00,4135001,1IF53ai7Xc0U56Y,352.0714286,252.5625,352.0714286,378.09112206188206,337.4268571435004,314.01663,252.5625,352.0714286,-99.50892859999999,-0.2826384662785442,0.2826384662785442,0.5940346974102673,140,False,WITHIN_THRESHOLD
2020-06-16 16:15:00,4135001,3PZuoBAID5Wc2HD,340.025,255.2571429,340.025,385.0181491931039,338.78702678650035,315.09875,255.2571429,340.025,-84.76785709999999,-0.24929889596353208,0.24929889596353208,0.6483868824537441,140,False,WITHIN_THRESHOLD
2020-06-16 16:15:00,4135001,7JYdWkrLSPkdwr4,335.5142857,255.4875,335.5142857,372.38489548527673,333.86131250050016,311.99164,255.4875,335.5142857,-80.0267857,-0.23851975641822873,0.23851975641822873,0.5905745482895888,140,False,WITHIN_THRESHOLD
2020-06-16 16:15:00,4135001,McdE0feGgRqW7Ca,346.7857143,271.8428571,346.7857143,377.872605139057,337.0850803570003,314.01663,271.8428571,346.7857143,-74.94285719999999,-0.2161071062320862,0.2161071062320862,0.6677543807186324,140,False,WITHIN_THRESHOLD
2020-06-16 16:15:00,4135001,VHMLBKoKgIrUVDU,341.7428571,254.875,341.7428571,376.5827250889131,337.0903660710003,317.70078,254.875,341.7428571,-86.86785709999998,-0.2541907030249382,0.2541907030249382,0.6129522180797938,140,False,WITHIN_THRESHOLD
2020-06-16 16:15:00,4135001,WRmjgnKYAwPKWDb,335.9375,253.0142857,335.9375,381.9988265646422,336.7949821430004,314.01663,253.0142857,335.9375,-82.92321430000001,-0.24684119605581398,0.24684119605581398,0.6395407288719102,140,False,WITHIN_THRESHOLD
2020-06-16 16:15:00,4135001,YxYtjZvoooNbGkE,341.525,259.4857143,341.525,376.56973793105584,336.3958839280003,317.70078,259.4857143,341.525,-82.0392857,-0.24021458370543883,0.24021458370543883,0.621455172419359,140,False,WITHIN_THRESHOLD
2020-06-16 16:15:00,4135001,ZnxXDlPa8U1GXgE,346.4857143,256.3125,346.4857143,378.3654787581145,336.51208928550034,311.99164,256.3125,346.4857143,-90.17321429999998,-0.26025088648221933,0.26025088648221933,0.6533279459118295,140,False,WITHIN_THRESHOLD
2020-06-16 16:15:00,4135001,ZoEaEvLYb1n2sOq,343.975,253.7714286,343.975,379.504548334033,337.63531250000034,314.01663,253.7714286,343.975,-90.20357140000002,-0.2622387423504615,0.2622387423504615,0.6312243441917053,140,False,WITHIN_THRESHOLD
2020-06-16 16:15:00,4135001,adLQvlD726eNBSB,354.7714286,255.3875,354.7714286,378.5889375595257,337.3488750000004,317.70078,255.3875,354.7714286,-99.38392859999999,-0.2801350971023488,0.2801350971023488,0.5967226324524667,140,False,WITHIN_THRESHOLD
2020-06-16 16:15:00,4135001,bvBOhCH3iADSZry,317.2285714,232.7875,317.2285714,362.0638060351442,325.4229017885001,313.0331,232.7875,317.2285714,-84.44107140000003,-0.2661836890269463,0.2661836890269463,0.7126272967972415,127,False,WITHIN_THRESHOLD
2020-06-16 16:15:00,4135001,iCRJl6heRkivqQ3,354.2857143,270.3375,354.2857143,379.6724676072629,337.5664732145004,314.01663,270.3375,354.2857143,-83.94821430000002,-0.23695060486947786,0.23695060486947786,0.6313543652927712,140,False,WITHIN_THRESHOLD
2020-06-16 16:15:00,4135001,ih0vzX44oOqAx2f,337.1285714,256.375,337.1285714,373.02567958215633,329.8472857150001,312.62814,256.375,337.1285714,-80.7535714,-0.23953345474295804,0.23953345474295804,0.6624702585319796,140,False,WITHIN_THRESHOLD
2020-06-16 16:15:00,4135001,pkci93gMrogZuBj,352.3875,271.0857143,352.3875,382.7510597679072,337.9899196425003,321.91977,271.0857143,352.3875,-81.30178569999998,-0.2307169967720194,0.2307169967720194,0.5863965339011183,140,False,WITHIN_THRESHOLD
2020-06-16 16:15:00,4135001,rGa61gmuvPhdLxV,358.4571429,272.8125,358.4571429,382.0623629321176,338.1797589285004,318.7829,272.8125,358.4571429,-85.64464290000001,-0.2389257533191146,0.2389257533191146,0.6265022920692254,140,False,WITHIN_THRESHOLD
2020-06-16 16:15:00,4135001,sjndEbLyjtCKgGv,344.7857143,270.0142857,344.7857143,377.7886451808416,337.15160714250027,314.01663,270.0142857,344.7857143,-74.77142859999998,-0.21686347635314418,0.21686347635314418,0.6598785838606678,140,False,WITHIN_THRESHOLD
2020-06-16 16:15:00,4135001,uHbuxQJl8lW7ozc,350.1125,269.7,350.1125,380.9158982014844,337.7178928565003,321.91977,269.7,350.1125,-80.41250000000002,-0.2296761755150131,0.2296761755150131,0.6330720359237364,140,False,WITHIN_THRESHOLD
2020-06-16 16:15:00,4135001,wCURE6d3bPkepu2,346.625,265.4571429,346.625,378.07766566769175,336.8770535715004,314.01663,265.4571429,346.625,-81.16785709999999,-0.23416619430219976,0.23416619430219976,0.6722465763485777,140,False,WITHIN_THRESHOLD
2020-06-16 16:15:00,4135001,z9Y9gH1T5YWrNuG,341.8,264.9857143,341.8,377.65432247478975,337.1904375000003,314.01663,264.9857143,341.8,-76.81428570000003,-0.2247345983031013,0.2247345983031013,0.686499253670038,140,False,WITHIN_THRESHOLD
2020-06-16 16:15:00,4135001,zBIq5rxdHJRwDNY,345.7571429,260.075,345.7571429,375.1494829118462,333.8260000005002,312.62814,260.075,345.7571429,-85.68214290000003,-0.24781018891280301,0.24781018891280301,0.6310594990859788,140,False,WITHIN_THRESHOLD
2020-06-16 16:15:00,4135001,zVJPv84UY57bAof,353.2285714,269.6125,353.2285714,378.79554811662,338.0157232140002,318.7829,269.6125,353.2285714,-83.61607140000001,-0.23671944505675965,0.23671944505675965,0.6239543405030045,140,False,WITHIN_THRESHOLD
2020-06-16 16:30:00,4135001,1BY6WEcLGh8j5v7,235.9125,199.2714286,235.9125,268.6617695849065,251.4797410749999,264.91214,199.2714286,235.9125,-36.64107139999999,-0.15531636263445128,0.15531636263445128,0.7244052284136537,127,False,WITHIN_THRESHOLD
2020-06-16 16:30:00,4135001,1IF53ai7Xc0U56Y,252.5625,217.1428571,252.5625,275.59977239557395,296.78964285850003,268.94116,217.1428571,252.5625,-35.419642900000014,-0.14024110032170262,0.14024110032170262,0.5940346974102673,140,False,WITHIN_THRESHOLD
2020-06-16 16:30:00,4135001,3PZuoBAID5Wc2HD,255.2571429,212.5,255.2571429,278.77062330913645,287.348267855,264.88303,212.5,255.2571429,-42.75714289999999,-0.1675061563967697,0.1675061563967697,0.6483868824537441,140,False,WITHIN_THRESHOLD
2020-06-16 16:30:00,4135001,7JYdWkrLSPkdwr4,255.4875,211.5428571,255.4875,267.1725858496063,284.1679464275,264.96213,211.5428571,255.4875,-43.94464290000002,-0.17200310347864384,0.17200310347864384,0.5905745482895888,140,False,WITHIN_THRESHOLD
2020-06-16 16:30:00,4135001,McdE0feGgRqW7Ca,271.8428571,224.825,271.8428571,277.80026072165293,297.1819732149999,264.88303,224.825,271.8428571,-47.017857100000015,-0.172959692969619,0.172959692969619,0.6677543807186324,140,False,WITHIN_THRESHOLD
2020-06-16 16:30:00,4135001,VHMLBKoKgIrUVDU,254.875,214.2142857,254.875,269.13980306159976,286.8247857115,264.88303,214.2142857,254.875,-40.660714299999995,-0.15953198352133396,0.15953198352133396,0.6129522180797938,140,False,WITHIN_THRESHOLD
2020-06-16 16:30:00,4135001,WRmjgnKYAwPKWDb,253.0142857,210.0375,253.0142857,279.4219568900386,283.66827678450005,266.04117,210.0375,253.0142857,-42.97678569999999,-0.16985912704928344,0.16985912704928344,0.6395407288719102,140,False,WITHIN_THRESHOLD
2020-06-16 16:30:00,4135001,YxYtjZvoooNbGkE,259.4857143,218.1428571,259.4857143,270.4438288355606,287.188776782,264.88303,218.1428571,259.4857143,-41.3428572,-0.15932613982826876,0.15932613982826876,0.621455172419359,140,False,WITHIN_THRESHOLD
2020-06-16 16:30:00,4135001,ZnxXDlPa8U1GXgE,256.3125,219.2285714,256.3125,278.28029470662784,296.704562501,266.04117,219.2285714,256.3125,-37.08392860000001,-0.14468248173616194,0.14468248173616194,0.6533279459118295,140,False,WITHIN_THRESHOLD
2020-06-16 16:30:00,4135001,ZoEaEvLYb1n2sOq,253.7714286,218.5142857,253.7714286,271.06740009864075,288.5378214285,264.88303,218.5142857,253.7714286,-35.25714290000002,-0.13893267297467551,0.13893267297467551,0.6312243441917053,140,False,WITHIN_THRESHOLD
2020-06-16 16:30:00,4135001,adLQvlD726eNBSB,255.3875,218.3857143,255.3875,272.46353794579363,297.84994642850006,268.94116,218.3857143,255.3875,-37.0017857,-0.14488487377025108,0.14488487377025108,0.5967226324524667,140,False,WITHIN_THRESHOLD
2020-06-16 16:30:00,4135001,bvBOhCH3iADSZry,232.7875,198.3571429,232.7875,269.8243326308853,249.9503839309999,264.91214,198.3571429,232.7875,-34.43035709999998,-0.14790466455458295,0.14790466455458295,0.7126272967972415,127,False,WITHIN_THRESHOLD
2020-06-16 16:30:00,4135001,iCRJl6heRkivqQ3,270.3375,221.7142857,270.3375,280.8472514702251,296.95047321550004,268.94116,221.7142857,270.3375,-48.62321429999997,-0.1798611524483284,0.1798611524483284,0.6313543652927712,140,False,WITHIN_THRESHOLD
2020-06-16 16:30:00,4135001,ih0vzX44oOqAx2f,256.375,214.6714286,256.375,273.3540354335672,285.1524999985,265.59863,214.6714286,256.375,-41.70357139999999,-0.16266629507557284,0.16266629507557284,0.6624702585319796,140,False,WITHIN_THRESHOLD
2020-06-16 16:30:00,4135001,pkci93gMrogZuBj,271.0857143,221.425,271.0857143,280.3055947278637,297.64651785699994,268.94116,221.425,271.0857143,-49.660714299999995,-0.18319192668722636,0.18319192668722636,0.5863965339011183,140,False,WITHIN_THRESHOLD
2020-06-16 16:30:00,4135001,rGa61gmuvPhdLxV,272.8125,222.5142857,272.8125,279.7307561578341,297.42953571449993,268.94116,222.5142857,272.8125,-50.29821430000001,-0.18436917040091644,0.18436917040091644,0.6265022920692254,140,False,WITHIN_THRESHOLD
2020-06-16 16:30:00,4135001,sjndEbLyjtCKgGv,270.0142857,222.6375,270.0142857,276.5319877116881,296.7020982154999,264.88303,222.6375,270.0142857,-47.37678570000003,-0.1754602930625608,0.1754602930625608,0.6598785838606678,140,False,WITHIN_THRESHOLD
2020-06-16 16:30:00,4135001,uHbuxQJl8lW7ozc,269.7,221.425,269.7,280.1177816213834,297.7385178569999,266.8143,221.425,269.7,-48.27499999999998,-0.17899517982944005,0.17899517982944005,0.6330720359237364,140,False,WITHIN_THRESHOLD
2020-06-16 16:30:00,4135001,wCURE6d3bPkepu2,265.4571429,220.5,265.4571429,276.7780931193092,296.7943035725,264.88303,220.5,265.4571429,-44.95714290000001,-0.1693574428205752,0.1693574428205752,0.6722465763485777,140,False,WITHIN_THRESHOLD
2020-06-16 16:30:00,4135001,z9Y9gH1T5YWrNuG,264.9857143,218.775,264.9857143,279.3429358219765,286.3925446405,266.04117,218.775,264.9857143,-46.21071429999998,-0.17438945500165018,0.17438945500165018,0.686499253670038,140,False,WITHIN_THRESHOLD
2020-06-16 16:30:00,4135001,zBIq5rxdHJRwDNY,260.075,215.2,260.075,277.52544403819604,294.72250000249994,265.59863,215.2,260.075,-44.875,-0.1725463808516774,0.1725463808516774,0.6310594990859788,140,False,WITHIN_THRESHOLD
2020-06-16 16:30:00,4135001,zVJPv84UY57bAof,269.6125,221.3285714,269.6125,281.4997716454717,297.52051785699985,268.94116,221.3285714,269.6125,-48.283928600000024,-0.17908638731512827,0.17908638731512827,0.6239543405030045,140,False,WITHIN_THRESHOLD
2020-06-16 16:45:00,4135001,1BY6WEcLGh8j5v7,199.2714286,173.5375,199.2714286,232.0791193006819,165.35866071500007,155.20865,173.5375,199.2714286,-25.733928600000013,-0.1291400818511521,0.1291400818511521,0.7244052284136537,127,False,WITHIN_THRESHOLD
2020-06-16 16:45:00,4135001,1IF53ai7Xc0U56Y,217.1428571,189.9875,217.1428571,237.10050668409528,164.60041071550006,155.20865,189.9875,217.1428571,-27.155357099999975,-0.12505756561678757,0.12505756561678757,0.5940346974102673,140,False,WITHIN_THRESHOLD
2020-06-16 16:45:00,4135001,3PZuoBAID5Wc2HD,212.5,186.6,212.5,237.92874802477888,164.57890178700006,155.20865,186.6,212.5,-25.900000000000006,-0.1218823529411765,0.1218823529411765,0.6483868824537441,140,False,WITHIN_THRESHOLD
2020-06-16 16:45:00,4135001,7JYdWkrLSPkdwr4,211.5428571,185.0428571,211.5428571,230.22801492581328,159.34641071400011,155.20865,185.0428571,211.5428571,-26.5,-0.12527012428253717,0.12527012428253717,0.5905745482895888,140,False,WITHIN_THRESHOLD
2020-06-16 16:45:00,4135001,McdE0feGgRqW7Ca,224.825,192.5285714,224.825,241.17800170202852,164.74641071550002,157.8882,192.5285714,224.825,-32.296428599999984,-0.14365141154231062,0.14365141154231062,0.6677543807186324,140,False,WITHIN_THRESHOLD
2020-06-16 16:45:00,4135001,VHMLBKoKgIrUVDU,214.2142857,187.9142857,214.2142857,232.06629946964603,159.71016964250006,155.20865,187.9142857,214.2142857,-26.30000000000001,-0.12277425809421641,0.12277425809421641,0.6129522180797938,140,False,WITHIN_THRESHOLD
2020-06-16 16:45:00,4135001,WRmjgnKYAwPKWDb,210.0375,185.0285714,210.0375,234.7201629318242,164.60615178850006,155.20865,185.0285714,210.0375,-25.00892859999999,-0.11906887389156694,0.11906887389156694,0.6395407288719102,140,False,WITHIN_THRESHOLD
2020-06-16 16:45:00,4135001,YxYtjZvoooNbGkE,218.1428571,189.375,218.1428571,236.03176562020823,164.84362500150004,155.20865,189.375,218.1428571,-28.767857099999986,-0.13187622772728408,0.13187622772728408,0.621455172419359,140,False,WITHIN_THRESHOLD
2020-06-16 16:45:00,4135001,ZnxXDlPa8U1GXgE,219.2285714,189.95,219.2285714,240.4353580963444,165.3013660730001,155.20865,189.95,219.2285714,-29.278571400000004,-0.13355271720755282,0.13355271720755282,0.6533279459118295,140,False,WITHIN_THRESHOLD
2020-06-16 16:45:00,4135001,ZoEaEvLYb1n2sOq,218.5142857,189.525,218.5142857,238.85436101191783,164.77258035850005,155.20865,189.525,218.5142857,-28.989285699999982,-0.13266540266296184,0.13266540266296184,0.6312243441917053,140,False,WITHIN_THRESHOLD
2020-06-16 16:45:00,4135001,adLQvlD726eNBSB,218.3857143,191.85,218.3857143,238.9862597528516,164.54858928700006,155.20865,191.85,218.3857143,-26.535714299999995,-0.12150847130754833,0.12150847130754833,0.5967226324524667,140,False,WITHIN_THRESHOLD
2020-06-16 16:45:00,4135001,bvBOhCH3iADSZry,198.3571429,172.9,198.3571429,232.06270967300892,167.2415535725001,155.20865,172.9,198.3571429,-25.457142900000008,-0.12833993537018226,0.12833993537018226,0.7126272967972415,127,False,WITHIN_THRESHOLD
2020-06-16 16:45:00,4135001,iCRJl6heRkivqQ3,221.7142857,192.225,221.7142857,242.5900597790876,164.62737500000006,157.8882,192.225,221.7142857,-29.48928570000001,-0.13300579891320918,0.13300579891320918,0.6313543652927712,140,False,WITHIN_THRESHOLD
2020-06-16 16:45:00,4135001,ih0vzX44oOqAx2f,214.6714286,185.7625,214.6714286,240.11562461822888,165.39619643000006,155.20865,185.7625,214.6714286,-28.908928600000024,-0.13466593476613228,0.13466593476613228,0.6624702585319796,140,False,WITHIN_THRESHOLD
2020-06-16 16:45:00,4135001,pkci93gMrogZuBj,221.425,191.6142857,221.425,241.33064300104687,164.87960714350004,157.8882,191.6142857,221.425,-29.8107143,-0.13463120379360957,0.13463120379360957,0.5863965339011183,140,False,WITHIN_THRESHOLD
2020-06-16 16:45:00,4135001,rGa61gmuvPhdLxV,222.5142857,192.7125,222.5142857,244.38471216454508,164.90140178549998,157.8882,192.7125,222.5142857,-29.801785699999982,-0.13393201073022154,0.13393201073022154,0.6265022920692254,140,False,WITHIN_THRESHOLD
2020-06-16 16:45:00,4135001,sjndEbLyjtCKgGv,222.6375,190.6142857,222.6375,241.07472234822296,164.60453571500005,155.20865,190.6142857,222.6375,-32.02321429999998,-0.14383567143899828,0.14383567143899828,0.6598785838606678,140,False,WITHIN_THRESHOLD
2020-06-16 16:45:00,4135001,uHbuxQJl8lW7ozc,221.425,192.2857143,221.425,237.28121101000147,160.005642856,157.8882,192.2857143,221.425,-29.139285700000016,-0.13159889669188218,0.13159889669188218,0.6330720359237364,140,False,WITHIN_THRESHOLD
2020-06-16 16:45:00,4135001,wCURE6d3bPkepu2,220.5,189.1714286,220.5,241.8836854023794,164.71461607250004,155.20865,189.1714286,220.5,-31.328571399999987,-0.14207968888888883,0.14207968888888883,0.6722465763485777,140,False,WITHIN_THRESHOLD
2020-06-16 16:45:00,4135001,z9Y9gH1T5YWrNuG,218.775,187.9571429,218.775,240.9933705976079,164.71047321550003,155.20865,187.9571429,218.775,-30.817857099999998,-0.1408655335390241,0.1408655335390241,0.686499253670038,140,False,WITHIN_THRESHOLD
2020-06-16 16:45:00,4135001,zBIq5rxdHJRwDNY,215.2,186.475,215.2,239.2822416318771,164.61784821600006,155.20865,186.475,215.2,-28.724999999999994,-0.13348048327137543,0.13348048327137543,0.6310594990859788,140,False,WITHIN_THRESHOLD
2020-06-16 16:45:00,4135001,zVJPv84UY57bAof,221.3285714,192.45,221.3285714,238.5322549860513,164.71067857400004,157.8882,192.45,221.3285714,-28.8785714,-0.13047828040153336,0.13047828040153336,0.6239543405030045,140,False,WITHIN_THRESHOLD
2020-06-16 17:00:00,4135001,1BY6WEcLGh8j5v7,173.5375,158.0285714,173.5375,196.54066179929083,164.01545535799997,155.04326,158.0285714,173.5375,-15.50892859999999,-0.08936932132824311,0.08936932132824311,0.7244052284136537,127,False,WITHIN_THRESHOLD
2020-06-16 17:00:00,4135001,1IF53ai7Xc0U56Y,189.9875,173.0857143,189.9875,203.2025911074716,164.489928574,155.04326,173.0857143,189.9875,-16.901785700000005,-0.08896261964602936,0.08896261964602936,0.5940346974102673,140,False,WITHIN_THRESHOLD
2020-06-16 17:00:00,4135001,3PZuoBAID5Wc2HD,186.6,171.225,186.6,203.1436831868199,164.7682053605,155.04326,171.225,186.6,-15.375,-0.08239549839228297,0.08239549839228297,0.6483868824537441,140,False,WITHIN_THRESHOLD
2020-06-16 17:00:00,4135001,7JYdWkrLSPkdwr4,185.0428571,169.225,185.0428571,201.6820075244065,164.655357146,155.04326,169.225,185.0428571,-15.817857099999998,-0.0854821274806181,0.0854821274806181,0.5905745482895888,140,False,WITHIN_THRESHOLD
2020-06-16 17:00:00,4135001,McdE0feGgRqW7Ca,192.5285714,173.9125,192.5285714,201.74832161679157,164.04180357450005,155.04326,173.9125,192.5285714,-18.61607140000001,-0.09669251303653525,0.09669251303653525,0.6677543807186324,140,False,WITHIN_THRESHOLD
2020-06-16 17:00:00,4135001,VHMLBKoKgIrUVDU,187.9142857,172.275,187.9142857,201.77782935848688,164.61431250349997,155.04326,172.275,187.9142857,-15.639285699999988,-0.08322563471820167,0.08322563471820167,0.6129522180797938,140,False,WITHIN_THRESHOLD
2020-06-16 17:00:00,4135001,WRmjgnKYAwPKWDb,185.0285714,170.125,185.0285714,203.00949899602975,164.33346428799996,155.04326,170.125,185.0285714,-14.903571400000004,-0.08054740566407467,0.08054740566407467,0.6395407288719102,140,False,WITHIN_THRESHOLD
2020-06-16 17:00:00,4135001,YxYtjZvoooNbGkE,189.375,169.9428571,189.375,202.95173494331164,164.955446432,155.04326,169.9428571,189.375,-19.432142900000002,-0.10261197570957097,0.10261197570957097,0.621455172419359,140,False,WITHIN_THRESHOLD
2020-06-16 17:00:00,4135001,ZnxXDlPa8U1GXgE,189.95,171.8,189.95,201.75976163743888,164.26068750249996,155.04326,171.8,189.95,-18.149999999999977,-0.09555146091076587,0.09555146091076587,0.6533279459118295,140,False,WITHIN_THRESHOLD
2020-06-16 17:00:00,4135001,ZoEaEvLYb1n2sOq,189.525,170.4,189.525,203.2625549876514,164.937758932,155.04326,170.4,189.525,-19.125,-0.10091017016224772,0.10091017016224772,0.6312243441917053,140,False,WITHIN_THRESHOLD
2020-06-16 17:00:00,4135001,adLQvlD726eNBSB,191.85,175.2285714,191.85,203.90227119963745,164.7720089325,155.04326,175.2285714,191.85,-16.6214286,-0.08663762627052386,0.08663762627052386,0.5967226324524667,140,False,WITHIN_THRESHOLD
2020-06-16 17:00:00,4135001,bvBOhCH3iADSZry,172.9,156.9142857,172.9,195.62050721355155,164.509589287,155.04326,156.9142857,172.9,-15.985714300000012,-0.09245641584731065,0.09245641584731065,0.7126272967972415,127,False,WITHIN_THRESHOLD
2020-06-16 17:00:00,4135001,iCRJl6heRkivqQ3,192.225,172.3142857,192.225,203.4501361671836,164.08634821750005,155.04326,172.3142857,192.225,-19.910714299999995,-0.10358025386916372,0.10358025386916372,0.6313543652927712,140,False,WITHIN_THRESHOLD
2020-06-16 17:00:00,4135001,ih0vzX44oOqAx2f,185.7625,167.7142857,185.7625,199.90648370789123,164.11983928849995,155.04326,167.7142857,185.7625,-18.048214299999984,-0.09715746881098168,0.09715746881098168,0.6624702585319796,140,False,WITHIN_THRESHOLD
2020-06-16 17:00:00,4135001,pkci93gMrogZuBj,191.6142857,171.85,191.6142857,202.7277751150545,164.07159821700006,155.04326,171.85,191.6142857,-19.764285700000016,-0.10314620137949357,0.10314620137949357,0.5863965339011183,140,False,WITHIN_THRESHOLD
2020-06-16 17:00:00,4135001,rGa61gmuvPhdLxV,192.7125,172.6714286,192.7125,205.1332209791108,164.83259821900003,155.04326,172.6714286,192.7125,-20.041071399999993,-0.10399466251540503,0.10399466251540503,0.6265022920692254,140,False,WITHIN_THRESHOLD
2020-06-16 17:00:00,4135001,sjndEbLyjtCKgGv,190.6142857,172.425,190.6142857,202.4047677029298,164.23353571850004,155.04326,172.425,190.6142857,-18.1892857,-0.09542456712099412,0.09542456712099412,0.6598785838606678,140,False,WITHIN_THRESHOLD
2020-06-16 17:00:00,4135001,uHbuxQJl8lW7ozc,192.2857143,172.1,192.2857143,201.29207139016304,163.96759821700005,155.04326,172.1,192.2857143,-20.1857143,-0.10497771180497938,0.10497771180497938,0.6330720359237364,140,False,WITHIN_THRESHOLD
2020-06-16 17:00:00,4135001,wCURE6d3bPkepu2,189.1714286,171.2625,189.1714286,201.48787987161137,163.733821431,155.04326,171.2625,189.1714286,-17.908928600000024,-0.09467036715078242,0.09467036715078242,0.6722465763485777,140,False,WITHIN_THRESHOLD
2020-06-16 17:00:00,4135001,z9Y9gH1T5YWrNuG,187.9571429,169.6125,187.9571429,199.69292791680112,163.79223214599998,155.04326,169.6125,187.9571429,-18.344642899999997,-0.09760013701506418,0.09760013701506418,0.686499253670038,140,False,WITHIN_THRESHOLD
2020-06-16 17:00:00,4135001,zBIq5rxdHJRwDNY,186.475,167.3857143,186.475,202.78144198053877,164.13941071649998,155.04326,167.3857143,186.475,-19.089285700000005,-0.10236914170800378,0.10236914170800378,0.6310594990859788,140,False,WITHIN_THRESHOLD
2020-06-16 17:00:00,4135001,zVJPv84UY57bAof,192.45,171.4857143,192.45,201.68080418513065,163.87962500250006,155.04326,171.4857143,192.45,-20.964285699999976,-0.10893367472070656,0.10893367472070656,0.6239543405030045,140,False,WITHIN_THRESHOLD
2020-06-16 17:15:00,4135001,1BY6WEcLGh8j5v7,158.0285714,130.5875,158.0285714,155.580606494299,98.16523214470004,112.20498,130.5875,158.0285714,-27.4410714,-0.17364626634851676,0.17364626634851676,0.7244052284136537,127,False,WITHIN_THRESHOLD
2020-06-16 17:15:00,4135001,1IF53ai7Xc0U56Y,173.0857143,143.9375,173.0857143,159.8146860293652,98.6691875029,112.20498,143.9375,173.0857143,-29.148214300000006,-0.16840335100954085,0.16840335100954085,0.5940346974102673,140,False,WITHIN_THRESHOLD
2020-06-16 17:15:00,4135001,3PZuoBAID5Wc2HD,171.225,141.2285714,171.225,157.62272586152335,97.93783928810004,112.20498,141.2285714,171.225,-29.9964286,-0.17518720163527524,0.17518720163527524,0.6483868824537441,140,False,WITHIN_THRESHOLD
2020-06-16 17:15:00,4135001,7JYdWkrLSPkdwr4,169.225,141.2142857,169.225,159.43077881518028,97.95082143105004,112.20498,141.2142857,169.225,-28.01071429999999,-0.1655235000738661,0.1655235000738661,0.5905745482895888,140,False,WITHIN_THRESHOLD
2020-06-16 17:15:00,4135001,McdE0feGgRqW7Ca,173.9125,144.6714286,173.9125,161.93706724621913,102.93641964674998,112.20498,144.6714286,173.9125,-29.24107139999998,-0.16813668597714357,0.16813668597714357,0.6677543807186324,140,False,WITHIN_THRESHOLD
2020-06-16 17:15:00,4135001,VHMLBKoKgIrUVDU,172.275,143.6,172.275,159.36746719340738,98.2480535736,112.20498,143.6,172.275,-28.67500000000001,-0.16644899143810774,0.16644899143810774,0.6129522180797938,140,False,WITHIN_THRESHOLD
2020-06-16 17:15:00,4135001,WRmjgnKYAwPKWDb,170.125,140.5857143,170.125,158.0951997183865,97.71733035960004,112.20498,140.5857143,170.125,-29.539285699999994,-0.17363283291697276,0.17363283291697276,0.6395407288719102,140,False,WITHIN_THRESHOLD
2020-06-16 17:15:00,4135001,YxYtjZvoooNbGkE,169.9428571,141.8625,169.9428571,159.53161755526324,98.53939285985,112.20498,141.8625,169.9428571,-28.080357099999986,-0.16523411209614167,0.16523411209614167,0.621455172419359,140,False,WITHIN_THRESHOLD
2020-06-16 17:15:00,4135001,ZnxXDlPa8U1GXgE,171.8,144.4285714,171.8,160.5064333800718,98.57096428835,112.20498,144.4285714,171.8,-27.3714286,-0.15932147031431898,0.15932147031431898,0.6533279459118295,140,False,WITHIN_THRESHOLD
2020-06-16 17:15:00,4135001,ZoEaEvLYb1n2sOq,170.4,142.1375,170.4,159.0572412638091,98.46520535985,112.20498,142.1375,170.4,-28.262500000000017,-0.16585974178403765,0.16585974178403765,0.6312243441917053,140,False,WITHIN_THRESHOLD
2020-06-16 17:15:00,4135001,adLQvlD726eNBSB,175.2285714,145.65,175.2285714,160.29713324161085,103.02188393239996,112.20498,145.65,175.2285714,-29.578571399999987,-0.1687999346435349,0.1687999346435349,0.5967226324524667,140,False,WITHIN_THRESHOLD
2020-06-16 17:15:00,4135001,bvBOhCH3iADSZry,156.9142857,129.5625,156.9142857,156.45215523597983,98.5557500022,112.20498,129.5625,156.9142857,-27.351785699999994,-0.17431036044922707,0.17431036044922707,0.7126272967972415,127,False,WITHIN_THRESHOLD
2020-06-16 17:15:00,4135001,iCRJl6heRkivqQ3,172.3142857,142.4875,172.3142857,162.1366690224859,102.92992857539996,112.20498,142.4875,172.3142857,-29.826785699999988,-0.17309525776596704,0.17309525776596704,0.6313543652927712,140,False,WITHIN_THRESHOLD
2020-06-16 17:15:00,4135001,ih0vzX44oOqAx2f,167.7142857,141.2428571,167.7142857,159.64623494569565,97.99411607355005,112.20498,141.2428571,167.7142857,-26.471428599999996,-0.1578364567425755,0.1578364567425755,0.6624702585319796,140,False,WITHIN_THRESHOLD
2020-06-16 17:15:00,4135001,pkci93gMrogZuBj,171.85,141.9,171.85,160.03776477233083,101.40655357475003,112.20498,141.9,171.85,-29.94999999999999,-0.17427989525749193,0.17427989525749193,0.5863965339011183,140,False,WITHIN_THRESHOLD
2020-06-16 17:15:00,4135001,rGa61gmuvPhdLxV,172.6714286,143.3,172.6714286,161.5898647373977,102.11557143269997,112.20498,143.3,172.6714286,-29.3714286,-0.170100107690891,0.170100107690891,0.6265022920692254,140,False,WITHIN_THRESHOLD
2020-06-16 17:15:00,4135001,sjndEbLyjtCKgGv,172.425,143.3571429,172.425,162.0688900492811,101.4558303603,112.20498,143.3571429,172.425,-29.067857099999998,-0.16858261331013483,0.16858261331013483,0.6598785838606678,140,False,WITHIN_THRESHOLD
2020-06-16 17:15:00,4135001,uHbuxQJl8lW7ozc,172.1,142.3428571,172.1,159.09981959885874,103.55157143269996,112.20498,142.3428571,172.1,-29.75714289999999,-0.17290611795467747,0.17290611795467747,0.6330720359237364,140,False,WITHIN_THRESHOLD
2020-06-16 17:15:00,4135001,wCURE6d3bPkepu2,171.2625,142.1142857,171.2625,160.7038616897342,98.38870535985,112.20498,142.1142857,171.2625,-29.148214299999978,-0.1701961275819282,0.1701961275819282,0.6722465763485777,140,False,WITHIN_THRESHOLD
2020-06-16 17:15:00,4135001,z9Y9gH1T5YWrNuG,169.6125,141.0571429,169.6125,160.05897846338678,97.31735714490004,112.20498,141.0571429,169.6125,-28.55535710000001,-0.16835644247918052,0.16835644247918052,0.686499253670038,140,False,WITHIN_THRESHOLD
2020-06-16 17:15:00,4135001,zBIq5rxdHJRwDNY,167.3857143,138.6625,167.3857143,161.59271836263235,97.36324107385003,112.20498,138.6625,167.3857143,-28.723214299999995,-0.17159895884854492,0.17159895884854492,0.6310594990859788,140,False,WITHIN_THRESHOLD
2020-06-16 17:15:00,4135001,zVJPv84UY57bAof,171.4857143,142.5375,171.4857143,160.62583839697754,103.08092857534996,112.20498,142.5375,171.4857143,-28.948214300000018,-0.16880831396461118,0.16880831396461118,0.6239543405030045,140,False,WITHIN_THRESHOLD
2020-06-16 17:30:00,4135001,1BY6WEcLGh8j5v7,130.5875,93.08571429,130.5875,117.15479435644548,80.68391964645011,87.38021,93.08571429,130.5875,-37.50178571000001,-0.2871774535081842,0.2871774535081842,0.7244052284136537,127,False,WITHIN_THRESHOLD
2020-06-16 17:30:00,4135001,1IF53ai7Xc0U56Y,143.9375,102.8142857,143.9375,120.45854461924824,82.0802589320001,91.23879,102.8142857,143.9375,-41.1232143,-0.28570187963525834,0.28570187963525834,0.5940346974102673,140,False,WITHIN_THRESHOLD
2020-06-16 17:30:00,4135001,3PZuoBAID5Wc2HD,141.2285714,100.775,141.2285714,117.0664470714915,83.81237500550002,91.23879,100.775,141.2285714,-40.45357139999999,-0.2864404206527291,0.2864404206527291,0.6483868824537441,140,False,WITHIN_THRESHOLD
2020-06-16 17:30:00,4135001,7JYdWkrLSPkdwr4,141.2142857,101.0875,141.2142857,119.92128160893851,81.5233482177001,88.163155,101.0875,141.2142857,-40.1267857,-0.28415528571412796,0.28415528571412796,0.5905745482895888,140,False,WITHIN_THRESHOLD
2020-06-16 17:30:00,4135001,McdE0feGgRqW7Ca,144.6714286,103.2625,144.6714286,120.06570141613656,81.6788482180501,88.163155,103.2625,144.6714286,-41.40892860000001,-0.2862274120102247,0.2862274120102247,0.6677543807186324,140,False,WITHIN_THRESHOLD
2020-06-16 17:30:00,4135001,VHMLBKoKgIrUVDU,143.6,102.8875,143.6,118.75146770564665,81.5403660750501,88.163155,102.8875,143.6,-40.71249999999999,-0.28351323119777155,0.28351323119777155,0.6129522180797938,140,False,WITHIN_THRESHOLD
2020-06-16 17:30:00,4135001,WRmjgnKYAwPKWDb,140.5857143,100.3,140.5857143,118.41484289552878,81.9298214320501,91.23879,100.3,140.5857143,-40.28571430000001,-0.2865562443566146,0.2865562443566146,0.6395407288719102,140,False,WITHIN_THRESHOLD
2020-06-16 17:30:00,4135001,YxYtjZvoooNbGkE,141.8625,101.1428571,141.8625,119.26825360944056,81.5361071464001,88.163155,101.1428571,141.8625,-40.71964290000001,-0.28703598836901933,0.28703598836901933,0.621455172419359,140,False,WITHIN_THRESHOLD
2020-06-16 17:30:00,4135001,ZnxXDlPa8U1GXgE,144.4285714,103.4625,144.4285714,119.84897186585609,81.6372232178501,88.163155,103.4625,144.4285714,-40.966071400000004,-0.2836424330927087,0.2836424330927087,0.6533279459118295,140,False,WITHIN_THRESHOLD
2020-06-16 17:30:00,4135001,ZoEaEvLYb1n2sOq,142.1375,101.2714286,142.1375,118.31270267281158,81.44119643210009,88.163155,101.2714286,142.1375,-40.866071399999996,-0.28751083563450885,0.28751083563450885,0.6312243441917053,140,False,WITHIN_THRESHOLD
2020-06-16 17:30:00,4135001,adLQvlD726eNBSB,145.65,104.3714286,145.65,120.55451125771054,84.29301786270005,91.23879,104.3714286,145.65,-41.278571400000004,-0.2834093470648816,0.2834093470648816,0.5967226324524667,140,False,WITHIN_THRESHOLD
2020-06-16 17:30:00,4135001,bvBOhCH3iADSZry,129.5625,92.25714286,129.5625,117.80718510989873,80.6458214321501,87.38021,92.25714286,129.5625,-37.30535714,-0.28793329196333817,0.28793329196333817,0.7126272967972415,127,False,WITHIN_THRESHOLD
2020-06-16 17:30:00,4135001,iCRJl6heRkivqQ3,142.4875,101.1,142.4875,120.69782396989667,81.6689553608501,88.163155,101.1,142.4875,-41.38750000000002,-0.29046407579612255,0.29046407579612255,0.6313543652927712,140,False,WITHIN_THRESHOLD
2020-06-16 17:30:00,4135001,ih0vzX44oOqAx2f,141.2428571,101.0875,141.2428571,119.943991619101,81.4575982177001,88.163155,101.0875,141.2428571,-40.1553571,-0.2843000908114595,0.2843000908114595,0.6624702585319796,140,False,WITHIN_THRESHOLD
2020-06-16 17:30:00,4135001,pkci93gMrogZuBj,141.9,102.8,141.9,118.45877587875916,85.94172322075006,91.23879,102.8,141.9,-39.10000000000001,-0.27554615926708953,0.27554615926708953,0.5863965339011183,140,False,WITHIN_THRESHOLD
2020-06-16 17:30:00,4135001,rGa61gmuvPhdLxV,143.3,101.7,143.3,119.23006750586136,81.90574107510008,88.163155,101.7,143.3,-41.60000000000001,-0.2903000697836707,0.2903000697836707,0.6265022920692254,140,False,WITHIN_THRESHOLD
2020-06-16 17:30:00,4135001,sjndEbLyjtCKgGv,143.3571429,102.2625,143.3571429,119.62206347049089,81.7282857181001,88.163155,102.2625,143.3571429,-41.09464290000001,-0.286659193038368,0.286659193038368,0.6598785838606678,140,False,WITHIN_THRESHOLD
2020-06-16 17:30:00,4135001,uHbuxQJl8lW7ozc,142.3428571,103.0,142.3428571,118.35496586511007,85.36608036340004,91.23879,103.0,142.3428571,-39.3428571,-0.27639502186162035,0.27639502186162035,0.6330720359237364,140,False,WITHIN_THRESHOLD
2020-06-16 17:30:00,4135001,wCURE6d3bPkepu2,142.1142857,101.4875,142.1142857,119.7472869006966,82.11373214655006,91.23879,101.4875,142.1142857,-40.62678570000001,-0.28587404496239194,0.28587404496239194,0.6722465763485777,140,False,WITHIN_THRESHOLD
2020-06-16 17:30:00,4135001,z9Y9gH1T5YWrNuG,141.0571429,100.8875,141.0571429,118.75043274348918,81.77558036075008,88.163155,100.8875,141.0571429,-40.1696429,-0.284775673703228,0.284775673703228,0.686499253670038,140,False,WITHIN_THRESHOLD
2020-06-16 17:30:00,4135001,zBIq5rxdHJRwDNY,138.6625,97.98571429,138.6625,121.8903610904086,81.4922142891001,87.38021,97.98571429,138.6625,-40.67678570999999,-0.2933510192734156,0.2933510192734156,0.6310594990859788,140,False,WITHIN_THRESHOLD
2020-06-16 17:30:00,4135001,zVJPv84UY57bAof,142.5375,101.2285714,142.5375,118.77309278813082,81.5720982180501,88.163155,101.2285714,142.5375,-41.30892859999999,-0.28981095220555986,0.28981095220555986,0.6239543405030045,140,False,WITHIN_THRESHOLD
2020-06-16 17:45:00,4135001,1BY6WEcLGh8j5v7,93.08571429,63.87142857,93.08571429,96.89067824443003,64.73740178485008,43.342216,63.87142857,93.08571429,-29.21428572,-0.31384284842017296,0.31384284842017296,0.7244052284136537,127,False,WITHIN_THRESHOLD
2020-06-16 17:45:00,4135001,1IF53ai7Xc0U56Y,102.8142857,68.55,102.8142857,99.71616520864148,65.81708928494999,43.777306,68.55,102.8142857,-34.2642857,-0.33326385984900153,0.33326385984900153,0.5940346974102673,140,False,WITHIN_THRESHOLD
2020-06-16 17:45:00,4135001,3PZuoBAID5Wc2HD,100.775,66.77142857,100.775,97.54692321585532,65.82791964219997,43.777306,66.77142857,100.775,-34.00357143000001,-0.3374207038451998,0.3374207038451998,0.6483868824537441,140,False,WITHIN_THRESHOLD
2020-06-16 17:45:00,4135001,7JYdWkrLSPkdwr4,101.0875,67.45714286,101.0875,99.41747171438011,65.83154464219997,43.777306,67.45714286,101.0875,-33.63035714,-0.33268561533325086,0.33268561533325086,0.5905745482895888,140,False,WITHIN_THRESHOLD
2020-06-16 17:45:00,4135001,McdE0feGgRqW7Ca,103.2625,68.8,103.2625,98.85207509063652,65.798464285,47.619984,68.8,103.2625,-34.462500000000006,-0.3337368357341727,0.3337368357341727,0.6677543807186324,140,False,WITHIN_THRESHOLD
2020-06-16 17:45:00,4135001,VHMLBKoKgIrUVDU,102.8875,68.62857143,102.8875,99.8663105311791,65.79220535644998,43.777306,68.62857143,102.8875,-34.25892857000001,-0.33297464288664813,0.33297464288664813,0.6129522180797938,140,False,WITHIN_THRESHOLD
2020-06-16 17:45:00,4135001,WRmjgnKYAwPKWDb,100.3,66.34285714,100.3,97.05310283250074,65.79091964224997,43.777306,66.34285714,100.3,-33.95714285999999,-0.33855576131605175,0.33855576131605175,0.6395407288719102,140,False,WITHIN_THRESHOLD
2020-06-16 17:45:00,4135001,YxYtjZvoooNbGkE,101.1428571,67.35,101.1428571,97.7270090260269,65.76611607074999,43.777306,67.35,101.1428571,-33.792857100000006,-0.33411016920936876,0.33411016920936876,0.621455172419359,140,False,WITHIN_THRESHOLD
2020-06-16 17:45:00,4135001,ZnxXDlPa8U1GXgE,103.4625,68.91428571,103.4625,100.16206613345057,65.84114285639998,43.777306,68.91428571,103.4625,-34.548214290000004,-0.33392015744835085,0.33392015744835085,0.6533279459118295,140,False,WITHIN_THRESHOLD
2020-06-16 17:45:00,4135001,ZoEaEvLYb1n2sOq,101.2714286,67.2625,101.2714286,98.4247864103036,65.76611607074999,43.777306,67.2625,101.2714286,-34.00892859999999,-0.33581957981779664,0.33581957981779664,0.6312243441917053,140,False,WITHIN_THRESHOLD
2020-06-16 17:45:00,4135001,adLQvlD726eNBSB,104.3714286,69.575,104.3714286,100.2224846891526,65.83546428494998,47.619984,69.575,104.3714286,-34.7964286,-0.333390364266797,0.333390364266797,0.5967226324524667,140,False,WITHIN_THRESHOLD
2020-06-16 17:45:00,4135001,bvBOhCH3iADSZry,92.25714286,62.98571429,92.25714286,97.14430775977024,64.61641964215008,43.342216,62.98571429,92.25714286,-29.271428570000005,-0.31728089189169156,0.31728089189169156,0.7126272967972415,127,False,WITHIN_THRESHOLD
2020-06-16 17:45:00,4135001,iCRJl6heRkivqQ3,101.1,67.05,101.1,97.31028141226231,65.73102678504999,47.619984,67.05,101.1,-34.05,-0.33679525222551926,0.33679525222551926,0.6313543652927712,140,False,WITHIN_THRESHOLD
2020-06-16 17:45:00,4135001,ih0vzX44oOqAx2f,101.0875,67.6,101.0875,99.33004641508847,65.77480357074998,43.777306,67.6,101.0875,-33.48750000000001,-0.3312724125139113,0.3312724125139113,0.6624702585319796,140,False,WITHIN_THRESHOLD
2020-06-16 17:45:00,4135001,pkci93gMrogZuBj,102.8,68.4375,102.8,97.00074323124662,65.73102678504999,47.619984,68.4375,102.8,-34.3625,-0.3342655642023346,0.3342655642023346,0.5863965339011183,140,False,WITHIN_THRESHOLD
2020-06-16 17:45:00,4135001,rGa61gmuvPhdLxV,101.7,67.5375,101.7,97.37283141595611,65.74842857075,47.619984,67.5375,101.7,-34.16250000000001,-0.3359144542772862,0.3359144542772862,0.6265022920692254,140,False,WITHIN_THRESHOLD
2020-06-16 17:45:00,4135001,sjndEbLyjtCKgGv,102.2625,68.14285714,102.2625,98.62757017152308,65.78351785644999,47.619984,68.14285714,102.2625,-34.11964286,-0.3336476505072729,0.3336476505072729,0.6598785838606678,140,False,WITHIN_THRESHOLD
2020-06-16 17:45:00,4135001,uHbuxQJl8lW7ozc,103.0,68.8375,103.0,96.40242222453809,65.65078571359999,47.619984,68.8375,103.0,-34.162499999999994,-0.3316747572815533,0.3316747572815533,0.6330720359237364,140,False,WITHIN_THRESHOLD
2020-06-16 17:45:00,4135001,wCURE6d3bPkepu2,101.4875,67.57142857,101.4875,98.43310368775133,65.76611607074999,43.777306,67.57142857,101.4875,-33.91607143,-0.33418964335509305,0.33418964335509305,0.6722465763485777,140,False,WITHIN_THRESHOLD
2020-06-16 17:45:00,4135001,z9Y9gH1T5YWrNuG,100.8875,67.17142857,100.8875,97.80227706692044,65.76611607074999,43.777306,67.17142857,100.8875,-33.71607143,-0.33419473601784166,0.33419473601784166,0.686499253670038,140,False,WITHIN_THRESHOLD
2020-06-16 17:45:00,4135001,zBIq5rxdHJRwDNY,97.98571429,64.925,97.98571429,96.83221809903208,65.53369642810001,43.777306,64.925,97.98571429,-33.06071429000001,-0.3374034116050123,0.3374034116050123,0.6310594990859788,140,False,WITHIN_THRESHOLD
2020-06-16 17:45:00,4135001,zVJPv84UY57bAof,101.2285714,67.175,101.2285714,97.71867935979058,65.73102678504999,47.619984,67.175,101.2285714,-34.05357140000001,-0.33640276583020123,0.33640276583020123,0.6239543405030045,140,False,WITHIN_THRESHOLD
2020-06-16 18:00:00,4135001,1BY6WEcLGh8j5v7,63.87142857,32.4,63.87142857,59.68741282903602,26.05264583345001,30.415907,32.4,63.87142857,-31.47142857,-0.4927309326659077,0.4927309326659077,0.7244052284136537,127,False,WITHIN_THRESHOLD
2020-06-16 18:00:00,4135001,1IF53ai7Xc0U56Y,68.55,34.34285714,68.55,60.29280459746997,26.10673214290001,33.493683,34.34285714,68.55,-34.20714286,-0.49901010736688545,0.49901010736688545,0.5940346974102673,140,False,WITHIN_THRESHOLD
2020-06-16 18:00:00,4135001,3PZuoBAID5Wc2HD,66.77142857,34.71428571,66.77142857,59.13812779471084,26.152226190400008,33.493683,34.71428571,66.77142857,-32.05714286,-0.48010269581686144,0.48010269581686144,0.6483868824537441,140,False,WITHIN_THRESHOLD
2020-06-16 18:00:00,4135001,7JYdWkrLSPkdwr4,67.45714286,34.175,67.45714286,60.471679491435935,26.117223214200006,30.415907,34.175,67.45714286,-33.28214286000001,-0.4933820415292935,0.4933820415292935,0.5905745482895888,140,False,WITHIN_THRESHOLD
2020-06-16 18:00:00,4135001,McdE0feGgRqW7Ca,68.8,31.525,68.8,61.680107909208175,26.17869642850002,33.493683,31.525,68.8,-37.275,-0.5417877906976745,0.5417877906976745,0.6677543807186324,140,False,WITHIN_THRESHOLD
2020-06-16 18:00:00,4135001,VHMLBKoKgIrUVDU,68.62857143,34.55,68.62857143,60.82536810753663,26.087678571350008,33.493683,34.55,68.62857143,-34.07857143,-0.49656536220864766,0.49656536220864766,0.6129522180797938,140,False,WITHIN_THRESHOLD
2020-06-16 18:00:00,4135001,WRmjgnKYAwPKWDb,66.34285714,34.38571429,66.34285714,59.24219318812652,26.147877976050008,30.415907,34.38571429,66.34285714,-31.957142850000004,-0.48169681300524103,0.48169681300524103,0.6395407288719102,140,False,WITHIN_THRESHOLD
2020-06-16 18:00:00,4135001,YxYtjZvoooNbGkE,67.35,33.7,67.35,60.52910573491516,26.184187499950006,30.415907,33.7,67.35,-33.64999999999999,-0.4996288047512991,0.4996288047512991,0.621455172419359,140,False,WITHIN_THRESHOLD
2020-06-16 18:00:00,4135001,ZnxXDlPa8U1GXgE,68.91428571,34.925,68.91428571,60.896433965058606,26.144008928700018,33.493683,34.925,68.91428571,-33.989285710000004,-0.4932110281608548,0.4932110281608548,0.6533279459118295,140,False,WITHIN_THRESHOLD
2020-06-16 18:00:00,4135001,ZoEaEvLYb1n2sOq,67.2625,33.67142857,67.2625,60.0378130943925,26.12252678570001,33.493683,33.67142857,67.2625,-33.59107143,-0.4994026601746887,0.4994026601746887,0.6312243441917053,140,False,WITHIN_THRESHOLD
2020-06-16 18:00:00,4135001,adLQvlD726eNBSB,69.575,35.31428571,69.575,61.06197382228925,26.255946428650017,33.493683,35.31428571,69.575,-34.26071429,-0.4924285201581028,0.4924285201581028,0.5967226324524667,140,False,WITHIN_THRESHOLD
2020-06-16 18:00:00,4135001,bvBOhCH3iADSZry,62.98571429,31.8375,62.98571429,59.51753804281145,26.05564583345001,30.415907,31.8375,62.98571429,-31.14821429,-0.4945282377300162,0.4945282377300162,0.7126272967972415,127,False,WITHIN_THRESHOLD
2020-06-16 18:00:00,4135001,iCRJl6heRkivqQ3,67.05,32.9,67.05,59.820785310839,26.18377678575001,33.493683,32.9,67.05,-34.15,-0.5093214019388516,0.5093214019388516,0.6313543652927712,140,False,WITHIN_THRESHOLD
2020-06-16 18:00:00,4135001,ih0vzX44oOqAx2f,67.6,34.4,67.6,60.90032705064749,26.117223214200006,30.415907,34.4,67.6,-33.199999999999996,-0.49112426035502954,0.49112426035502954,0.6624702585319796,140,False,WITHIN_THRESHOLD
2020-06-16 18:00:00,4135001,pkci93gMrogZuBj,68.4375,34.34285714,68.4375,59.84523402389152,26.09236607140001,33.493683,34.34285714,68.4375,-34.09464286,-0.49818656233789954,0.49818656233789954,0.5863965339011183,140,False,WITHIN_THRESHOLD
2020-06-16 18:00:00,4135001,rGa61gmuvPhdLxV,67.5375,33.44285714,67.5375,59.64605334952711,26.09005357140001,33.493683,33.44285714,67.5375,-34.09464285999999,-0.5048253616139181,0.5048253616139181,0.6265022920692254,140,False,WITHIN_THRESHOLD
2020-06-16 18:00:00,4135001,sjndEbLyjtCKgGv,68.14285714,30.8375,68.14285714,60.96182585670135,26.083508928600008,33.493683,30.8375,68.14285714,-37.305357140000005,-0.5474580712598516,0.5474580712598516,0.6598785838606678,140,False,WITHIN_THRESHOLD
2020-06-16 18:00:00,4135001,uHbuxQJl8lW7ozc,68.8375,34.6,68.8375,60.83427756989974,26.12525000005002,33.493683,34.6,68.8375,-34.237500000000004,-0.49736698747049213,0.49736698747049213,0.6330720359237364,140,False,WITHIN_THRESHOLD
2020-06-16 18:00:00,4135001,wCURE6d3bPkepu2,67.57142857,30.4,67.57142857,60.34245640250396,26.082830357050003,33.493683,30.4,67.57142857,-37.171428569999996,-0.5501057082357316,0.5501057082357316,0.6722465763485777,140,False,WITHIN_THRESHOLD
2020-06-16 18:00:00,4135001,z9Y9gH1T5YWrNuG,67.17142857,30.5625,67.17142857,60.537267533766965,26.215931547550007,30.415907,30.5625,67.17142857,-36.60892857,-0.5450074436313272,0.5450074436313272,0.686499253670038,140,False,WITHIN_THRESHOLD
2020-06-16 18:00:00,4135001,zBIq5rxdHJRwDNY,64.925,31.77142857,64.925,59.102360755085726,26.124565476050005,30.415907,31.77142857,64.925,-33.15357143,-0.5106441498652291,0.5106441498652291,0.6310594990859788,140,False,WITHIN_THRESHOLD
2020-06-16 18:00:00,4135001,zVJPv84UY57bAof,67.175,33.14285714,67.175,60.65988489560903,26.135017857200012,33.493683,33.14285714,67.175,-34.03214286,-0.5066191717156681,0.5066191717156681,0.6239543405030045,140,False,WITHIN_THRESHOLD
2020-06-17 07:00:00,4135001,1BY6WEcLGh8j5v7,123.2875,182.6714286,123.2875,169.95332216851193,196.483562498,187.89302,182.6714286,123.2875,59.38392860000002,0.4816703120754336,0.4816703120754336,0.7244052284136537,127,False,WITHIN_THRESHOLD
2020-06-17 07:00:00,4135001,1IF53ai7Xc0U56Y,138.85,207.1571429,138.85,172.77033101825342,159.22125892849985,187.89302,207.1571429,138.85,68.3071429,0.49194917464890175,0.49194917464890175,0.5940346974102673,140,False,WITHIN_THRESHOLD
2020-06-17 07:00:00,4135001,3PZuoBAID5Wc2HD,135.925,203.3,135.925,172.66204315977643,159.22125892849985,187.89302,203.3,135.925,67.375,0.4956777634725032,0.4956777634725032,0.6483868824537441,140,False,WITHIN_THRESHOLD
2020-06-17 07:00:00,4135001,7JYdWkrLSPkdwr4,134.3375,201.1571429,134.3375,172.4802137785146,159.22125892849985,187.89302,201.1571429,134.3375,66.81964289999999,0.4974012684470084,0.4974012684470084,0.5905745482895888,140,False,WITHIN_THRESHOLD
2020-06-17 07:00:00,4135001,McdE0feGgRqW7Ca,133.3142857,207.5,133.3142857,172.86109775630982,159.22125892849985,187.89302,207.5,133.3142857,74.1857143,0.556472353360102,0.556472353360102,0.6677543807186324,140,False,WITHIN_THRESHOLD
2020-06-17 07:00:00,4135001,VHMLBKoKgIrUVDU,137.3,205.2714286,137.3,172.69625426840423,159.22125892849985,187.89302,205.2714286,137.3,67.9714286,0.49505774654042234,0.49505774654042234,0.6129522180797938,140,False,WITHIN_THRESHOLD
2020-06-17 07:00:00,4135001,WRmjgnKYAwPKWDb,133.8625,198.1571429,133.8625,172.5400434306435,159.22125892849985,187.89302,198.1571429,133.8625,64.29464289999999,0.4803036167709402,0.4803036167709402,0.6395407288719102,140,False,WITHIN_THRESHOLD
2020-06-17 07:00:00,4135001,YxYtjZvoooNbGkE,134.575,205.8857143,134.575,172.4854482020302,159.22125892849985,187.89302,205.8857143,134.575,71.3107143,0.5298957035110534,0.5298957035110534,0.621455172419359,140,False,WITHIN_THRESHOLD
2020-06-17 07:00:00,4135001,ZnxXDlPa8U1GXgE,134.275,200.7,134.275,172.62620554549727,159.22125892849985,187.89302,200.7,134.275,66.42499999999998,0.4946937255632097,0.4946937255632097,0.6533279459118295,140,False,WITHIN_THRESHOLD
2020-06-17 07:00:00,4135001,ZoEaEvLYb1n2sOq,133.6625,204.0857143,133.6625,172.4574818950359,159.22125892849985,187.89302,204.0857143,133.6625,70.42321430000001,0.5268733885719631,0.5268733885719631,0.6312243441917053,140,False,WITHIN_THRESHOLD
2020-06-17 07:00:00,4135001,adLQvlD726eNBSB,140.4375,207.8285714,140.4375,173.09521492463625,159.22125892849985,186.71649,207.8285714,140.4375,67.39107139999999,0.47986521691143735,0.47986521691143735,0.5967226324524667,140,False,WITHIN_THRESHOLD
2020-06-17 07:00:00,4135001,bvBOhCH3iADSZry,123.125,182.7142857,123.125,162.1353217521775,206.91086797015865,163.17273,182.7142857,123.125,59.589285700000005,0.48397389401015234,0.48397389401015234,0.7126272967972415,127,False,WITHIN_THRESHOLD
2020-06-17 07:00:00,4135001,iCRJl6heRkivqQ3,134.875,205.3714286,134.875,162.28900963182406,206.91086797015865,163.17273,205.3714286,134.875,70.4964286,0.522679730120482,0.522679730120482,0.6313543652927712,140,False,WITHIN_THRESHOLD
2020-06-17 07:00:00,4135001,ih0vzX44oOqAx2f,131.5125,199.6857143,131.5125,168.244016332586,214.68403571249996,187.89302,199.6857143,131.5125,68.17321430000001,0.5183782096758864,0.5183782096758864,0.6624702585319796,140,False,WITHIN_THRESHOLD
2020-06-17 07:00:00,4135001,pkci93gMrogZuBj,135.35,206.8285714,135.35,172.56254140806038,159.22125892849985,187.89302,206.8285714,135.35,71.47857139999999,0.5281017465829331,0.5281017465829331,0.5863965339011183,140,False,WITHIN_THRESHOLD
2020-06-17 07:00:00,4135001,rGa61gmuvPhdLxV,135.8,207.6714286,135.8,172.62973768877382,159.22125892849985,187.89302,207.6714286,135.8,71.8714286,0.5292446877761413,0.5292446877761413,0.6265022920692254,140,False,WITHIN_THRESHOLD
2020-06-17 07:00:00,4135001,sjndEbLyjtCKgGv,131.5428571,203.4875,131.5428571,172.60460965647133,159.22125892849985,187.89302,203.4875,131.5428571,71.94464290000002,0.5469293011121622,0.5469293011121622,0.6598785838606678,140,False,WITHIN_THRESHOLD
2020-06-17 07:00:00,4135001,uHbuxQJl8lW7ozc,137.475,210.2285714,137.475,172.72231493777355,159.22125892849985,187.89302,210.2285714,137.475,72.7535714,0.5292131034733588,0.5292131034733588,0.6330720359237364,140,False,WITHIN_THRESHOLD
2020-06-17 07:00:00,4135001,wCURE6d3bPkepu2,134.875,206.2428571,134.875,172.62778274782218,159.22125892849985,187.89302,206.2428571,134.875,71.36785710000001,0.5291407384615385,0.5291407384615385,0.6722465763485777,140,False,WITHIN_THRESHOLD
2020-06-17 07:00:00,4135001,z9Y9gH1T5YWrNuG,134.9125,208.8,134.9125,172.48801519372503,159.22125892849985,187.89302,208.8,134.9125,73.88750000000002,0.5476697859723897,0.5476697859723897,0.686499253670038,140,False,WITHIN_THRESHOLD
2020-06-17 07:00:00,4135001,zBIq5rxdHJRwDNY,131.2125,198.7285714,131.2125,172.21815227781312,159.22125892849985,187.89302,198.7285714,131.2125,67.51607139999999,0.5145551788129941,0.5145551788129941,0.6310594990859788,140,False,WITHIN_THRESHOLD
2020-06-17 07:00:00,4135001,zVJPv84UY57bAof,135.525,209.0571429,135.525,172.60043399640392,159.22125892849985,187.89302,209.0571429,135.525,73.5321429,0.5425725356945212,0.5425725356945212,0.6239543405030045,140,False,WITHIN_THRESHOLD
2020-06-17 07:15:00,4135001,1BY6WEcLGh8j5v7,182.6714286,298.8125,182.6714286,234.0392876400669,248.4650446450002,255.90337,298.8125,182.6714286,116.14107139999999,0.635792210583281,0.635792210583281,0.7244052284136537,127,False,WITHIN_THRESHOLD
2020-06-17 07:15:00,4135001,1IF53ai7Xc0U56Y,207.1571429,337.7,207.1571429,238.80120378795573,252.6949642860004,237.83687,337.7,207.1571429,130.5428571,0.6301634366670925,0.6301634366670925,0.5940346974102673,140,True,FLAGGED
2020-06-17 07:15:00,4135001,3PZuoBAID5Wc2HD,203.3,339.5375,203.3,238.077147312975,253.0942589305004,237.83687,339.5375,203.3,136.2375,0.67013034923758,0.67013034923758,0.6483868824537441,140,True,FLAGGED
2020-06-17 07:15:00,4135001,7JYdWkrLSPkdwr4,201.1571429,323.1428571,201.1571429,237.6231001127315,253.6820089300004,237.83687,323.1428571,201.1571429,121.98571420000002,0.6064199980243407,0.6064199980243407,0.5905745482895888,140,True,FLAGGED
2020-06-17 07:15:00,4135001,McdE0feGgRqW7Ca,207.5,321.7857143,207.5,237.65070851541185,253.8243571440004,237.83687,321.7857143,207.5,114.2857143,0.5507745267469879,0.5507745267469879,0.6677543807186324,140,False,WITHIN_THRESHOLD
2020-06-17 07:15:00,4135001,VHMLBKoKgIrUVDU,205.2714286,327.4857143,205.2714286,238.4079245846212,252.6895357160004,237.83687,327.4857143,205.2714286,122.21428569999998,0.5953789406228158,0.5953789406228158,0.6129522180797938,140,False,WITHIN_THRESHOLD
2020-06-17 07:15:00,4135001,WRmjgnKYAwPKWDb,198.1571429,333.7375,198.1571429,237.55915273400532,253.8243571440004,237.83687,333.7375,198.1571429,135.58035710000001,0.6842062572956082,0.6842062572956082,0.6395407288719102,140,True,FLAGGED
2020-06-17 07:15:00,4135001,YxYtjZvoooNbGkE,205.8857143,318.8571429,205.8857143,237.66629760996383,253.6820089300004,237.83687,318.8571429,205.8857143,112.9714286,0.5487094089266785,0.5487094089266785,0.621455172419359,140,False,WITHIN_THRESHOLD
2020-06-17 07:15:00,4135001,ZnxXDlPa8U1GXgE,200.7,323.35,200.7,237.73925943798727,253.6820089300004,237.83687,323.35,200.7,122.65000000000003,0.6111111111111113,0.6111111111111113,0.6533279459118295,140,False,WITHIN_THRESHOLD
2020-06-17 07:15:00,4135001,ZoEaEvLYb1n2sOq,204.0857143,318.7,204.0857143,237.4356503350416,253.8243571440004,237.83687,318.7,204.0857143,114.61428569999998,0.5615987679153297,0.5615987679153297,0.6312243441917053,140,False,WITHIN_THRESHOLD
2020-06-17 07:15:00,4135001,adLQvlD726eNBSB,207.8285714,338.2428571,207.8285714,239.3854706413069,252.3245178570004,237.83687,338.2428571,207.8285714,130.4142857,0.6275089359537406,0.6275089359537406,0.5967226324524667,140,True,FLAGGED
2020-06-17 07:15:00,4135001,bvBOhCH3iADSZry,182.7142857,296.825,182.7142857,231.1120885616833,246.57754464750036,255.90337,296.825,182.7142857,114.11071429999998,0.6245308836297521,0.6245308836297521,0.7126272967972415,127,False,WITHIN_THRESHOLD
2020-06-17 07:15:00,4135001,iCRJl6heRkivqQ3,205.3714286,326.5375,205.3714286,234.01652898604283,249.52968750700032,237.83687,326.5375,205.3714286,121.16607140000002,0.5899850442974424,0.5899850442974424,0.6313543652927712,140,False,WITHIN_THRESHOLD
2020-06-17 07:15:00,4135001,ih0vzX44oOqAx2f,199.6857143,318.6875,199.6857143,235.45766019303383,252.30567857600025,237.83687,318.6875,199.6857143,119.0017857,0.5959454141081739,0.5959454141081739,0.6624702585319796,140,False,WITHIN_THRESHOLD
2020-06-17 07:15:00,4135001,pkci93gMrogZuBj,206.8285714,313.5428571,206.8285714,237.8809242381614,253.6146517875004,237.83687,313.5428571,206.8285714,106.7142857,0.5159552424390048,0.5159552424390048,0.5863965339011183,140,False,WITHIN_THRESHOLD
2020-06-17 07:15:00,4135001,rGa61gmuvPhdLxV,207.6714286,325.8375,207.6714286,237.94188288137784,253.5572232160004,237.83687,325.8375,207.6714286,118.16607139999996,0.569004952662997,0.569004952662997,0.6265022920692254,140,False,WITHIN_THRESHOLD
2020-06-17 07:15:00,4135001,sjndEbLyjtCKgGv,203.4875,315.8,203.4875,237.05426821035152,253.95797321550037,237.83687,315.8,203.4875,112.3125,0.5519380797346274,0.5519380797346274,0.6598785838606678,140,False,WITHIN_THRESHOLD
2020-06-17 07:15:00,4135001,uHbuxQJl8lW7ozc,210.2285714,312.5285714,210.2285714,238.4537065599628,252.6895357160004,237.83687,312.5285714,210.2285714,102.29999999999998,0.48661321017757714,0.48661321017757714,0.6330720359237364,140,False,WITHIN_THRESHOLD
2020-06-17 07:15:00,4135001,wCURE6d3bPkepu2,206.2428571,315.1428571,206.2428571,237.86472365974504,253.7484375015004,237.83687,315.1428571,206.2428571,108.9,0.528018286457301,0.528018286457301,0.6722465763485777,140,False,WITHIN_THRESHOLD
2020-06-17 07:15:00,4135001,z9Y9gH1T5YWrNuG,208.8,313.0142857,208.8,237.7678577525849,253.7484375015004,237.83687,313.0142857,208.8,104.2142857,0.499110563697318,0.499110563697318,0.686499253670038,140,False,WITHIN_THRESHOLD
2020-06-17 07:15:00,4135001,zBIq5rxdHJRwDNY,198.7285714,319.675,198.7285714,236.7999339328308,253.95797321550037,237.83687,319.675,198.7285714,120.94642860000002,0.6086011072688666,0.6086011072688666,0.6310594990859788,140,False,WITHIN_THRESHOLD
2020-06-17 07:15:00,4135001,zVJPv84UY57bAof,209.0571429,323.5,209.0571429,237.87988049387184,253.5572232160004,237.83687,323.5,209.0571429,114.4428571,0.5474238072541839,0.5474238072541839,0.6239543405030045,140,False,WITHIN_THRESHOLD
2020-06-17 07:30:00,4135001,1BY6WEcLGh8j5v7,298.8125,356.9142857,298.8125,320.27041386992994,331.9296875134997,347.08496,356.9142857,298.8125,58.10178569999999,0.19444228638360173,0.19444228638360173,0.7244052284136537,127,False,WITHIN_THRESHOLD
2020-06-17 07:30:00,4135001,1IF53ai7Xc0U56Y,337.7,397.175,337.7,328.4424675848237,364.1875714265,350.99792,397.175,337.7,59.47500000000002,0.17611785608528288,0.17611785608528288,0.5940346974102673,140,False,WITHIN_THRESHOLD
2020-06-17 07:30:00,4135001,3PZuoBAID5Wc2HD,339.5375,394.3,339.5375,327.2613824838476,363.5650714275001,350.99792,394.3,339.5375,54.76249999999999,0.16128557228582993,0.16128557228582993,0.6483868824537441,140,False,WITHIN_THRESHOLD
2020-06-17 07:30:00,4135001,7JYdWkrLSPkdwr4,323.1428571,381.425,323.1428571,326.54666594722926,362.5532053575002,350.99792,381.425,323.1428571,58.2821429,0.18036030077546775,0.18036030077546775,0.5905745482895888,140,False,WITHIN_THRESHOLD
2020-06-17 07:30:00,4135001,McdE0feGgRqW7Ca,321.7857143,375.4,321.7857143,328.1216520672632,364.1875714265,350.99792,375.4,321.7857143,53.61428569999998,0.1666148723122479,0.1666148723122479,0.6677543807186324,140,False,WITHIN_THRESHOLD
2020-06-17 07:30:00,4135001,VHMLBKoKgIrUVDU,327.4857143,390.8,327.4857143,327.88064021140366,363.817624999,350.99792,390.8,327.4857143,63.31428570000003,0.19333449654539642,0.19333449654539642,0.6129522180797938,140,False,WITHIN_THRESHOLD
2020-06-17 07:30:00,4135001,WRmjgnKYAwPKWDb,333.7375,392.2571429,333.7375,325.8598501226307,358.5197589300001,350.99792,392.2571429,333.7375,58.51964290000001,0.17534632128544142,0.17534632128544142,0.6395407288719102,140,False,WITHIN_THRESHOLD
2020-06-17 07:30:00,4135001,YxYtjZvoooNbGkE,318.8571429,372.125,318.8571429,327.550807157383,363.4728571420001,350.99792,372.125,318.8571429,53.267857100000015,0.16705869159940973,0.16705869159940973,0.621455172419359,140,False,WITHIN_THRESHOLD
2020-06-17 07:30:00,4135001,ZnxXDlPa8U1GXgE,323.35,377.8285714,323.35,326.5312612673504,362.5534107145002,350.99792,377.8285714,323.35,54.478571399999964,0.16848174238441305,0.16848174238441305,0.6533279459118295,140,False,WITHIN_THRESHOLD
2020-06-17 07:30:00,4135001,ZoEaEvLYb1n2sOq,318.7,371.675,318.7,327.0353881865349,362.96207142800006,350.99792,371.675,318.7,52.97500000000002,0.16622215249450903,0.16622215249450903,0.6312243441917053,140,False,WITHIN_THRESHOLD
2020-06-17 07:30:00,4135001,adLQvlD726eNBSB,338.2428571,403.375,338.2428571,328.9323626397468,364.7531607135001,350.99792,403.375,338.2428571,65.13214290000002,0.19256029072845726,0.19256029072845726,0.5967226324524667,140,False,WITHIN_THRESHOLD
2020-06-17 07:30:00,4135001,bvBOhCH3iADSZry,296.825,351.0714286,296.825,317.36161099694965,329.7621517989997,347.08496,351.0714286,296.825,54.2464286,0.18275559201549735,0.18275559201549735,0.7126272967972415,127,False,WITHIN_THRESHOLD
2020-06-17 07:30:00,4135001,iCRJl6heRkivqQ3,326.5375,369.6714286,326.5375,323.75563372050465,353.1989732274999,350.99792,369.6714286,326.5375,43.13392859999999,0.1320948699613367,0.1320948699613367,0.6313543652927712,140,False,WITHIN_THRESHOLD
2020-06-17 07:30:00,4135001,ih0vzX44oOqAx2f,318.6875,366.0714286,318.6875,324.3679349752394,356.1267589369999,350.99792,366.0714286,318.6875,47.38392859999999,0.14868461612080797,0.14868461612080797,0.6624702585319796,140,False,WITHIN_THRESHOLD
2020-06-17 07:30:00,4135001,pkci93gMrogZuBj,313.5428571,361.9125,313.5428571,327.8336592334047,363.6076696415,350.99792,361.9125,313.5428571,48.36964290000003,0.154268042804028,0.154268042804028,0.5863965339011183,140,False,WITHIN_THRESHOLD
2020-06-17 07:30:00,4135001,rGa61gmuvPhdLxV,325.8375,364.7857143,325.8375,328.02193916457406,363.2850892844999,350.99792,364.7857143,325.8375,38.94821430000002,0.119532632984233,0.119532632984233,0.6265022920692254,140,False,WITHIN_THRESHOLD
2020-06-17 07:30:00,4135001,sjndEbLyjtCKgGv,315.8,367.6375,315.8,326.87678243745745,363.2636160705002,350.99792,367.6375,315.8,51.83749999999998,0.16414661177960727,0.16414661177960727,0.6598785838606678,140,False,WITHIN_THRESHOLD
2020-06-17 07:30:00,4135001,uHbuxQJl8lW7ozc,312.5285714,364.075,312.5285714,328.8865600801652,366.1747142865,350.99792,364.075,312.5285714,51.54642860000001,0.16493349190153442,0.16493349190153442,0.6330720359237364,140,False,WITHIN_THRESHOLD
2020-06-17 07:30:00,4135001,wCURE6d3bPkepu2,315.1428571,368.8,315.1428571,327.6535019201706,362.9663035705,350.99792,368.8,315.1428571,53.6571429,0.17026291947011732,0.17026291947011732,0.6722465763485777,140,False,WITHIN_THRESHOLD
2020-06-17 07:30:00,4135001,z9Y9gH1T5YWrNuG,313.0142857,366.6,313.0142857,328.1650664824608,364.7686875010001,350.99792,366.6,313.0142857,53.58571430000001,0.17119255173981984,0.17119255173981984,0.686499253670038,140,False,WITHIN_THRESHOLD
2020-06-17 07:30:00,4135001,zBIq5rxdHJRwDNY,319.675,361.4857143,319.675,325.5476457197572,357.2160535725,350.99792,361.4857143,319.675,41.81071429999997,0.13079131711894884,0.13079131711894884,0.6310594990859788,140,False,WITHIN_THRESHOLD
2020-06-17 07:30:00,4135001,zVJPv84UY57bAof,323.5,362.3,323.5,328.3366823189845,364.903687501,350.99792,362.3,323.5,38.80000000000001,0.1199381761978362,0.1199381761978362,0.6239543405030045,140,False,WITHIN_THRESHOLD
2020-06-17 07:45:00,4135001,1BY6WEcLGh8j5v7,356.9142857,318.9857143,356.9142857,392.6628496873678,387.2915178640007,410.01752,318.9857143,356.9142857,-37.92857140000001,-0.10626801145157976,0.10626801145157976,0.7244052284136537,127,False,WITHIN_THRESHOLD
2020-06-17 07:45:00,4135001,1IF53ai7Xc0U56Y,397.175,347.5857143,397.175,405.8284317190692,436.4635625025001,410.18527,347.5857143,397.175,-49.589285700000005,-0.12485500270661548,0.12485500270661548,0.5940346974102673,140,False,WITHIN_THRESHOLD
2020-06-17 07:45:00,4135001,3PZuoBAID5Wc2HD,394.3,347.6428571,394.3,405.7770310096007,436.7921964305001,410.18527,347.6428571,394.3,-46.6571429,-0.11832904615774789,0.11832904615774789,0.6483868824537441,140,False,WITHIN_THRESHOLD
2020-06-17 07:45:00,4135001,7JYdWkrLSPkdwr4,381.425,337.5,381.425,401.5699830128083,430.6326250010004,413.4959,337.5,381.425,-43.92500000000001,-0.1151602543094973,0.1151602543094973,0.5905745482895888,140,False,WITHIN_THRESHOLD
2020-06-17 07:45:00,4135001,McdE0feGgRqW7Ca,375.4,344.1285714,375.4,401.9364474824275,431.7104017880002,413.4959,344.1285714,375.4,-31.27142859999998,-0.08330162120404896,0.08330162120404896,0.6677543807186324,140,False,WITHIN_THRESHOLD
2020-06-17 07:45:00,4135001,VHMLBKoKgIrUVDU,390.8,346.1714286,390.8,403.3271719504013,434.1280714325,413.4959,346.1714286,390.8,-44.6285714,-0.11419798208802456,0.11419798208802456,0.6129522180797938,140,False,WITHIN_THRESHOLD
2020-06-17 07:45:00,4135001,WRmjgnKYAwPKWDb,392.2571429,345.5285714,392.2571429,403.7889023321839,433.8847946455,410.18527,345.5285714,392.2571429,-46.728571500000044,-0.11912739473532744,0.11912739473532744,0.6395407288719102,140,False,WITHIN_THRESHOLD
2020-06-17 07:45:00,4135001,YxYtjZvoooNbGkE,372.125,335.8,372.125,400.9666395390074,427.2192321435001,413.4959,335.8,372.125,-36.32499999999999,-0.09761504870675174,0.09761504870675174,0.621455172419359,140,False,WITHIN_THRESHOLD
2020-06-17 07:45:00,4135001,ZnxXDlPa8U1GXgE,377.8285714,340.7857143,377.8285714,401.6279440428099,431.1888839295004,413.4959,340.7857143,377.8285714,-37.04285709999999,-0.09804143970039635,0.09804143970039635,0.6533279459118295,140,False,WITHIN_THRESHOLD
2020-06-17 07:45:00,4135001,ZoEaEvLYb1n2sOq,371.675,331.8285714,371.675,400.6144574199234,426.3573750000001,413.4959,331.8285714,371.675,-39.846428600000024,-0.10720771803322801,0.10720771803322801,0.6312243441917053,140,False,WITHIN_THRESHOLD
2020-06-17 07:45:00,4135001,adLQvlD726eNBSB,403.375,354.2,403.375,406.2600067932011,437.5259910745002,410.18527,354.2,403.375,-49.17500000000001,-0.12190889370932757,0.12190889370932757,0.5967226324524667,140,False,WITHIN_THRESHOLD
2020-06-17 07:45:00,4135001,bvBOhCH3iADSZry,351.0714286,315.1714286,351.0714286,390.2684970159046,386.72041072150057,410.01752,315.1714286,351.0714286,-35.89999999999998,-0.10225839266716101,0.10225839266716101,0.7126272967972415,127,False,WITHIN_THRESHOLD
2020-06-17 07:45:00,4135001,iCRJl6heRkivqQ3,369.6714286,336.125,369.6714286,400.33903014455984,396.48263393550064,411.15347,336.125,369.6714286,-33.54642860000001,-0.09074660902803677,0.09074660902803677,0.6313543652927712,140,False,WITHIN_THRESHOLD
2020-06-17 07:45:00,4135001,ih0vzX44oOqAx2f,366.0714286,331.3428571,366.0714286,399.0935331488495,400.1142053625005,411.15347,331.3428571,366.0714286,-34.72857149999999,-0.0948682928706444,0.0948682928706444,0.6624702585319796,140,False,WITHIN_THRESHOLD
2020-06-17 07:45:00,4135001,pkci93gMrogZuBj,361.9125,330.5714286,361.9125,399.8487366041297,420.88735714300014,413.4959,330.5714286,361.9125,-31.341071400000033,-0.08659847725624296,0.08659847725624296,0.5863965339011183,140,False,WITHIN_THRESHOLD
2020-06-17 07:45:00,4135001,rGa61gmuvPhdLxV,364.7857143,333.2714286,364.7857143,402.5866895298401,432.4661160750002,413.4959,333.2714286,364.7857143,-31.514285700000016,-0.08639122768410457,0.08639122768410457,0.6265022920692254,140,False,WITHIN_THRESHOLD
2020-06-17 07:45:00,4135001,sjndEbLyjtCKgGv,367.6375,336.1142857,367.6375,399.9251639449006,425.070839285,412.1706,336.1142857,367.6375,-31.523214300000006,-0.08574537227567919,0.08574537227567919,0.6598785838606678,140,False,WITHIN_THRESHOLD
2020-06-17 07:45:00,4135001,uHbuxQJl8lW7ozc,364.075,335.3857143,364.075,400.2261416100129,421.76041964350014,413.4959,335.3857143,364.075,-28.68928569999997,-0.07880048259287227,0.07880048259287227,0.6330720359237364,140,False,WITHIN_THRESHOLD
2020-06-17 07:45:00,4135001,wCURE6d3bPkepu2,368.8,337.9857143,368.8,400.0218163843063,420.90924107100017,413.4959,337.9857143,368.8,-30.814285700000028,-0.08355283541214757,0.08355283541214757,0.6722465763485777,140,False,WITHIN_THRESHOLD
2020-06-17 07:45:00,4135001,z9Y9gH1T5YWrNuG,366.6,338.6285714,366.6,399.8337113183877,421.2984821430002,413.4959,338.6285714,366.6,-27.971428600000024,-0.07629958701582112,0.07629958701582112,0.686499253670038,140,False,WITHIN_THRESHOLD
2020-06-17 07:45:00,4135001,zBIq5rxdHJRwDNY,361.4857143,325.225,361.4857143,400.0968273646084,425.1830446415001,412.1706,325.225,361.4857143,-36.26071429999996,-0.10031022766755007,0.10031022766755007,0.6310594990859788,140,False,WITHIN_THRESHOLD
2020-06-17 07:45:00,4135001,zVJPv84UY57bAof,362.3,335.6285714,362.3,402.30081943138407,431.3626517875002,413.4959,335.6285714,362.3,-26.671428600000013,-0.07361697101849299,0.07361697101849299,0.6239543405030045,140,False,WITHIN_THRESHOLD
2020-06-17 08:00:00,4135001,1BY6WEcLGh8j5v7,318.9857143,355.5,318.9857143,396.750946119414,408.8192232160002,415.07855,355.5,318.9857143,36.514285700000016,0.11446997173565907,0.11446997173565907,0.7244052284136537,127,False,WITHIN_THRESHOLD
2020-06-17 08:00:00,4135001,1IF53ai7Xc0U56Y,347.5857143,380.4,347.5857143,412.7279632903852,443.6665178575,424.39792,380.4,347.5857143,32.81428569999997,0.09440631288913696,0.09440631288913696,0.5940346974102673,140,False,WITHIN_THRESHOLD
2020-06-17 08:00:00,4135001,3PZuoBAID5Wc2HD,347.6428571,381.4125,347.6428571,411.69594501515377,445.038276786,424.39792,381.4125,347.6428571,33.76964290000001,0.09713889473151499,0.09713889473151499,0.6483868824537441,140,False,WITHIN_THRESHOLD
2020-06-17 08:00:00,4135001,7JYdWkrLSPkdwr4,337.5,372.9875,337.5,406.87902358297777,442.1111160710001,424.39792,372.9875,337.5,35.48750000000001,0.10514814814814818,0.10514814814814818,0.5905745482895888,140,False,WITHIN_THRESHOLD
2020-06-17 08:00:00,4135001,McdE0feGgRqW7Ca,344.1285714,381.7375,344.1285714,406.05995152264,442.2310982135001,424.39792,381.7375,344.1285714,37.60892860000001,0.10928743419065033,0.10928743419065033,0.6677543807186324,140,False,WITHIN_THRESHOLD
2020-06-17 08:00:00,4135001,VHMLBKoKgIrUVDU,346.1714286,385.4375,346.1714286,409.99638355553,442.94409821500005,424.39792,385.4375,346.1714286,39.26607139999999,0.1134295558671649,0.1134295558671649,0.6129522180797938,140,False,WITHIN_THRESHOLD
2020-06-17 08:00:00,4135001,WRmjgnKYAwPKWDb,345.5285714,379.3125,345.5285714,410.1355799682592,444.3743660715001,424.39792,379.3125,345.5285714,33.783928600000024,0.09777463109089805,0.09777463109089805,0.6395407288719102,140,False,WITHIN_THRESHOLD
2020-06-17 08:00:00,4135001,YxYtjZvoooNbGkE,335.8,371.3875,335.8,404.7198519697663,442.0722321420002,424.39792,371.3875,335.8,35.58749999999998,0.10597826086956515,0.10597826086956515,0.621455172419359,140,False,WITHIN_THRESHOLD
2020-06-17 08:00:00,4135001,ZnxXDlPa8U1GXgE,340.7857143,378.9125,340.7857143,406.0460759132128,442.2854285705001,424.39792,378.9125,340.7857143,38.12678570000003,0.1118790609468926,0.1118790609468926,0.6533279459118295,140,False,WITHIN_THRESHOLD
2020-06-17 08:00:00,4135001,ZoEaEvLYb1n2sOq,331.8285714,365.975,331.8285714,404.34719067061553,441.9468571420002,424.39792,365.975,331.8285714,34.146428600000036,0.10290382306723826,0.10290382306723826,0.6312243441917053,140,False,WITHIN_THRESHOLD
2020-06-17 08:00:00,4135001,adLQvlD726eNBSB,354.2,386.775,354.2,414.4020779496265,443.720776786,424.39792,386.775,354.2,32.57499999999999,0.09196781479390172,0.09196781479390172,0.5967226324524667,140,False,WITHIN_THRESHOLD
2020-06-17 08:00:00,4135001,bvBOhCH3iADSZry,315.1714286,347.85,315.1714286,395.6795491748043,476.4638214285005,415.07855,347.85,315.1714286,32.67857140000001,0.10368506924996058,0.10368506924996058,0.7126272967972415,127,False,WITHIN_THRESHOLD
2020-06-17 08:00:00,4135001,iCRJl6heRkivqQ3,336.125,375.4142857,336.125,405.5311851189067,442.57864285650015,425.36508,375.4142857,336.125,39.28928569999999,0.11688891245816287,0.11688891245816287,0.6313543652927712,140,False,WITHIN_THRESHOLD
2020-06-17 08:00:00,4135001,ih0vzX44oOqAx2f,331.3428571,367.625,331.3428571,402.8413259609029,442.1983214280002,425.36508,367.625,331.3428571,36.2821429,0.1095003019456972,0.1095003019456972,0.6624702585319796,140,False,WITHIN_THRESHOLD
2020-06-17 08:00:00,4135001,pkci93gMrogZuBj,330.5714286,364.3125,330.5714286,402.12967192990106,442.40008035650027,424.39792,364.3125,330.5714286,33.74107140000001,0.10206892816749624,0.10206892816749624,0.5863965339011183,140,False,WITHIN_THRESHOLD
2020-06-17 08:00:00,4135001,rGa61gmuvPhdLxV,333.2714286,365.2,333.2714286,403.8738991853578,442.78177678500026,424.39792,365.2,333.2714286,31.92857140000001,0.09580350627152445,0.09580350627152445,0.6265022920692254,140,False,WITHIN_THRESHOLD
2020-06-17 08:00:00,4135001,sjndEbLyjtCKgGv,336.1142857,372.3625,336.1142857,403.2276927171631,442.4393303565002,424.39792,372.3625,336.1142857,36.24821430000003,0.107844908241578,0.107844908241578,0.6598785838606678,140,False,WITHIN_THRESHOLD
2020-06-17 08:00:00,4135001,uHbuxQJl8lW7ozc,335.3857143,368.6125,335.3857143,403.0485204867764,441.6414285715002,424.39792,368.6125,335.3857143,33.22678569999999,0.09907036669510283,0.09907036669510283,0.6330720359237364,140,False,WITHIN_THRESHOLD
2020-06-17 08:00:00,4135001,wCURE6d3bPkepu2,337.9857143,375.6625,337.9857143,403.7547515740537,442.3875089280002,424.39792,375.6625,337.9857143,37.67678570000004,0.11147449168978099,0.11147449168978099,0.6722465763485777,140,False,WITHIN_THRESHOLD
2020-06-17 08:00:00,4135001,z9Y9gH1T5YWrNuG,338.6285714,374.8875,338.6285714,403.35704380831066,442.3943303565002,424.39792,374.8875,338.6285714,36.25892859999999,0.10707581008328346,0.10707581008328346,0.686499253670038,140,False,WITHIN_THRESHOLD
2020-06-17 08:00:00,4135001,zBIq5rxdHJRwDNY,325.225,362.3,325.225,401.6495489657971,442.40283035650026,424.39792,362.3,325.225,37.07499999999999,0.11399800138365743,0.11399800138365743,0.6310594990859788,140,False,WITHIN_THRESHOLD
2020-06-17 08:00:00,4135001,zVJPv84UY57bAof,335.6285714,370.075,335.6285714,403.2791220052536,442.7485803565002,424.39792,370.075,335.6285714,34.44642859999999,0.10263258713736548,0.10263258713736548,0.6239543405030045,140,False,WITHIN_THRESHOLD
2020-06-17 08:15:00,4135001,1BY6WEcLGh8j5v7,355.5,378.7142857,355.5,430.1151129278075,535.2358571419994,519.936,378.7142857,355.5,23.214285700000005,0.06530038171589313,0.06530038171589313,0.7244052284136537,127,False,WITHIN_THRESHOLD
2020-06-17 08:15:00,4135001,1IF53ai7Xc0U56Y,380.4,411.5285714,380.4,445.0246658202974,552.4577499965,522.92316,411.5285714,380.4,31.1285714,0.08183115509989485,0.08183115509989485,0.5940346974102673,140,False,WITHIN_THRESHOLD
2020-06-17 08:15:00,4135001,3PZuoBAID5Wc2HD,381.4125,414.2142857,381.4125,444.9918416876936,544.276973212,522.92316,414.2142857,381.4125,32.80178569999998,0.08600081460361152,0.08600081460361152,0.6483868824537441,140,False,WITHIN_THRESHOLD
2020-06-17 08:15:00,4135001,7JYdWkrLSPkdwr4,372.9875,400.3,372.9875,439.8631852711084,545.6057053569999,522.92316,400.3,372.9875,27.3125,0.07322631455477731,0.07322631455477731,0.5905745482895888,140,False,WITHIN_THRESHOLD
2020-06-17 08:15:00,4135001,McdE0feGgRqW7Ca,381.7375,406.5428571,381.7375,441.020743634048,545.7623928559999,522.92316,406.5428571,381.7375,24.80535709999998,0.0649801423753233,0.0649801423753233,0.6677543807186324,140,False,WITHIN_THRESHOLD
2020-06-17 08:15:00,4135001,VHMLBKoKgIrUVDU,385.4375,410.1714286,385.4375,443.33821913516186,544.5170446415,522.92316,410.1714286,385.4375,24.733928600000013,0.06417104874331121,0.06417104874331121,0.6129522180797938,140,False,WITHIN_THRESHOLD
2020-06-17 08:15:00,4135001,WRmjgnKYAwPKWDb,379.3125,410.9,379.3125,443.4906445323006,543.5443124994999,522.92316,410.9,379.3125,31.587499999999977,0.08327566320645899,0.08327566320645899,0.6395407288719102,140,False,WITHIN_THRESHOLD
2020-06-17 08:15:00,4135001,YxYtjZvoooNbGkE,371.3875,399.2857143,371.3875,438.3339845091229,544.4178749999999,522.92316,399.2857143,371.3875,27.898214300000006,0.07511888337652724,0.07511888337652724,0.621455172419359,140,False,WITHIN_THRESHOLD
2020-06-17 08:15:00,4135001,ZnxXDlPa8U1GXgE,378.9125,405.4,378.9125,440.2115951650625,545.5796517849999,522.92316,405.4,378.9125,26.487499999999955,0.06990400158347891,0.06990400158347891,0.6533279459118295,140,False,WITHIN_THRESHOLD
2020-06-17 08:15:00,4135001,ZoEaEvLYb1n2sOq,365.975,396.7428571,365.975,437.2798596494426,542.8029017864997,522.92316,396.7428571,365.975,30.767857099999958,0.08407092588291538,0.08407092588291538,0.6312243441917053,140,False,WITHIN_THRESHOLD
2020-06-17 08:15:00,4135001,adLQvlD726eNBSB,386.775,417.7857143,386.775,447.2340635693281,552.7834374969998,525.46857,417.7857143,386.775,31.010714300000018,0.08017765962122686,0.08017765962122686,0.5967226324524667,140,False,WITHIN_THRESHOLD
2020-06-17 08:15:00,4135001,bvBOhCH3iADSZry,347.85,373.8,347.85,428.9936542774889,533.6132053559994,519.936,373.8,347.85,25.94999999999999,0.07460112117291932,0.07460112117291932,0.7126272967972415,127,False,WITHIN_THRESHOLD
2020-06-17 08:15:00,4135001,iCRJl6heRkivqQ3,375.4142857,401.9,375.4142857,439.6335802724943,545.2837767854999,522.92316,401.9,375.4142857,26.485714299999984,0.07055062982117088,0.07055062982117088,0.6313543652927712,140,False,WITHIN_THRESHOLD
2020-06-17 08:15:00,4135001,ih0vzX44oOqAx2f,367.625,393.5857143,367.625,436.7223353578624,543.3629732164995,522.92316,393.5857143,367.625,25.960714300000006,0.07061737993879634,0.07061737993879634,0.6624702585319796,140,False,WITHIN_THRESHOLD
2020-06-17 08:15:00,4135001,pkci93gMrogZuBj,364.3125,395.3285714,364.3125,436.1318023028398,546.8841696424997,522.92316,395.3285714,364.3125,31.016071399999987,0.08513589679190252,0.08513589679190252,0.5863965339011183,140,False,WITHIN_THRESHOLD
2020-06-17 08:15:00,4135001,rGa61gmuvPhdLxV,365.2,398.5857143,365.2,437.6650858265022,542.0318571444998,522.92316,398.5857143,365.2,33.38571430000002,0.09141761856516982,0.09141761856516982,0.6265022920692254,140,False,WITHIN_THRESHOLD
2020-06-17 08:15:00,4135001,sjndEbLyjtCKgGv,372.3625,398.8428571,372.3625,437.6640672956371,542.8914732159997,522.92316,398.8428571,372.3625,26.480357099999992,0.07111445728288963,0.07111445728288963,0.6598785838606678,140,False,WITHIN_THRESHOLD
2020-06-17 08:15:00,4135001,uHbuxQJl8lW7ozc,368.6125,398.8857143,368.6125,437.5649061193719,544.1890357139997,522.92316,398.8857143,368.6125,30.273214300000006,0.0821274761436468,0.0821274761436468,0.6330720359237364,140,False,WITHIN_THRESHOLD
2020-06-17 08:15:00,4135001,wCURE6d3bPkepu2,375.6625,400.1857143,375.6625,438.1140392527712,541.8619107164997,522.92316,400.1857143,375.6625,24.52321429999995,0.06527991029181765,0.06527991029181765,0.6722465763485777,140,False,WITHIN_THRESHOLD
2020-06-17 08:15:00,4135001,z9Y9gH1T5YWrNuG,374.8875,397.7857143,374.8875,438.064686544667,542.8249821439997,522.92316,397.7857143,374.8875,22.898214300000006,0.061080228868660616,0.061080228868660616,0.686499253670038,140,False,WITHIN_THRESHOLD
2020-06-17 08:15:00,4135001,zBIq5rxdHJRwDNY,362.3,391.1142857,362.3,434.876299786548,548.4537410724997,526.2337,391.1142857,362.3,28.81428569999997,0.07953156417333693,0.07953156417333693,0.6310594990859788,140,False,WITHIN_THRESHOLD
2020-06-17 08:15:00,4135001,zVJPv84UY57bAof,370.075,399.0285714,370.075,437.9829933562854,543.0372857144998,522.92316,399.0285714,370.075,28.953571399999987,0.07823703681686141,0.07823703681686141,0.6239543405030045,140,False,WITHIN_THRESHOLD
2020-06-17 08:30:00,4135001,1BY6WEcLGh8j5v7,378.7142857,358.2125,378.7142857,459.8365890816633,538.6744999970001,557.85175,358.2125,378.7142857,-20.501785700000028,-0.05413523195224961,0.05413523195224961,0.7244052284136537,127,False,WITHIN_THRESHOLD
2020-06-17 08:30:00,4135001,1IF53ai7Xc0U56Y,411.5285714,396.1875,411.5285714,473.8587754860623,533.572544641,555.0784,396.1875,411.5285714,-15.341071399999976,-0.037278265632469706,0.037278265632469706,0.5940346974102673,140,False,WITHIN_THRESHOLD
2020-06-17 08:30:00,4135001,3PZuoBAID5Wc2HD,414.2142857,391.9875,414.2142857,474.0925029444038,533.5309285695,555.0784,391.9875,414.2142857,-22.226785699999994,-0.05366011378008828,0.05366011378008828,0.6483868824537441,140,False,WITHIN_THRESHOLD
2020-06-17 08:30:00,4135001,7JYdWkrLSPkdwr4,400.3,383.7625,400.3,468.73356796585824,535.9167946410001,557.85175,383.7625,400.3,-16.537500000000023,-0.041312765425930605,0.041312765425930605,0.5905745482895888,140,False,WITHIN_THRESHOLD
2020-06-17 08:30:00,4135001,McdE0feGgRqW7Ca,406.5428571,392.1,406.5428571,470.7247755651399,534.6617499980001,560.7625,392.1,406.5428571,-14.44285709999997,-0.035526038270664695,0.035526038270664695,0.6677543807186324,140,False,WITHIN_THRESHOLD
2020-06-17 08:30:00,4135001,VHMLBKoKgIrUVDU,410.1714286,391.7125,410.1714286,473.4949046990205,534.0541428555001,557.85175,391.7125,410.1714286,-18.458928600000036,-0.045002960501184054,0.045002960501184054,0.6129522180797938,140,False,WITHIN_THRESHOLD
2020-06-17 08:30:00,4135001,WRmjgnKYAwPKWDb,410.9,387.05,410.9,472.8303296127223,533.9311607125001,557.85175,387.05,410.9,-23.849999999999966,-0.05804331954246767,0.05804331954246767,0.6395407288719102,140,False,WITHIN_THRESHOLD
2020-06-17 08:30:00,4135001,YxYtjZvoooNbGkE,399.2857143,384.5,399.2857143,467.2230990475298,535.3555357125001,557.85175,384.5,399.2857143,-14.785714299999995,-0.03703041148346938,0.03703041148346938,0.621455172419359,140,False,WITHIN_THRESHOLD
2020-06-17 08:30:00,4135001,ZnxXDlPa8U1GXgE,405.4,386.5875,405.4,470.4183944739491,534.6530357125,560.7625,386.5875,405.4,-18.8125,-0.04640478539713863,0.04640478539713863,0.6533279459118295,140,False,WITHIN_THRESHOLD
2020-06-17 08:30:00,4135001,ZoEaEvLYb1n2sOq,396.7428571,383.6625,396.7428571,465.69078542317374,536.9651071410001,557.85175,383.6625,396.7428571,-13.080357099999958,-0.03296935752192515,0.03296935752192515,0.6312243441917053,140,False,WITHIN_THRESHOLD
2020-06-17 08:30:00,4135001,adLQvlD726eNBSB,417.7857143,400.225,417.7857143,476.4746563596799,533.219464284,557.9892,400.225,417.7857143,-17.560714299999972,-0.04203282615688033,0.04203282615688033,0.5967226324524667,140,False,WITHIN_THRESHOLD
2020-06-17 08:30:00,4135001,bvBOhCH3iADSZry,373.8,355.3875,373.8,457.4982196000606,539.0422232110002,555.3062,355.3875,373.8,-18.412500000000023,-0.04925762439807389,0.04925762439807389,0.7126272967972415,127,False,WITHIN_THRESHOLD
2020-06-17 08:30:00,4135001,iCRJl6heRkivqQ3,401.9,387.125,401.9,469.12945672106673,538.1335267835001,557.85175,387.125,401.9,-14.774999999999977,-0.03676287633739731,0.03676287633739731,0.6313543652927712,140,False,WITHIN_THRESHOLD
2020-06-17 08:30:00,4135001,ih0vzX44oOqAx2f,393.5857143,376.1125,393.5857143,465.8344486768239,536.9851964270002,560.7625,376.1125,393.5857143,-17.473214299999995,-0.044394940327233304,0.044394940327233304,0.6624702585319796,140,False,WITHIN_THRESHOLD
2020-06-17 08:30:00,4135001,pkci93gMrogZuBj,395.3285714,386.0875,395.3285714,464.1422600490357,538.8189285695001,557.85175,386.0875,395.3285714,-9.24107140000001,-0.023375672968118818,0.023375672968118818,0.5863965339011183,140,False,WITHIN_THRESHOLD
2020-06-17 08:30:00,4135001,rGa61gmuvPhdLxV,398.5857143,387.6625,398.5857143,465.2395706638006,536.2954285695,557.85175,387.6625,398.5857143,-10.923214299999984,-0.027404931757736065,0.027404931757736065,0.6265022920692254,140,False,WITHIN_THRESHOLD
2020-06-17 08:30:00,4135001,sjndEbLyjtCKgGv,398.8428571,386.0375,398.8428571,466.84699503171953,536.5536249985001,557.85175,386.0375,398.8428571,-12.80535709999998,-0.03210627161059914,0.03210627161059914,0.6598785838606678,140,False,WITHIN_THRESHOLD
2020-06-17 08:30:00,4135001,uHbuxQJl8lW7ozc,398.8857143,389.1875,398.8857143,465.6550601441887,535.8473839270001,557.85175,389.1875,398.8857143,-9.698214300000018,-0.024313265560335504,0.024313265560335504,0.6330720359237364,140,False,WITHIN_THRESHOLD
2020-06-17 08:30:00,4135001,wCURE6d3bPkepu2,400.1857143,384.325,400.1857143,467.6430864662103,535.7383660700001,560.7625,384.325,400.1857143,-15.860714299999984,-0.0396333845343364,0.0396333845343364,0.6722465763485777,140,False,WITHIN_THRESHOLD
2020-06-17 08:30:00,4135001,z9Y9gH1T5YWrNuG,397.7857143,381.6875,397.7857143,467.2910309400812,535.7157946415001,557.85175,381.6875,397.7857143,-16.098214299999995,-0.04046956369041228,0.04046956369041228,0.686499253670038,140,False,WITHIN_THRESHOLD
2020-06-17 08:30:00,4135001,zBIq5rxdHJRwDNY,391.1142857,377.1625,391.1142857,463.5831860636197,537.8305089270001,557.85175,377.1625,391.1142857,-13.95178569999996,-0.03567188980333367,0.03567188980333367,0.6310594990859788,140,False,WITHIN_THRESHOLD
2020-06-17 08:30:00,4135001,zVJPv84UY57bAof,399.0285714,386.175,399.0285714,466.24754785174514,535.7704732125001,557.85175,386.175,399.0285714,-12.853571399999964,-0.0322121580289425,0.0322121580289425,0.6239543405030045,140,False,WITHIN_THRESHOLD
2020-06-17 08:45:00,4135001,1BY6WEcLGh8j5v7,358.2125,471.8142857,358.2125,458.2732945253457,523.6346392905002,495.02698,471.8142857,358.2125,113.60178570000005,0.3171351800956138,0.3171351800956138,0.7244052284136537,127,False,WITHIN_THRESHOLD
2020-06-17 08:45:00,4135001,1IF53ai7Xc0U56Y,396.1875,501.5571429,396.1875,471.211761986038,523.2127392905005,503.7786,501.5571429,396.1875,105.36964289999997,0.2659590292475153,0.2659590292475153,0.5940346974102673,140,False,WITHIN_THRESHOLD
2020-06-17 08:45:00,4135001,3PZuoBAID5Wc2HD,391.9875,504.0142857,391.9875,471.87292468184125,523.8019803615006,503.7786,504.0142857,391.9875,112.0267857,0.2857917298383239,0.2857917298383239,0.6483868824537441,140,False,WITHIN_THRESHOLD
2020-06-17 08:45:00,4135001,7JYdWkrLSPkdwr4,383.7625,499.9714286,383.7625,466.84632528894224,525.6518910735006,503.7786,499.9714286,383.7625,116.20892860000004,0.30281470597048965,0.30281470597048965,0.5905745482895888,140,False,WITHIN_THRESHOLD
2020-06-17 08:45:00,4135001,McdE0feGgRqW7Ca,392.1,510.4714286,392.1,469.6190609331188,525.2067839335007,503.7786,510.4714286,392.1,118.3714286,0.3018909171129814,0.3018909171129814,0.6677543807186324,140,False,WITHIN_THRESHOLD
2020-06-17 08:45:00,4135001,VHMLBKoKgIrUVDU,391.7125,516.2714286,391.7125,471.48582103189335,523.4805160765005,503.7786,516.2714286,391.7125,124.55892860000006,0.3179855853463958,0.3179855853463958,0.6129522180797938,140,False,WITHIN_THRESHOLD
2020-06-17 08:45:00,4135001,WRmjgnKYAwPKWDb,387.05,501.3714286,387.05,470.8423301618925,523.7425875050005,503.7786,501.3714286,387.05,114.32142859999999,0.29536604728071303,0.29536604728071303,0.6395407288719102,140,False,WITHIN_THRESHOLD
2020-06-17 08:45:00,4135001,YxYtjZvoooNbGkE,384.5,498.7285714,384.5,465.6973049390439,525.8378910735006,503.7786,498.7285714,384.5,114.22857140000002,0.297083410663199,0.297083410663199,0.621455172419359,140,False,WITHIN_THRESHOLD
2020-06-17 08:45:00,4135001,ZnxXDlPa8U1GXgE,386.5875,501.7857143,386.5875,468.3747626624802,525.4978910765007,503.7786,501.7857143,386.5875,115.19821430000002,0.29798742664985295,0.29798742664985295,0.6533279459118295,140,False,WITHIN_THRESHOLD
2020-06-17 08:45:00,4135001,ZoEaEvLYb1n2sOq,383.6625,499.1142857,383.6625,464.35124634331726,525.7029714305006,503.7786,499.1142857,383.6625,115.45178569999996,0.30092017254748626,0.30092017254748626,0.6312243441917053,140,False,WITHIN_THRESHOLD
2020-06-17 08:45:00,4135001,adLQvlD726eNBSB,400.225,508.3142857,400.225,474.08683519288434,522.8022928620006,503.7786,508.3142857,400.225,108.0892857,0.2700712991442314,0.2700712991442314,0.5967226324524667,140,False,WITHIN_THRESHOLD
2020-06-17 08:45:00,4135001,bvBOhCH3iADSZry,355.3875,462.2428571,355.3875,458.1075286264766,528.3550500025,506.55804,462.2428571,355.3875,106.85535709999999,0.30067280672505364,0.30067280672505364,0.7126272967972415,127,False,WITHIN_THRESHOLD
2020-06-17 08:45:00,4135001,iCRJl6heRkivqQ3,387.125,495.7285714,387.125,469.53495834253033,526.3987125015004,506.6264,495.7285714,387.125,108.60357140000002,0.28053877016467554,0.28053877016467554,0.6313543652927712,140,False,WITHIN_THRESHOLD
2020-06-17 08:45:00,4135001,ih0vzX44oOqAx2f,376.1125,486.0428571,376.1125,464.4111384375696,526.6811964295003,493.7956,486.0428571,376.1125,109.93035709999998,0.2922805200571637,0.2922805200571637,0.6624702585319796,140,False,WITHIN_THRESHOLD
2020-06-17 08:45:00,4135001,pkci93gMrogZuBj,386.0875,494.6428571,386.0875,463.2169680449476,525.7768285735006,503.7786,494.6428571,386.0875,108.55535710000004,0.28116775886295214,0.28116775886295214,0.5863965339011183,140,False,WITHIN_THRESHOLD
2020-06-17 08:45:00,4135001,rGa61gmuvPhdLxV,387.6625,491.8714286,387.6625,464.0343727363879,526.0471767880006,503.7786,491.8714286,387.6625,104.20892859999998,0.26881353909650785,0.26881353909650785,0.6265022920692254,140,False,WITHIN_THRESHOLD
2020-06-17 08:45:00,4135001,sjndEbLyjtCKgGv,386.0375,500.8714286,386.0375,465.75315103232566,525.9776767880006,503.7786,500.8714286,386.0375,114.83392859999998,0.29746832522747135,0.29746832522747135,0.6598785838606678,140,False,WITHIN_THRESHOLD
2020-06-17 08:45:00,4135001,uHbuxQJl8lW7ozc,389.1875,497.1571429,389.1875,464.9387036170072,525.9776767880006,503.7786,497.1571429,389.1875,107.9696429,0.2774232032118195,0.2774232032118195,0.6330720359237364,140,False,WITHIN_THRESHOLD
2020-06-17 08:45:00,4135001,wCURE6d3bPkepu2,384.325,500.0,384.325,466.6127393290303,525.7486767880006,503.7786,500.0,384.325,115.67500000000001,0.3009822415924023,0.3009822415924023,0.6722465763485777,140,False,WITHIN_THRESHOLD
2020-06-17 08:45:00,4135001,z9Y9gH1T5YWrNuG,381.6875,492.2142857,381.6875,466.0693882223064,525.9031142880006,503.7786,492.2142857,381.6875,110.5267857,0.2895740250859669,0.2895740250859669,0.686499253670038,140,False,WITHIN_THRESHOLD
2020-06-17 08:45:00,4135001,zBIq5rxdHJRwDNY,377.1625,481.5714286,377.1625,461.4925743638378,525.5289732160004,503.7786,481.5714286,377.1625,104.40892859999997,0.27682743804063226,0.27682743804063226,0.6310594990859788,140,False,WITHIN_THRESHOLD
2020-06-17 08:45:00,4135001,zVJPv84UY57bAof,386.175,495.3,386.175,464.9029680292657,525.9776767880006,503.7786,495.3,386.175,109.125,0.2825791415808895,0.2825791415808895,0.6239543405030045,140,False,WITHIN_THRESHOLD
2020-06-17 09:00:00,4135001,1BY6WEcLGh8j5v7,471.8142857,489.725,471.8142857,497.7860819484655,720.7765803604997,642.7879,489.725,471.8142857,17.910714299999995,0.03796136497526148,0.03796136497526148,0.7244052284136537,127,False,WITHIN_THRESHOLD
2020-06-17 09:00:00,4135001,1IF53ai7Xc0U56Y,501.5571429,556.925,501.5571429,511.9254492706261,729.1716517899996,637.10114,556.925,501.5571429,55.36785709999998,0.11039192220424458,0.11039192220424458,0.5940346974102673,140,False,WITHIN_THRESHOLD
2020-06-17 09:00:00,4135001,3PZuoBAID5Wc2HD,504.0142857,554.9625,504.0142857,512.0777031110364,725.0985178609997,634.08264,554.9625,504.0142857,50.94821429999996,0.1010848615714147,0.1010848615714147,0.6483868824537441,140,False,WITHIN_THRESHOLD
2020-06-17 09:00:00,4135001,7JYdWkrLSPkdwr4,499.9714286,534.125,499.9714286,507.4154751228336,724.0323660764996,634.08264,534.125,499.9714286,34.153571399999976,0.06831104628445557,0.06831104628445557,0.5905745482895888,140,False,WITHIN_THRESHOLD
2020-06-17 09:00:00,4135001,McdE0feGgRqW7Ca,510.4714286,530.175,510.4714286,510.5119477313453,723.8877232194999,634.08264,530.175,510.4714286,19.70357139999993,0.038598774184165824,0.038598774184165824,0.6677543807186324,140,False,WITHIN_THRESHOLD
2020-06-17 09:00:00,4135001,VHMLBKoKgIrUVDU,516.2714286,545.225,516.2714286,511.4488076089465,728.2659285759996,634.08264,545.225,516.2714286,28.953571399999987,0.05608207194133304,0.05608207194133304,0.6129522180797938,140,False,WITHIN_THRESHOLD
2020-06-17 09:00:00,4135001,WRmjgnKYAwPKWDb,501.3714286,547.25,501.3714286,510.5069318399233,724.8011339334996,634.08264,547.25,501.3714286,45.8785714,0.0915061544853256,0.0915061544853256,0.6395407288719102,140,False,WITHIN_THRESHOLD
2020-06-17 09:00:00,4135001,YxYtjZvoooNbGkE,498.7285714,525.1875,498.7285714,506.37539856648186,723.2313839339997,640.0146,525.1875,498.7285714,26.45892859999998,0.05305276279986548,0.05305276279986548,0.621455172419359,140,False,WITHIN_THRESHOLD
2020-06-17 09:00:00,4135001,ZnxXDlPa8U1GXgE,501.7857143,528.225,501.7857143,508.76590333505584,723.9556785769997,634.08264,528.225,501.7857143,26.439285700000028,0.052690391429104956,0.052690391429104956,0.6533279459118295,140,False,WITHIN_THRESHOLD
2020-06-17 09:00:00,4135001,ZoEaEvLYb1n2sOq,499.1142857,528.275,499.1142857,505.6426139981392,721.1547321479998,636.85596,528.275,499.1142857,29.160714299999995,0.05842492418164819,0.05842492418164819,0.6312243441917053,140,False,WITHIN_THRESHOLD
2020-06-17 09:00:00,4135001,adLQvlD726eNBSB,508.3142857,565.0125,508.3142857,514.3410725651578,728.7252589329996,637.10114,565.0125,508.3142857,56.69821430000002,0.11154165030384865,0.11154165030384865,0.5967226324524667,140,False,WITHIN_THRESHOLD
2020-06-17 09:00:00,4135001,bvBOhCH3iADSZry,462.2428571,489.0625,462.2428571,495.8557722869381,716.5594107179998,642.7879,489.0625,462.2428571,26.81964290000002,0.0580206756860668,0.0580206756860668,0.7126272967972415,127,False,WITHIN_THRESHOLD
2020-06-17 09:00:00,4135001,iCRJl6heRkivqQ3,495.7285714,528.8875,495.7285714,508.086162499825,724.3407232194998,634.08264,528.8875,495.7285714,33.158928600000024,0.06688928279109478,0.06688928279109478,0.6313543652927712,140,False,WITHIN_THRESHOLD
2020-06-17 09:00:00,4135001,ih0vzX44oOqAx2f,486.0428571,510.5,486.0428571,503.95831761057417,724.0177321479996,636.85596,510.5,486.0428571,24.457142900000008,0.05031890201190246,0.05031890201190246,0.6624702585319796,140,False,WITHIN_THRESHOLD
2020-06-17 09:00:00,4135001,pkci93gMrogZuBj,494.6428571,531.35,494.6428571,506.7542225694869,723.0847142904997,636.85596,531.35,494.6428571,36.70714290000001,0.07420938637466075,0.07420938637466075,0.5863965339011183,140,False,WITHIN_THRESHOLD
2020-06-17 09:00:00,4135001,rGa61gmuvPhdLxV,491.8714286,535.275,491.8714286,506.8332074561189,721.7010625049998,636.85596,535.275,491.8714286,43.403571399999976,0.08824170072967717,0.08824170072967717,0.6265022920692254,140,False,WITHIN_THRESHOLD
2020-06-17 09:00:00,4135001,sjndEbLyjtCKgGv,500.8714286,524.7875,500.8714286,507.6469474622648,723.7183482194997,634.08264,524.7875,500.8714286,23.91607140000002,0.04774892324532967,0.04774892324532967,0.6598785838606678,140,False,WITHIN_THRESHOLD
2020-06-17 09:00:00,4135001,uHbuxQJl8lW7ozc,497.1571429,530.1375,497.1571429,507.9441891231148,724.6868750049997,634.08264,530.1375,497.1571429,32.98035710000005,0.06633789249737047,0.06633789249737047,0.6330720359237364,140,False,WITHIN_THRESHOLD
2020-06-17 09:00:00,4135001,wCURE6d3bPkepu2,500.0,518.575,500.0,507.1292879038196,723.4162500054996,634.08264,518.575,500.0,18.575000000000045,0.03715000000000009,0.03715000000000009,0.6722465763485777,140,False,WITHIN_THRESHOLD
2020-06-17 09:00:00,4135001,z9Y9gH1T5YWrNuG,492.2142857,512.4875,492.2142857,505.9965913295456,723.3025535769997,640.0146,512.4875,492.2142857,20.27321429999995,0.041187781194055556,0.041187781194055556,0.686499253670038,140,False,WITHIN_THRESHOLD
2020-06-17 09:00:00,4135001,zBIq5rxdHJRwDNY,481.5714286,519.7,481.5714286,503.8634832158759,723.9195000049997,636.85596,519.7,481.5714286,38.128571400000055,0.079175318832443,0.079175318832443,0.6310594990859788,140,False,WITHIN_THRESHOLD
2020-06-17 09:00:00,4135001,zVJPv84UY57bAof,495.3,524.25,495.3,506.750973165607,723.8011428624997,634.08264,524.25,495.3,28.94999999999999,0.05844942459115685,0.05844942459115685,0.6239543405030045,140,False,WITHIN_THRESHOLD
2020-06-17 09:15:00,4135001,1BY6WEcLGh8j5v7,489.725,601.9428571,489.725,544.0541016548063,782.8203125029999,726.3925,601.9428571,489.725,112.21785709999995,0.22914463647965683,0.22914463647965683,0.7244052284136537,127,False,WITHIN_THRESHOLD
2020-06-17 09:15:00,4135001,1IF53ai7Xc0U56Y,556.925,684.9714286,556.925,556.118275630507,786.3958571459998,720.9692,684.9714286,556.925,128.0464286,0.22991682650267095,0.22991682650267095,0.5940346974102673,140,False,WITHIN_THRESHOLD
2020-06-17 09:15:00,4135001,3PZuoBAID5Wc2HD,554.9625,681.2285714,554.9625,556.9056732111908,786.3111607174998,720.9692,681.2285714,554.9625,126.26607139999999,0.22752180805009345,0.22752180805009345,0.6483868824537441,140,False,WITHIN_THRESHOLD
2020-06-17 09:15:00,4135001,7JYdWkrLSPkdwr4,534.125,658.3142857,534.125,553.9919894966017,783.9940000029998,720.9692,658.3142857,534.125,124.18928570000003,0.2325097789843202,0.2325097789843202,0.5905745482895888,140,False,WITHIN_THRESHOLD
2020-06-17 09:15:00,4135001,McdE0feGgRqW7Ca,530.175,701.7,530.175,557.7177090836923,787.0201339319997,720.9692,701.7,530.175,171.5250000000001,0.32352525109633634,0.32352525109633634,0.6677543807186324,140,False,WITHIN_THRESHOLD
2020-06-17 09:15:00,4135001,VHMLBKoKgIrUVDU,545.225,667.6857143,545.225,559.6425645863563,786.2845446459999,720.9692,667.6857143,545.225,122.46071429999995,0.22460583117061753,0.22460583117061753,0.6129522180797938,140,False,WITHIN_THRESHOLD
2020-06-17 09:15:00,4135001,WRmjgnKYAwPKWDb,547.25,663.0571429,547.25,555.8529796720798,787.1192053604998,720.9692,663.0571429,547.25,115.80714290000003,0.21161652425765196,0.21161652425765196,0.6395407288719102,140,False,WITHIN_THRESHOLD
2020-06-17 09:15:00,4135001,YxYtjZvoooNbGkE,525.1875,672.9285714,525.1875,553.2146977039299,784.3497857174999,720.9692,672.9285714,525.1875,147.7410714,0.28131109632274187,0.28131109632274187,0.621455172419359,140,False,WITHIN_THRESHOLD
2020-06-17 09:15:00,4135001,ZnxXDlPa8U1GXgE,528.225,672.1428571,528.225,555.5018751004355,785.8139642889998,720.9692,672.1428571,528.225,143.9178571,0.2724555958161768,0.2724555958161768,0.6533279459118295,140,False,WITHIN_THRESHOLD
2020-06-17 09:15:00,4135001,ZoEaEvLYb1n2sOq,528.275,673.7857143,528.275,552.9196801949372,785.2731071465,720.9692,673.7857143,528.275,145.51071430000002,0.2754450131087029,0.2754450131087029,0.6312243441917053,140,False,WITHIN_THRESHOLD
2020-06-17 09:15:00,4135001,adLQvlD726eNBSB,565.0125,686.0428571,565.0125,558.8534800566515,786.7652767889998,711.49896,686.0428571,565.0125,121.03035709999995,0.2142082822946394,0.2142082822946394,0.5967226324524667,140,False,WITHIN_THRESHOLD
2020-06-17 09:15:00,4135001,bvBOhCH3iADSZry,489.0625,610.8,489.0625,540.7895453106241,778.6845714304999,726.3925,610.8,489.0625,121.73749999999995,0.24892012779552705,0.24892012779552705,0.7126272967972415,127,False,WITHIN_THRESHOLD
2020-06-17 09:15:00,4135001,iCRJl6heRkivqQ3,528.8875,700.1142857,528.8875,551.8733710899398,781.3420803584999,726.3925,700.1142857,528.8875,171.22678569999994,0.32374897440381917,0.32374897440381917,0.6313543652927712,140,False,WITHIN_THRESHOLD
2020-06-17 09:15:00,4135001,ih0vzX44oOqAx2f,510.5,662.1428571,510.5,549.3290124710827,784.421714289,720.9692,662.1428571,510.5,151.64285710000001,0.29704771224289916,0.29704771224289916,0.6624702585319796,140,False,WITHIN_THRESHOLD
2020-06-17 09:15:00,4135001,pkci93gMrogZuBj,531.35,695.2142857,531.35,551.7768792865645,784.1670892895,720.9692,695.2142857,531.35,163.86428569999998,0.3083923698127411,0.3083923698127411,0.5863965339011183,140,False,WITHIN_THRESHOLD
2020-06-17 09:15:00,4135001,rGa61gmuvPhdLxV,535.275,695.8571429,535.275,551.4477337243309,785.2731071465,720.9692,695.8571429,535.275,160.5821429,0.2999993328662837,0.2999993328662837,0.6265022920692254,140,False,WITHIN_THRESHOLD
2020-06-17 09:15:00,4135001,sjndEbLyjtCKgGv,524.7875,688.5571429,524.7875,554.2535157272662,784.3497857174999,720.9692,688.5571429,524.7875,163.7696429,0.31206849038896695,0.31206849038896695,0.6598785838606678,140,False,WITHIN_THRESHOLD
2020-06-17 09:15:00,4135001,uHbuxQJl8lW7ozc,530.1375,702.7285714,530.1375,552.8927354639211,785.0424375035,720.9692,702.7285714,530.1375,172.59107139999992,0.3255590698639502,0.3255590698639502,0.6330720359237364,140,False,WITHIN_THRESHOLD
2020-06-17 09:15:00,4135001,wCURE6d3bPkepu2,518.575,680.5142857,518.575,553.9209866608197,784.8597500029998,720.9692,680.5142857,518.575,161.9392856999999,0.3122774636262834,0.3122774636262834,0.6722465763485777,140,False,WITHIN_THRESHOLD
2020-06-17 09:15:00,4135001,z9Y9gH1T5YWrNuG,512.4875,679.5571429,512.4875,551.5257466921443,785.4726071464997,720.9692,679.5571429,512.4875,167.06964290000008,0.32599749828044605,0.32599749828044605,0.686499253670038,140,False,WITHIN_THRESHOLD
2020-06-17 09:15:00,4135001,zBIq5rxdHJRwDNY,519.7,677.5857143,519.7,547.0150712181168,781.18638393,726.3925,677.5857143,519.7,157.8857142999999,0.30380164383298036,0.30380164383298036,0.6310594990859788,140,False,WITHIN_THRESHOLD
2020-06-17 09:15:00,4135001,zVJPv84UY57bAof,524.25,695.8142857,524.25,552.2901860693198,783.9196160745,720.9692,695.8142857,524.25,171.56428570000003,0.3272566250834526,0.3272566250834526,0.6239543405030045,140,False,WITHIN_THRESHOLD
2020-06-17 09:30:00,4135001,1BY6WEcLGh8j5v7,601.9428571,517.2,601.9428571,616.2958332073666,775.7496250025,693.98914,517.2,601.9428571,-84.74285709999992,-0.14078222891167508,0.14078222891167508,0.7244052284136537,127,False,WITHIN_THRESHOLD
2020-06-17 09:30:00,4135001,1IF53ai7Xc0U56Y,684.9714286,578.0125,684.9714286,636.1258246872947,773.0806607235002,725.71893,578.0125,684.9714286,-106.95892859999992,-0.1561509343807394,0.1561509343807394,0.5940346974102673,140,False,WITHIN_THRESHOLD
2020-06-17 09:30:00,4135001,3PZuoBAID5Wc2HD,681.2285714,573.8875,681.2285714,635.6145152441188,777.2889982234999,725.60986,573.8875,681.2285714,-107.34107139999992,-0.15756983178113354,0.15756983178113354,0.6483868824537441,140,False,WITHIN_THRESHOLD
2020-06-17 09:30:00,4135001,7JYdWkrLSPkdwr4,658.3142857,556.9,658.3142857,630.0800735843186,776.5570267914998,725.2359,556.9,658.3142857,-101.41428570000005,-0.15405147344199588,0.15405147344199588,0.5905745482895888,140,False,WITHIN_THRESHOLD
2020-06-17 09:30:00,4135001,McdE0feGgRqW7Ca,701.7,568.5875,701.7,631.561356458596,778.0236250085,725.2359,568.5875,701.7,-133.11250000000007,-0.18970001425110455,0.18970001425110455,0.6677543807186324,140,False,WITHIN_THRESHOLD
2020-06-17 09:30:00,4135001,VHMLBKoKgIrUVDU,667.6857143,568.925,667.6857143,634.7638926177787,777.0715357234999,725.2359,568.925,667.6857143,-98.76071430000002,-0.1479149728454809,0.1479149728454809,0.6129522180797938,140,False,WITHIN_THRESHOLD
2020-06-17 09:30:00,4135001,WRmjgnKYAwPKWDb,663.0571429,564.675,663.0571429,633.5888311553747,777.8457589379999,725.60986,564.675,663.0571429,-98.38214290000008,-0.14837656747004946,0.14837656747004946,0.6395407288719102,140,False,WITHIN_THRESHOLD
2020-06-17 09:30:00,4135001,YxYtjZvoooNbGkE,672.9285714,557.85,672.9285714,628.7042564982082,777.0749464354999,725.2359,557.85,672.9285714,-115.07857139999999,-0.17101156986184105,0.17101156986184105,0.621455172419359,140,False,WITHIN_THRESHOLD
2020-06-17 09:30:00,4135001,ZnxXDlPa8U1GXgE,672.1428571,560.05,672.1428571,629.6496160360248,777.7511517945,725.2359,560.05,672.1428571,-112.09285710000006,-0.1667693942082957,0.1667693942082957,0.6533279459118295,140,False,WITHIN_THRESHOLD
2020-06-17 09:30:00,4135001,ZoEaEvLYb1n2sOq,673.7857143,559.6375,673.7857143,629.2136020793057,775.9788035769998,723.6657,559.6375,673.7857143,-114.14821429999995,-0.1694132301670854,0.1694132301670854,0.6312243441917053,140,False,WITHIN_THRESHOLD
2020-06-17 09:30:00,4135001,adLQvlD726eNBSB,686.0428571,583.475,686.0428571,639.0923812336996,775.0408196525001,725.71893,583.475,686.0428571,-102.56785709999997,-0.14950648642210018,0.14950648642210018,0.5967226324524667,140,False,WITHIN_THRESHOLD
2020-06-17 09:30:00,4135001,bvBOhCH3iADSZry,610.8,514.425,610.8,615.0132748926662,776.2161875019998,693.98914,514.425,610.8,-96.375,-0.15778487229862476,0.15778487229862476,0.7126272967972415,127,False,WITHIN_THRESHOLD
2020-06-17 09:30:00,4135001,iCRJl6heRkivqQ3,700.1142857,565.3125,700.1142857,629.285764921008,777.5907767944998,725.2359,565.3125,700.1142857,-134.80178569999998,-0.19254254405796078,0.19254254405796078,0.6313543652927712,140,False,WITHIN_THRESHOLD
2020-06-17 09:30:00,4135001,ih0vzX44oOqAx2f,662.1428571,545.3125,662.1428571,623.2014856040703,777.9669821479998,716.77856,545.3125,662.1428571,-116.83035710000001,-0.17644282626816243,0.17644282626816243,0.6624702585319796,140,False,WITHIN_THRESHOLD
2020-06-17 09:30:00,4135001,pkci93gMrogZuBj,695.2142857,567.9125,695.2142857,630.3101736036954,776.6484553624999,723.6657,567.9125,695.2142857,-127.30178569999998,-0.183111579146884,0.183111579146884,0.5863965339011183,140,False,WITHIN_THRESHOLD
2020-06-17 09:30:00,4135001,rGa61gmuvPhdLxV,695.8571429,568.725,695.8571429,630.4245456904698,778.0256071514999,725.2359,568.725,695.8571429,-127.13214289999996,-0.18269862456275718,0.18269862456275718,0.6265022920692254,140,False,WITHIN_THRESHOLD
2020-06-17 09:30:00,4135001,sjndEbLyjtCKgGv,688.5571429,561.9125,688.5571429,629.2163720140242,777.3559196515,725.2359,561.9125,688.5571429,-126.64464290000001,-0.1839275711622278,0.1839275711622278,0.6598785838606678,140,False,WITHIN_THRESHOLD
2020-06-17 09:30:00,4135001,uHbuxQJl8lW7ozc,702.7285714,571.6,702.7285714,630.9424858136599,777.9841250085,725.2359,571.6,702.7285714,-131.12857139999994,-0.18659917461269734,0.18659917461269734,0.6330720359237364,140,False,WITHIN_THRESHOLD
2020-06-17 09:30:00,4135001,wCURE6d3bPkepu2,680.5142857,557.675,680.5142857,627.5489983347913,776.73573215,725.2359,557.675,680.5142857,-122.8392857,-0.1805094886048474,0.1805094886048474,0.6722465763485777,140,False,WITHIN_THRESHOLD
2020-06-17 09:30:00,4135001,z9Y9gH1T5YWrNuG,679.5571429,551.1625,679.5571429,625.1584231608613,776.52866072,718.34875,551.1625,679.5571429,-128.3946429,-0.1889386996244021,0.1889386996244021,0.686499253670038,140,False,WITHIN_THRESHOLD
2020-06-17 09:30:00,4135001,zBIq5rxdHJRwDNY,677.5857143,551.0875,677.5857143,625.4594290293126,776.2536607224997,716.77856,551.0875,677.5857143,-126.49821429999997,-0.18668961229603653,0.18668961229603653,0.6310594990859788,140,False,WITHIN_THRESHOLD
2020-06-17 09:30:00,4135001,zVJPv84UY57bAof,695.8142857,562.4375,695.8142857,628.2031630565377,777.1836696514998,725.2359,562.4375,695.8142857,-133.37678570000003,-0.19168446012260426,0.19168446012260426,0.6239543405030045,140,False,WITHIN_THRESHOLD
2020-06-17 09:45:00,4135001,1BY6WEcLGh8j5v7,517.2,566.9857143,517.2,591.574222158293,797.4975892929998,659.90753,566.9857143,517.2,49.785714299999995,0.09626008178654291,0.09626008178654291,0.7244052284136537,127,False,WITHIN_THRESHOLD
2020-06-17 09:45:00,4135001,1IF53ai7Xc0U56Y,578.0125,623.8142857,578.0125,618.0464455057315,800.0343482279995,702.53827,623.8142857,578.0125,45.80178569999998,0.0792401301009926,0.0792401301009926,0.5940346974102673,140,False,WITHIN_THRESHOLD
2020-06-17 09:45:00,4135001,3PZuoBAID5Wc2HD,573.8875,621.7285714,573.8875,617.563199622349,799.4584375129995,706.7654,621.7285714,573.8875,47.84107139999992,0.08336315288275126,0.08336315288275126,0.6483868824537441,140,False,WITHIN_THRESHOLD
2020-06-17 09:45:00,4135001,7JYdWkrLSPkdwr4,556.9,604.7857143,556.9,610.5930413823019,802.3665982279998,702.53827,604.7857143,556.9,47.88571430000002,0.08598619913808586,0.08598619913808586,0.5905745482895888,140,False,WITHIN_THRESHOLD
2020-06-17 09:45:00,4135001,McdE0feGgRqW7Ca,568.5875,632.4428571,568.5875,621.6760977551212,800.6161785849996,702.53827,632.4428571,568.5875,63.85535709999999,0.11230524255281728,0.11230524255281728,0.6677543807186324,140,False,WITHIN_THRESHOLD
2020-06-17 09:45:00,4135001,VHMLBKoKgIrUVDU,568.925,619.8571429,568.925,614.7379041625127,797.3619553704995,702.53827,619.8571429,568.925,50.93214290000003,0.08952347479896301,0.08952347479896301,0.6129522180797938,140,False,WITHIN_THRESHOLD
2020-06-17 09:45:00,4135001,WRmjgnKYAwPKWDb,564.675,613.6857143,564.675,612.3092941532532,797.5676160859998,702.53827,613.6857143,564.675,49.01071430000002,0.0867945531500421,0.0867945531500421,0.6395407288719102,140,False,WITHIN_THRESHOLD
2020-06-17 09:45:00,4135001,YxYtjZvoooNbGkE,557.85,611.2857143,557.85,613.4975451699527,798.8520000129996,677.249,611.2857143,557.85,53.43571429999997,0.09578867849780402,0.09578867849780402,0.621455172419359,140,False,WITHIN_THRESHOLD
2020-06-17 09:45:00,4135001,ZnxXDlPa8U1GXgE,560.05,614.1857143,560.05,613.4769212789924,799.4930267984996,702.53827,614.1857143,560.05,54.13571430000002,0.09666228783144366,0.09666228783144366,0.6533279459118295,140,False,WITHIN_THRESHOLD
2020-06-17 09:45:00,4135001,ZoEaEvLYb1n2sOq,559.6375,607.5428571,559.6375,613.9746076346842,795.8109196529997,677.249,607.5428571,559.6375,47.90535709999995,0.08560069169775067,0.08560069169775067,0.6312243441917053,140,False,WITHIN_THRESHOLD
2020-06-17 09:45:00,4135001,adLQvlD726eNBSB,583.475,630.1571429,583.475,619.1853547280421,798.3754732284996,711.673,630.1571429,583.475,46.68214290000003,0.08000710038990536,0.08000710038990536,0.5967226324524667,140,False,WITHIN_THRESHOLD
2020-06-17 09:45:00,4135001,bvBOhCH3iADSZry,514.425,562.2428571,514.425,593.0177297347557,796.6709017919998,659.90753,562.2428571,514.425,47.81785710000008,0.09295399154395702,0.09295399154395702,0.7126272967972415,127,False,WITHIN_THRESHOLD
2020-06-17 09:45:00,4135001,iCRJl6heRkivqQ3,565.3125,621.0714286,565.3125,620.3172973334438,792.8780625134996,702.53827,621.0714286,565.3125,55.75892859999999,0.09863381510226643,0.09863381510226643,0.6313543652927712,140,False,WITHIN_THRESHOLD
2020-06-17 09:45:00,4135001,ih0vzX44oOqAx2f,545.3125,600.2142857,545.3125,608.5702424826806,797.8289196529997,675.0328,600.2142857,545.3125,54.901785700000005,0.10067949240114614,0.10067949240114614,0.6624702585319796,140,False,WITHIN_THRESHOLD
2020-06-17 09:45:00,4135001,pkci93gMrogZuBj,567.9125,614.0714286,567.9125,619.6589095241069,788.6721607239998,677.249,614.0714286,567.9125,46.15892859999997,0.0812782402218651,0.0812782402218651,0.5863965339011183,140,False,WITHIN_THRESHOLD
2020-06-17 09:45:00,4135001,rGa61gmuvPhdLxV,568.725,614.6142857,568.725,620.0204679641776,793.5184732269997,702.53827,614.6142857,568.725,45.88928569999996,0.08068800509912516,0.08068800509912516,0.6265022920692254,140,False,WITHIN_THRESHOLD
2020-06-17 09:45:00,4135001,sjndEbLyjtCKgGv,561.9125,617.4142857,561.9125,617.7386166352969,795.1183125124999,702.53827,617.4142857,561.9125,55.50178570000003,0.09877300415990038,0.09877300415990038,0.6598785838606678,140,False,WITHIN_THRESHOLD
2020-06-17 09:45:00,4135001,uHbuxQJl8lW7ozc,571.6,622.2,571.6,621.4182380445584,797.0330267984996,702.53827,622.2,571.6,50.60000000000002,0.0885234429671099,0.0885234429671099,0.6330720359237364,140,False,WITHIN_THRESHOLD
2020-06-17 09:45:00,4135001,wCURE6d3bPkepu2,557.675,620.1428571,557.675,615.3259492391269,798.3413660854997,702.53827,620.1428571,557.675,62.46785710000006,0.11201480629398855,0.11201480629398855,0.6722465763485777,140,False,WITHIN_THRESHOLD
2020-06-17 09:45:00,4135001,z9Y9gH1T5YWrNuG,551.1625,621.3857143,551.1625,613.9722471773757,798.8401875144997,700.322,621.3857143,551.1625,70.2232143,0.1274092745787313,0.1274092745787313,0.686499253670038,140,False,WITHIN_THRESHOLD
2020-06-17 09:45:00,4135001,zBIq5rxdHJRwDNY,551.0875,601.5285714,551.0875,614.0761858295579,800.6472589434997,700.322,601.5285714,551.0875,50.441071400000055,0.09153005901966577,0.09153005901966577,0.6310594990859788,140,False,WITHIN_THRESHOLD
2020-06-17 09:45:00,4135001,zVJPv84UY57bAof,562.4375,622.8714286,562.4375,619.1750738395017,789.5731160839998,702.53827,622.8714286,562.4375,60.433928599999945,0.10745003418157563,0.10745003418157563,0.6239543405030045,140,False,WITHIN_THRESHOLD
2020-06-17 10:00:00,4135001,1BY6WEcLGh8j5v7,566.9857143,617.0375,566.9857143,619.2435595746285,794.9068928625006,777.9655,617.0375,566.9857143,50.05178569999998,0.08827697848047876,0.08827697848047876,0.7244052284136537,127,False,WITHIN_THRESHOLD
2020-06-17 10:00:00,4135001,1IF53ai7Xc0U56Y,623.8142857,678.775,623.8142857,645.1850703066281,805.5650714370008,807.4576,678.775,623.8142857,54.96071429999995,0.08810428930515264,0.08810428930515264,0.5940346974102673,140,False,WITHIN_THRESHOLD
2020-06-17 10:00:00,4135001,3PZuoBAID5Wc2HD,621.7285714,680.875,621.7285714,644.2862283756534,804.7101428655011,807.4576,680.875,621.7285714,59.146428600000036,0.09513223506330891,0.09513223506330891,0.6483868824537441,140,False,WITHIN_THRESHOLD
2020-06-17 10:00:00,4135001,7JYdWkrLSPkdwr4,604.7857143,655.075,604.7857143,637.8043125975403,796.0977232230011,803.5144,655.075,604.7857143,50.28928570000005,0.08315223807527698,0.08315223807527698,0.5905745482895888,140,False,WITHIN_THRESHOLD
2020-06-17 10:00:00,4135001,McdE0feGgRqW7Ca,632.4428571,671.125,632.4428571,643.2094275690603,800.316375008501,809.60095,671.125,632.4428571,38.68214290000003,0.061163063928609956,0.061163063928609956,0.6677543807186324,140,False,WITHIN_THRESHOLD
2020-06-17 10:00:00,4135001,VHMLBKoKgIrUVDU,619.8571429,673.8875,619.8571429,641.5059497744162,796.487151794501,809.60095,673.8875,619.8571429,54.03035710000006,0.08716582154271738,0.08716582154271738,0.6129522180797938,140,False,WITHIN_THRESHOLD
2020-06-17 10:00:00,4135001,WRmjgnKYAwPKWDb,613.6857143,671.15,613.6857143,640.2119874925575,798.505455365501,807.849,671.15,613.6857143,57.464285700000005,0.09363797194716612,0.09363797194716612,0.6395407288719102,140,False,WITHIN_THRESHOLD
2020-06-17 10:00:00,4135001,YxYtjZvoooNbGkE,611.2857143,653.9375,611.2857143,638.7189357853534,797.088776794501,803.5144,653.9375,611.2857143,42.651785700000005,0.06977389574503919,0.06977389574503919,0.621455172419359,140,False,WITHIN_THRESHOLD
2020-06-17 10:00:00,4135001,ZnxXDlPa8U1GXgE,614.1857143,666.125,614.1857143,637.629335784537,796.531901794001,807.849,666.125,614.1857143,51.93928570000003,0.08456609212931027,0.08456609212931027,0.6533279459118295,140,False,WITHIN_THRESHOLD
2020-06-17 10:00:00,4135001,ZoEaEvLYb1n2sOq,607.5428571,651.9125,607.5428571,639.4191828659493,796.1300625095008,803.5144,651.9125,607.5428571,44.36964290000003,0.07303129710353405,0.07303129710353405,0.6312243441917053,140,False,WITHIN_THRESHOLD
2020-06-17 10:00:00,4135001,adLQvlD726eNBSB,630.1571429,687.225,630.1571429,646.6894871162376,808.4275178660008,807.4576,687.225,630.1571429,57.06785709999997,0.09056131116339039,0.09056131116339039,0.5967226324524667,140,False,WITHIN_THRESHOLD
2020-06-17 10:00:00,4135001,bvBOhCH3iADSZry,562.2428571,608.9375,562.2428571,618.2365581373583,790.9707589310009,763.56055,608.9375,562.2428571,46.69464289999996,0.0830506645132797,0.0830506645132797,0.7126272967972415,127,False,WITHIN_THRESHOLD
2020-06-17 10:00:00,4135001,iCRJl6heRkivqQ3,621.0714286,662.325,621.0714286,642.7409365145386,797.933500008001,807.849,662.325,621.0714286,41.253571400000055,0.06642323169332162,0.06642323169332162,0.6313543652927712,140,False,WITHIN_THRESHOLD
2020-06-17 10:00:00,4135001,ih0vzX44oOqAx2f,600.2142857,648.7875,600.2142857,632.0798739503971,791.9054821500006,780.69495,648.7875,600.2142857,48.57321430000002,0.0809264548632852,0.0809264548632852,0.6624702585319796,140,False,WITHIN_THRESHOLD
2020-06-17 10:00:00,4135001,pkci93gMrogZuBj,614.0714286,657.5375,614.0714286,644.355409214302,796.3421964375008,809.8392,657.5375,614.0714286,43.46607140000003,0.07078341276860382,0.07078341276860382,0.5863965339011183,140,False,WITHIN_THRESHOLD
2020-06-17 10:00:00,4135001,rGa61gmuvPhdLxV,614.6142857,659.3,614.6142857,644.3272773796322,796.8621339370009,814.17377,659.3,614.6142857,44.68571429999997,0.07270529719156506,0.07270529719156506,0.6265022920692254,140,False,WITHIN_THRESHOLD
2020-06-17 10:00:00,4135001,sjndEbLyjtCKgGv,617.4142857,657.925,617.4142857,640.0632138698841,799.0460178650009,807.849,657.925,617.4142857,40.510714299999904,0.06561350334495492,0.06561350334495492,0.6598785838606678,140,False,WITHIN_THRESHOLD
2020-06-17 10:00:00,4135001,uHbuxQJl8lW7ozc,622.2,661.875,622.2,645.5274914014105,798.720973221501,813.78235,661.875,622.2,39.674999999999955,0.06376567020250716,0.06376567020250716,0.6330720359237364,140,False,WITHIN_THRESHOLD
2020-06-17 10:00:00,4135001,wCURE6d3bPkepu2,620.1428571,662.9375,620.1428571,638.0157065067608,796.817571437001,803.5144,662.9375,620.1428571,42.794642899999985,0.0690077171897494,0.0690077171897494,0.6722465763485777,140,False,WITHIN_THRESHOLD
2020-06-17 10:00:00,4135001,z9Y9gH1T5YWrNuG,621.3857143,656.6125,621.3857143,636.0191580391332,792.977080365501,774.1506,656.6125,621.3857143,35.22678569999994,0.05669069128775099,0.05669069128775099,0.686499253670038,140,False,WITHIN_THRESHOLD
2020-06-17 10:00:00,4135001,zBIq5rxdHJRwDNY,601.5285714,642.05,601.5285714,636.8538815050181,793.0544553660008,774.1506,642.05,601.5285714,40.52142859999992,0.06736409628172804,0.06736409628172804,0.6310594990859788,140,False,WITHIN_THRESHOLD
2020-06-17 10:00:00,4135001,zVJPv84UY57bAof,622.8714286,658.475,622.8714286,641.8922507256107,797.729696436501,807.84503,658.475,622.8714286,35.60357140000008,0.05716038618118128,0.05716038618118128,0.6239543405030045,140,False,WITHIN_THRESHOLD
2020-06-17 10:15:00,4135001,1BY6WEcLGh8j5v7,617.0375,660.8428571,617.0375,654.7722901003547,806.5634553675013,894.91315,660.8428571,617.0375,43.805357099999924,0.07099302246621951,0.07099302246621951,0.7244052284136537,127,False,WITHIN_THRESHOLD
2020-06-17 10:15:00,4135001,1IF53ai7Xc0U56Y,678.775,724.6714286,678.775,681.7420658698172,835.8774196530005,904.5523,724.6714286,678.775,45.896428600000036,0.0676165571802144,0.0676165571802144,0.5940346974102673,140,False,WITHIN_THRESHOLD
2020-06-17 10:15:00,4135001,3PZuoBAID5Wc2HD,680.875,719.0714286,680.875,680.9237857958653,835.4843928680006,910.6526,719.0714286,680.875,38.19642859999999,0.05609903227464658,0.05609903227464658,0.6483868824537441,140,False,WITHIN_THRESHOLD
2020-06-17 10:15:00,4135001,7JYdWkrLSPkdwr4,655.075,705.2,655.075,672.076324006716,833.6996339415009,911.4248,705.2,655.075,50.125,0.0765179559592413,0.0765179559592413,0.5905745482895888,140,False,WITHIN_THRESHOLD
2020-06-17 10:15:00,4135001,McdE0feGgRqW7Ca,671.125,734.0142857,671.125,683.1609352413645,836.1050982250007,910.6526,734.0142857,671.125,62.88928569999996,0.0937072612404544,0.0937072612404544,0.6677543807186324,140,False,WITHIN_THRESHOLD
2020-06-17 10:15:00,4135001,VHMLBKoKgIrUVDU,673.8875,721.2857143,673.8875,677.4346185123027,835.3180982245009,910.6526,721.2857143,673.8875,47.39821429999995,0.07033550006492173,0.07033550006492173,0.6129522180797938,140,False,WITHIN_THRESHOLD
2020-06-17 10:15:00,4135001,WRmjgnKYAwPKWDb,671.15,706.0428571,671.15,676.5494610111168,833.4052142980008,910.6526,706.0428571,671.15,34.892857100000015,0.05198965521865457,0.05198965521865457,0.6395407288719102,140,False,WITHIN_THRESHOLD
2020-06-17 10:15:00,4135001,YxYtjZvoooNbGkE,653.9375,711.3571429,653.9375,674.9231130146641,833.5245267955011,911.4248,711.3571429,653.9375,57.419642899999985,0.08780601036031728,0.08780601036031728,0.621455172419359,140,False,WITHIN_THRESHOLD
2020-06-17 10:15:00,4135001,ZnxXDlPa8U1GXgE,666.125,716.8571429,666.125,675.8390291933961,834.891678583001,910.6526,716.8571429,666.125,50.732142899999985,0.07616009442672168,0.07616009442672168,0.6533279459118295,140,False,WITHIN_THRESHOLD
2020-06-17 10:15:00,4135001,ZoEaEvLYb1n2sOq,651.9125,706.3285714,651.9125,675.3169892561968,833.690375010501,911.4248,706.3285714,651.9125,54.416071399999964,0.08347143427990714,0.08347143427990714,0.6312243441917053,140,False,WITHIN_THRESHOLD
2020-06-17 10:15:00,4135001,adLQvlD726eNBSB,687.225,732.3142857,687.225,683.9584802471663,833.4588750105006,904.5523,732.3142857,687.225,45.089285700000005,0.06561065982756739,0.06561065982756739,0.5967226324524667,140,False,WITHIN_THRESHOLD
2020-06-17 10:15:00,4135001,bvBOhCH3iADSZry,608.9375,650.8,608.9375,654.4343939927629,806.8715803670013,894.91315,650.8,608.9375,41.862499999999955,0.06874679256902384,0.06874679256902384,0.7126272967972415,127,False,WITHIN_THRESHOLD
2020-06-17 10:15:00,4135001,iCRJl6heRkivqQ3,662.325,718.2142857,662.325,680.5296172051561,835.0802500105008,910.6526,718.2142857,662.325,55.88928569999996,0.0843834759370399,0.0843834759370399,0.6313543652927712,140,False,WITHIN_THRESHOLD
2020-06-17 10:15:00,4135001,ih0vzX44oOqAx2f,648.7875,698.7428571,648.7875,670.5373967482371,833.735919654001,911.4248,698.7428571,648.7875,49.955357100000015,0.07699802647245826,0.07699802647245826,0.6624702585319796,140,False,WITHIN_THRESHOLD
2020-06-17 10:15:00,4135001,pkci93gMrogZuBj,657.5375,712.2142857,657.5375,679.7641689855175,833.603080366501,910.6526,712.2142857,657.5375,54.67678569999998,0.0831538668136798,0.0831538668136798,0.5863965339011183,140,False,WITHIN_THRESHOLD
2020-06-17 10:15:00,4135001,rGa61gmuvPhdLxV,659.3,712.1428571,659.3,680.2566140278932,833.3915803665009,910.6526,712.1428571,659.3,52.84285710000006,0.0801499425147885,0.0801499425147885,0.6265022920692254,140,False,WITHIN_THRESHOLD
2020-06-17 10:15:00,4135001,sjndEbLyjtCKgGv,657.925,716.2857143,657.925,678.235550067539,833.4231428665008,910.6526,716.2857143,657.925,58.36071430000004,0.08870420534255431,0.08870420534255431,0.6598785838606678,140,False,WITHIN_THRESHOLD
2020-06-17 10:15:00,4135001,uHbuxQJl8lW7ozc,661.875,720.6571429,661.875,682.3449683522103,834.9188303655008,910.6526,720.6571429,661.875,58.78214290000005,0.08881154734655343,0.08881154734655343,0.6330720359237364,140,False,WITHIN_THRESHOLD
2020-06-17 10:15:00,4135001,wCURE6d3bPkepu2,662.9375,726.6,662.9375,677.7194311292114,832.8109910805008,910.6526,726.6,662.9375,63.66250000000002,0.09603092297539365,0.09603092297539365,0.6722465763485777,140,False,WITHIN_THRESHOLD
2020-06-17 10:15:00,4135001,z9Y9gH1T5YWrNuG,656.6125,732.0285714,656.6125,677.2645352289627,833.8455357230008,911.4248,732.0285714,656.6125,75.41607140000008,0.11485628342439427,0.11485628342439427,0.686499253670038,140,False,WITHIN_THRESHOLD
2020-06-17 10:15:00,4135001,zBIq5rxdHJRwDNY,642.05,694.9857143,642.05,673.4845787250081,831.8684732260009,911.4248,694.9857143,642.05,52.935714300000086,0.0824479624639827,0.0824479624639827,0.6310594990859788,140,False,WITHIN_THRESHOLD
2020-06-17 10:15:00,4135001,zVJPv84UY57bAof,658.475,717.9857143,658.475,680.7565380545816,834.9012410795009,910.6526,717.9857143,658.475,59.51071430000002,0.09037657359808651,0.09037657359808651,0.6239543405030045,140,False,WITHIN_THRESHOLD
2020-06-17 10:30:00,4135001,1BY6WEcLGh8j5v7,660.8428571,627.4125,660.8428571,705.625691131871,865.9557946560003,881.7306,627.4125,660.8428571,-33.430357099999924,-0.05058745319076844,0.05058745319076844,0.7244052284136537,127,False,WITHIN_THRESHOLD
2020-06-17 10:30:00,4135001,1IF53ai7Xc0U56Y,724.6714286,635.5875,724.6714286,733.5165944299368,901.3428660660009,877.6448,635.5875,724.6714286,-89.08392860000004,-0.12293009643294778,0.12293009643294778,0.5940346974102673,140,False,WITHIN_THRESHOLD
2020-06-17 10:30:00,4135001,3PZuoBAID5Wc2HD,719.0714286,646.5875,719.0714286,731.2646276131893,901.4294642900006,883.8522,646.5875,719.0714286,-72.48392860000001,-0.1008021257931538,0.1008021257931538,0.6483868824537441,140,False,WITHIN_THRESHOLD
2020-06-17 10:30:00,4135001,7JYdWkrLSPkdwr4,705.2,663.7714286,705.2,723.9813186330797,887.6130892900006,861.7797,663.7714286,705.2,-41.42857140000001,-0.05874726517300058,0.05874726517300058,0.5905745482895888,140,False,WITHIN_THRESHOLD
2020-06-17 10:30:00,4135001,McdE0feGgRqW7Ca,734.0142857,666.625,734.0142857,731.1936036257305,896.7982767880001,883.8522,666.625,734.0142857,-67.38928569999996,-0.09180922907479042,0.09180922907479042,0.6677543807186324,140,False,WITHIN_THRESHOLD
2020-06-17 10:30:00,4135001,VHMLBKoKgIrUVDU,721.2857143,686.6,721.2857143,730.9396333823638,899.4319821390008,872.5876,686.6,721.2857143,-34.68571429999997,-0.048088730460525045,0.048088730460525045,0.6129522180797938,140,False,WITHIN_THRESHOLD
2020-06-17 10:30:00,4135001,WRmjgnKYAwPKWDb,706.0428571,643.0125,706.0428571,727.6388160802793,898.6700089350005,878.795,643.0125,706.0428571,-63.03035709999995,-0.08927270698395108,0.08927270698395108,0.6395407288719102,140,False,WITHIN_THRESHOLD
2020-06-17 10:30:00,4135001,YxYtjZvoooNbGkE,711.3571429,639.6875,711.3571429,724.7842184267166,885.2830803675007,868.98773,639.6875,711.3571429,-71.66964289999999,-0.10075057742138262,0.10075057742138262,0.621455172419359,140,False,WITHIN_THRESHOLD
2020-06-17 10:30:00,4135001,ZnxXDlPa8U1GXgE,716.8571429,663.8125,716.8571429,727.2646634427798,897.0110267935002,878.9279,663.8125,716.8571429,-53.044642899999985,-0.07399611404499822,0.07399611404499822,0.6533279459118295,140,False,WITHIN_THRESHOLD
2020-06-17 10:30:00,4135001,ZoEaEvLYb1n2sOq,706.3285714,627.1,706.3285714,723.9940189010524,885.2835803695007,868.98773,627.1,706.3285714,-79.22857139999996,-0.11216956896273156,0.11216956896273156,0.6312243441917053,140,False,WITHIN_THRESHOLD
2020-06-17 10:30:00,4135001,adLQvlD726eNBSB,732.3142857,643.55,732.3142857,736.2414341692885,899.9114999960008,874.20917,643.55,732.3142857,-88.76428570000007,-0.12121064334441137,0.12121064334441137,0.5967226324524667,140,False,WITHIN_THRESHOLD
2020-06-17 10:30:00,4135001,bvBOhCH3iADSZry,650.8,609.875,650.8,703.0150383968454,862.6700089365,881.7306,609.875,650.8,-40.924999999999955,-0.06288414259373072,0.06288414259373072,0.7126272967972415,127,False,WITHIN_THRESHOLD
2020-06-17 10:30:00,4135001,iCRJl6heRkivqQ3,718.2142857,654.95,718.2142857,728.456754158975,892.2345178604999,878.9279,654.95,718.2142857,-63.26428569999996,-0.08808552956913143,0.08808552956913143,0.6313543652927712,140,False,WITHIN_THRESHOLD
2020-06-17 10:30:00,4135001,ih0vzX44oOqAx2f,698.7428571,644.4875,698.7428571,719.8575300271134,875.3513214370006,881.33374,644.4875,698.7428571,-54.25535710000008,-0.07764710085935858,0.07764710085935858,0.6624702585319796,140,False,WITHIN_THRESHOLD
2020-06-17 10:30:00,4135001,pkci93gMrogZuBj,712.2142857,642.5,712.2142857,727.2812010259819,884.4342589300005,872.315,642.5,712.2142857,-69.7142857,-0.09788386318519475,0.09788386318519475,0.5863965339011183,140,False,WITHIN_THRESHOLD
2020-06-17 10:30:00,4135001,rGa61gmuvPhdLxV,712.1428571,639.2875,712.1428571,726.9144842238758,884.6564374970002,872.315,639.2875,712.1428571,-72.85535709999999,-0.10230441318569533,0.10230441318569533,0.6265022920692254,140,False,WITHIN_THRESHOLD
2020-06-17 10:30:00,4135001,sjndEbLyjtCKgGv,716.2857143,647.85,716.2857143,727.6522607781671,884.1092410730005,865.2399,647.85,716.2857143,-68.43571429999997,-0.09554248107109006,0.09554248107109006,0.6598785838606678,140,False,WITHIN_THRESHOLD
2020-06-17 10:30:00,4135001,uHbuxQJl8lW7ozc,720.6571429,652.625,720.6571429,728.9945381475533,889.8900446434997,872.315,652.625,720.6571429,-68.03214290000005,-0.0944029259548189,0.0944029259548189,0.6330720359237364,140,False,WITHIN_THRESHOLD
2020-06-17 10:30:00,4135001,wCURE6d3bPkepu2,726.6,661.25,726.6,726.7375094179266,888.3440089314995,872.315,661.25,726.6,-65.35000000000002,-0.08993944398568679,0.08993944398568679,0.6722465763485777,140,False,WITHIN_THRESHOLD
2020-06-17 10:30:00,4135001,z9Y9gH1T5YWrNuG,732.0285714,658.5375,732.0285714,724.0330326583711,877.5320714300005,886.87695,658.5375,732.0285714,-73.49107140000001,-0.10039371996020428,0.10039371996020428,0.686499253670038,140,False,WITHIN_THRESHOLD
2020-06-17 10:30:00,4135001,zBIq5rxdHJRwDNY,694.9857143,628.975,694.9857143,722.71240064431,875.5070803650005,861.91266,628.975,694.9857143,-66.01071430000002,-0.09498139737517769,0.09498139737517769,0.6310594990859788,140,False,WITHIN_THRESHOLD
2020-06-17 10:30:00,4135001,zVJPv84UY57bAof,717.9857143,655.2375,717.9857143,727.4578435511237,883.6244732175002,872.315,655.2375,717.9857143,-62.748214300000086,-0.0873947949802545,0.0873947949802545,0.6239543405030045,140,False,WITHIN_THRESHOLD
2020-06-17 10:45:00,4135001,1BY6WEcLGh8j5v7,627.4125,613.0857143,627.4125,687.2828047855247,892.9994196464999,925.427,613.0857143,627.4125,-14.326785700000073,-0.02283471511963831,0.02283471511963831,0.7244052284136537,127,False,WITHIN_THRESHOLD
2020-06-17 10:45:00,4135001,1IF53ai7Xc0U56Y,635.5875,676.2428571,635.5875,711.189045599727,908.3649285729998,921.35345,676.2428571,635.5875,40.65535710000006,0.0639650041890378,0.0639650041890378,0.5940346974102673,140,False,WITHIN_THRESHOLD
2020-06-17 10:45:00,4135001,3PZuoBAID5Wc2HD,646.5875,672.1571429,646.5875,710.6624526500891,911.3638214309998,921.35345,672.1571429,646.5875,25.569642900000076,0.039545526166218925,0.039545526166218925,0.6483868824537441,140,False,WITHIN_THRESHOLD
2020-06-17 10:45:00,4135001,7JYdWkrLSPkdwr4,663.7714286,646.7125,663.7714286,700.6502045145719,919.2669732165002,919.774,646.7125,663.7714286,-17.05892860000006,-0.025700004346345645,0.025700004346345645,0.5905745482895888,140,False,WITHIN_THRESHOLD
2020-06-17 10:45:00,4135001,McdE0feGgRqW7Ca,666.625,671.5571429,666.625,714.1705335174851,910.0737410739996,920.35504,671.5571429,666.625,4.932142900000031,0.007398676767298002,0.007398676767298002,0.6677543807186324,140,False,WITHIN_THRESHOLD
2020-06-17 10:45:00,4135001,VHMLBKoKgIrUVDU,686.6,655.2,686.6,708.4794891617944,909.6174910719996,921.35345,655.2,686.6,-31.399999999999977,-0.04573259539761138,0.04573259539761138,0.6129522180797938,140,False,WITHIN_THRESHOLD
2020-06-17 10:45:00,4135001,WRmjgnKYAwPKWDb,643.0125,645.6571429,643.0125,706.8322992355716,906.143821431,917.2283,645.6571429,643.0125,2.644642900000008,0.004112895005929135,0.004112895005929135,0.6395407288719102,140,False,WITHIN_THRESHOLD
2020-06-17 10:45:00,4135001,YxYtjZvoooNbGkE,639.6875,694.7714286,639.6875,704.6820709518049,903.8042589309998,919.0941,694.7714286,639.6875,55.083928600000036,0.0861106846702492,0.0861106846702492,0.621455172419359,140,False,WITHIN_THRESHOLD
2020-06-17 10:45:00,4135001,ZnxXDlPa8U1GXgE,663.8125,654.0,663.8125,708.334141096923,906.102625001,919.0941,654.0,663.8125,-9.8125,-0.014782035589869126,0.014782035589869126,0.6533279459118295,140,False,WITHIN_THRESHOLD
2020-06-17 10:45:00,4135001,ZoEaEvLYb1n2sOq,627.1,709.6857143,627.1,704.3549169258513,903.7347946455,918.2267,709.6857143,627.1,82.58571429999995,0.13169464885983087,0.13169464885983087,0.6312243441917053,140,False,WITHIN_THRESHOLD
2020-06-17 10:45:00,4135001,adLQvlD726eNBSB,643.55,681.1142857,643.55,714.4171159750596,907.70620536,921.35345,681.1142857,643.55,37.56428570000003,0.058370422966358526,0.058370422966358526,0.5967226324524667,140,False,WITHIN_THRESHOLD
2020-06-17 10:45:00,4135001,bvBOhCH3iADSZry,609.875,607.5571429,609.875,684.1636219556416,879.9361339300006,925.427,607.5571429,609.875,-2.3178570999999693,-0.0038005445378150758,0.0038005445378150758,0.7126272967972415,127,False,WITHIN_THRESHOLD
2020-06-17 10:45:00,4135001,iCRJl6heRkivqQ3,654.95,659.7428571,654.95,708.6309787673367,908.309080359,919.0941,659.7428571,654.95,4.792857099999992,0.007317897702114652,0.007317897702114652,0.6313543652927712,140,False,WITHIN_THRESHOLD
2020-06-17 10:45:00,4135001,ih0vzX44oOqAx2f,644.4875,626.0714286,644.4875,701.3012454840444,903.7270267889996,918.2267,626.0714286,644.4875,-18.416071399999964,-0.02857475342811143,0.02857475342811143,0.6624702585319796,140,False,WITHIN_THRESHOLD
2020-06-17 10:45:00,4135001,pkci93gMrogZuBj,642.5,662.1,642.5,706.2229886707518,903.5949910734998,919.0941,662.1,642.5,19.600000000000023,0.030505836575875522,0.030505836575875522,0.5863965339011183,140,False,WITHIN_THRESHOLD
2020-06-17 10:45:00,4135001,rGa61gmuvPhdLxV,639.2875,697.4714286,639.2875,706.3663763760269,903.603455359,919.0941,697.4714286,639.2875,58.183928599999945,0.09101371229689294,0.09101371229689294,0.6265022920692254,140,False,WITHIN_THRESHOLD
2020-06-17 10:45:00,4135001,sjndEbLyjtCKgGv,647.85,686.6428571,647.85,706.742553047265,904.4876160734998,919.0941,686.6428571,647.85,38.79285709999999,0.05987938118391602,0.05987938118391602,0.6598785838606678,140,False,WITHIN_THRESHOLD
2020-06-17 10:45:00,4135001,uHbuxQJl8lW7ozc,652.625,658.3,652.625,710.2717336070133,911.2787767919998,920.35504,658.3,652.625,5.6749999999999545,0.008695652173912974,0.008695652173912974,0.6330720359237364,140,False,WITHIN_THRESHOLD
2020-06-17 10:45:00,4135001,wCURE6d3bPkepu2,661.25,649.3571429,661.25,710.9449567916344,908.7196339295,919.0941,649.3571429,661.25,-11.892857100000015,-0.01798541716446127,0.01798541716446127,0.6722465763485777,140,False,WITHIN_THRESHOLD
2020-06-17 10:45:00,4135001,z9Y9gH1T5YWrNuG,658.5375,625.9571429,658.5375,712.3447598486533,905.6417589325,918.0957,625.9571429,658.5375,-32.580357100000015,-0.04947380688267565,0.04947380688267565,0.686499253670038,140,False,WITHIN_THRESHOLD
2020-06-17 10:45:00,4135001,zBIq5rxdHJRwDNY,628.975,659.3,628.975,699.497759840941,902.1545089279996,918.2267,659.3,628.975,30.324999999999932,0.04821336301124835,0.04821336301124835,0.6310594990859788,140,False,WITHIN_THRESHOLD
2020-06-17 10:45:00,4135001,zVJPv84UY57bAof,655.2375,657.7857143,655.2375,708.6743057532105,907.6198214295,919.0941,657.7857143,655.2375,2.5482143000000406,0.003888993380262944,0.003888993380262944,0.6239543405030045,140,False,WITHIN_THRESHOLD
2020-06-17 11:00:00,4135001,1BY6WEcLGh8j5v7,613.0857143,736.525,613.0857143,672.0689468500443,843.988357151,846.2069,736.525,613.0857143,123.43928570000003,0.20134099167673272,0.20134099167673272,0.7244052284136537,127,False,WITHIN_THRESHOLD
2020-06-17 11:00:00,4135001,1IF53ai7Xc0U56Y,676.2428571,796.2428571,676.2428571,684.2649384467411,858.3818839359996,862.23663,796.2428571,676.2428571,120.0,0.17745104253612085,0.17745104253612085,0.5940346974102673,140,False,WITHIN_THRESHOLD
2020-06-17 11:00:00,4135001,3PZuoBAID5Wc2HD,672.1571429,800.6875,672.1571429,686.8236678272281,862.5051607234994,870.03815,800.6875,672.1571429,128.53035709999995,0.19122069661487182,0.19122069661487182,0.6483868824537441,140,False,WITHIN_THRESHOLD
2020-06-17 11:00:00,4135001,7JYdWkrLSPkdwr4,646.7125,773.8142857,646.7125,686.4594561857701,866.2919196499993,859.43945,773.8142857,646.7125,127.10178570000005,0.19653522345710042,0.19653522345710042,0.5905745482895888,140,False,WITHIN_THRESHOLD
2020-06-17 11:00:00,4135001,McdE0feGgRqW7Ca,671.5571429,802.6714286,671.5571429,691.9122747587862,865.3081964334993,862.0811,802.6714286,671.5571429,131.11428569999998,0.1952392094793397,0.1952392094793397,0.6677543807186324,140,False,WITHIN_THRESHOLD
2020-06-17 11:00:00,4135001,VHMLBKoKgIrUVDU,655.2,795.3285714,655.2,694.7306830047503,863.9740089319996,853.0393,795.3285714,655.2,140.12857139999994,0.21387144597069588,0.21387144597069588,0.6129522180797938,140,False,WITHIN_THRESHOLD
2020-06-17 11:00:00,4135001,WRmjgnKYAwPKWDb,645.6571429,788.3125,645.6571429,684.2792528757735,857.6890357199995,860.99634,788.3125,645.6571429,142.65535709999995,0.2209459907146021,0.2209459907146021,0.6395407288719102,140,False,WITHIN_THRESHOLD
2020-06-17 11:00:00,4135001,YxYtjZvoooNbGkE,694.7714286,782.5428571,694.7714286,680.9689345774405,860.3817410764995,847.46783,782.5428571,694.7714286,87.77142849999996,0.12633137300545572,0.12633137300545572,0.621455172419359,140,False,WITHIN_THRESHOLD
2020-06-17 11:00:00,4135001,ZnxXDlPa8U1GXgE,654.0,789.6125,654.0,689.7914109438485,867.3851071539995,860.99634,789.6125,654.0,135.61249999999995,0.20735856269113143,0.20735856269113143,0.6533279459118295,140,False,WITHIN_THRESHOLD
2020-06-17 11:00:00,4135001,ZoEaEvLYb1n2sOq,709.6857143,776.2285714,709.6857143,678.0716466396857,851.2817142905,856.8217,776.2285714,709.6857143,66.54285709999999,0.09376383906168195,0.09376383906168195,0.6312243441917053,140,False,WITHIN_THRESHOLD
2020-06-17 11:00:00,4135001,adLQvlD726eNBSB,681.1142857,806.9,681.1142857,687.5081406630866,856.6116071489995,870.03815,806.9,681.1142857,125.7857143,0.18467637067797887,0.18467637067797887,0.5967226324524667,140,False,WITHIN_THRESHOLD
2020-06-17 11:00:00,4135001,bvBOhCH3iADSZry,607.5571429,723.475,607.5571429,667.3782568611878,844.8544821500001,850.3923,723.475,607.5571429,115.91785709999999,0.19079334093036796,0.19079334093036796,0.7126272967972415,127,False,WITHIN_THRESHOLD
2020-06-17 11:00:00,4135001,iCRJl6heRkivqQ3,659.7428571,793.925,659.7428571,687.4177748461129,862.3008482204993,870.03815,793.925,659.7428571,134.18214289999992,0.20338551824542356,0.20338551824542356,0.6313543652927712,140,False,WITHIN_THRESHOLD
2020-06-17 11:00:00,4135001,ih0vzX44oOqAx2f,626.0714286,767.925,626.0714286,682.4719948135174,855.9520535774996,859.43945,767.925,626.0714286,141.85357139999996,0.22657729600791426,0.22657729600791426,0.6624702585319796,140,False,WITHIN_THRESHOLD
2020-06-17 11:00:00,4135001,pkci93gMrogZuBj,662.1,783.7375,662.1,682.1891919921197,861.0304285764995,856.82623,783.7375,662.1,121.63749999999993,0.18371469566530724,0.18371469566530724,0.5863965339011183,140,False,WITHIN_THRESHOLD
2020-06-17 11:00:00,4135001,rGa61gmuvPhdLxV,697.4714286,785.2,697.4714286,682.4231676109521,861.5654821479998,853.1948,785.2,697.4714286,87.72857140000008,0.12578088191525397,0.12578088191525397,0.6265022920692254,140,False,WITHIN_THRESHOLD
2020-06-17 11:00:00,4135001,sjndEbLyjtCKgGv,686.6428571,786.6285714,686.6428571,685.1565063597816,859.7140267904995,860.99634,786.6285714,686.6428571,99.98571430000004,0.14561531262741806,0.14561531262741806,0.6598785838606678,140,False,WITHIN_THRESHOLD
2020-06-17 11:00:00,4135001,uHbuxQJl8lW7ozc,658.3,787.725,658.3,685.5578299343359,865.6475535784992,865.86804,787.725,658.3,129.42500000000007,0.1966048913869058,0.1966048913869058,0.6330720359237364,140,False,WITHIN_THRESHOLD
2020-06-17 11:00:00,4135001,wCURE6d3bPkepu2,649.3571429,787.7875,649.3571429,689.6821609739214,866.7373750064992,860.99634,787.7875,649.3571429,138.43035710000004,0.213180618113749,0.213180618113749,0.6722465763485777,140,False,WITHIN_THRESHOLD
2020-06-17 11:00:00,4135001,z9Y9gH1T5YWrNuG,625.9571429,778.55,625.9571429,690.5573780229863,865.3553303659995,870.03815,778.55,625.9571429,152.59285709999995,0.24377524696507452,0.24377524696507452,0.686499253670038,140,False,WITHIN_THRESHOLD
2020-06-17 11:00:00,4135001,zBIq5rxdHJRwDNY,659.3,769.2,659.3,677.9775849431858,849.7114107205,856.8217,769.2,659.3,109.90000000000009,0.16669194600333703,0.16669194600333703,0.6310594990859788,140,False,WITHIN_THRESHOLD
2020-06-17 11:00:00,4135001,zVJPv84UY57bAof,657.7857143,786.0875,657.7857143,686.1912548992974,865.4620803639992,865.86804,786.0875,657.7857143,128.30178569999998,0.19505103700303936,0.19505103700303936,0.6239543405030045,140,False,WITHIN_THRESHOLD
2020-06-17 11:15:00,4135001,1BY6WEcLGh8j5v7,736.525,692.7571429,736.525,741.7556247135311,916.248026772,913.7025,692.7571429,736.525,-43.767857100000015,-0.05942480852652662,0.05942480852652662,0.7244052284136537,127,False,WITHIN_THRESHOLD
2020-06-17 11:15:00,4135001,1IF53ai7Xc0U56Y,796.2428571,776.7125,796.2428571,760.1271844832806,934.1955892680004,932.6212,776.7125,796.2428571,-19.53035710000006,-0.024528141038692226,0.024528141038692226,0.5940346974102673,140,False,WITHIN_THRESHOLD
2020-06-17 11:15:00,4135001,3PZuoBAID5Wc2HD,800.6875,777.7571429,800.6875,757.8120685483733,953.3307321235,932.6212,777.7571429,800.6875,-22.930357100000037,-0.0286383353055968,0.0286383353055968,0.6483868824537441,140,False,WITHIN_THRESHOLD
2020-06-17 11:15:00,4135001,7JYdWkrLSPkdwr4,773.8142857,746.5875,773.8142857,754.5875190731128,928.941991058,934.9907,746.5875,773.8142857,-27.22678570000005,-0.03518516807346149,0.03518516807346149,0.5905745482895888,140,False,WITHIN_THRESHOLD
2020-06-17 11:15:00,4135001,McdE0feGgRqW7Ca,802.6714286,765.4875,802.6714286,764.350563544619,936.9480803390004,932.10254,765.4875,802.6714286,-37.18392860000006,-0.04632521761096613,0.04632521761096613,0.6677543807186324,140,False,WITHIN_THRESHOLD
2020-06-17 11:15:00,4135001,VHMLBKoKgIrUVDU,795.3285714,764.8625,795.3285714,759.8434817220829,936.6367321240002,932.6212,764.8625,795.3285714,-30.466071400000033,-0.038306270509521935,0.038306270509521935,0.6129522180797938,140,False,WITHIN_THRESHOLD
2020-06-17 11:15:00,4135001,WRmjgnKYAwPKWDb,788.3125,762.3857143,788.3125,750.6195976145209,939.953964271,932.6212,762.3857143,788.3125,-25.926785699999982,-0.03288896941251088,0.03288896941251088,0.6395407288719102,140,False,WITHIN_THRESHOLD
2020-06-17 11:15:00,4135001,YxYtjZvoooNbGkE,782.5428571,750.2125,782.5428571,763.6837724828137,946.3511160580002,939.0202,750.2125,782.5428571,-32.330357100000015,-0.04131448751549791,0.04131448751549791,0.621455172419359,140,False,WITHIN_THRESHOLD
2020-06-17 11:15:00,4135001,ZnxXDlPa8U1GXgE,789.6125,750.2285714,789.6125,759.6222958350772,921.8200981980004,932.10254,750.2285714,789.6125,-39.38392859999999,-0.04987753942598425,0.04987753942598425,0.6533279459118295,140,False,WITHIN_THRESHOLD
2020-06-17 11:15:00,4135001,ZoEaEvLYb1n2sOq,776.2285714,750.875,776.2285714,765.7265278613161,941.173151775,939.0202,750.875,776.2285714,-25.353571399999964,-0.03266250732599607,0.03266250732599607,0.6312243441917053,140,False,WITHIN_THRESHOLD
2020-06-17 11:15:00,4135001,adLQvlD726eNBSB,806.9,789.625,806.9,761.6976454727333,949.8646874834998,932.266,789.625,806.9,-17.274999999999977,-0.02140909654232244,0.02140909654232244,0.5967226324524667,140,False,WITHIN_THRESHOLD
2020-06-17 11:15:00,4135001,bvBOhCH3iADSZry,723.475,685.1857143,723.475,738.1751294422733,913.3596874875002,900.24585,685.1857143,723.475,-38.28928570000005,-0.052924131034244516,0.052924131034244516,0.7126272967972415,127,False,WITHIN_THRESHOLD
2020-06-17 11:15:00,4135001,iCRJl6heRkivqQ3,793.925,762.1571429,793.925,759.5969114482514,921.9169285560004,941.07355,762.1571429,793.925,-31.7678570999999,-0.04001367522121095,0.04001367522121095,0.6313543652927712,140,False,WITHIN_THRESHOLD
2020-06-17 11:15:00,4135001,ih0vzX44oOqAx2f,767.925,732.0142857,767.925,750.4022413288831,909.7529821315004,922.7443,732.0142857,767.925,-35.910714299999995,-0.046763309307549565,0.046763309307549565,0.6624702585319796,140,False,WITHIN_THRESHOLD
2020-06-17 11:15:00,4135001,pkci93gMrogZuBj,783.7375,765.4857143,783.7375,757.9605471335784,925.0989553440004,934.47205,765.4857143,783.7375,-18.251785699999914,-0.023288136270115844,0.023288136270115844,0.5863965339011183,140,False,WITHIN_THRESHOLD
2020-06-17 11:15:00,4135001,rGa61gmuvPhdLxV,785.2,767.2428571,785.2,765.7445034072227,932.0951339125008,938.5015,767.2428571,785.2,-17.957142900000008,-0.022869514645950086,0.022869514645950086,0.6265022920692254,140,False,WITHIN_THRESHOLD
2020-06-17 11:15:00,4135001,sjndEbLyjtCKgGv,786.6285714,753.0125,786.6285714,764.3164438493499,930.8939642720006,934.9907,753.0125,786.6285714,-33.61607140000001,-0.042734363614802214,0.042734363614802214,0.6598785838606678,140,False,WITHIN_THRESHOLD
2020-06-17 11:15:00,4135001,uHbuxQJl8lW7ozc,787.725,764.0428571,787.725,758.4753888624467,924.2835892695006,934.9907,764.0428571,787.725,-23.68214290000003,-0.030063972706210963,0.030063972706210963,0.6330720359237364,140,False,WITHIN_THRESHOLD
2020-06-17 11:15:00,4135001,wCURE6d3bPkepu2,787.7875,750.1571429,787.7875,759.3069000514519,915.3861874835004,934.47205,750.1571429,787.7875,-37.63035709999997,-0.04776714164670037,0.04776714164670037,0.6722465763485777,140,False,WITHIN_THRESHOLD
2020-06-17 11:15:00,4135001,z9Y9gH1T5YWrNuG,778.55,740.7142857,778.55,754.266115251735,910.2934642750006,921.3011,740.7142857,778.55,-37.83571429999995,-0.04859766784406904,0.04859766784406904,0.686499253670038,140,False,WITHIN_THRESHOLD
2020-06-17 11:15:00,4135001,zBIq5rxdHJRwDNY,769.2,743.1142857,769.2,755.4233529671374,918.6576874890004,936.43396,743.1142857,769.2,-26.085714300000063,-0.033912785101404136,0.033912785101404136,0.6310594990859788,140,False,WITHIN_THRESHOLD
2020-06-17 11:15:00,4135001,zVJPv84UY57bAof,786.0875,758.0857143,786.0875,758.8499711571551,918.2178124850004,934.9907,758.0857143,786.0875,-28.001785700000028,-0.03562171603034017,0.03562171603034017,0.6239543405030045,140,False,WITHIN_THRESHOLD
2020-06-17 11:30:00,4135001,1BY6WEcLGh8j5v7,692.7571429,1045.0,692.7571429,748.8725574781247,787.834276788,981.8009,1045.0,692.7571429,352.24285710000004,0.5084651392051349,0.5084651392051349,0.7244052284136537,127,False,WITHIN_THRESHOLD
2020-06-17 11:30:00,4135001,1IF53ai7Xc0U56Y,776.7125,1124.414286,776.7125,763.7390168721067,825.1954017814999,940.4852,1124.414286,776.7125,347.70178599999997,0.44765828540161257,0.44765828540161257,0.5940346974102673,140,False,WITHIN_THRESHOLD
2020-06-17 11:30:00,4135001,3PZuoBAID5Wc2HD,777.7571429,1165.4625,777.7571429,763.4075153825274,808.336999999,960.8658,1165.4625,777.7571429,387.7053571000001,0.49849154152975655,0.49849154152975655,0.6483868824537441,140,False,WITHIN_THRESHOLD
2020-06-17 11:30:00,4135001,7JYdWkrLSPkdwr4,746.5875,1103.242857,746.5875,758.6191849793822,788.4518750009998,963.5313,1103.242857,746.5875,356.655357,0.47771407504143854,0.47771407504143854,0.5905745482895888,140,False,WITHIN_THRESHOLD
2020-06-17 11:30:00,4135001,McdE0feGgRqW7Ca,765.4875,1143.471429,765.4875,768.8814259136807,825.1005803499997,948.85443,1143.471429,765.4875,377.983929,0.493781974232107,0.493781974232107,0.6677543807186324,140,False,WITHIN_THRESHOLD
2020-06-17 11:30:00,4135001,VHMLBKoKgIrUVDU,764.8625,1112.257143,764.8625,766.546722211247,818.4679285674996,960.8658,1112.257143,764.8625,347.3946430000001,0.4541922803118209,0.4541922803118209,0.6129522180797938,140,False,WITHIN_THRESHOLD
2020-06-17 11:30:00,4135001,WRmjgnKYAwPKWDb,762.3857143,1140.7625,762.3857143,757.8484493816636,784.7049196429996,969.2712,1140.7625,762.3857143,378.3767857,0.49630623790926404,0.49630623790926404,0.6395407288719102,140,False,WITHIN_THRESHOLD
2020-06-17 11:30:00,4135001,YxYtjZvoooNbGkE,750.2125,1138.857143,750.2125,765.2621872182991,820.717169636,954.43695,1138.857143,750.2125,388.644643,0.5180460776113435,0.5180460776113435,0.621455172419359,140,False,WITHIN_THRESHOLD
2020-06-17 11:30:00,4135001,ZnxXDlPa8U1GXgE,750.2285714,1131.2125,750.2285714,765.6429097346265,816.7197321330001,950.667,1131.2125,750.2285714,380.9839286000001,0.5078238061355712,0.5078238061355712,0.6533279459118295,140,False,WITHIN_THRESHOLD
2020-06-17 11:30:00,4135001,ZoEaEvLYb1n2sOq,750.875,1114.3,750.875,761.4888012869562,815.5802321464997,962.8355,1114.3,750.875,363.42499999999995,0.4840019976693857,0.4840019976693857,0.6312243441917053,140,False,WITHIN_THRESHOLD
2020-06-17 11:30:00,4135001,adLQvlD726eNBSB,789.625,1153.271429,789.625,766.8390180269695,826.2127142814998,925.46014,1153.271429,789.625,363.6464289999999,0.46053054171283825,0.46053054171283825,0.5967226324524667,140,False,WITHIN_THRESHOLD
2020-06-17 11:30:00,4135001,bvBOhCH3iADSZry,685.1857143,1023.9625,685.1857143,740.3608554834077,777.3430803574998,935.6955,1023.9625,685.1857143,338.7767857,0.49443060272513334,0.49443060272513334,0.7126272967972415,127,False,WITHIN_THRESHOLD
2020-06-17 11:30:00,4135001,iCRJl6heRkivqQ3,762.1571429,1180.9125,762.1571429,764.5813533696403,817.572696426,959.7537,1180.9125,762.1571429,418.75535709999986,0.5494344060158514,0.5494344060158514,0.6313543652927712,140,False,WITHIN_THRESHOLD
2020-06-17 11:30:00,4135001,ih0vzX44oOqAx2f,732.0142857,1124.95,732.0142857,756.1284204102528,806.0326964330001,944.01843,1124.95,732.0142857,392.9357143000001,0.5367869479818269,0.5367869479818269,0.6624702585319796,140,False,WITHIN_THRESHOLD
2020-06-17 11:30:00,4135001,pkci93gMrogZuBj,765.4857143,1138.514286,765.4857143,759.0809737534346,813.7900089309999,943.15076,1138.514286,765.4857143,373.02857170000004,0.4873096450155399,0.4873096450155399,0.5863965339011183,140,False,WITHIN_THRESHOLD
2020-06-17 11:30:00,4135001,rGa61gmuvPhdLxV,767.2428571,1150.6875,767.2428571,761.529463736999,819.9918124959997,983.21606,1150.6875,767.2428571,383.44464289999996,0.49976958319212217,0.49976958319212217,0.6265022920692254,140,False,WITHIN_THRESHOLD
2020-06-17 11:30:00,4135001,sjndEbLyjtCKgGv,753.0125,1119.128571,753.0125,764.9302399294864,823.7680714224998,953.33704,1119.128571,753.0125,366.1160709999999,0.4862018505668895,0.4862018505668895,0.6598785838606678,140,False,WITHIN_THRESHOLD
2020-06-17 11:30:00,4135001,uHbuxQJl8lW7ozc,764.0428571,1162.028571,764.0428571,760.1047226273997,816.0927053559997,959.06555,1162.028571,764.0428571,397.98571390000006,0.5208944893622776,0.5208944893622776,0.6330720359237364,140,False,WITHIN_THRESHOLD
2020-06-17 11:30:00,4135001,wCURE6d3bPkepu2,750.1571429,1117.285714,750.1571429,764.5821957614506,818.4910535659999,967.43475,1117.285714,750.1571429,367.12857110000004,0.4894022200211726,0.4894022200211726,0.6722465763485777,140,False,WITHIN_THRESHOLD
2020-06-17 11:30:00,4135001,z9Y9gH1T5YWrNuG,740.7142857,1064.128571,740.7142857,759.1968032772596,814.1750982189999,948.16174,1064.128571,740.7142857,323.41428529999996,0.4366248789090959,0.4366248789090959,0.686499253670038,140,False,WITHIN_THRESHOLD
2020-06-17 11:30:00,4135001,zBIq5rxdHJRwDNY,743.1142857,1157.6625,743.1142857,757.9684084126058,804.6834910785002,943.8389,1157.6625,743.1142857,414.5482142999999,0.5578525702940876,0.5578525702940876,0.6310594990859788,140,False,WITHIN_THRESHOLD
2020-06-17 11:30:00,4135001,zVJPv84UY57bAof,758.0857143,1162.4,758.0857143,760.6291588562278,820.9083660739997,959.06555,1162.4,758.0857143,404.31428570000014,0.533335845898818,0.533335845898818,0.6239543405030045,140,False,WITHIN_THRESHOLD
2020-06-17 11:45:00,4135001,1BY6WEcLGh8j5v7,1045.0,952.0857143,1045.0,995.574653397226,715.3439464099997,943.45105,952.0857143,1045.0,-92.91428570000005,-0.08891319205741631,0.08891319205741631,0.7244052284136537,127,False,WITHIN_THRESHOLD
2020-06-17 11:45:00,4135001,1IF53ai7Xc0U56Y,1124.414286,1146.4875,1124.414286,1019.4025930440532,719.4839821279993,1124.7333,1146.4875,1124.414286,22.073214000000007,0.0196308551704047,0.0196308551704047,0.5940346974102673,140,False,WITHIN_THRESHOLD
2020-06-17 11:45:00,4135001,3PZuoBAID5Wc2HD,1165.4625,1056.242857,1165.4625,1021.303252178637,723.4572678529995,1124.7333,1056.242857,1165.4625,-109.21964300000013,-0.09371356264144073,0.09371356264144073,0.6483868824537441,140,False,WITHIN_THRESHOLD
2020-06-17 11:45:00,4135001,7JYdWkrLSPkdwr4,1103.242857,1105.8,1103.242857,1010.1396622100408,720.1155446254999,1112.5701,1105.8,1103.242857,2.5571429999999964,0.0023178423352348035,0.0023178423352348035,0.5905745482895888,140,False,WITHIN_THRESHOLD
2020-06-17 11:45:00,4135001,McdE0feGgRqW7Ca,1143.471429,1194.9,1143.471429,1017.7117190164256,722.5829553569997,1112.5701,1194.9,1143.471429,51.42857100000015,0.04497582510214179,0.04497582510214179,0.6677543807186324,140,False,WITHIN_THRESHOLD
2020-06-17 11:45:00,4135001,VHMLBKoKgIrUVDU,1112.257143,1104.2125,1112.257143,1017.637145660231,722.629785711,1111.3995,1104.2125,1112.257143,-8.044642999999951,-0.007232718666388417,0.007232718666388417,0.6129522180797938,140,False,WITHIN_THRESHOLD
2020-06-17 11:45:00,4135001,WRmjgnKYAwPKWDb,1140.7625,1027.414286,1140.7625,1014.7058388943196,716.4935446279995,1124.7333,1027.414286,1140.7625,-113.3482140000001,-0.09936179879685744,0.09936179879685744,0.6395407288719102,140,False,WITHIN_THRESHOLD
2020-06-17 11:45:00,4135001,YxYtjZvoooNbGkE,1138.857143,1148.4875,1138.857143,1016.5263942773928,717.9128214214995,1124.7333,1148.4875,1138.857143,9.630357000000004,0.008456158930198679,0.008456158930198679,0.621455172419359,140,False,WITHIN_THRESHOLD
2020-06-17 11:45:00,4135001,ZnxXDlPa8U1GXgE,1131.2125,1076.771429,1131.2125,1013.6573200177284,717.0206874784996,1116.7401,1076.771429,1131.2125,-54.44107100000019,-0.04812629899333696,0.04812629899333696,0.6533279459118295,140,False,WITHIN_THRESHOLD
2020-06-17 11:45:00,4135001,ZoEaEvLYb1n2sOq,1114.3,1126.8,1114.3,1016.470989300708,715.7159106984997,1124.7333,1126.8,1114.3,12.5,0.01121780489993718,0.01121780489993718,0.6312243441917053,140,False,WITHIN_THRESHOLD
2020-06-17 11:45:00,4135001,adLQvlD726eNBSB,1153.271429,1145.875,1153.271429,1023.5587438127292,720.0661517794994,1146.4648,1145.875,1153.271429,-7.396428999999898,-0.006413432964704009,0.006413432964704009,0.5967226324524667,140,False,WITHIN_THRESHOLD
2020-06-17 11:45:00,4135001,bvBOhCH3iADSZry,1023.9625,965.3285714,1023.9625,991.2446584134818,722.0809910584996,934.2133,965.3285714,1023.9625,-58.63392859999999,-0.05726179288792314,0.05726179288792314,0.7126272967972415,127,False,WITHIN_THRESHOLD
2020-06-17 11:45:00,4135001,iCRJl6heRkivqQ3,1180.9125,1150.2,1180.9125,1015.289058404044,718.0966874784997,1114.9397,1150.2,1180.9125,-30.712499999999864,-0.026007430694484024,0.026007430694484024,0.6313543652927712,140,False,WITHIN_THRESHOLD
2020-06-17 11:45:00,4135001,ih0vzX44oOqAx2f,1124.95,1121.271429,1124.95,1005.068784789963,718.7215981964997,1102.1838,1121.271429,1124.95,-3.6785710000001473,-0.0032699862216099803,0.0032699862216099803,0.6624702585319796,140,False,WITHIN_THRESHOLD
2020-06-17 11:45:00,4135001,pkci93gMrogZuBj,1138.514286,1219.6,1138.514286,1015.121929598029,718.4831339129996,1124.7333,1219.6,1138.514286,81.08571399999983,0.07122063815719201,0.07122063815719201,0.5863965339011183,140,False,WITHIN_THRESHOLD
2020-06-17 11:45:00,4135001,rGa61gmuvPhdLxV,1150.6875,1131.2,1150.6875,1017.5022248332068,720.7084732019996,1120.5632,1131.2,1150.6875,-19.487499999999955,-0.016935527673673307,0.016935527673673307,0.6265022920692254,140,False,WITHIN_THRESHOLD
2020-06-17 11:45:00,4135001,sjndEbLyjtCKgGv,1119.128571,1159.0,1119.128571,1014.0310527389256,716.6031874769996,1114.9397,1159.0,1119.128571,39.871429000000035,0.035627210343109034,0.035627210343109034,0.6598785838606678,140,False,WITHIN_THRESHOLD
2020-06-17 11:45:00,4135001,uHbuxQJl8lW7ozc,1162.028571,1226.8,1162.028571,1014.043490047111,718.5955892669997,1114.9397,1226.8,1162.028571,64.7714289999999,0.055739962524553016,0.055739962524553016,0.6330720359237364,140,False,WITHIN_THRESHOLD
2020-06-17 11:45:00,4135001,wCURE6d3bPkepu2,1117.285714,1216.6875,1117.285714,1012.2970948924482,718.2585356909999,1119.1097,1216.6875,1117.285714,99.4017859999999,0.08896720396086609,0.08896720396086609,0.6722465763485777,140,False,WITHIN_THRESHOLD
2020-06-17 11:45:00,4135001,z9Y9gH1T5YWrNuG,1064.128571,1206.3625,1064.128571,1008.0451409220166,717.7988303379998,1101.2074,1206.3625,1064.128571,142.233929,0.13366235328719503,0.13366235328719503,0.686499253670038,140,False,WITHIN_THRESHOLD
2020-06-17 11:45:00,4135001,zBIq5rxdHJRwDNY,1157.6625,1147.785714,1157.6625,1009.1523829725176,718.9399910529999,1100.4014,1147.785714,1157.6625,-9.87678599999981,-0.008531662725535129,0.008531662725535129,0.6310594990859788,140,False,WITHIN_THRESHOLD
2020-06-17 11:45:00,4135001,zVJPv84UY57bAof,1162.4,1141.742857,1162.4,1013.912119512619,717.7983660489997,1114.9397,1141.742857,1162.4,-20.657143000000133,-0.01777111407432909,0.01777111407432909,0.6239543405030045,140,False,WITHIN_THRESHOLD
2020-06-17 12:00:00,4135001,1BY6WEcLGh8j5v7,952.0857143,1244.7875,952.0857143,1044.6377594915791,799.1735803649998,972.06433,1244.7875,952.0857143,292.70178569999996,0.30743217895586483,0.30743217895586483,0.7244052284136537,127,False,WITHIN_THRESHOLD
2020-06-17 12:00:00,4135001,1IF53ai7Xc0U56Y,1146.4875,1345.242857,1146.4875,1073.1037250387112,876.1702142879997,972.99164,1345.242857,1146.4875,198.755357,0.17336024771312378,0.17336024771312378,0.5940346974102673,140,False,WITHIN_THRESHOLD
2020-06-17 12:00:00,4135001,3PZuoBAID5Wc2HD,1056.242857,1339.8,1056.242857,1083.9115276172688,878.185124999,976.55206,1339.8,1056.242857,283.557143,0.2684582822224946,0.2684582822224946,0.6483868824537441,140,False,WITHIN_THRESHOLD
2020-06-17 12:00:00,4135001,7JYdWkrLSPkdwr4,1105.8,1319.042857,1105.8,1063.9100639031362,872.5690446594998,983.7894,1319.042857,1105.8,213.24285699999996,0.19284034816422496,0.19284034816422496,0.5905745482895888,140,False,WITHIN_THRESHOLD
2020-06-17 12:00:00,4135001,McdE0feGgRqW7Ca,1194.9,1345.771429,1194.9,1074.9174448438512,894.2071964299997,1017.8347,1345.771429,1194.9,150.8714289999998,0.1262628077663401,0.1262628077663401,0.6677543807186324,140,False,WITHIN_THRESHOLD
2020-06-17 12:00:00,4135001,VHMLBKoKgIrUVDU,1104.2125,1341.114286,1104.2125,1068.5134704977463,874.4134553609998,972.99164,1341.114286,1104.2125,236.9017859999999,0.21454365531996775,0.21454365531996775,0.6129522180797938,140,False,WITHIN_THRESHOLD
2020-06-17 12:00:00,4135001,WRmjgnKYAwPKWDb,1027.414286,1324.575,1027.414286,1075.800226966731,877.7507232259999,982.6693,1324.575,1027.414286,297.1607140000001,0.2892316352315157,0.2892316352315157,0.6395407288719102,140,False,WITHIN_THRESHOLD
2020-06-17 12:00:00,4135001,YxYtjZvoooNbGkE,1148.4875,1349.4,1148.4875,1076.062253044253,872.4309375059997,963.86346,1349.4,1148.4875,200.91250000000014,0.17493660139966707,0.17493660139966707,0.621455172419359,140,False,WITHIN_THRESHOLD
2020-06-17 12:00:00,4135001,ZnxXDlPa8U1GXgE,1076.771429,1345.885714,1076.771429,1070.9014237385672,873.880339293,969.204,1345.885714,1076.771429,269.1142850000001,0.24992702977820203,0.24992702977820203,0.6533279459118295,140,False,WITHIN_THRESHOLD
2020-06-17 12:00:00,4135001,ZoEaEvLYb1n2sOq,1126.8,1327.942857,1126.8,1070.982291377975,870.5297232194997,951.6087,1327.942857,1126.8,201.14285700000005,0.17850803780617683,0.17850803780617683,0.6312243441917053,140,False,WITHIN_THRESHOLD
2020-06-17 12:00:00,4135001,adLQvlD726eNBSB,1145.875,1327.957143,1145.875,1081.5470934153095,889.3793750030002,1018.0679,1327.957143,1145.875,182.0821430000001,0.15890227380822522,0.15890227380822522,0.5967226324524667,140,False,WITHIN_THRESHOLD
2020-06-17 12:00:00,4135001,bvBOhCH3iADSZry,965.3285714,1199.6625,965.3285714,1038.5761993302558,811.2497589374999,956.3298,1199.6625,965.3285714,234.33392859999992,0.24275043290198,0.24275043290198,0.7126272967972415,127,False,WITHIN_THRESHOLD
2020-06-17 12:00:00,4135001,iCRJl6heRkivqQ3,1150.2,1331.5125,1150.2,1082.9139664200036,878.441357147,978.3929,1331.5125,1150.2,181.3125,0.15763562858633282,0.15763562858633282,0.6313543652927712,140,False,WITHIN_THRESHOLD
2020-06-17 12:00:00,4135001,ih0vzX44oOqAx2f,1121.271429,1317.971429,1121.271429,1065.7156063252094,885.5871428750003,967.6158,1317.971429,1121.271429,196.70000000000005,0.17542585578536138,0.17542585578536138,0.6624702585319796,140,False,WITHIN_THRESHOLD
2020-06-17 12:00:00,4135001,pkci93gMrogZuBj,1219.6,1352.271429,1219.6,1074.053534425983,869.8199196479998,969.204,1352.271429,1219.6,132.671429,0.10878273942276157,0.10878273942276157,0.5863965339011183,140,False,WITHIN_THRESHOLD
2020-06-17 12:00:00,4135001,rGa61gmuvPhdLxV,1131.2,1349.528571,1131.2,1078.2658685683025,870.0447946349999,969.4372,1349.528571,1131.2,218.328571,0.19300616248231967,0.19300616248231967,0.6265022920692254,140,False,WITHIN_THRESHOLD
2020-06-17 12:00:00,4135001,sjndEbLyjtCKgGv,1159.0,1305.614286,1159.0,1069.633381323879,872.3859107249998,963.86346,1305.614286,1159.0,146.614286,0.12650067817083693,0.12650067817083693,0.6598785838606678,140,False,WITHIN_THRESHOLD
2020-06-17 12:00:00,4135001,uHbuxQJl8lW7ozc,1226.8,1328.657143,1226.8,1078.4280607659548,877.5900892844998,972.99164,1328.657143,1226.8,101.85714299999995,0.08302668976198235,0.08302668976198235,0.6330720359237364,140,False,WITHIN_THRESHOLD
2020-06-17 12:00:00,4135001,wCURE6d3bPkepu2,1216.6875,1335.085714,1216.6875,1066.4290066630997,885.7686160855,972.99164,1335.085714,1216.6875,118.39821400000005,0.09731193424770128,0.09731193424770128,0.6722465763485777,140,False,WITHIN_THRESHOLD
2020-06-17 12:00:00,4135001,z9Y9gH1T5YWrNuG,1206.3625,1295.557143,1206.3625,1050.9744933475283,858.9556428845001,992.3566,1295.557143,1206.3625,89.19464300000004,0.07393684982747727,0.07393684982747727,0.686499253670038,140,False,WITHIN_THRESHOLD
2020-06-17 12:00:00,4135001,zBIq5rxdHJRwDNY,1147.785714,1324.675,1147.785714,1076.6878540431762,876.3382232129998,969.204,1324.675,1147.785714,176.88928599999986,0.1541135107733183,0.1541135107733183,0.6310594990859788,140,False,WITHIN_THRESHOLD
2020-06-17 12:00:00,4135001,zVJPv84UY57bAof,1141.742857,1296.9,1141.742857,1076.877041400005,880.8825535699999,979.2203,1296.9,1141.742857,155.15714300000013,0.13589499776480768,0.13589499776480768,0.6239543405030045,140,False,WITHIN_THRESHOLD
2020-06-17 12:15:00,4135001,1BY6WEcLGh8j5v7,1244.7875,869.5857143,1244.7875,1152.164582790342,797.5978214179996,839.0939,869.5857143,1244.7875,-375.20178569999996,-0.3014183430505207,0.3014183430505207,0.7244052284136537,127,False,WITHIN_THRESHOLD
2020-06-17 12:15:00,4135001,1IF53ai7Xc0U56Y,1345.242857,998.05,1345.242857,1207.8385734515794,802.2754999890001,878.4416,998.05,1345.242857,-347.192857,-0.2580893518173128,0.2580893518173128,0.5940346974102673,140,False,WITHIN_THRESHOLD
2020-06-17 12:15:00,4135001,3PZuoBAID5Wc2HD,1339.8,975.4285714,1339.8,1191.7715409637872,791.7807321284996,874.37494,975.4285714,1339.8,-364.37142859999994,-0.2719595675473951,0.2719595675473951,0.6483868824537441,140,False,WITHIN_THRESHOLD
2020-06-17 12:15:00,4135001,7JYdWkrLSPkdwr4,1319.042857,945.2125,1319.042857,1193.9326314740424,811.909223215,864.6972,945.2125,1319.042857,-373.83035699999994,-0.283410319093218,0.283410319093218,0.5905745482895888,140,False,WITHIN_THRESHOLD
2020-06-17 12:15:00,4135001,McdE0feGgRqW7Ca,1345.771429,915.2,1345.771429,1218.6203405407027,811.1241517834997,867.0469,915.2,1345.771429,-430.57142899999985,-0.31994395164113704,0.31994395164113704,0.6677543807186324,140,False,WITHIN_THRESHOLD
2020-06-17 12:15:00,4135001,VHMLBKoKgIrUVDU,1341.114286,968.75,1341.114286,1195.761038584204,814.2480535680002,874.2562,968.75,1341.114286,-372.364286,-0.27765291137909776,0.27765291137909776,0.6129522180797938,140,False,WITHIN_THRESHOLD
2020-06-17 12:15:00,4135001,WRmjgnKYAwPKWDb,1324.575,993.3714286,1324.575,1182.725534943243,796.0760446314997,875.27606,993.3714286,1324.575,-331.2035714000001,-0.25004516271256827,0.25004516271256827,0.6395407288719102,140,False,WITHIN_THRESHOLD
2020-06-17 12:15:00,4135001,YxYtjZvoooNbGkE,1349.4,938.1375,1349.4,1206.8506167731334,812.207160707,872.969,938.1375,1349.4,-411.26250000000005,-0.3047743441529569,0.3047743441529569,0.621455172419359,140,False,WITHIN_THRESHOLD
2020-06-17 12:15:00,4135001,ZnxXDlPa8U1GXgE,1345.885714,946.4375,1345.885714,1190.01082374157,823.0442678369999,874.2562,946.4375,1345.885714,-399.448214,-0.29679207517021017,0.29679207517021017,0.6533279459118295,140,False,WITHIN_THRESHOLD
2020-06-17 12:15:00,4135001,ZoEaEvLYb1n2sOq,1327.942857,942.0625,1327.942857,1199.694914312595,809.9349910735001,872.969,942.0625,1327.942857,-385.880357,-0.2905850616733277,0.2905850616733277,0.6312243441917053,140,False,WITHIN_THRESHOLD
2020-06-17 12:15:00,4135001,adLQvlD726eNBSB,1327.957143,1029.1875,1327.957143,1211.2513343102592,805.644062492,878.4416,1029.1875,1327.957143,-298.7696430000001,-0.22498440147326357,0.22498440147326357,0.5967226324524667,140,False,WITHIN_THRESHOLD
2020-06-17 12:15:00,4135001,bvBOhCH3iADSZry,1199.6625,873.4285714,1199.6625,1152.6537798396798,791.1018660579996,839.0939,873.4285714,1199.6625,-326.2339285999999,-0.27193808975441003,0.27193808975441003,0.7126272967972415,127,False,WITHIN_THRESHOLD
2020-06-17 12:15:00,4135001,iCRJl6heRkivqQ3,1331.5125,909.0571429,1331.5125,1211.8217295870686,804.6346428500001,872.969,909.0571429,1331.5125,-422.4553571,-0.317274796218586,0.317274796218586,0.6313543652927712,140,False,WITHIN_THRESHOLD
2020-06-17 12:15:00,4135001,ih0vzX44oOqAx2f,1317.971429,926.775,1317.971429,1198.5017936359766,810.0415892905002,867.58563,926.775,1317.971429,-391.19642899999997,-0.2968170784224185,0.2968170784224185,0.6624702585319796,140,False,WITHIN_THRESHOLD
2020-06-17 12:15:00,4135001,pkci93gMrogZuBj,1352.271429,937.9625,1352.271429,1223.696039208652,835.6131874895,865.75964,937.9625,1352.271429,-414.3089289999999,-0.3063800063470837,0.3063800063470837,0.5863965339011183,140,False,WITHIN_THRESHOLD
2020-06-17 12:15:00,4135001,rGa61gmuvPhdLxV,1349.528571,993.9125,1349.528571,1204.720386315132,803.482017851,872.969,993.9125,1349.528571,-355.61607100000003,-0.2635113317656466,0.2635113317656466,0.6265022920692254,140,False,WITHIN_THRESHOLD
2020-06-17 12:15:00,4135001,sjndEbLyjtCKgGv,1305.614286,898.1625,1305.614286,1207.421187976889,815.8480089240002,868.5661,898.1625,1305.614286,-407.45178599999997,-0.3120766909255464,0.3120766909255464,0.6598785838606678,140,False,WITHIN_THRESHOLD
2020-06-17 12:15:00,4135001,uHbuxQJl8lW7ozc,1328.657143,925.05,1328.657143,1227.3913285250471,832.8563839190001,869.949,925.05,1328.657143,-403.60714299999995,-0.3037707245442476,0.3037707245442476,0.6330720359237364,140,False,WITHIN_THRESHOLD
2020-06-17 12:15:00,4135001,wCURE6d3bPkepu2,1335.085714,909.4375,1335.085714,1221.007557706579,827.6182767790003,867.0469,909.4375,1335.085714,-425.64821400000005,-0.31881714375081693,0.31881714375081693,0.6722465763485777,140,False,WITHIN_THRESHOLD
2020-06-17 12:15:00,4135001,z9Y9gH1T5YWrNuG,1295.557143,899.2,1295.557143,1213.4052061336206,825.8763392875002,865.75964,899.2,1295.557143,-396.35714299999995,-0.3059356703342262,0.3059356703342262,0.686499253670038,140,False,WITHIN_THRESHOLD
2020-06-17 12:15:00,4135001,zBIq5rxdHJRwDNY,1324.675,911.3571429,1324.675,1208.9630898684618,810.1987053560002,864.6379,911.3571429,1324.675,-413.31785709999997,-0.31201453722611205,0.31201453722611205,0.6310594990859788,140,False,WITHIN_THRESHOLD
2020-06-17 12:15:00,4135001,zVJPv84UY57bAof,1296.9,913.2625,1296.9,1208.0152681037964,803.2866428535001,872.969,913.2625,1296.9,-383.63750000000005,-0.29581116508597427,0.29581116508597427,0.6239543405030045,140,False,WITHIN_THRESHOLD
2020-06-17 12:30:00,4135001,1BY6WEcLGh8j5v7,869.5857143,969.1714286,869.5857143,991.0810449979664,953.3587053375006,1012.5516,969.1714286,869.5857143,99.58571430000006,0.11452087202256385,0.11452087202256385,0.7244052284136537,127,False,WITHIN_THRESHOLD
2020-06-17 12:30:00,4135001,1IF53ai7Xc0U56Y,998.05,984.9428571,998.05,1034.9392362069073,979.0258839130008,983.71313,984.9428571,998.05,-13.107142899999985,-0.013132751765943576,0.013132751765943576,0.5940346974102673,140,False,WITHIN_THRESHOLD
2020-06-17 12:30:00,4135001,3PZuoBAID5Wc2HD,975.4285714,950.6142857,975.4285714,1030.129643762755,978.171723193501,983.71313,950.6142857,975.4285714,-24.814285700000028,-0.025439367297171656,0.025439367297171656,0.6483868824537441,140,False,WITHIN_THRESHOLD
2020-06-17 12:30:00,4135001,7JYdWkrLSPkdwr4,945.2125,1003.014286,945.2125,1023.6820509090676,918.6941160495008,1030.3268,1003.014286,945.2125,57.80178599999999,0.06115215996402925,0.06115215996402925,0.5905745482895888,140,False,WITHIN_THRESHOLD
2020-06-17 12:30:00,4135001,McdE0feGgRqW7Ca,915.2,1035.042857,915.2,1038.7661316777126,979.1802856990008,1034.1744,1035.042857,915.2,119.84285699999987,0.13094717766608377,0.13094717766608377,0.6677543807186324,140,False,WITHIN_THRESHOLD
2020-06-17 12:30:00,4135001,VHMLBKoKgIrUVDU,968.75,1054.214286,968.75,1028.5771533610073,978.6170267630008,983.71313,1054.214286,968.75,85.4642859999999,0.0882211984516128,0.0882211984516128,0.6129522180797938,140,False,WITHIN_THRESHOLD
2020-06-17 12:30:00,4135001,WRmjgnKYAwPKWDb,993.3714286,955.5714286,993.3714286,1022.9921049534728,916.5710624805008,1030.3268,955.5714286,993.3714286,-37.799999999999955,-0.03805223193631921,0.03805223193631921,0.6395407288719102,140,False,WITHIN_THRESHOLD
2020-06-17 12:30:00,4135001,YxYtjZvoooNbGkE,938.1375,1066.057143,938.1375,1036.6401824030183,981.835187482001,983.71313,1066.057143,938.1375,127.91964299999995,0.1363548978694487,0.1363548978694487,0.621455172419359,140,False,WITHIN_THRESHOLD
2020-06-17 12:30:00,4135001,ZnxXDlPa8U1GXgE,946.4375,1000.642857,946.4375,1028.9676126807883,973.1280267665009,1015.8613,1000.642857,946.4375,54.20535700000005,0.057273044442977004,0.057273044442977004,0.6533279459118295,140,False,WITHIN_THRESHOLD
2020-06-17 12:30:00,4135001,ZoEaEvLYb1n2sOq,942.0625,1037.628571,942.0625,1028.3775039883822,945.0717231950008,1013.75165,1037.628571,942.0625,95.56607099999997,0.10144345093876464,0.10144345093876464,0.6312243441917053,140,False,WITHIN_THRESHOLD
2020-06-17 12:30:00,4135001,adLQvlD726eNBSB,1029.1875,986.2428571,1029.1875,1033.2683592468825,947.3190981990008,1034.1744,986.2428571,1029.1875,-42.94464289999996,-0.041726743571992436,0.041726743571992436,0.5967226324524667,140,False,WITHIN_THRESHOLD
2020-06-17 12:30:00,4135001,bvBOhCH3iADSZry,873.4285714,943.8,873.4285714,980.9181787379188,942.5810803435,1006.9639,943.8,873.4285714,70.37142859999994,0.08056918551130413,0.08056918551130413,0.7126272967972415,127,False,WITHIN_THRESHOLD
2020-06-17 12:30:00,4135001,iCRJl6heRkivqQ3,909.0571429,955.1375,909.0571429,1036.401174178139,978.2043124805008,1002.99164,955.1375,909.0571429,46.080357100000015,0.05069027558927507,0.05069027558927507,0.6313543652927712,140,False,WITHIN_THRESHOLD
2020-06-17 12:30:00,4135001,ih0vzX44oOqAx2f,926.775,944.7,926.775,1026.872698983621,925.7713928305006,1027.57,944.7,926.775,17.925000000000068,0.01934126406085627,0.01934126406085627,0.6624702585319796,140,False,WITHIN_THRESHOLD
2020-06-17 12:30:00,4135001,pkci93gMrogZuBj,937.9625,926.4285714,937.9625,1044.5119637929995,976.8689464090012,1030.4503,926.4285714,937.9625,-11.533928599999967,-0.012296790756560063,0.012296790756560063,0.5863965339011183,140,False,WITHIN_THRESHOLD
2020-06-17 12:30:00,4135001,rGa61gmuvPhdLxV,993.9125,967.1,993.9125,1036.9679707937753,979.3108124825008,983.71313,967.1,993.9125,-26.8125,-0.026976720787795706,0.026976720787795706,0.6265022920692254,140,False,WITHIN_THRESHOLD
2020-06-17 12:30:00,4135001,sjndEbLyjtCKgGv,898.1625,1017.914286,898.1625,1025.4622973215978,968.4035981925012,983.71313,1017.914286,898.1625,119.75178599999992,0.13332975491628735,0.13332975491628735,0.6598785838606678,140,False,WITHIN_THRESHOLD
2020-06-17 12:30:00,4135001,uHbuxQJl8lW7ozc,925.05,963.0857143,925.05,1041.0558744458715,962.4683303405008,1030.4503,963.0857143,925.05,38.035714299999995,0.04111746856926652,0.04111746856926652,0.6330720359237364,140,False,WITHIN_THRESHOLD
2020-06-17 12:30:00,4135001,wCURE6d3bPkepu2,909.4375,983.0142857,909.4375,1036.957823221407,981.8411964095008,1002.99164,983.0142857,909.4375,73.57678569999996,0.08090361976496456,0.08090361976496456,0.6722465763485777,140,False,WITHIN_THRESHOLD
2020-06-17 12:30:00,4135001,z9Y9gH1T5YWrNuG,899.2,951.5285714,899.2,1022.3359084157452,974.0629999850008,1049.7599,951.5285714,899.2,52.32857139999999,0.05819458563167258,0.05819458563167258,0.686499253670038,140,False,WITHIN_THRESHOLD
2020-06-17 12:30:00,4135001,zBIq5rxdHJRwDNY,911.3571429,982.125,911.3571429,1034.0434933887684,914.1859999830008,987.01654,982.125,911.3571429,70.76785710000001,0.07765106978238182,0.07765106978238182,0.6310594990859788,140,False,WITHIN_THRESHOLD
2020-06-17 12:30:00,4135001,zVJPv84UY57bAof,913.2625,977.7428571,913.2625,1026.5015347466665,969.075633908001,983.71313,977.7428571,913.2625,64.48035709999999,0.07060440683812155,0.07060440683812155,0.6239543405030045,140,False,WITHIN_THRESHOLD
2020-06-17 12:45:00,4135001,1BY6WEcLGh8j5v7,969.1714286,652.525,969.1714286,945.5644170676431,989.818089287,951.6107,652.525,969.1714286,-316.64642860000004,-0.32671869935064657,0.32671869935064657,0.7244052284136537,127,False,WITHIN_THRESHOLD
2020-06-17 12:45:00,4135001,1IF53ai7Xc0U56Y,984.9428571,725.2875,984.9428571,1001.9106168534744,1006.6080339394998,1074.4049,725.2875,984.9428571,-259.65535709999995,-0.26362479328446714,0.26362479328446714,0.5940346974102673,140,False,WITHIN_THRESHOLD
2020-06-17 12:45:00,4135001,3PZuoBAID5Wc2HD,950.6142857,726.9875,950.6142857,989.9861245635713,1000.8928226249998,1055.7645,726.9875,950.6142857,-223.62678570000003,-0.23524450354260024,0.23524450354260024,0.6483868824537441,140,False,WITHIN_THRESHOLD
2020-06-17 12:45:00,4135001,7JYdWkrLSPkdwr4,1003.014286,690.1,1003.014286,983.4497667056816,1005.6373285794996,1056.1683,690.1,1003.014286,-312.91428599999995,-0.31197390741850306,0.31197390741850306,0.5905745482895888,140,False,WITHIN_THRESHOLD
2020-06-17 12:45:00,4135001,McdE0feGgRqW7Ca,1035.042857,693.425,1035.042857,987.3204550147248,1013.1184386999994,1054.1301,693.425,1035.042857,-341.61785699999996,-0.33005189561923615,0.33005189561923615,0.6677543807186324,140,False,WITHIN_THRESHOLD
2020-06-17 12:45:00,4135001,VHMLBKoKgIrUVDU,1054.214286,717.275,1054.214286,988.2953822213532,997.9584446559996,1034.6151,717.275,1054.214286,-336.9392859999999,-0.3196117624989195,0.3196117624989195,0.6129522180797938,140,False,WITHIN_THRESHOLD
2020-06-17 12:45:00,4135001,WRmjgnKYAwPKWDb,955.5714286,728.0125,955.5714286,989.6337751987824,1002.4676589309998,1051.4226,728.0125,955.5714286,-227.55892859999994,-0.23813910900768004,0.23813910900768004,0.6395407288719102,140,False,WITHIN_THRESHOLD
2020-06-17 12:45:00,4135001,YxYtjZvoooNbGkE,1066.057143,698.0125,1066.057143,990.4734303355956,1012.241563702,1055.7645,698.0125,1066.057143,-368.04464299999995,-0.3452391322704171,0.3452391322704171,0.621455172419359,140,False,WITHIN_THRESHOLD
2020-06-17 12:45:00,4135001,ZnxXDlPa8U1GXgE,1000.642857,693.7125,1000.642857,983.6161892476875,1006.6996529909998,1055.7645,693.7125,1000.642857,-306.9303570000001,-0.3067331714336118,0.3067331714336118,0.6533279459118295,140,False,WITHIN_THRESHOLD
2020-06-17 12:45:00,4135001,ZoEaEvLYb1n2sOq,1037.628571,678.9625,1037.628571,986.9322182141348,1014.2448642959998,1055.7645,678.9625,1037.628571,-358.666071,-0.3456594016627169,0.3456594016627169,0.6312243441917053,140,False,WITHIN_THRESHOLD
2020-06-17 12:45:00,4135001,adLQvlD726eNBSB,986.2428571,744.525,986.2428571,1007.77232182079,1002.6747857175002,1070.5524,744.525,986.2428571,-241.71785710000006,-0.24508958960753324,0.24508958960753324,0.5967226324524667,140,False,WITHIN_THRESHOLD
2020-06-17 12:45:00,4135001,bvBOhCH3iADSZry,943.8,630.2375,943.8,944.5035334930936,987.2461160674997,898.8066,630.2375,943.8,-313.5625,-0.3322340538249629,0.3322340538249629,0.7126272967972415,127,False,WITHIN_THRESHOLD
2020-06-17 12:45:00,4135001,iCRJl6heRkivqQ3,955.1375,677.9285714,955.1375,984.169128902834,1011.9606440659996,1054.1301,677.9285714,955.1375,-277.20892860000004,-0.29022934247686855,0.29022934247686855,0.6313543652927712,140,False,WITHIN_THRESHOLD
2020-06-17 12:45:00,4135001,ih0vzX44oOqAx2f,944.7,666.375,944.7,982.3729798096988,1010.232176792,1055.7645,666.375,944.7,-278.32500000000005,-0.2946173388377263,0.2946173388377263,0.6624702585319796,140,False,WITHIN_THRESHOLD
2020-06-17 12:45:00,4135001,pkci93gMrogZuBj,926.4285714,685.0125,926.4285714,997.514454045542,1018.2722512054996,1074.4049,685.0125,926.4285714,-241.41607139999996,-0.26058789511983305,0.26058789511983305,0.5863965339011183,140,False,WITHIN_THRESHOLD
2020-06-17 12:45:00,4135001,rGa61gmuvPhdLxV,967.1,676.2875,967.1,1001.8771613425104,1009.0277125054998,1074.4049,676.2875,967.1,-290.8125,-0.30070571812635716,0.30070571812635716,0.6265022920692254,140,False,WITHIN_THRESHOLD
2020-06-17 12:45:00,4135001,sjndEbLyjtCKgGv,1017.914286,681.625,1017.914286,977.1302352985956,1011.390316685,1054.1301,681.625,1017.914286,-336.28928599999995,-0.3303709267324302,0.3303709267324302,0.6598785838606678,140,False,WITHIN_THRESHOLD
2020-06-17 12:45:00,4135001,uHbuxQJl8lW7ozc,963.0857143,699.1625,963.0857143,994.0920539413002,1023.1846351354995,1074.4843,699.1625,963.0857143,-263.9232142999999,-0.27403917468740296,0.27403917468740296,0.6330720359237364,140,False,WITHIN_THRESHOLD
2020-06-17 12:45:00,4135001,wCURE6d3bPkepu2,983.0142857,688.075,983.0142857,985.3959677310193,1005.0660041859998,1054.1301,688.075,983.0142857,-294.9392856999999,-0.30003560476232044,0.30003560476232044,0.6722465763485777,140,False,WITHIN_THRESHOLD
2020-06-17 12:45:00,4135001,z9Y9gH1T5YWrNuG,951.5285714,671.4375,951.5285714,977.326488678796,1005.5720131049997,1036.2635,671.4375,951.5285714,-280.09107140000003,-0.29435907635216596,0.29435907635216596,0.686499253670038,140,False,WITHIN_THRESHOLD
2020-06-17 12:45:00,4135001,zBIq5rxdHJRwDNY,982.125,658.1285714,982.125,979.1317896482518,1018.9754476249998,1044.1296,658.1285714,982.125,-323.99642859999994,-0.329893270815833,0.329893270815833,0.6310594990859788,140,False,WITHIN_THRESHOLD
2020-06-17 12:45:00,4135001,zVJPv84UY57bAof,977.7428571,676.9125,977.7428571,980.3260913969748,1012.0528404919996,1054.1301,676.9125,977.7428571,-300.8303571,-0.3076783991981975,0.3076783991981975,0.6239543405030045,140,False,WITHIN_THRESHOLD
2020-06-17 13:00:00,4135001,1BY6WEcLGh8j5v7,652.525,881.6428571,652.525,802.7480311789509,1009.9016964564996,838.1521,881.6428571,652.525,229.11785710000004,0.3511250252480749,0.3511250252480749,0.7244052284136537,127,False,WITHIN_THRESHOLD
2020-06-17 13:00:00,4135001,1IF53ai7Xc0U56Y,725.2875,883.8142857,725.2875,827.4653153694117,1004.9739553904994,914.6494,883.8142857,725.2875,158.5267857,0.2185709607569412,0.2185709607569412,0.5940346974102673,140,False,WITHIN_THRESHOLD
2020-06-17 13:00:00,4135001,3PZuoBAID5Wc2HD,726.9875,1050.842857,726.9875,813.130985099673,1003.8905089614992,861.97754,1050.842857,726.9875,323.85535700000014,0.44547582592548035,0.44547582592548035,0.6483868824537441,140,False,WITHIN_THRESHOLD
2020-06-17 13:00:00,4135001,7JYdWkrLSPkdwr4,690.1,922.1714286,690.1,826.2078827005577,1003.1293839679992,875.5133,922.1714286,690.1,232.0714286,0.3362866665700623,0.3362866665700623,0.5905745482895888,140,False,WITHIN_THRESHOLD
2020-06-17 13:00:00,4135001,McdE0feGgRqW7Ca,693.425,774.0714286,693.425,834.584222156416,1003.994824449,891.853,774.0714286,693.425,80.64642860000004,0.11630158791505936,0.11630158791505936,0.6677543807186324,140,False,WITHIN_THRESHOLD
2020-06-17 13:00:00,4135001,VHMLBKoKgIrUVDU,717.275,1007.3,717.275,841.710033373051,1010.839595306,923.6338,1007.3,717.275,290.025,0.404342825276219,0.404342825276219,0.6129522180797938,140,False,WITHIN_THRESHOLD
2020-06-17 13:00:00,4135001,WRmjgnKYAwPKWDb,728.0125,1058.7,728.0125,817.3170270766242,1015.1478750294992,903.9791,1058.7,728.0125,330.6875,0.4542332720935423,0.4542332720935423,0.6395407288719102,140,False,WITHIN_THRESHOLD
2020-06-17 13:00:00,4135001,YxYtjZvoooNbGkE,698.0125,796.8285714,698.0125,840.3221063218007,1012.2341280415,907.05786,796.8285714,698.0125,98.81607139999994,0.14156776762593784,0.14156776762593784,0.621455172419359,140,False,WITHIN_THRESHOLD
2020-06-17 13:00:00,4135001,ZnxXDlPa8U1GXgE,693.7125,903.3857143,693.7125,825.1537881619481,998.5353303909992,864.9314,903.3857143,693.7125,209.67321430000004,0.30224799798187296,0.30224799798187296,0.6533279459118295,140,False,WITHIN_THRESHOLD
2020-06-17 13:00:00,4135001,ZoEaEvLYb1n2sOq,678.9625,804.4428571,678.9625,830.5282002328723,1004.0026012294998,866.9584,804.4428571,678.9625,125.48035709999999,0.18481191096710053,0.18481191096710053,0.6312243441917053,140,False,WITHIN_THRESHOLD
2020-06-17 13:00:00,4135001,adLQvlD726eNBSB,744.525,947.3142857,744.525,828.3578651728784,1007.1367500324995,901.5999,947.3142857,744.525,202.78928570000005,0.27237404479366045,0.27237404479366045,0.5967226324524667,140,False,WITHIN_THRESHOLD
2020-06-17 13:00:00,4135001,bvBOhCH3iADSZry,630.2375,833.9,630.2375,793.9049060209447,1017.8886666844998,808.3286,833.9,630.2375,203.66250000000002,0.3231519863543506,0.3231519863543506,0.7126272967972415,127,False,WITHIN_THRESHOLD
2020-06-17 13:00:00,4135001,iCRJl6heRkivqQ3,677.9285714,822.6857143,677.9285714,811.8649811827273,1008.9626428914992,880.671,822.6857143,677.9285714,144.75714289999996,0.21352860612005173,0.21352860612005173,0.6313543652927712,140,False,WITHIN_THRESHOLD
2020-06-17 13:00:00,4135001,ih0vzX44oOqAx2f,666.375,856.2428571,666.375,813.3708388887319,1008.6408393259992,873.5706,856.2428571,666.375,189.86785710000004,0.2849264409679235,0.2849264409679235,0.6624702585319796,140,False,WITHIN_THRESHOLD
2020-06-17 13:00:00,4135001,pkci93gMrogZuBj,685.0125,843.5714286,685.0125,812.3181746121965,1006.2352321689992,853.4454,843.5714286,685.0125,158.55892859999994,0.23146866458641255,0.23146866458641255,0.5863965339011183,140,False,WITHIN_THRESHOLD
2020-06-17 13:00:00,4135001,rGa61gmuvPhdLxV,676.2875,834.5571429,676.2875,819.3451829655639,1006.1892768234992,867.86237,834.5571429,676.2875,158.2696429,0.23402715989871173,0.23402715989871173,0.6265022920692254,140,False,WITHIN_THRESHOLD
2020-06-17 13:00:00,4135001,sjndEbLyjtCKgGv,681.625,772.1142857,681.625,823.2387409468541,999.9059940859996,837.2157,772.1142857,681.625,90.48928569999998,0.13275523300935263,0.13275523300935263,0.6598785838606678,140,False,WITHIN_THRESHOLD
2020-06-17 13:00:00,4135001,uHbuxQJl8lW7ozc,699.1625,847.0857143,699.1625,817.5821538927217,1009.6121071804992,856.1625,847.0857143,699.1625,147.92321429999993,0.21157200836715345,0.21157200836715345,0.6330720359237364,140,False,WITHIN_THRESHOLD
2020-06-17 13:00:00,4135001,wCURE6d3bPkepu2,688.075,814.0142857,688.075,825.5502861639542,1009.2759911089996,852.5391,814.0142857,688.075,125.93928569999991,0.1830313348108853,0.1830313348108853,0.6722465763485777,140,False,WITHIN_THRESHOLD
2020-06-17 13:00:00,4135001,z9Y9gH1T5YWrNuG,671.4375,783.9857143,671.4375,815.3638819939727,1013.9578839709995,848.32294,783.9857143,671.4375,112.54821430000004,0.16762277099506662,0.16762277099506662,0.686499253670038,140,False,WITHIN_THRESHOLD
2020-06-17 13:00:00,4135001,zBIq5rxdHJRwDNY,658.1285714,813.1285714,658.1285714,798.2912534525769,1005.5253928994988,873.1465,813.1285714,658.1285714,155.0,0.23551629079144396,0.23551629079144396,0.6310594990859788,140,False,WITHIN_THRESHOLD
2020-06-17 13:00:00,4135001,zVJPv84UY57bAof,676.9125,762.2714286,676.9125,814.8579215085628,1011.6367411109992,883.01074,762.2714286,676.9125,85.35892860000001,0.12610038756855577,0.12610038756855577,0.6239543405030045,140,False,WITHIN_THRESHOLD
2020-06-17 13:15:00,4135001,1BY6WEcLGh8j5v7,881.6428571,909.95,881.6428571,799.6929881888011,895.2726637135003,771.57587,909.95,881.6428571,28.30714290000003,0.032107267327170445,0.032107267327170445,0.7244052284136537,127,False,WITHIN_THRESHOLD
2020-06-17 13:15:00,4135001,1IF53ai7Xc0U56Y,883.8142857,971.35,883.8142857,824.5128174366857,945.481625623,892.6412,971.35,883.8142857,87.5357143,0.09904310862170532,0.09904310862170532,0.5940346974102673,140,False,WITHIN_THRESHOLD
2020-06-17 13:15:00,4135001,3PZuoBAID5Wc2HD,1050.842857,1049.8125,1050.842857,822.2520341796917,931.7569351384998,944.0202,1049.8125,1050.842857,-1.0303570000000946,-0.0009805053087971786,0.0009805053087971786,0.6483868824537441,140,False,WITHIN_THRESHOLD
2020-06-17 13:15:00,4135001,7JYdWkrLSPkdwr4,922.1714286,968.7375,922.1714286,817.5492761930349,916.119086926,775.3382,968.7375,922.1714286,46.56607139999994,0.05049611162936863,0.05049611162936863,0.5905745482895888,140,False,WITHIN_THRESHOLD
2020-06-17 13:15:00,4135001,McdE0feGgRqW7Ca,774.0714286,931.675,774.0714286,812.6784990743331,909.543798242,790.7337,931.675,774.0714286,157.60357139999996,0.20360339572931238,0.20360339572931238,0.6677543807186324,140,False,WITHIN_THRESHOLD
2020-06-17 13:15:00,4135001,VHMLBKoKgIrUVDU,1007.3,1055.7625,1007.3,830.6374474671134,937.5730601465,892.3762,1055.7625,1007.3,48.46250000000009,0.04811128760051633,0.04811128760051633,0.6129522180797938,140,False,WITHIN_THRESHOLD
2020-06-17 13:15:00,4135001,WRmjgnKYAwPKWDb,1058.7,1051.5,1058.7,825.7391404456412,937.863810136,938.536,1051.5,1058.7,-7.2000000000000455,-0.006800793425899731,0.006800793425899731,0.6395407288719102,140,False,WITHIN_THRESHOLD
2020-06-17 13:15:00,4135001,YxYtjZvoooNbGkE,796.8285714,964.4375,796.8285714,821.2884374057327,929.242223843,790.7337,964.4375,796.8285714,167.6089286,0.2103450285492612,0.2103450285492612,0.621455172419359,140,False,WITHIN_THRESHOLD
2020-06-17 13:15:00,4135001,ZnxXDlPa8U1GXgE,903.3857143,959.725,903.3857143,816.2077375079062,913.4891791915,772.43115,959.725,903.3857143,56.339285700000005,0.06236459665919692,0.06236459665919692,0.6533279459118295,140,False,WITHIN_THRESHOLD
2020-06-17 13:15:00,4135001,ZoEaEvLYb1n2sOq,804.4428571,944.275,804.4428571,814.9497961892413,917.6516643085,768.4017,944.275,804.4428571,139.8321429,0.17382483002471055,0.17382483002471055,0.6312243441917053,140,False,WITHIN_THRESHOLD
2020-06-17 13:15:00,4135001,adLQvlD726eNBSB,947.3142857,1017.7,947.3142857,830.900137720482,945.6462893135,962.4598,1017.7,947.3142857,70.38571430000002,0.07430027749237395,0.07430027749237395,0.5967226324524667,140,False,WITHIN_THRESHOLD
2020-06-17 13:15:00,4135001,bvBOhCH3iADSZry,833.9,889.125,833.9,792.2181457098206,792.0499458480002,712.3052,889.125,833.9,55.22500000000002,0.06622496702242478,0.06622496702242478,0.7126272967972415,127,False,WITHIN_THRESHOLD
2020-06-17 13:15:00,4135001,iCRJl6heRkivqQ3,822.6857143,958.4375,822.6857143,801.7571372628494,912.176140499,768.4017,958.4375,822.6857143,135.75178570000003,0.16501050564067152,0.16501050564067152,0.6313543652927712,140,False,WITHIN_THRESHOLD
2020-06-17 13:15:00,4135001,ih0vzX44oOqAx2f,856.2428571,890.275,856.2428571,801.598307562623,910.3143702595,759.82947,890.275,856.2428571,34.03214289999994,0.03974589991356313,0.03974589991356313,0.6624702585319796,140,False,WITHIN_THRESHOLD
2020-06-17 13:15:00,4135001,pkci93gMrogZuBj,843.5714286,951.2625,843.5714286,805.9861588773192,917.0031256165,773.9597,951.2625,843.5714286,107.69107140000006,0.12766088057145947,0.12766088057145947,0.5863965339011183,140,False,WITHIN_THRESHOLD
2020-06-17 13:15:00,4135001,rGa61gmuvPhdLxV,834.5571429,1005.8625,834.5571429,810.7712828567165,915.24173633,773.7715,1005.8625,834.5571429,171.30535709999992,0.20526498222126704,0.20526498222126704,0.6265022920692254,140,False,WITHIN_THRESHOLD
2020-06-17 13:15:00,4135001,sjndEbLyjtCKgGv,772.1142857,947.8125,772.1142857,806.4515601488439,910.6435422805,762.72925,947.8125,772.1142857,175.69821430000002,0.22755467364615817,0.22755467364615817,0.6598785838606678,140,False,WITHIN_THRESHOLD
2020-06-17 13:15:00,4135001,uHbuxQJl8lW7ozc,847.0857143,916.7375,847.0857143,807.8752144403695,911.1879500275,777.9892,916.7375,847.0857143,69.6517857,0.08222519223755018,0.08222519223755018,0.6330720359237364,140,False,WITHIN_THRESHOLD
2020-06-17 13:15:00,4135001,wCURE6d3bPkepu2,814.0142857,908.5125,814.0142857,807.5197073873617,913.2048160945,768.4017,908.5125,814.0142857,94.49821430000009,0.11608913499440332,0.11608913499440332,0.6722465763485777,140,False,WITHIN_THRESHOLD
2020-06-17 13:15:00,4135001,z9Y9gH1T5YWrNuG,783.9857143,857.8125,783.9857143,799.9101746204079,906.442509546,762.9175,857.8125,783.9857143,73.82678569999996,0.0941685343921323,0.0941685343921323,0.686499253670038,140,False,WITHIN_THRESHOLD
2020-06-17 13:15:00,4135001,zBIq5rxdHJRwDNY,813.1285714,968.1375,813.1285714,779.6992159919483,907.5378369245004,735.27167,968.1375,813.1285714,155.0089286,0.19063274130573735,0.19063274130573735,0.6310594990859788,140,False,WITHIN_THRESHOLD
2020-06-17 13:15:00,4135001,zVJPv84UY57bAof,762.2714286,925.25,762.2714286,802.2502390843192,910.710086919,762.72925,925.25,762.2714286,162.97857139999996,0.21380648058570034,0.21380648058570034,0.6239543405030045,140,False,WITHIN_THRESHOLD
2020-06-17 13:30:00,4135001,1BY6WEcLGh8j5v7,909.95,639.9142857,909.95,833.8899678547781,844.8976910805002,955.2906,639.9142857,909.95,-270.0357143,-0.2967588486180559,0.2967588486180559,0.7244052284136537,127,False,WITHIN_THRESHOLD
2020-06-17 13:30:00,4135001,1IF53ai7Xc0U56Y,971.35,835.7571429,971.35,838.1117014795905,838.7633994190007,1005.1063,835.7571429,971.35,-135.59285710000006,-0.13959217285221603,0.13959217285221603,0.5940346974102673,140,False,WITHIN_THRESHOLD
2020-06-17 13:30:00,4135001,3PZuoBAID5Wc2HD,1049.8125,734.7857143,1049.8125,872.8630218348635,941.9712892855002,1019.19464,734.7857143,1049.8125,-315.0267857,-0.3000790957432875,0.3000790957432875,0.6483868824537441,140,False,WITHIN_THRESHOLD
2020-06-17 13:30:00,4135001,7JYdWkrLSPkdwr4,968.7375,807.4857143,968.7375,845.7072361334234,835.4721256020005,982.2501,807.4857143,968.7375,-161.2517856999999,-0.16645560402069695,0.16645560402069695,0.5905745482895888,140,False,WITHIN_THRESHOLD
2020-06-17 13:30:00,4135001,McdE0feGgRqW7Ca,931.675,929.8142857,931.675,811.4441014891734,833.6464500030005,968.85675,929.8142857,931.675,-1.8607142999999269,-0.0019971710092037747,0.0019971710092037747,0.6677543807186324,140,False,WITHIN_THRESHOLD
2020-06-17 13:30:00,4135001,VHMLBKoKgIrUVDU,1055.7625,788.2857143,1055.7625,871.13969781459,944.3431821484996,1014.787,788.2857143,1055.7625,-267.47678570000005,-0.2533493903221606,0.2533493903221606,0.6129522180797938,140,False,WITHIN_THRESHOLD
2020-06-17 13:30:00,4135001,WRmjgnKYAwPKWDb,1051.5,719.1857143,1051.5,877.832910203592,952.85596786,1019.45215,719.1857143,1051.5,-332.3142857,-0.31603831260104615,0.31603831260104615,0.6395407288719102,140,False,WITHIN_THRESHOLD
2020-06-17 13:30:00,4135001,YxYtjZvoooNbGkE,964.4375,840.0142857,964.4375,821.1742329063683,840.7453458545003,991.7312,840.0142857,964.4375,-124.42321430000004,-0.1290111741818418,0.1290111741818418,0.621455172419359,140,False,WITHIN_THRESHOLD
2020-06-17 13:30:00,4135001,ZnxXDlPa8U1GXgE,959.725,757.1571429,959.725,841.6138867549324,834.2753845340003,985.74695,757.1571429,959.725,-202.56785709999997,-0.21106864685196278,0.21106864685196278,0.6533279459118295,140,False,WITHIN_THRESHOLD
2020-06-17 13:30:00,4135001,ZoEaEvLYb1n2sOq,944.275,881.4714286,944.275,820.0781286513926,834.8227565645007,976.2696,881.4714286,944.275,-62.80357140000001,-0.06650983177570095,0.06650983177570095,0.6312243441917053,140,False,WITHIN_THRESHOLD
2020-06-17 13:30:00,4135001,adLQvlD726eNBSB,1017.7,800.0714286,1017.7,854.6736370665068,923.514134536,1025.0173,800.0714286,1017.7,-217.62857140000006,-0.21384354072909506,0.21384354072909506,0.5967226324524667,140,False,WITHIN_THRESHOLD
2020-06-17 13:30:00,4135001,bvBOhCH3iADSZry,889.125,648.2428571,889.125,820.6467490598104,848.4282178620003,938.8155,648.2428571,889.125,-240.88214289999996,-0.2709204475186278,0.2709204475186278,0.7126272967972415,127,False,WITHIN_THRESHOLD
2020-06-17 13:30:00,4135001,iCRJl6heRkivqQ3,958.4375,850.2428571,958.4375,814.8460208463432,835.8165779865006,954.9087,850.2428571,958.4375,-108.19464289999996,-0.11288648753831101,0.11288648753831101,0.6313543652927712,140,False,WITHIN_THRESHOLD
2020-06-17 13:30:00,4135001,ih0vzX44oOqAx2f,890.275,781.2857143,890.275,824.0349137958171,830.8502386990003,959.0542,781.2857143,890.275,-108.98928569999998,-0.1224220445368004,0.1224220445368004,0.6624702585319796,140,False,WITHIN_THRESHOLD
2020-06-17 13:30:00,4135001,pkci93gMrogZuBj,951.2625,820.0857143,951.2625,819.130160679804,833.5019797730004,975.89655,820.0857143,951.2625,-131.1767857000001,-0.1378975684419391,0.1378975684419391,0.5863965339011183,140,False,WITHIN_THRESHOLD
2020-06-17 13:30:00,4135001,rGa61gmuvPhdLxV,1005.8625,782.6571429,1005.8625,822.5716041199375,839.3367744205004,996.13885,782.6571429,1005.8625,-223.2053570999999,-0.22190444230697526,0.22190444230697526,0.6265022920692254,140,False,WITHIN_THRESHOLD
2020-06-17 13:30:00,4135001,sjndEbLyjtCKgGv,947.8125,829.3285714,947.8125,809.6384462615765,832.0997714305003,955.0803,829.3285714,947.8125,-118.48392860000001,-0.12500777168480054,0.12500777168480054,0.6598785838606678,140,False,WITHIN_THRESHOLD
2020-06-17 13:30:00,4135001,uHbuxQJl8lW7ozc,916.7375,875.5714286,916.7375,823.8201551609262,839.528077990501,984.68945,875.5714286,916.7375,-41.166071399999964,-0.04490497159764924,0.04490497159764924,0.6330720359237364,140,False,WITHIN_THRESHOLD
2020-06-17 13:30:00,4135001,wCURE6d3bPkepu2,908.5125,844.8857143,908.5125,816.264194201584,829.5179529880002,958.2427,844.8857143,908.5125,-63.62678570000003,-0.07003402341739935,0.07003402341739935,0.6722465763485777,140,False,WITHIN_THRESHOLD
2020-06-17 13:30:00,4135001,z9Y9gH1T5YWrNuG,857.8125,855.6,857.8125,807.25932333984,832.3854232200002,955.0803,855.6,857.8125,-2.2124999999999773,-0.0025792349726775693,0.0025792349726775693,0.686499253670038,140,False,WITHIN_THRESHOLD
2020-06-17 13:30:00,4135001,zBIq5rxdHJRwDNY,968.1375,820.9857143,968.1375,810.625048763681,843.8483011985008,954.9087,820.9857143,968.1375,-147.1517857,-0.1519947173826032,0.1519947173826032,0.6310594990859788,140,False,WITHIN_THRESHOLD
2020-06-17 13:30:00,4135001,zVJPv84UY57bAof,925.25,903.1714286,925.25,804.0981330286625,831.1380392880003,955.0803,903.1714286,925.25,-22.078571399999987,-0.023862276573898934,0.023862276573898934,0.6239543405030045,140,False,WITHIN_THRESHOLD
2020-06-17 13:45:00,4135001,1BY6WEcLGh8j5v7,639.9142857,519.6875,639.9142857,774.4332110540972,1016.3075000074994,983.09,519.6875,639.9142857,-120.22678570000005,-0.18787951509550124,0.18787951509550124,0.7244052284136537,127,False,WITHIN_THRESHOLD
2020-06-17 13:45:00,4135001,1IF53ai7Xc0U56Y,835.7571429,640.4625,835.7571429,785.6906297396964,1031.6697232144995,1007.3815,640.4625,835.7571429,-195.29464289999999,-0.23367391419754505,0.23367391419754505,0.5940346974102673,140,False,WITHIN_THRESHOLD
2020-06-17 13:45:00,4135001,3PZuoBAID5Wc2HD,734.7857143,596.7625,734.7857143,813.3499562478531,1002.8342321474996,1006.78076,596.7625,734.7857143,-138.02321429999995,-0.1878414503900487,0.1878414503900487,0.6483868824537441,140,False,WITHIN_THRESHOLD
2020-06-17 13:45:00,4135001,7JYdWkrLSPkdwr4,807.4857143,642.275,807.4857143,787.7883245013444,1036.2249732115,998.17505,642.275,807.4857143,-165.21071430000006,-0.20459893144143027,0.20459893144143027,0.5905745482895888,140,False,WITHIN_THRESHOLD
2020-06-17 13:45:00,4135001,McdE0feGgRqW7Ca,929.8142857,662.475,929.8142857,766.1855852433629,1026.4813660799994,1002.57806,662.475,929.8142857,-267.3392857,-0.2875190130024048,0.2875190130024048,0.6677543807186324,140,False,WITHIN_THRESHOLD
2020-06-17 13:45:00,4135001,VHMLBKoKgIrUVDU,788.2857143,600.1375,788.2857143,818.5981549800631,1015.9514107279996,1007.3784,600.1375,788.2857143,-188.14821429999995,-0.23868022835739972,0.23868022835739972,0.6129522180797938,140,False,WITHIN_THRESHOLD
2020-06-17 13:45:00,4135001,WRmjgnKYAwPKWDb,719.1857143,561.5,719.1857143,816.4972339984976,1005.9098125059998,1000.71344,561.5,719.1857143,-157.68571429999997,-0.21925590451067165,0.21925590451067165,0.6395407288719102,140,False,WITHIN_THRESHOLD
2020-06-17 13:45:00,4135001,YxYtjZvoooNbGkE,840.0142857,628.6,840.0142857,777.8706928346759,1031.985330363999,1001.99554,628.6,840.0142857,-211.41428569999994,-0.25167939319487215,0.25167939319487215,0.621455172419359,140,False,WITHIN_THRESHOLD
2020-06-17 13:45:00,4135001,ZnxXDlPa8U1GXgE,757.1571429,579.0,757.1571429,783.0506205819804,1027.8186874984997,1001.99554,579.0,757.1571429,-178.15714290000005,-0.2352974472612613,0.2352974472612613,0.6533279459118295,140,False,WITHIN_THRESHOLD
2020-06-17 13:45:00,4135001,ZoEaEvLYb1n2sOq,881.4714286,622.1125,881.4714286,773.1303476488758,1028.5957232219996,997.05634,622.1125,881.4714286,-259.3589286,-0.2942340729204663,0.2942340729204663,0.6312243441917053,140,False,WITHIN_THRESHOLD
2020-06-17 13:45:00,4135001,adLQvlD726eNBSB,800.0714286,632.7375,800.0714286,801.0425664311109,1017.468241071499,1011.1884,632.7375,800.0714286,-167.33392860000004,-0.20914873674817794,0.20914873674817794,0.5967226324524667,140,False,WITHIN_THRESHOLD
2020-06-17 13:45:00,4135001,bvBOhCH3iADSZry,648.2428571,541.55,648.2428571,764.4674334450967,994.6455089274992,973.2139,541.55,648.2428571,-106.69285710000008,-0.16458778670898844,0.16458778670898844,0.7126272967972415,127,False,WITHIN_THRESHOLD
2020-06-17 13:45:00,4135001,iCRJl6heRkivqQ3,850.2428571,634.525,850.2428571,769.6184990019603,1016.4011875069992,998.1704,634.525,850.2428571,-215.71785710000006,-0.2537132247552992,0.2537132247552992,0.6313543652927712,140,False,WITHIN_THRESHOLD
2020-06-17 13:45:00,4135001,ih0vzX44oOqAx2f,781.2857143,574.5375,781.2857143,758.2378425578097,1005.2461428504992,981.7358,574.5375,781.2857143,-206.74821429999997,-0.2646256171280924,0.2646256171280924,0.6624702585319796,140,False,WITHIN_THRESHOLD
2020-06-17 13:45:00,4135001,pkci93gMrogZuBj,820.0857143,625.4625,820.0857143,770.4885307822727,1016.4494464264994,997.2847,625.4625,820.0857143,-194.62321429999997,-0.2373205762596711,0.2373205762596711,0.5863965339011183,140,False,WITHIN_THRESHOLD
2020-06-17 13:45:00,4135001,rGa61gmuvPhdLxV,782.6571429,620.4625,782.6571429,782.5357554775007,1015.2365446559992,996.3578,620.4625,782.6571429,-162.19464290000008,-0.20723588147297298,0.20723588147297298,0.6265022920692254,140,False,WITHIN_THRESHOLD
2020-06-17 13:45:00,4135001,sjndEbLyjtCKgGv,829.3285714,681.025,829.3285714,770.5413439498601,1027.3491964299997,997.05634,681.025,829.3285714,-148.3035714,-0.1788236611089461,0.1788236611089461,0.6598785838606678,140,False,WITHIN_THRESHOLD
2020-06-17 13:45:00,4135001,uHbuxQJl8lW7ozc,875.5714286,641.8125,875.5714286,765.137185106387,1032.200267863499,999.81354,641.8125,875.5714286,-233.7589286,-0.2669787078065923,0.2669787078065923,0.6330720359237364,140,False,WITHIN_THRESHOLD
2020-06-17 13:45:00,4135001,wCURE6d3bPkepu2,844.8857143,597.275,844.8857143,762.6068182056597,1023.2565357114992,995.4219,597.275,844.8857143,-247.61071430000004,-0.29307006866029106,0.29307006866029106,0.6722465763485777,140,False,WITHIN_THRESHOLD
2020-06-17 13:45:00,4135001,z9Y9gH1T5YWrNuG,855.6,595.1,855.6,750.2329563277997,1003.852776785999,975.1819,595.1,855.6,-260.5,-0.3044647031323048,0.3044647031323048,0.686499253670038,140,False,WITHIN_THRESHOLD
2020-06-17 13:45:00,4135001,zBIq5rxdHJRwDNY,820.9857143,636.9,820.9857143,770.6020804141949,1027.7093482199991,993.24634,636.9,820.9857143,-184.08571430000006,-0.22422523448773737,0.22422523448773737,0.6310594990859788,140,False,WITHIN_THRESHOLD
2020-06-17 13:45:00,4135001,zVJPv84UY57bAof,903.1714286,696.95,903.1714286,760.468612306719,1021.8302232144988,991.8786,696.95,903.1714286,-206.22142859999997,-0.2283303280747736,0.2283303280747736,0.6239543405030045,140,False,WITHIN_THRESHOLD
2020-06-17 14:00:00,4135001,1BY6WEcLGh8j5v7,519.6875,542.4571429,519.6875,606.5713802993746,817.9378720485001,762.6017,542.4571429,519.6875,22.769642900000008,0.04381410539987975,0.04381410539987975,0.7244052284136537,127,False,WITHIN_THRESHOLD
2020-06-17 14:00:00,4135001,1IF53ai7Xc0U56Y,640.4625,601.6571429,640.4625,643.7769672541182,840.9485744294999,770.31976,601.6571429,640.4625,-38.805357099999924,-0.06058958502644562,0.06058958502644562,0.5940346974102673,140,False,WITHIN_THRESHOLD
2020-06-17 14:00:00,4135001,3PZuoBAID5Wc2HD,596.7625,592.7142857,596.7625,647.2621716605521,863.31845242,793.3056,592.7142857,596.7625,-4.048214300000041,-0.0067836271548564805,0.0067836271548564805,0.6483868824537441,140,False,WITHIN_THRESHOLD
2020-06-17 14:00:00,4135001,7JYdWkrLSPkdwr4,642.275,584.4,642.275,642.4294833605289,837.9020297834999,757.7092,584.4,642.275,-57.875,-0.09010937682456892,0.09010937682456892,0.5905745482895888,140,False,WITHIN_THRESHOLD
2020-06-17 14:00:00,4135001,McdE0feGgRqW7Ca,662.475,612.9,662.475,648.3768863633434,816.1567887199998,805.46533,612.9,662.475,-49.575000000000045,-0.07483301256651201,0.07483301256651201,0.6677543807186324,140,False,WITHIN_THRESHOLD
2020-06-17 14:00:00,4135001,VHMLBKoKgIrUVDU,600.1375,594.5428571,600.1375,653.1689607805171,855.7140387205,791.3003,594.5428571,600.1375,-5.5946429000000535,-0.009322268480140056,0.009322268480140056,0.6129522180797938,140,False,WITHIN_THRESHOLD
2020-06-17 14:00:00,4135001,WRmjgnKYAwPKWDb,561.5,580.7428571,561.5,646.7919754138352,857.5698095610003,796.6333,580.7428571,561.5,19.242857100000037,0.034270448975957324,0.034270448975957324,0.6395407288719102,140,False,WITHIN_THRESHOLD
2020-06-17 14:00:00,4135001,YxYtjZvoooNbGkE,628.6,593.4285714,628.6,635.2666893698545,831.4787500249997,752.4785,593.4285714,628.6,-35.17142860000001,-0.05595200222717151,0.05595200222717151,0.621455172419359,140,False,WITHIN_THRESHOLD
2020-06-17 14:00:00,4135001,ZnxXDlPa8U1GXgE,579.0,597.9571429,579.0,631.3391831837371,844.7786637195,795.46936,597.9571429,579.0,18.957142900000008,0.032741179447322986,0.032741179447322986,0.6533279459118295,140,False,WITHIN_THRESHOLD
2020-06-17 14:00:00,4135001,ZoEaEvLYb1n2sOq,622.1125,593.2714286,622.1125,644.5962208784174,827.286142882,728.021,593.2714286,622.1125,-28.84107139999992,-0.04635989696397343,0.04635989696397343,0.6312243441917053,140,False,WITHIN_THRESHOLD
2020-06-17 14:00:00,4135001,adLQvlD726eNBSB,632.7375,604.8428571,632.7375,646.0463086593456,866.9378274154997,791.2788,604.8428571,632.7375,-27.894642900000008,-0.04408564831387425,0.04408564831387425,0.5967226324524667,140,False,WITHIN_THRESHOLD
2020-06-17 14:00:00,4135001,bvBOhCH3iADSZry,541.55,558.3428571,541.55,601.497555311641,820.907982172,779.81305,558.3428571,541.55,16.792857099999992,0.03100887655802787,0.03100887655802787,0.7126272967972415,127,False,WITHIN_THRESHOLD
2020-06-17 14:00:00,4135001,iCRJl6heRkivqQ3,634.525,602.7142857,634.525,639.2639473523602,823.4356339549996,754.0071,602.7142857,634.525,-31.810714299999972,-0.05013311421929786,0.05013311421929786,0.6313543652927712,140,False,WITHIN_THRESHOLD
2020-06-17 14:00:00,4135001,ih0vzX44oOqAx2f,574.5375,578.8285714,574.5375,622.6976297525487,823.0195119340001,782.98773,578.8285714,574.5375,4.291071399999964,0.007468740334616912,0.007468740334616912,0.6624702585319796,140,False,WITHIN_THRESHOLD
2020-06-17 14:00:00,4135001,pkci93gMrogZuBj,625.4625,608.3571429,625.4625,628.2873303311251,837.1804047870003,757.96014,608.3571429,625.4625,-17.105357099999992,-0.027348333593141063,0.027348333593141063,0.5863965339011183,140,False,WITHIN_THRESHOLD
2020-06-17 14:00:00,4135001,rGa61gmuvPhdLxV,620.4625,604.6,620.4625,628.1181036484484,848.4465387175002,781.3407,604.6,620.4625,-15.862499999999955,-0.02556560630175064,0.02556560630175064,0.6265022920692254,140,False,WITHIN_THRESHOLD
2020-06-17 14:00:00,4135001,sjndEbLyjtCKgGv,681.025,603.9571429,681.025,629.2202771808352,824.2614137154995,758.2569,603.9571429,681.025,-77.06785709999997,-0.11316450512095734,0.11316450512095734,0.6598785838606678,140,False,WITHIN_THRESHOLD
2020-06-17 14:00:00,4135001,uHbuxQJl8lW7ozc,641.8125,614.6428571,641.8125,638.7567530334752,821.6521696660003,731.7153,614.6428571,641.8125,-27.169642899999985,-0.042332679559840276,0.042332679559840276,0.6330720359237364,140,False,WITHIN_THRESHOLD
2020-06-17 14:00:00,4135001,wCURE6d3bPkepu2,597.275,597.1142857,597.275,629.7939112170131,829.7116785979997,753.29913,597.1142857,597.275,-0.1607142999999951,-0.00026907923485830666,0.00026907923485830666,0.6722465763485777,140,False,WITHIN_THRESHOLD
2020-06-17 14:00:00,4135001,z9Y9gH1T5YWrNuG,595.1,591.4428571,595.1,626.4776661147159,803.7912500279996,753.29913,591.4428571,595.1,-3.6571429000000535,-0.006145425810788192,0.006145425810788192,0.686499253670038,140,False,WITHIN_THRESHOLD
2020-06-17 14:00:00,4135001,zBIq5rxdHJRwDNY,636.9,583.8714286,636.9,629.2064459293846,824.8991726454997,754.137,583.8714286,636.9,-53.02857140000003,-0.08326043554718171,0.08326043554718171,0.6310594990859788,140,False,WITHIN_THRESHOLD
2020-06-17 14:00:00,4135001,zVJPv84UY57bAof,696.95,605.2714286,696.95,644.2237344769418,811.6962053834998,736.8901,605.2714286,696.95,-91.67857140000001,-0.1315425373412727,0.1315425373412727,0.6239543405030045,140,False,WITHIN_THRESHOLD
2020-06-17 14:15:00,4135001,1BY6WEcLGh8j5v7,542.4571429,776.325,542.4571429,537.8437349780872,825.580339308,719.18414,776.325,542.4571429,233.86785710000004,0.43112688285332934,0.43112688285332934,0.7244052284136537,127,False,WITHIN_THRESHOLD
2020-06-17 14:15:00,4135001,1IF53ai7Xc0U56Y,601.6571429,865.55,601.6571429,578.1900002536374,832.0438928760003,731.7907,865.55,601.6571429,263.8928570999999,0.43861002934001714,0.43861002934001714,0.5940346974102673,140,False,WITHIN_THRESHOLD
2020-06-17 14:15:00,4135001,3PZuoBAID5Wc2HD,592.7142857,830.25,592.7142857,577.7855921575238,833.8937143200004,762.23596,830.25,592.7142857,237.5357143,0.40075921912269846,0.40075921912269846,0.6483868824537441,140,False,WITHIN_THRESHOLD
2020-06-17 14:15:00,4135001,7JYdWkrLSPkdwr4,584.4,827.8,584.4,578.0286647154016,810.5993303805008,745.07996,827.8,584.4,243.39999999999998,0.4164955509924709,0.4164955509924709,0.5905745482895888,140,False,WITHIN_THRESHOLD
2020-06-17 14:15:00,4135001,McdE0feGgRqW7Ca,612.9,778.8875,612.9,583.6156774151398,833.9697678860007,745.36115,778.8875,612.9,165.98750000000007,0.27082313591124174,0.27082313591124174,0.6677543807186324,140,False,WITHIN_THRESHOLD
2020-06-17 14:15:00,4135001,VHMLBKoKgIrUVDU,594.5428571,815.05,594.5428571,575.6318410623991,812.4176607400008,739.7359,815.05,594.5428571,220.50714289999996,0.37088519400530184,0.37088519400530184,0.6129522180797938,140,False,WITHIN_THRESHOLD
2020-06-17 14:15:00,4135001,WRmjgnKYAwPKWDb,580.7428571,858.05,580.7428571,568.6442187075617,830.2460625220004,743.8365,858.05,580.7428571,277.3071428999999,0.4775041819451074,0.4775041819451074,0.6395407288719102,140,False,WITHIN_THRESHOLD
2020-06-17 14:15:00,4135001,YxYtjZvoooNbGkE,593.4285714,795.7625,593.4285714,571.3438180674153,832.4920089580006,725.10693,795.7625,593.4285714,202.33392860000004,0.3409575108974944,0.3409575108974944,0.621455172419359,140,False,WITHIN_THRESHOLD
2020-06-17 14:15:00,4135001,ZnxXDlPa8U1GXgE,597.9571429,817.9625,597.9571429,557.1172608713125,831.1072768110002,725.46625,817.9625,597.9571429,220.00535709999997,0.36792830341152527,0.36792830341152527,0.6533279459118295,140,False,WITHIN_THRESHOLD
2020-06-17 14:15:00,4135001,ZoEaEvLYb1n2sOq,593.2714286,849.1125,593.2714286,573.5915100823414,835.6402143115004,725.10693,849.1125,593.2714286,255.84107139999992,0.43123780965439856,0.43123780965439856,0.6312243441917053,140,False,WITHIN_THRESHOLD
2020-06-17 14:15:00,4135001,adLQvlD726eNBSB,604.8428571,886.5875,604.8428571,580.2331412113693,835.9166607330004,731.32416,886.5875,604.8428571,281.74464290000003,0.46581461547030983,0.46581461547030983,0.5967226324524667,140,False,WITHIN_THRESHOLD
2020-06-17 14:15:00,4135001,bvBOhCH3iADSZry,558.3428571,786.475,558.3428571,543.2310768001689,827.2142232374999,709.69904,786.475,558.3428571,228.13214290000008,0.408587913320688,0.408587913320688,0.7126272967972415,127,False,WITHIN_THRESHOLD
2020-06-17 14:15:00,4135001,iCRJl6heRkivqQ3,602.7142857,796.0375,602.7142857,578.2547434547203,835.6339286090005,723.6971,796.0375,602.7142857,193.32321430000002,0.3207543257008949,0.3207543257008949,0.6313543652927712,140,False,WITHIN_THRESHOLD
2020-06-17 14:15:00,4135001,ih0vzX44oOqAx2f,578.8285714,751.125,578.8285714,553.4833425723309,831.090446451,722.95984,751.125,578.8285714,172.2964286,0.2976640012487124,0.2976640012487124,0.6624702585319796,140,False,WITHIN_THRESHOLD
2020-06-17 14:15:00,4135001,pkci93gMrogZuBj,608.3571429,869.7375,608.3571429,572.031734277765,831.0446786015003,729.0047,869.7375,608.3571429,261.38035709999997,0.4296495243797358,0.4296495243797358,0.5863965339011183,140,False,WITHIN_THRESHOLD
2020-06-17 14:15:00,4135001,rGa61gmuvPhdLxV,604.6,869.2,604.6,570.6400840109583,832.2291786015003,724.23145,869.2,604.6,264.6,0.43764472378432023,0.43764472378432023,0.6265022920692254,140,False,WITHIN_THRESHOLD
2020-06-17 14:15:00,4135001,sjndEbLyjtCKgGv,603.9571429,796.675,603.9571429,582.8209402218492,834.4008482420002,745.30414,796.675,603.9571429,192.71785709999995,0.3190919411510448,0.3190919411510448,0.6598785838606678,140,False,WITHIN_THRESHOLD
2020-06-17 14:15:00,4135001,uHbuxQJl8lW7ozc,614.6428571,872.0,614.6428571,578.1628638614352,836.9495536015003,749.3159,872.0,614.6428571,257.3571429,0.4187100523940994,0.4187100523940994,0.6330720359237364,140,False,WITHIN_THRESHOLD
2020-06-17 14:15:00,4135001,wCURE6d3bPkepu2,597.1142857,762.6625,597.1142857,562.6197524237228,835.7985446669998,724.5584,762.6625,597.1142857,165.54821430000004,0.27724711711749966,0.27724711711749966,0.6722465763485777,140,False,WITHIN_THRESHOLD
2020-06-17 14:15:00,4135001,z9Y9gH1T5YWrNuG,591.4428571,755.9,591.4428571,561.2650106471801,832.5097143085004,724.3652,755.9,591.4428571,164.4571429,0.27806091649559633,0.27806091649559633,0.686499253670038,140,False,WITHIN_THRESHOLD
2020-06-17 14:15:00,4135001,zBIq5rxdHJRwDNY,583.8714286,779.5125,583.8714286,574.7459445489849,833.1992589605003,724.5726,779.5125,583.8714286,195.6410714000001,0.3350756036634743,0.3350756036634743,0.6310594990859788,140,False,WITHIN_THRESHOLD
2020-06-17 14:15:00,4135001,zVJPv84UY57bAof,605.2714286,807.1,605.2714286,592.1880257020363,831.3058571665001,745.30414,807.1,605.2714286,201.8285714,0.3334513440801788,0.3334513440801788,0.6239543405030045,140,False,WITHIN_THRESHOLD
2020-06-17 14:30:00,4135001,1BY6WEcLGh8j5v7,776.325,675.1571429,776.325,660.7025021561955,856.2439136940005,824.7926,675.1571429,776.325,-101.16785709999999,-0.13031637149389752,0.13031637149389752,0.7244052284136537,127,False,WITHIN_THRESHOLD
2020-06-17 14:30:00,4135001,1IF53ai7Xc0U56Y,865.55,737.4857143,865.55,692.2707387303838,872.6967172695003,816.76794,737.4857143,865.55,-128.0642856999999,-0.14795712055918192,0.14795712055918192,0.5940346974102673,140,False,WITHIN_THRESHOLD
2020-06-17 14:30:00,4135001,3PZuoBAID5Wc2HD,830.25,816.6285714,830.25,683.0429646762377,858.0023601300003,840.4219,816.6285714,830.25,-13.621428599999945,-0.01640641806684727,0.01640641806684727,0.6483868824537441,140,False,WITHIN_THRESHOLD
2020-06-17 14:30:00,4135001,7JYdWkrLSPkdwr4,827.8,744.8428571,827.8,688.3612879976929,870.0411994150002,808.5561,744.8428571,827.8,-82.95714290000001,-0.10021399238946607,0.10021399238946607,0.5905745482895888,140,False,WITHIN_THRESHOLD
2020-06-17 14:30:00,4135001,McdE0feGgRqW7Ca,778.8875,794.8857143,778.8875,711.7125244416964,881.580601197,850.6549,794.8857143,778.8875,15.998214299999972,0.02053982674006191,0.02053982674006191,0.6677543807186324,140,False,WITHIN_THRESHOLD
2020-06-17 14:30:00,4135001,VHMLBKoKgIrUVDU,815.05,769.6714286,815.05,687.3484277358988,858.0650029870002,810.8512,769.6714286,815.05,-45.37857139999994,-0.05567581301760621,0.05567581301760621,0.6129522180797938,140,False,WITHIN_THRESHOLD
2020-06-17 14:30:00,4135001,WRmjgnKYAwPKWDb,858.05,817.2,858.05,673.0329087706618,853.7641369159999,807.791,817.2,858.05,-40.84999999999991,-0.0476079482547636,0.0476079482547636,0.6395407288719102,140,False,WITHIN_THRESHOLD
2020-06-17 14:30:00,4135001,YxYtjZvoooNbGkE,795.7625,720.6857143,795.7625,692.9808505394162,877.5396011925004,809.3022,720.6857143,795.7625,-75.07678570000007,-0.09434571960855163,0.09434571960855163,0.621455172419359,140,False,WITHIN_THRESHOLD
2020-06-17 14:30:00,4135001,ZnxXDlPa8U1GXgE,817.9625,781.1571429,817.9625,684.5972427571512,872.8470297690004,843.8119,781.1571429,817.9625,-36.805357099999924,-0.04499638687592637,0.04499638687592637,0.6533279459118295,140,False,WITHIN_THRESHOLD
2020-06-17 14:30:00,4135001,ZoEaEvLYb1n2sOq,849.1125,724.5571429,849.1125,697.1330421632473,873.3693244040004,838.1268,724.5571429,849.1125,-124.55535709999992,-0.1466888746779725,0.1466888746779725,0.6312243441917053,140,False,WITHIN_THRESHOLD
2020-06-17 14:30:00,4135001,adLQvlD726eNBSB,886.5875,750.9857143,886.5875,688.9251202792175,858.533761913,844.2261,750.9857143,886.5875,-135.60178569999994,-0.15294800084594012,0.15294800084594012,0.5967226324524667,140,False,WITHIN_THRESHOLD
2020-06-17 14:30:00,4135001,bvBOhCH3iADSZry,786.475,708.2,786.475,666.2495204663645,855.5352083365003,804.4022,708.2,786.475,-78.27499999999998,-0.0995263676531358,0.0995263676531358,0.7126272967972415,127,False,WITHIN_THRESHOLD
2020-06-17 14:30:00,4135001,iCRJl6heRkivqQ3,796.0375,806.8571429,796.0375,701.6527030904363,879.3597529730001,842.67706,806.8571429,796.0375,10.819642899999963,0.013591875885244051,0.013591875885244051,0.6313543652927712,140,False,WITHIN_THRESHOLD
2020-06-17 14:30:00,4135001,ih0vzX44oOqAx2f,751.125,776.0285714,751.125,680.4246583891295,865.4495833395006,832.65454,776.0285714,751.125,24.903571400000033,0.03315502932268269,0.03315502932268269,0.6624702585319796,140,False,WITHIN_THRESHOLD
2020-06-17 14:30:00,4135001,pkci93gMrogZuBj,869.7375,801.6142857,869.7375,698.0765920670724,880.1129851190001,850.6549,801.6142857,869.7375,-68.12321429999997,-0.07832617807096966,0.07832617807096966,0.5863965339011183,140,False,WITHIN_THRESHOLD
2020-06-17 14:30:00,4135001,rGa61gmuvPhdLxV,869.2,805.1428571,869.2,690.9572980336296,857.9759315530001,842.9077,805.1428571,869.2,-64.05714290000003,-0.07369666693511277,0.07369666693511277,0.6265022920692254,140,False,WITHIN_THRESHOLD
2020-06-17 14:30:00,4135001,sjndEbLyjtCKgGv,796.675,789.0142857,796.675,704.5054503090157,877.196476191,842.67706,789.0142857,796.675,-7.660714299999995,-0.009615858788087985,0.009615858788087985,0.6598785838606678,140,False,WITHIN_THRESHOLD
2020-06-17 14:30:00,4135001,uHbuxQJl8lW7ozc,872.0,799.8142857,872.0,704.3031756149826,880.7191190535,849.1045,799.8142857,872.0,-72.18571429999997,-0.08278178245412841,0.08278178245412841,0.6330720359237364,140,False,WITHIN_THRESHOLD
2020-06-17 14:30:00,4135001,wCURE6d3bPkepu2,762.6625,755.1714286,762.6625,695.2715745512421,873.5652619090001,845.7784,755.1714286,762.6625,-7.49107140000001,-0.00982226266533363,0.00982226266533363,0.6722465763485777,140,False,WITHIN_THRESHOLD
2020-06-17 14:30:00,4135001,z9Y9gH1T5YWrNuG,755.9,728.6285714,755.9,693.2586285575535,870.4425029800001,838.4089,728.6285714,755.9,-27.271428599999922,-0.03607809048815971,0.03607809048815971,0.686499253670038,140,False,WITHIN_THRESHOLD
2020-06-17 14:30:00,4135001,zBIq5rxdHJRwDNY,779.5125,756.0285714,779.5125,693.3900865129131,870.16104762,809.0128,756.0285714,779.5125,-23.483928600000013,-0.03012642978784819,0.03012642978784819,0.6310594990859788,140,False,WITHIN_THRESHOLD
2020-06-17 14:30:00,4135001,zVJPv84UY57bAof,807.1,791.9142857,807.1,710.4918388365998,877.335574402,841.12665,791.9142857,807.1,-15.185714299999972,-0.018815158344690833,0.018815158344690833,0.6239543405030045,140,False,WITHIN_THRESHOLD
2020-06-17 14:45:00,4135001,1BY6WEcLGh8j5v7,675.1571429,451.4625,675.1571429,627.8354469016318,860.7471160470002,876.1748,451.4625,675.1571429,-223.69464290000008,-0.3313223376992877,0.3313223376992877,0.7244052284136537,127,False,WITHIN_THRESHOLD
2020-06-17 14:45:00,4135001,1IF53ai7Xc0U56Y,737.4857143,465.0571429,737.4857143,671.2076239210446,872.2471964094998,881.5891,465.0571429,737.4857143,-272.42857140000007,-0.36940182856095233,0.36940182856095233,0.5940346974102673,140,False,WITHIN_THRESHOLD
2020-06-17 14:45:00,4135001,3PZuoBAID5Wc2HD,816.6285714,445.9125,816.6285714,651.8862347316242,866.9846607019997,879.3746,445.9125,816.6285714,-370.71607140000003,-0.4539592225685382,0.4539592225685382,0.6483868824537441,140,False,WITHIN_THRESHOLD
2020-06-17 14:45:00,4135001,7JYdWkrLSPkdwr4,744.8428571,451.4714286,744.8428571,657.8509506720642,870.0629731930001,879.3746,451.4714286,744.8428571,-293.3714284999999,-0.3938702314233416,0.3938702314233416,0.5905745482895888,140,False,WITHIN_THRESHOLD
2020-06-17 14:45:00,4135001,McdE0feGgRqW7Ca,794.8857143,481.15,794.8857143,658.6023293433714,868.1629017700001,880.151,481.15,794.8857143,-313.73571430000004,-0.39469285792396586,0.39469285792396586,0.6677543807186324,140,False,WITHIN_THRESHOLD
2020-06-17 14:45:00,4135001,VHMLBKoKgIrUVDU,769.6714286,463.3714286,769.6714286,644.9672346534473,873.2033571274998,879.3746,463.3714286,769.6714286,-306.3,-0.3979620245968424,0.3979620245968424,0.6129522180797938,140,False,WITHIN_THRESHOLD
2020-06-17 14:45:00,4135001,WRmjgnKYAwPKWDb,817.2,444.6,817.2,652.6719995268832,878.6133035624998,875.2808,444.6,817.2,-372.6,-0.45594713656387664,0.45594713656387664,0.6395407288719102,140,False,WITHIN_THRESHOLD
2020-06-17 14:45:00,4135001,YxYtjZvoooNbGkE,720.6857143,464.6285714,720.6857143,649.7723075778816,871.8953214009995,877.6751,464.6285714,720.6857143,-256.0571429,-0.3552965430273688,0.3552965430273688,0.621455172419359,140,False,WITHIN_THRESHOLD
2020-06-17 14:45:00,4135001,ZnxXDlPa8U1GXgE,781.1571429,485.45,781.1571429,649.9571107400561,867.6406160575,880.2666,485.45,781.1571429,-295.70714290000006,-0.37855013627886014,0.37855013627886014,0.6533279459118295,140,False,WITHIN_THRESHOLD
2020-06-17 14:45:00,4135001,ZoEaEvLYb1n2sOq,724.5571429,459.1571429,724.5571429,665.8726061612892,874.3364464194998,877.5951,459.1571429,724.5571429,-265.40000000000003,-0.366292710796765,0.366292710796765,0.6312243441917053,140,False,WITHIN_THRESHOLD
2020-06-17 14:45:00,4135001,adLQvlD726eNBSB,750.9857143,468.5,750.9857143,671.7558721039052,877.4878839044999,882.4646,468.5,750.9857143,-282.48571430000004,-0.3761532462216106,0.3761532462216106,0.5967226324524667,140,False,WITHIN_THRESHOLD
2020-06-17 14:45:00,4135001,bvBOhCH3iADSZry,708.2,443.275,708.2,636.662365503234,856.9817856900003,876.17285,443.275,708.2,-264.92500000000007,-0.37408218017509187,0.37408218017509187,0.7126272967972415,127,False,WITHIN_THRESHOLD
2020-06-17 14:45:00,4135001,iCRJl6heRkivqQ3,806.8571429,493.8125,806.8571429,659.9283431343943,869.6695446174999,877.982,493.8125,806.8571429,-313.0446429,-0.3879802585310917,0.3879802585310917,0.6313543652927712,140,False,WITHIN_THRESHOLD
2020-06-17 14:45:00,4135001,ih0vzX44oOqAx2f,776.0285714,483.9125,776.0285714,640.0517794858952,869.0904374795002,880.26855,483.9125,776.0285714,-292.1160714,-0.3764243768409272,0.3764243768409272,0.6624702585319796,140,False,WITHIN_THRESHOLD
2020-06-17 14:45:00,4135001,pkci93gMrogZuBj,801.6142857,451.3875,801.6142857,676.8968088755391,874.0552946189997,882.48114,451.3875,801.6142857,-350.2267857,-0.4369018765604566,0.4369018765604566,0.5863965339011183,140,False,WITHIN_THRESHOLD
2020-06-17 14:45:00,4135001,rGa61gmuvPhdLxV,805.1428571,450.3125,805.1428571,670.6456032318189,875.0955714119997,882.7604,450.3125,805.1428571,-354.8303571,-0.4407048438311234,0.4407048438311234,0.6265022920692254,140,False,WITHIN_THRESHOLD
2020-06-17 14:45:00,4135001,sjndEbLyjtCKgGv,789.0142857,454.9625,789.0142857,659.1598100315775,868.6882231849996,879.3911,454.9625,789.0142857,-334.0517857,-0.4233786279340113,0.4233786279340113,0.6598785838606678,140,False,WITHIN_THRESHOLD
2020-06-17 14:45:00,4135001,uHbuxQJl8lW7ozc,799.8142857,462.8875,799.8142857,680.0758636018502,877.0482231954999,880.6851,462.8875,799.8142857,-336.92678570000004,-0.4212562737675042,0.4212562737675042,0.6330720359237364,140,False,WITHIN_THRESHOLD
2020-06-17 14:45:00,4135001,wCURE6d3bPkepu2,755.1714286,497.8,755.1714286,647.1075534014578,864.7892053345003,877.98395,497.8,755.1714286,-257.3714286,-0.34081192541557975,0.34081192541557975,0.6722465763485777,140,False,WITHIN_THRESHOLD
2020-06-17 14:45:00,4135001,z9Y9gH1T5YWrNuG,728.6285714,501.2875,728.6285714,649.2426487108712,865.1899106920001,877.98395,501.2875,728.6285714,-227.34107140000003,-0.31201229312650036,0.31201229312650036,0.686499253670038,140,False,WITHIN_THRESHOLD
2020-06-17 14:45:00,4135001,zBIq5rxdHJRwDNY,756.0285714,458.6125,756.0285714,650.3592085261812,865.017482115,879.39307,458.6125,756.0285714,-297.4160714,-0.39339263442021816,0.39339263442021816,0.6310594990859788,140,False,WITHIN_THRESHOLD
2020-06-17 14:45:00,4135001,zVJPv84UY57bAof,791.9142857,475.9625,791.9142857,670.6680533004002,864.4505178435002,877.89087,475.9625,791.9142857,-315.9517857000001,-0.39897220116533133,0.39897220116533133,0.6239543405030045,140,False,WITHIN_THRESHOLD
2020-06-17 15:00:00,4135001,1BY6WEcLGh8j5v7,451.4625,140.9857143,451.4625,499.4662341633009,699.8570624975,609.24805,140.9857143,451.4625,-310.47678569999994,-0.687713344297699,0.687713344297699,0.7244052284136537,127,False,WITHIN_THRESHOLD
2020-06-17 15:00:00,4135001,1IF53ai7Xc0U56Y,465.0571429,158.5625,465.0571429,526.5545825585932,660.394535714,573.5968,158.5625,465.0571429,-306.4946429,-0.6590472753278509,0.6590472753278509,0.5940346974102673,140,True,FLAGGED
2020-06-17 15:00:00,4135001,3PZuoBAID5Wc2HD,445.9125,144.1,445.9125,535.3161776174647,666.3608303540001,568.6502,144.1,445.9125,-301.8125,-0.6768424298489053,0.6768424298489053,0.6483868824537441,140,True,FLAGGED
2020-06-17 15:00:00,4135001,7JYdWkrLSPkdwr4,451.4714286,154.8125,451.4714286,526.7131154237463,660.0698482124998,573.04944,154.8125,451.4714286,-296.6589286,-0.6570934721604219,0.6570934721604219,0.5905745482895888,140,True,FLAGGED
2020-06-17 15:00:00,4135001,McdE0feGgRqW7Ca,481.15,154.5428571,481.15,537.021569946845,658.3553214249998,569.4258,154.5428571,481.15,-326.6071429,-0.6788052434791645,0.6788052434791645,0.6677543807186324,140,True,FLAGGED
2020-06-17 15:00:00,4135001,VHMLBKoKgIrUVDU,463.3714286,159.0125,463.3714286,526.7089324193414,663.4618571415001,569.7247,159.0125,463.3714286,-304.3589286,-0.6568357689199139,0.6568357689199139,0.6129522180797938,140,True,FLAGGED
2020-06-17 15:00:00,4135001,WRmjgnKYAwPKWDb,444.6,141.1714286,444.6,533.45240842145,686.7343035669999,596.1272,141.1714286,444.6,-303.4285714,-0.6824754192532614,0.6824754192532614,0.6395407288719102,140,True,FLAGGED
2020-06-17 15:00:00,4135001,YxYtjZvoooNbGkE,464.6285714,161.3375,464.6285714,520.6247696306282,659.9881339269997,573.5968,161.3375,464.6285714,-303.29107139999996,-0.6527602693182117,0.6527602693182117,0.621455172419359,140,True,FLAGGED
2020-06-17 15:00:00,4135001,ZnxXDlPa8U1GXgE,485.45,151.3,485.45,530.8599509564692,684.2900803524998,596.9059,151.3,485.45,-334.15,-0.6883304150787929,0.6883304150787929,0.6533279459118295,140,True,FLAGGED
2020-06-17 15:00:00,4135001,ZoEaEvLYb1n2sOq,459.1571429,157.2875,459.1571429,526.9969247808893,659.2439196409998,566.00836,157.2875,459.1571429,-301.86964290000003,-0.6574429856266971,0.6574429856266971,0.6312243441917053,140,True,FLAGGED
2020-06-17 15:00:00,4135001,adLQvlD726eNBSB,468.5,159.55,468.5,530.7968556246984,663.7987589255,570.0868,159.55,468.5,-308.95,-0.659445037353255,0.659445037353255,0.5967226324524667,140,True,FLAGGED
2020-06-17 15:00:00,4135001,bvBOhCH3iADSZry,443.275,137.9571429,443.275,511.6983178564204,688.7562589274999,607.874,137.9571429,443.275,-305.31785709999997,-0.6887775243359088,0.6887775243359088,0.7126272967972415,127,False,WITHIN_THRESHOLD
2020-06-17 15:00:00,4135001,iCRJl6heRkivqQ3,493.8125,155.2142857,493.8125,539.5434227455013,667.5740178539999,565.5551,155.2142857,493.8125,-338.5982143,-0.6856817401341603,0.6856817401341603,0.6313543652927712,140,True,FLAGGED
2020-06-17 15:00:00,4135001,ih0vzX44oOqAx2f,483.9125,149.2285714,483.9125,525.7686986559909,683.7871428534999,596.9059,149.2285714,483.9125,-334.68392860000006,-0.6916207549918633,0.6916207549918633,0.6624702585319796,140,True,FLAGGED
2020-06-17 15:00:00,4135001,pkci93gMrogZuBj,451.3875,149.6285714,451.3875,544.7742589343973,661.3574374964999,565.51953,149.6285714,451.3875,-301.7589286,-0.6685141449419845,0.6685141449419845,0.5863965339011183,140,True,FLAGGED
2020-06-17 15:00:00,4135001,rGa61gmuvPhdLxV,450.3125,148.9714286,450.3125,546.5582990823552,662.934026784,565.5551,148.9714286,450.3125,-301.34107140000003,-0.6691821155308814,0.6691821155308814,0.6265022920692254,140,True,FLAGGED
2020-06-17 15:00:00,4135001,sjndEbLyjtCKgGv,454.9625,150.3571429,454.9625,539.7957065296226,650.8205714264999,569.4258,150.3571429,454.9625,-304.6053571,-0.6695175033107125,0.6695175033107125,0.6598785838606678,140,True,FLAGGED
2020-06-17 15:00:00,4135001,uHbuxQJl8lW7ozc,462.8875,155.9428571,462.8875,544.2133139515097,668.7305446405,565.51953,155.9428571,462.8875,-306.94464289999996,-0.6631085153520023,0.6631085153520023,0.6330720359237364,140,True,FLAGGED
2020-06-17 15:00:00,4135001,wCURE6d3bPkepu2,497.8,153.6714286,497.8,523.4081827177931,662.6673035685,573.15814,153.6714286,497.8,-344.1285714,-0.6912988577742065,0.6912988577742065,0.6722465763485777,140,True,FLAGGED
2020-06-17 15:00:00,4135001,z9Y9gH1T5YWrNuG,501.2875,156.0428571,501.2875,516.8429309762303,682.8567499965,594.0331,156.0428571,501.2875,-345.24464290000003,-0.6887158425055483,0.6887158425055483,0.686499253670038,140,True,FLAGGED
2020-06-17 15:00:00,4135001,zBIq5rxdHJRwDNY,458.6125,147.5,458.6125,526.0062570224051,687.5747499964999,593.377,147.5,458.6125,-311.1125,-0.6783777153915342,0.6783777153915342,0.6310594990859788,140,True,FLAGGED
2020-06-17 15:00:00,4135001,zVJPv84UY57bAof,475.9625,154.5285714,475.9625,540.4808964104744,674.7571071395,589.75336,154.5285714,475.9625,-321.43392859999994,-0.6753345664837039,0.6753345664837039,0.6239543405030045,140,True,FLAGGED
2020-06-17 15:15:00,4135001,1BY6WEcLGh8j5v7,140.9857143,86.35,140.9857143,297.6681747311041,190.73177679249983,213.16089,86.35,140.9857143,-54.63571430000002,-0.38752659850161864,0.38752659850161864,0.7244052284136537,127,False,WITHIN_THRESHOLD
2020-06-17 15:15:00,4135001,1IF53ai7Xc0U56Y,158.5625,92.48571429,158.5625,313.69979827979955,194.7343750069998,240.16356,92.48571429,158.5625,-66.07678571,-0.41672391460780445,0.41672391460780445,0.5940346974102673,140,False,WITHIN_THRESHOLD
2020-06-17 15:15:00,4135001,3PZuoBAID5Wc2HD,144.1,98.45,144.1,301.3446812196496,194.59598215099984,241.05815,98.45,144.1,-45.64999999999999,-0.31679389312977096,0.31679389312977096,0.6483868824537441,140,False,WITHIN_THRESHOLD
2020-06-17 15:15:00,4135001,7JYdWkrLSPkdwr4,154.8125,90.3,154.8125,306.80533566963146,196.19366964899984,244.34496,90.3,154.8125,-64.5125,-0.4167137666532095,0.4167137666532095,0.5905745482895888,140,False,WITHIN_THRESHOLD
2020-06-17 15:15:00,4135001,McdE0feGgRqW7Ca,154.5428571,82.65714286,154.5428571,322.103827044224,193.78340179399976,240.05486,82.65714286,154.5428571,-71.88571424,-0.4651506746344474,0.4651506746344474,0.6677543807186324,140,False,WITHIN_THRESHOLD
2020-06-17 15:15:00,4135001,VHMLBKoKgIrUVDU,159.0125,93.72857143,159.0125,304.1479003641671,196.09663393549985,245.23955,93.72857143,159.0125,-65.28392856999999,-0.4105584691140633,0.4105584691140633,0.6129522180797938,140,False,WITHIN_THRESHOLD
2020-06-17 15:15:00,4135001,WRmjgnKYAwPKWDb,141.1714286,99.525,141.1714286,304.1031210046767,196.04546429199985,241.05815,99.525,141.1714286,-41.64642860000001,-0.29500607178809835,0.29500607178809835,0.6395407288719102,140,False,WITHIN_THRESHOLD
2020-06-17 15:15:00,4135001,YxYtjZvoooNbGkE,161.3375,84.87142857,161.3375,313.40563665868046,195.07281250699972,240.16356,84.87142857,161.3375,-76.46607143,-0.47395101219493296,0.47395101219493296,0.621455172419359,140,False,WITHIN_THRESHOLD
2020-06-17 15:15:00,4135001,ZnxXDlPa8U1GXgE,151.3,90.1625,151.3,316.9164637495938,194.81113393599983,235.68121,90.1625,151.3,-61.13750000000002,-0.4040812954395242,0.4040812954395242,0.6533279459118295,140,False,WITHIN_THRESHOLD
2020-06-17 15:15:00,4135001,ZoEaEvLYb1n2sOq,157.2875,85.48571429,157.2875,314.5266994969879,194.03868750799975,240.16356,85.48571429,157.2875,-71.80178570999999,-0.45650026677262967,0.45650026677262967,0.6312243441917053,140,False,WITHIN_THRESHOLD
2020-06-17 15:15:00,4135001,adLQvlD726eNBSB,159.55,95.97142857,159.55,312.4431899393762,194.95672322249985,244.45041,95.97142857,159.55,-63.57857143000001,-0.39848681560639304,0.39848681560639304,0.5967226324524667,140,False,WITHIN_THRESHOLD
2020-06-17 15:15:00,4135001,bvBOhCH3iADSZry,137.9571429,85.4875,137.9571429,303.0581678145079,190.22702679299985,213.16089,85.4875,137.9571429,-52.46964290000001,-0.3803329193185256,0.3803329193185256,0.7126272967972415,127,False,WITHIN_THRESHOLD
2020-06-17 15:15:00,4135001,iCRJl6heRkivqQ3,155.2142857,84.65,155.2142857,324.653809120856,194.22003572149976,240.16356,84.65,155.2142857,-70.5642857,-0.4546249424256442,0.4546249424256442,0.6313543652927712,140,False,WITHIN_THRESHOLD
2020-06-17 15:15:00,4135001,ih0vzX44oOqAx2f,149.2285714,86.1375,149.2285714,312.9684388798238,193.40150893549983,234.9135,86.1375,149.2285714,-63.09107139999999,-0.4227814473334829,0.4227814473334829,0.6624702585319796,140,False,WITHIN_THRESHOLD
2020-06-17 15:15:00,4135001,pkci93gMrogZuBj,149.6285714,83.875,149.6285714,320.74944805443727,195.41380357749975,240.16356,83.875,149.6285714,-65.7535714,-0.43944529299970314,0.43944529299970314,0.5863965339011183,140,False,WITHIN_THRESHOLD
2020-06-17 15:15:00,4135001,rGa61gmuvPhdLxV,148.9714286,86.325,148.9714286,320.2593896471605,194.22003572149976,240.16356,86.325,148.9714286,-62.64642859999999,-0.42052646731482035,0.42052646731482035,0.6265022920692254,140,False,WITHIN_THRESHOLD
2020-06-17 15:15:00,4135001,sjndEbLyjtCKgGv,150.3571429,82.12857143,150.3571429,317.55632941940235,193.78340179399976,240.16356,82.12857143,150.3571429,-68.22857147000002,-0.45377672223645327,0.45377672223645327,0.6598785838606678,140,False,WITHIN_THRESHOLD
2020-06-17 15:15:00,4135001,uHbuxQJl8lW7ozc,155.9428571,82.5625,155.9428571,324.22251612826324,195.59893750549975,244.23625,82.5625,155.9428571,-73.3803571,-0.470559270649659,0.470559270649659,0.6330720359237364,140,False,WITHIN_THRESHOLD
2020-06-17 15:15:00,4135001,wCURE6d3bPkepu2,153.6714286,85.925,153.6714286,319.2062063652689,193.78054465099976,239.97531,85.925,153.6714286,-67.74642860000002,-0.4408524682642275,0.4408524682642275,0.6722465763485777,140,False,WITHIN_THRESHOLD
2020-06-17 15:15:00,4135001,z9Y9gH1T5YWrNuG,156.0428571,83.4875,156.0428571,319.7273007262495,192.67075000799977,239.97531,83.4875,156.0428571,-72.5553571,-0.46497070387209666,0.46497070387209666,0.686499253670038,140,False,WITHIN_THRESHOLD
2020-06-17 15:15:00,4135001,zBIq5rxdHJRwDNY,147.5,84.4625,147.5,310.98851111659866,194.03868750799975,240.16356,84.4625,147.5,-63.037499999999994,-0.42737288135593215,0.42737288135593215,0.6310594990859788,140,False,WITHIN_THRESHOLD
2020-06-17 15:15:00,4135001,zVJPv84UY57bAof,154.5285714,83.25,154.5285714,324.71235976360373,194.84479464999976,240.16356,83.25,154.5285714,-71.2785714,-0.4612646758733965,0.4612646758733965,0.6239543405030045,140,False,WITHIN_THRESHOLD
2020-06-17 15:30:00,4135001,1BY6WEcLGh8j5v7,86.35,126.5285714,86.35,199.58423956997015,135.05792858180007,141.50386,126.5285714,86.35,40.17857140000001,0.4652990318471339,0.4652990318471339,0.7244052284136537,127,False,WITHIN_THRESHOLD
2020-06-17 15:30:00,4135001,1IF53ai7Xc0U56Y,92.48571429,141.5625,92.48571429,206.1652709858679,135.1974107245001,136.7561,141.5625,92.48571429,49.076785709999996,0.5306417978901463,0.5306417978901463,0.5940346974102673,140,False,WITHIN_THRESHOLD
2020-06-17 15:30:00,4135001,3PZuoBAID5Wc2HD,98.45,140.9571429,98.45,201.59873908516,135.15457143900008,144.15184,140.9571429,98.45,42.507142900000005,0.4317637673946166,0.4317637673946166,0.6483868824537441,140,False,WITHIN_THRESHOLD
2020-06-17 15:30:00,4135001,7JYdWkrLSPkdwr4,90.3,137.0,90.3,203.0820394239676,135.17507143900008,140.67249,137.0,90.3,46.7,0.5171650055370987,0.5171650055370987,0.5905745482895888,140,False,WITHIN_THRESHOLD
2020-06-17 15:30:00,4135001,McdE0feGgRqW7Ca,82.65714286,137.875,82.65714286,208.9293463258845,135.17878572450007,143.2274,137.875,82.65714286,55.21785714000001,0.6680349117985471,0.6680349117985471,0.6677543807186324,140,True,FLAGGED
2020-06-17 15:30:00,4135001,VHMLBKoKgIrUVDU,93.72857143,139.7625,93.72857143,201.218881014036,135.19291072450008,145.0273,139.7625,93.72857143,46.033928569999986,0.4911408321674874,0.4911408321674874,0.6129522180797938,140,False,WITHIN_THRESHOLD
2020-06-17 15:30:00,4135001,WRmjgnKYAwPKWDb,99.525,139.3142857,99.525,202.84348233183252,135.08964286780008,140.25137,139.3142857,99.525,39.78928569999999,0.3997918683747801,0.3997918683747801,0.6395407288719102,140,False,WITHIN_THRESHOLD
2020-06-17 15:30:00,4135001,YxYtjZvoooNbGkE,84.87142857,136.2125,84.87142857,201.873135146339,135.19291072450008,141.57333,136.2125,84.87142857,51.34107143,0.6049276216395375,0.6049276216395375,0.621455172419359,140,False,WITHIN_THRESHOLD
2020-06-17 15:30:00,4135001,ZnxXDlPa8U1GXgE,90.1625,138.1142857,90.1625,210.80330245560543,135.15942858200006,141.54794,138.1142857,90.1625,47.951785700000016,0.531837356994316,0.531837356994316,0.6533279459118295,140,False,WITHIN_THRESHOLD
2020-06-17 15:30:00,4135001,ZoEaEvLYb1n2sOq,85.48571429,136.45,85.48571429,204.51260880928072,135.18919643900009,142.35194,136.45,85.48571429,50.964285709999984,0.5961731282622237,0.5961731282622237,0.6312243441917053,140,False,WITHIN_THRESHOLD
2020-06-17 15:30:00,4135001,adLQvlD726eNBSB,95.97142857,143.1125,95.97142857,206.0290133405666,135.1974107245001,136.7561,143.1125,95.97142857,47.14107143000001,0.4911990175869486,0.4911990175869486,0.5967226324524667,140,False,WITHIN_THRESHOLD
2020-06-17 15:30:00,4135001,bvBOhCH3iADSZry,85.4875,126.9571429,85.4875,202.73238580921145,135.05792858180007,140.49123,126.9571429,85.4875,41.4696429,0.4850959836233367,0.4850959836233367,0.7126272967972415,127,False,WITHIN_THRESHOLD
2020-06-17 15:30:00,4135001,iCRJl6heRkivqQ3,84.65,139.0571429,84.65,211.44145639472825,135.17878572450007,143.2274,139.0571429,84.65,54.4071429,0.6427305717660956,0.6427305717660956,0.6313543652927712,140,True,FLAGGED
2020-06-17 15:30:00,4135001,ih0vzX44oOqAx2f,86.1375,135.3857143,86.1375,211.12916225498407,135.1412142960001,141.54794,135.3857143,86.1375,49.24821429999999,0.5717395362066462,0.5717395362066462,0.6624702585319796,140,False,WITHIN_THRESHOLD
2020-06-17 15:30:00,4135001,pkci93gMrogZuBj,83.875,140.0571429,83.875,210.9959891387689,135.17164286750008,138.87572,140.0571429,83.875,56.1821429,0.66983180804769,0.66983180804769,0.5863965339011183,140,True,FLAGGED
2020-06-17 15:30:00,4135001,rGa61gmuvPhdLxV,86.325,140.4714286,86.325,207.33666826014985,135.16278572450008,136.7561,140.4714286,86.325,54.14642859999999,0.6272392539820445,0.6272392539820445,0.6265022920692254,140,True,FLAGGED
2020-06-17 15:30:00,4135001,sjndEbLyjtCKgGv,82.12857143,136.65,82.12857143,205.99573528571253,135.1671428675001,143.2274,136.65,82.12857143,54.52142857000001,0.6638545833768683,0.6638545833768683,0.6598785838606678,140,True,FLAGGED
2020-06-17 15:30:00,4135001,uHbuxQJl8lW7ozc,82.5625,141.0714286,82.5625,214.73969227570203,135.20164286750008,138.87572,141.0714286,82.5625,58.50892859999999,0.7086622691900074,0.7086622691900074,0.6330720359237364,140,True,FLAGGED
2020-06-17 15:30:00,4135001,wCURE6d3bPkepu2,85.925,137.5285714,85.925,209.9371014519582,135.1790714390001,141.54794,137.5285714,85.925,51.60357140000001,0.6005652766947921,0.6005652766947921,0.6722465763485777,140,False,WITHIN_THRESHOLD
2020-06-17 15:30:00,4135001,z9Y9gH1T5YWrNuG,83.4875,136.4571429,83.4875,212.02017465602623,135.15307143885008,141.57333,136.4571429,83.4875,52.96964290000001,0.6344619601736788,0.6344619601736788,0.686499253670038,140,False,WITHIN_THRESHOLD
2020-06-17 15:30:00,4135001,zBIq5rxdHJRwDNY,84.4625,136.1857143,84.4625,200.97055046767736,135.1582857245001,141.57333,136.1857143,84.4625,51.723214299999995,0.6123808116027822,0.6123808116027822,0.6310594990859788,140,False,WITHIN_THRESHOLD
2020-06-17 15:30:00,4135001,zVJPv84UY57bAof,83.25,139.3285714,83.25,209.9505492027027,135.17878572450007,143.2274,139.3285714,83.25,56.07857139999999,0.6736164732732731,0.6736164732732731,0.6239543405030045,140,True,FLAGGED
2020-06-17 15:45:00,4135001,1BY6WEcLGh8j5v7,126.5285714,284.5125,126.5285714,192.0035810843448,168.0990357003001,144.22751,284.5125,126.5285714,157.98392859999998,1.248602800552919,1.248602800552919,0.7244052284136537,127,True,FLAGGED
2020-06-17 15:45:00,4135001,1IF53ai7Xc0U56Y,141.5625,324.6571429,141.5625,182.37788634236705,169.19800891230005,160.27669,324.6571429,141.5625,183.0946429,1.2933837909050772,1.2933837909050772,0.5940346974102673,140,True,FLAGGED
2020-06-17 15:45:00,4135001,3PZuoBAID5Wc2HD,140.9571429,328.35,140.9571429,193.5991471039004,169.19800891230005,161.29521,328.35,140.9571429,187.39285710000001,1.3294314374188412,1.3294314374188412,0.6483868824537441,140,True,FLAGGED
2020-06-17 15:45:00,4135001,7JYdWkrLSPkdwr4,137.0,313.6714286,137.0,183.0241064812412,169.11366962680006,161.29521,313.6714286,137.0,176.6714286,1.2895724715328467,1.2895724715328467,0.5905745482895888,140,True,FLAGGED
2020-06-17 15:45:00,4135001,McdE0feGgRqW7Ca,137.875,314.8142857,137.875,178.00465119124863,168.78209820030008,158.5011,314.8142857,137.875,176.93928570000003,1.2833311746146874,1.2833311746146874,0.6677543807186324,140,True,FLAGGED
2020-06-17 15:45:00,4135001,VHMLBKoKgIrUVDU,139.7625,318.3,139.7625,188.75724801042813,169.19800891230005,161.29521,318.3,139.7625,178.53750000000002,1.277434934263483,1.277434934263483,0.6129522180797938,140,True,FLAGGED
2020-06-17 15:45:00,4135001,WRmjgnKYAwPKWDb,139.3142857,321.7375,139.3142857,194.4904976474616,169.19800891230005,161.29521,321.7375,139.3142857,182.4232143,1.30943652607767,1.30943652607767,0.6395407288719102,140,True,FLAGGED
2020-06-17 15:45:00,4135001,YxYtjZvoooNbGkE,136.2125,315.5428571,136.2125,180.9594506418217,168.10139284380008,161.29521,315.5428571,136.2125,179.3303571,1.3165484599431034,1.3165484599431034,0.621455172419359,140,True,FLAGGED
2020-06-17 15:45:00,4135001,ZnxXDlPa8U1GXgE,138.1142857,314.025,138.1142857,192.29957557749285,169.11366962680006,161.29521,314.025,138.1142857,175.91071429999997,1.2736605298173,1.2736605298173,0.6533279459118295,140,True,FLAGGED
2020-06-17 15:45:00,4135001,ZoEaEvLYb1n2sOq,136.45,317.9857143,136.45,176.83982295112793,168.10139284380008,160.27669,317.9857143,136.45,181.5357143,1.330419305972884,1.330419305972884,0.6312243441917053,140,True,FLAGGED
2020-06-17 15:45:00,4135001,adLQvlD726eNBSB,143.1125,326.6142857,143.1125,186.6944787268104,169.19800891230005,160.27669,326.6142857,143.1125,183.50178569999997,1.282220530701371,1.282220530701371,0.5967226324524667,140,True,FLAGGED
2020-06-17 15:45:00,4135001,bvBOhCH3iADSZry,126.9571429,287.6625,126.9571429,190.89406881268275,168.0763035573001,161.29521,287.6625,126.9571429,160.70535710000001,1.2658236742660662,1.2658236742660662,0.7126272967972415,127,True,FLAGGED
2020-06-17 15:45:00,4135001,iCRJl6heRkivqQ3,139.0571429,320.9,139.0571429,186.1713673891365,168.1040357008001,160.27669,320.9,139.0571429,181.84285709999997,1.3076844044665035,1.3076844044665035,0.6313543652927712,140,True,FLAGGED
2020-06-17 15:45:00,4135001,ih0vzX44oOqAx2f,135.3857143,308.2125,135.3857143,190.1962267506525,168.10139284380008,161.29521,308.2125,135.3857143,172.8267857,1.2765511235331275,1.2765511235331275,0.6624702585319796,140,True,FLAGGED
2020-06-17 15:45:00,4135001,pkci93gMrogZuBj,140.0571429,322.0857143,140.0571429,183.5392355323141,168.1094642723001,160.27669,322.0857143,140.0571429,182.0285714,1.299673602009484,1.299673602009484,0.5863965339011183,140,True,FLAGGED
2020-06-17 15:45:00,4135001,rGa61gmuvPhdLxV,140.4714286,329.075,140.4714286,186.6570751460994,168.10139284380008,160.27669,329.075,140.4714286,188.6035714,1.3426472079034584,1.3426472079034584,0.6265022920692254,140,True,FLAGGED
2020-06-17 15:45:00,4135001,sjndEbLyjtCKgGv,136.65,313.9428571,136.65,181.523746151798,168.78209820030008,160.27669,313.9428571,136.65,177.29285710000002,1.2974230303695573,1.2974230303695573,0.6598785838606678,140,True,FLAGGED
2020-06-17 15:45:00,4135001,uHbuxQJl8lW7ozc,141.0714286,318.6428571,141.0714286,180.58615237435387,168.8939910574501,158.5011,318.6428571,141.0714286,177.57142850000002,1.2587341764539275,1.2587341764539275,0.6330720359237364,140,True,FLAGGED
2020-06-17 15:45:00,4135001,wCURE6d3bPkepu2,137.5285714,304.7714286,137.5285714,185.5671333217235,168.1040357008001,161.29521,304.7714286,137.5285714,167.24285719999997,1.2160590013952546,1.2160590013952546,0.6722465763485777,140,True,FLAGGED
2020-06-17 15:45:00,4135001,z9Y9gH1T5YWrNuG,136.4571429,298.7,136.4571429,183.5082370817152,168.2902678438001,161.29521,298.7,136.4571429,162.24285709999998,1.1889656609540515,1.1889656609540515,0.686499253670038,140,True,FLAGGED
2020-06-17 15:45:00,4135001,zBIq5rxdHJRwDNY,136.1857143,317.05,136.1857143,181.8816857119916,168.10139284380008,161.29521,317.05,136.1857143,180.8642857,1.3280709113261229,1.3280709113261229,0.6310594990859788,140,True,FLAGGED
2020-06-17 15:45:00,4135001,zVJPv84UY57bAof,139.3285714,321.25,139.3285714,179.13235516494632,168.4117857003001,158.5011,321.25,139.3285714,181.9214286,1.3057008104799963,1.3057008104799963,0.6239543405030045,140,True,FLAGGED
2020-06-17 16:00:00,4135001,1BY6WEcLGh8j5v7,284.5125,347.2857143,284.5125,241.12998972542783,263.36339286,293.77908,347.2857143,284.5125,62.77321430000001,0.22063429304512108,0.22063429304512108,0.7244052284136537,127,False,WITHIN_THRESHOLD
2020-06-17 16:00:00,4135001,1IF53ai7Xc0U56Y,324.6571429,390.325,324.6571429,236.36416359250865,256.57983036,294.56204,390.325,324.6571429,65.66785709999999,0.20226832686760515,0.20226832686760515,0.5940346974102673,140,False,WITHIN_THRESHOLD
2020-06-17 16:00:00,4135001,3PZuoBAID5Wc2HD,328.35,395.3571429,328.35,238.2330967142798,259.42600893149995,293.77908,395.3571429,328.35,67.00714289999996,0.2040723097304704,0.2040723097304704,0.6483868824537441,140,False,WITHIN_THRESHOLD
2020-06-17 16:00:00,4135001,7JYdWkrLSPkdwr4,313.6714286,373.3,313.6714286,234.493710748439,255.9064821455,294.56204,373.3,313.6714286,59.6285714,0.19009882942204318,0.19009882942204318,0.5905745482895888,140,False,WITHIN_THRESHOLD
2020-06-17 16:00:00,4135001,McdE0feGgRqW7Ca,314.8142857,346.3375,314.8142857,234.887254940778,257.6974821455,294.56204,346.3375,314.8142857,31.52321429999995,0.10013273136543673,0.10013273136543673,0.6677543807186324,140,False,WITHIN_THRESHOLD
2020-06-17 16:00:00,4135001,VHMLBKoKgIrUVDU,318.3,381.925,318.3,239.96726225447867,258.8157589315,293.77908,381.925,318.3,63.625,0.19989004084197298,0.19989004084197298,0.6129522180797938,140,False,WITHIN_THRESHOLD
2020-06-17 16:00:00,4135001,WRmjgnKYAwPKWDb,321.7375,387.6857143,321.7375,239.10068586445453,260.570589289,293.77908,387.6857143,321.7375,65.94821429999996,0.2049752183068494,0.2049752183068494,0.6395407288719102,140,False,WITHIN_THRESHOLD
2020-06-17 16:00:00,4135001,YxYtjZvoooNbGkE,315.5428571,351.0125,315.5428571,237.35314676360449,257.21060714600003,294.56204,351.0125,315.5428571,35.4696429,0.11240832141150058,0.11240832141150058,0.621455172419359,140,False,WITHIN_THRESHOLD
2020-06-17 16:00:00,4135001,ZnxXDlPa8U1GXgE,314.025,359.8,314.025,240.7883266039172,261.8589732175,293.77908,359.8,314.025,45.775000000000034,0.1457686489929147,0.1457686489929147,0.6533279459118295,140,False,WITHIN_THRESHOLD
2020-06-17 16:00:00,4135001,ZoEaEvLYb1n2sOq,317.9857143,364.4375,317.9857143,236.8106215716928,257.1809464315,294.56204,364.4375,317.9857143,46.451785700000016,0.14608136029713464,0.14608136029713464,0.6312243441917053,140,False,WITHIN_THRESHOLD
2020-06-17 16:00:00,4135001,adLQvlD726eNBSB,326.6142857,401.35,326.6142857,237.60193467768465,256.818625003,294.56204,401.35,326.6142857,74.73571430000004,0.22881949005943325,0.22881949005943325,0.5967226324524667,140,False,WITHIN_THRESHOLD
2020-06-17 16:00:00,4135001,bvBOhCH3iADSZry,287.6625,334.9571429,287.6625,237.5710696365332,263.02070536,293.77908,334.9571429,287.6625,47.294642899999985,0.16441017824707768,0.16441017824707768,0.7126272967972415,127,False,WITHIN_THRESHOLD
2020-06-17 16:00:00,4135001,iCRJl6heRkivqQ3,320.9,345.7142857,320.9,237.0384051806789,258.92499107450004,301.3463,345.7142857,320.9,24.814285700000028,0.07732716017450929,0.07732716017450929,0.6313543652927712,140,False,WITHIN_THRESHOLD
2020-06-17 16:00:00,4135001,ih0vzX44oOqAx2f,308.2125,344.4857143,308.2125,240.66056267120723,261.43145536,293.77908,344.4857143,308.2125,36.27321430000001,0.11768897854564629,0.11768897854564629,0.6624702585319796,140,False,WITHIN_THRESHOLD
2020-06-17 16:00:00,4135001,pkci93gMrogZuBj,322.0857143,351.9125,322.0857143,235.0539392052696,257.44583035999995,298.90982,351.9125,322.0857143,29.826785700000016,0.09260511837609314,0.09260511837609314,0.5863965339011183,140,False,WITHIN_THRESHOLD
2020-06-17 16:00:00,4135001,rGa61gmuvPhdLxV,329.075,353.9857143,329.075,235.3821738620181,257.8756517885,294.56204,353.9857143,329.075,24.910714299999995,0.07569920018232924,0.07569920018232924,0.6265022920692254,140,False,WITHIN_THRESHOLD
2020-06-17 16:00:00,4135001,sjndEbLyjtCKgGv,313.9428571,345.025,313.9428571,231.3593227533512,256.1605535745,294.56204,345.025,313.9428571,31.08214289999995,0.09900573367751245,0.09900573367751245,0.6598785838606678,140,False,WITHIN_THRESHOLD
2020-06-17 16:00:00,4135001,uHbuxQJl8lW7ozc,318.6428571,343.95,318.6428571,235.06102602845428,256.94525893149995,298.90982,343.95,318.6428571,25.307142899999974,0.07942165448277351,0.07942165448277351,0.6330720359237364,140,False,WITHIN_THRESHOLD
2020-06-17 16:00:00,4135001,wCURE6d3bPkepu2,304.7714286,343.175,304.7714286,241.1823348188747,261.35220536,300.56335,343.175,304.7714286,38.40357140000003,0.12600778090128373,0.12600778090128373,0.6722465763485777,140,False,WITHIN_THRESHOLD
2020-06-17 16:00:00,4135001,z9Y9gH1T5YWrNuG,298.7,336.15,298.7,242.0387770631796,261.3492767885,300.56335,336.15,298.7,37.44999999999999,0.12537663207231334,0.12537663207231334,0.686499253670038,140,False,WITHIN_THRESHOLD
2020-06-17 16:00:00,4135001,zBIq5rxdHJRwDNY,317.05,344.0857143,317.05,233.56465640951168,255.583803574,294.56204,344.0857143,317.05,27.035714299999995,0.08527271502917519,0.08527271502917519,0.6310594990859788,140,False,WITHIN_THRESHOLD
2020-06-17 16:00:00,4135001,zVJPv84UY57bAof,321.25,337.7857143,321.25,232.32144040981643,257.4835267885,294.56204,337.7857143,321.25,16.535714299999995,0.05147304062256808,0.05147304062256808,0.6239543405030045,140,False,WITHIN_THRESHOLD
2020-06-17 16:15:00,4135001,1BY6WEcLGh8j5v7,347.2857143,174.475,347.2857143,263.14250548710527,364.15430357250005,326.95886,174.475,347.2857143,-172.8107143,-0.49760386674218005,0.49760386674218005,0.7244052284136537,127,False,WITHIN_THRESHOLD
2020-06-17 16:15:00,4135001,1IF53ai7Xc0U56Y,390.325,182.0285714,390.325,269.23021973840287,389.816125005,339.7413,182.0285714,390.325,-208.29642859999998,-0.5336486994171523,0.5336486994171523,0.5940346974102673,140,False,WITHIN_THRESHOLD
2020-06-17 16:15:00,4135001,3PZuoBAID5Wc2HD,395.3571429,182.4125,395.3571429,270.44140405845974,386.92060714799993,326.95886,182.4125,395.3571429,-212.9446429,-0.5386133695170429,0.5386133695170429,0.6483868824537441,140,False,WITHIN_THRESHOLD
2020-06-17 16:15:00,4135001,7JYdWkrLSPkdwr4,373.3,178.4142857,373.3,267.4317888021924,387.2041607175,338.95834,178.4142857,373.3,-194.88571430000002,-0.5220619188320386,0.5220619188320386,0.5905745482895888,140,False,WITHIN_THRESHOLD
2020-06-17 16:15:00,4135001,McdE0feGgRqW7Ca,346.3375,183.8142857,346.3375,265.878031185727,387.2635357174999,339.7413,183.8142857,346.3375,-162.52321429999998,-0.46926253813115815,0.46926253813115815,0.6677543807186324,140,False,WITHIN_THRESHOLD
2020-06-17 16:15:00,4135001,VHMLBKoKgIrUVDU,381.925,184.3142857,381.925,268.3684106449525,388.6325446465,338.95834,184.3142857,381.925,-197.6107143,-0.5174071199842901,0.5174071199842901,0.6129522180797938,140,False,WITHIN_THRESHOLD
2020-06-17 16:15:00,4135001,WRmjgnKYAwPKWDb,387.6857143,184.0625,387.6857143,269.269833606157,386.669580361,326.95886,184.0625,387.6857143,-203.62321429999997,-0.5252275407353074,0.5252275407353074,0.6395407288719102,140,False,WITHIN_THRESHOLD
2020-06-17 16:15:00,4135001,YxYtjZvoooNbGkE,351.0125,178.7,351.0125,268.7883720188877,388.110437503,338.95834,178.7,351.0125,-172.3125,-0.49090132117802077,0.49090132117802077,0.621455172419359,140,False,WITHIN_THRESHOLD
2020-06-17 16:15:00,4135001,ZnxXDlPa8U1GXgE,359.8,189.6571429,359.8,265.8934168329935,386.842571432,326.95886,189.6571429,359.8,-170.14285710000001,-0.4728817595886604,0.4728817595886604,0.6533279459118295,140,False,WITHIN_THRESHOLD
2020-06-17 16:15:00,4135001,ZoEaEvLYb1n2sOq,364.4375,175.7,364.4375,268.1742464891969,388.34118750350007,338.95834,175.7,364.4375,-188.7375,-0.5178871548619448,0.5178871548619448,0.6312243441917053,140,False,WITHIN_THRESHOLD
2020-06-17 16:15:00,4135001,adLQvlD726eNBSB,401.35,185.9,401.35,269.45899121348054,390.976392862,339.7413,185.9,401.35,-215.45000000000002,-0.5368132552634858,0.5368132552634858,0.5967226324524667,140,False,WITHIN_THRESHOLD
2020-06-17 16:15:00,4135001,bvBOhCH3iADSZry,334.9571429,170.275,334.9571429,261.7087317244847,364.474190478,324.51645,170.275,334.9571429,-164.6821429,-0.49165138403740544,0.49165138403740544,0.7126272967972415,127,False,WITHIN_THRESHOLD
2020-06-17 16:15:00,4135001,iCRJl6heRkivqQ3,345.7142857,178.1,345.7142857,267.8154017157097,389.2202857175,339.7413,178.1,345.7142857,-167.6142857,-0.48483471072251383,0.48483471072251383,0.6313543652927712,140,False,WITHIN_THRESHOLD
2020-06-17 16:15:00,4135001,ih0vzX44oOqAx2f,344.4857143,183.9714286,344.4857143,266.15785132257616,384.97049107449993,326.95886,183.9714286,344.4857143,-160.5142857,-0.4659533880125258,0.4659533880125258,0.6624702585319796,140,False,WITHIN_THRESHOLD
2020-06-17 16:15:00,4135001,pkci93gMrogZuBj,351.9125,173.0428571,351.9125,267.0550724382906,388.4553839314999,327.74182,173.0428571,351.9125,-178.86964290000003,-0.5082787423009981,0.5082787423009981,0.5863965339011183,140,False,WITHIN_THRESHOLD
2020-06-17 16:15:00,4135001,rGa61gmuvPhdLxV,353.9857143,176.0571429,353.9857143,269.1214432360189,389.0624107184999,327.74182,176.0571429,353.9857143,-177.92857139999998,-0.5026433672665304,0.5026433672665304,0.6265022920692254,140,False,WITHIN_THRESHOLD
2020-06-17 16:15:00,4135001,sjndEbLyjtCKgGv,345.025,179.1428571,345.025,265.96833499798134,386.836758932,327.74182,179.1428571,345.025,-165.8821429,-0.4807829661618723,0.4807829661618723,0.6598785838606678,140,False,WITHIN_THRESHOLD
2020-06-17 16:15:00,4135001,uHbuxQJl8lW7ozc,343.95,174.5571429,343.95,266.37766214737894,389.2030267885,339.7413,174.5571429,343.95,-169.3928571,-0.4924926794592237,0.4924926794592237,0.6330720359237364,140,False,WITHIN_THRESHOLD
2020-06-17 16:15:00,4135001,wCURE6d3bPkepu2,343.175,185.4428571,343.175,265.1071413194136,386.0911250035,338.95834,185.4428571,343.175,-157.7321429,-0.4596259718802361,0.4596259718802361,0.6722465763485777,140,False,WITHIN_THRESHOLD
2020-06-17 16:15:00,4135001,z9Y9gH1T5YWrNuG,336.15,184.5285714,336.15,264.5108341618086,382.8986875024999,338.95834,184.5285714,336.15,-151.62142859999997,-0.45105288888888884,0.45105288888888884,0.686499253670038,140,False,WITHIN_THRESHOLD
2020-06-17 16:15:00,4135001,zBIq5rxdHJRwDNY,344.0857143,172.0125,344.0857143,268.6362049462356,384.944928575,326.95886,172.0125,344.0857143,-172.07321430000002,-0.5000882255459567,0.5000882255459567,0.6310594990859788,140,False,WITHIN_THRESHOLD
2020-06-17 16:15:00,4135001,zVJPv84UY57bAof,337.7857143,178.3,337.7857143,267.8109316037044,389.17602678899993,339.7413,178.3,337.7857143,-159.48571429999998,-0.4721505603944956,0.4721505603944956,0.6239543405030045,140,False,WITHIN_THRESHOLD
2020-06-17 16:30:00,4135001,1BY6WEcLGh8j5v7,174.475,104.0428571,174.475,189.0475808959252,149.3733125035001,160.65605,104.0428571,174.475,-70.43214289999999,-0.4036804292878635,0.4036804292878635,0.7244052284136537,127,False,WITHIN_THRESHOLD
2020-06-17 16:30:00,4135001,1IF53ai7Xc0U56Y,182.0285714,110.8375,182.0285714,197.5055636009172,139.60320536450016,160.96266,110.8375,182.0285714,-71.1910714,-0.3910983361153819,0.3910983361153819,0.5940346974102673,140,False,WITHIN_THRESHOLD
2020-06-17 16:30:00,4135001,3PZuoBAID5Wc2HD,182.4125,107.1142857,182.4125,201.22819170662635,140.51780357800016,160.96266,107.1142857,182.4125,-75.2982143,-0.4127908684985952,0.4127908684985952,0.6483868824537441,140,False,WITHIN_THRESHOLD
2020-06-17 16:30:00,4135001,7JYdWkrLSPkdwr4,178.4142857,109.0,178.4142857,194.6367827595381,141.52700000650012,160.96266,109.0,178.4142857,-69.4142857,-0.38906237484098505,0.38906237484098505,0.5905745482895888,140,False,WITHIN_THRESHOLD
2020-06-17 16:30:00,4135001,McdE0feGgRqW7Ca,183.8142857,115.425,183.8142857,190.63495775601356,146.83341964700014,160.65605,115.425,183.8142857,-68.3892857,-0.37205642335991734,0.37205642335991734,0.6677543807186324,140,False,WITHIN_THRESHOLD
2020-06-17 16:30:00,4135001,VHMLBKoKgIrUVDU,184.3142857,111.6875,184.3142857,197.93706878177912,141.14756250650012,160.96266,111.6875,184.3142857,-72.6267857,-0.3940377460389116,0.3940377460389116,0.6129522180797938,140,False,WITHIN_THRESHOLD
2020-06-17 16:30:00,4135001,WRmjgnKYAwPKWDb,184.0625,106.1857143,184.0625,196.77151579655984,139.93642857850014,160.96266,106.1857143,184.0625,-77.8767857,-0.4230996846179966,0.4230996846179966,0.6395407288719102,140,False,WITHIN_THRESHOLD
2020-06-17 16:30:00,4135001,YxYtjZvoooNbGkE,178.7,110.275,178.7,191.83307862446156,143.21180357750015,160.96266,110.275,178.7,-68.42499999999998,-0.38290430889759364,0.38290430889759364,0.621455172419359,140,False,WITHIN_THRESHOLD
2020-06-17 16:30:00,4135001,ZnxXDlPa8U1GXgE,189.6571429,113.6,189.6571429,191.6855198847782,141.51850000650012,160.96266,113.6,189.6571429,-76.0571429,-0.4010244050765989,0.4010244050765989,0.6533279459118295,140,False,WITHIN_THRESHOLD
2020-06-17 16:30:00,4135001,ZoEaEvLYb1n2sOq,175.7,108.2875,175.7,191.61096289055885,141.50021429250012,160.96266,108.2875,175.7,-67.4125,-0.38367956744450765,0.38367956744450765,0.6312243441917053,140,False,WITHIN_THRESHOLD
2020-06-17 16:30:00,4135001,adLQvlD726eNBSB,185.9,112.8375,185.9,198.65331540441773,139.59658036450014,160.96266,112.8375,185.9,-73.0625,-0.39302044109736417,0.39302044109736417,0.5967226324524667,140,False,WITHIN_THRESHOLD
2020-06-17 16:30:00,4135001,bvBOhCH3iADSZry,170.275,101.5,170.275,185.3570137435128,148.4981250035001,160.65605,101.5,170.275,-68.775,-0.4039054470709147,0.4039054470709147,0.7126272967972415,127,False,WITHIN_THRESHOLD
2020-06-17 16:30:00,4135001,iCRJl6heRkivqQ3,178.1,108.7142857,178.1,189.9687605022164,143.07188393400014,160.65605,108.7142857,178.1,-69.38571429999999,-0.38958851375631665,0.38958851375631665,0.6313543652927712,140,False,WITHIN_THRESHOLD
2020-06-17 16:30:00,4135001,ih0vzX44oOqAx2f,183.9714286,111.425,183.9714286,191.76757875163148,155.31297321600002,160.65605,111.425,183.9714286,-72.5464286,-0.39433530060656385,0.39433530060656385,0.6624702585319796,140,False,WITHIN_THRESHOLD
2020-06-17 16:30:00,4135001,pkci93gMrogZuBj,173.0428571,109.175,173.0428571,187.06783190073187,140.62654465000014,160.96266,109.175,173.0428571,-63.867857099999995,-0.36908693123976394,0.36908693123976394,0.5863965339011183,140,False,WITHIN_THRESHOLD
2020-06-17 16:30:00,4135001,rGa61gmuvPhdLxV,176.0571429,109.775,176.0571429,188.32360390410685,140.66247322150014,160.96266,109.775,176.0571429,-66.2821429,-0.3764808505250371,0.3764808505250371,0.6265022920692254,140,False,WITHIN_THRESHOLD
2020-06-17 16:30:00,4135001,sjndEbLyjtCKgGv,179.1428571,112.1125,179.1428571,189.477281549774,143.20180357750016,160.65605,112.1125,179.1428571,-67.03035709999999,-0.37417264737819117,0.37417264737819117,0.6598785838606678,140,False,WITHIN_THRESHOLD
2020-06-17 16:30:00,4135001,uHbuxQJl8lW7ozc,174.5571429,112.675,174.5571429,184.2637568212927,140.58924107900015,160.65605,112.675,174.5571429,-61.882142900000005,-0.3545093708107433,0.3545093708107433,0.6330720359237364,140,False,WITHIN_THRESHOLD
2020-06-17 16:30:00,4135001,wCURE6d3bPkepu2,185.4428571,114.5125,185.4428571,190.94871522411995,150.2080535750001,160.65605,114.5125,185.4428571,-70.9303571,-0.3824917185230317,0.3824917185230317,0.6722465763485777,140,False,WITHIN_THRESHOLD
2020-06-17 16:30:00,4135001,z9Y9gH1T5YWrNuG,184.5285714,115.575,184.5285714,189.21438103374945,154.9298928585,160.65605,115.575,184.5285714,-68.9535714,-0.3736742276648872,0.3736742276648872,0.686499253670038,140,False,WITHIN_THRESHOLD
2020-06-17 16:30:00,4135001,zBIq5rxdHJRwDNY,172.0125,104.1,172.0125,191.32536803270955,146.99866964700016,160.65605,104.1,172.0125,-67.9125,-0.394811423588402,0.394811423588402,0.6310594990859788,140,False,WITHIN_THRESHOLD
2020-06-17 16:30:00,4135001,zVJPv84UY57bAof,178.3,112.5875,178.3,187.49777820077043,142.10639286300014,160.65605,112.5875,178.3,-65.7125,-0.36855019629837354,0.36855019629837354,0.6239543405030045,140,False,WITHIN_THRESHOLD
2020-06-17 16:45:00,4135001,1BY6WEcLGh8j5v7,104.0428571,118.525,104.0428571,151.1572320253905,94.35980357005006,86.93252,118.525,104.0428571,14.4821429,0.1391940139252481,0.1391940139252481,0.7244052284136537,127,False,WITHIN_THRESHOLD
2020-06-17 16:45:00,4135001,1IF53ai7Xc0U56Y,110.8375,132.9571429,110.8375,156.62365211637825,98.3985624976,90.77519,132.9571429,110.8375,22.119642900000002,0.1995682228487651,0.1995682228487651,0.5940346974102673,140,False,WITHIN_THRESHOLD
2020-06-17 16:45:00,4135001,3PZuoBAID5Wc2HD,107.1142857,129.1142857,107.1142857,151.69929707357892,98.96824999655,90.77519,129.1142857,107.1142857,22.000000000000014,0.20538810352165765,0.20538810352165765,0.6483868824537441,140,False,WITHIN_THRESHOLD
2020-06-17 16:45:00,4135001,7JYdWkrLSPkdwr4,109.0,128.5428571,109.0,152.48995813407572,97.81759821205004,90.77519,128.5428571,109.0,19.542857099999992,0.179292266972477,0.179292266972477,0.5905745482895888,140,False,WITHIN_THRESHOLD
2020-06-17 16:45:00,4135001,McdE0feGgRqW7Ca,115.425,130.4714286,115.425,148.02654910154462,98.05464285505,90.77519,130.4714286,115.425,15.046428599999999,0.13035675633528265,0.13035675633528265,0.6677543807186324,140,False,WITHIN_THRESHOLD
2020-06-17 16:45:00,4135001,VHMLBKoKgIrUVDU,111.6875,130.4,111.6875,153.17270008697773,98.49825892610002,90.77519,130.4,111.6875,18.712500000000006,0.16754336877448242,0.16754336877448242,0.6129522180797938,140,False,WITHIN_THRESHOLD
2020-06-17 16:45:00,4135001,WRmjgnKYAwPKWDb,106.1857143,126.7571429,106.1857143,150.68312715509816,99.01237499655,90.77519,126.7571429,106.1857143,20.571428600000004,0.19373066081074528,0.19373066081074528,0.6395407288719102,140,False,WITHIN_THRESHOLD
2020-06-17 16:45:00,4135001,YxYtjZvoooNbGkE,110.275,128.8142857,110.275,152.5520459119948,97.81778571205002,90.77519,128.8142857,110.275,18.539285699999994,0.16811866424846966,0.16811866424846966,0.621455172419359,140,False,WITHIN_THRESHOLD
2020-06-17 16:45:00,4135001,ZnxXDlPa8U1GXgE,113.6,127.0428571,113.6,151.26840951589037,98.75078571255,91.012115,127.0428571,113.6,13.442857100000012,0.11833500968309871,0.11833500968309871,0.6533279459118295,140,False,WITHIN_THRESHOLD
2020-06-17 16:45:00,4135001,ZoEaEvLYb1n2sOq,108.2875,128.7142857,108.2875,153.1260455254658,97.78025892625004,90.77519,128.7142857,108.2875,20.42678570000001,0.18863475193351045,0.18863475193351045,0.6312243441917053,140,False,WITHIN_THRESHOLD
2020-06-17 16:45:00,4135001,adLQvlD726eNBSB,112.8375,134.5142857,112.8375,157.64371820300752,99.07644642555002,91.012115,134.5142857,112.8375,21.676785699999982,0.19210622089287677,0.19210622089287677,0.5967226324524667,140,False,WITHIN_THRESHOLD
2020-06-17 16:45:00,4135001,bvBOhCH3iADSZry,101.5,118.1,101.5,147.3275185359962,94.32783928455008,86.93252,118.1,101.5,16.599999999999994,0.1635467980295566,0.1635467980295566,0.7126272967972415,127,False,WITHIN_THRESHOLD
2020-06-17 16:45:00,4135001,iCRJl6heRkivqQ3,108.7142857,130.6875,108.7142857,146.3888795722884,98.2520892828,90.77519,130.6875,108.7142857,21.973214299999995,0.20211892262839928,0.20211892262839928,0.6313543652927712,140,False,WITHIN_THRESHOLD
2020-06-17 16:45:00,4135001,ih0vzX44oOqAx2f,111.425,124.5285714,111.425,148.2848828054707,95.05063392790004,90.77519,124.5285714,111.425,13.103571400000007,0.1175999228180391,0.1175999228180391,0.6624702585319796,140,False,WITHIN_THRESHOLD
2020-06-17 16:45:00,4135001,pkci93gMrogZuBj,109.175,129.6428571,109.175,146.94544689086217,97.88679464080002,90.77519,129.6428571,109.175,20.46785709999999,0.18747750950309128,0.18747750950309128,0.5863965339011183,140,False,WITHIN_THRESHOLD
2020-06-17 16:45:00,4135001,rGa61gmuvPhdLxV,109.775,130.4571429,109.775,148.32187366584674,97.99646428355,90.77519,130.4571429,109.775,20.682142900000002,0.18840485447506264,0.18840485447506264,0.6265022920692254,140,False,WITHIN_THRESHOLD
2020-06-17 16:45:00,4135001,sjndEbLyjtCKgGv,112.1125,129.1714286,112.1125,147.54317607028207,94.96340178475003,90.77519,129.1714286,112.1125,17.058928600000016,0.15215902419444768,0.15215902419444768,0.6598785838606678,140,False,WITHIN_THRESHOLD
2020-06-17 16:45:00,4135001,uHbuxQJl8lW7ozc,112.675,130.7285714,112.675,146.213124011667,95.73292857055004,90.77519,130.7285714,112.675,18.053571399999996,0.1602269483026403,0.1602269483026403,0.6330720359237364,140,False,WITHIN_THRESHOLD
2020-06-17 16:45:00,4135001,wCURE6d3bPkepu2,114.5125,127.2,114.5125,149.8756899306679,95.12029464190005,91.012115,127.2,114.5125,12.6875,0.1107957646545137,0.1107957646545137,0.6722465763485777,140,False,WITHIN_THRESHOLD
2020-06-17 16:45:00,4135001,z9Y9gH1T5YWrNuG,115.575,126.5285714,115.575,150.25142124836174,94.90916071335003,90.77519,126.5285714,115.575,10.953571400000001,0.09477457408609129,0.09477457408609129,0.686499253670038,140,False,WITHIN_THRESHOLD
2020-06-17 16:45:00,4135001,zBIq5rxdHJRwDNY,104.1,127.6375,104.1,148.4595670504742,94.83574999925004,90.77519,127.6375,104.1,23.53750000000001,0.22610470701248808,0.22610470701248808,0.6310594990859788,140,False,WITHIN_THRESHOLD
2020-06-17 16:45:00,4135001,zVJPv84UY57bAof,112.5875,128.8428571,112.5875,147.16327270700114,95.27457142750004,90.77519,128.8428571,112.5875,16.255357099999998,0.14437976773620514,0.14437976773620514,0.6239543405030045,140,False,WITHIN_THRESHOLD
2020-06-17 17:00:00,4135001,1BY6WEcLGh8j5v7,118.525,141.9285714,118.525,156.93363922689448,85.1008303574001,88.083565,141.9285714,118.525,23.403571400000004,0.19745683526682137,0.19745683526682137,0.7244052284136537,127,False,WITHIN_THRESHOLD
2020-06-17 17:00:00,4135001,1IF53ai7Xc0U56Y,132.9571429,155.9,132.9571429,163.69387349176134,84.8668214288501,88.083565,155.9,132.9571429,22.942857099999998,0.17255828908158644,0.17255828908158644,0.5940346974102673,140,False,WITHIN_THRESHOLD
2020-06-17 17:00:00,4135001,3PZuoBAID5Wc2HD,129.1142857,154.4625,129.1142857,165.0951457142002,85.00631250030011,88.083565,154.4625,129.1142857,25.348214299999995,0.19632385496750646,0.19632385496750646,0.6483868824537441,140,False,WITHIN_THRESHOLD
2020-06-17 17:00:00,4135001,7JYdWkrLSPkdwr4,128.5428571,151.375,128.5428571,162.23302766697964,84.8720714288501,88.083565,151.375,128.5428571,22.832142900000008,0.1776228054604211,0.1776228054604211,0.5905745482895888,140,False,WITHIN_THRESHOLD
2020-06-17 17:00:00,4135001,McdE0feGgRqW7Ca,130.4714286,155.9875,130.4714286,160.42465674583366,84.7636875002001,88.083565,155.9875,130.4714286,25.516071400000016,0.1955682686531112,0.1955682686531112,0.6677543807186324,140,False,WITHIN_THRESHOLD
2020-06-17 17:00:00,4135001,VHMLBKoKgIrUVDU,130.4,154.1875,130.4,163.24797325705197,84.8720714288501,88.083565,154.1875,130.4,23.787499999999994,0.18241947852760731,0.18241947852760731,0.6129522180797938,140,False,WITHIN_THRESHOLD
2020-06-17 17:00:00,4135001,WRmjgnKYAwPKWDb,126.7571429,152.1,126.7571429,164.12213631459878,85.00631250030011,88.083565,152.1,126.7571429,25.34285709999999,0.1999323787219883,0.1999323787219883,0.6395407288719102,140,False,WITHIN_THRESHOLD
2020-06-17 17:00:00,4135001,YxYtjZvoooNbGkE,128.8142857,152.7125,128.8142857,159.96420330947586,84.86230357170011,88.083565,152.7125,128.8142857,23.898214300000006,0.1855245648425779,0.1855245648425779,0.621455172419359,140,False,WITHIN_THRESHOLD
2020-06-17 17:00:00,4135001,ZnxXDlPa8U1GXgE,127.0428571,152.825,127.0428571,160.70670668162313,84.7734553573501,88.083565,152.825,127.0428571,25.782142899999982,0.20294051541761163,0.20294051541761163,0.6533279459118295,140,False,WITHIN_THRESHOLD
2020-06-17 17:00:00,4135001,ZoEaEvLYb1n2sOq,128.7142857,151.7625,128.7142857,160.76852535969766,84.8720714288501,88.083565,151.7625,128.7142857,23.048214299999984,0.1790649279887973,0.1790649279887973,0.6312243441917053,140,False,WITHIN_THRESHOLD
2020-06-17 17:00:00,4135001,adLQvlD726eNBSB,134.5142857,158.0375,134.5142857,165.2303033282534,84.7793303573501,88.083565,158.0375,134.5142857,23.523214300000006,0.17487521252919241,0.17487521252919241,0.5967226324524667,140,False,WITHIN_THRESHOLD
2020-06-17 17:00:00,4135001,bvBOhCH3iADSZry,118.1,141.4142857,118.1,155.6994687581383,85.23507142885012,88.083565,141.4142857,118.1,23.3142857,0.19741139458086368,0.19741139458086368,0.7126272967972415,127,False,WITHIN_THRESHOLD
2020-06-17 17:00:00,4135001,iCRJl6heRkivqQ3,130.6875,155.0142857,130.6875,157.67564451009153,84.84012500020009,88.083565,155.0142857,130.6875,24.326785699999988,0.18614470167384017,0.18614470167384017,0.6313543652927712,140,False,WITHIN_THRESHOLD
2020-06-17 17:00:00,4135001,ih0vzX44oOqAx2f,124.5285714,150.125,124.5285714,158.41994136091688,85.0022142859001,88.083565,150.125,124.5285714,25.596428599999996,0.2055466332925425,0.2055466332925425,0.6624702585319796,140,False,WITHIN_THRESHOLD
2020-06-17 17:00:00,4135001,pkci93gMrogZuBj,129.6428571,153.725,129.6428571,161.110526023743,84.86230357170011,88.083565,153.725,129.6428571,24.082142900000008,0.18575757614956181,0.18575757614956181,0.5863965339011183,140,False,WITHIN_THRESHOLD
2020-06-17 17:00:00,4135001,rGa61gmuvPhdLxV,130.4571429,154.55,130.4571429,162.12714297155466,84.86230357170011,88.083565,154.55,130.4571429,24.092857100000003,0.18468024490209806,0.18468024490209806,0.6265022920692254,140,False,WITHIN_THRESHOLD
2020-06-17 17:00:00,4135001,sjndEbLyjtCKgGv,129.1714286,153.825,129.1714286,161.06232515495915,84.9387410717001,88.083565,153.825,129.1714286,24.653571399999976,0.19085932289518684,0.19085932289518684,0.6598785838606678,140,False,WITHIN_THRESHOLD
2020-06-17 17:00:00,4135001,uHbuxQJl8lW7ozc,130.7285714,155.7375,130.7285714,160.22618902012317,84.9387410717001,88.083565,155.7375,130.7285714,25.00892860000002,0.19130422930637198,0.19130422930637198,0.6330720359237364,140,False,WITHIN_THRESHOLD
2020-06-17 17:00:00,4135001,wCURE6d3bPkepu2,127.2,152.8,127.2,158.1378582368734,84.9924464287501,88.083565,152.8,127.2,25.60000000000001,0.2012578616352202,0.2012578616352202,0.6722465763485777,140,False,WITHIN_THRESHOLD
2020-06-17 17:00:00,4135001,z9Y9gH1T5YWrNuG,126.5285714,152.9125,126.5285714,157.15727754682445,84.9924464287501,88.083565,152.9125,126.5285714,26.38392859999999,0.20852150868432226,0.20852150868432226,0.686499253670038,140,False,WITHIN_THRESHOLD
2020-06-17 17:00:00,4135001,zBIq5rxdHJRwDNY,127.6375,151.0,127.6375,158.18254231746272,84.9387410717001,88.083565,151.0,127.6375,23.362499999999997,0.18303790030359413,0.18303790030359413,0.6310594990859788,140,False,WITHIN_THRESHOLD
2020-06-17 17:00:00,4135001,zVJPv84UY57bAof,128.8428571,154.1625,128.8428571,159.22700544284237,84.84012500020009,88.083565,154.1625,128.8428571,25.31964289999999,0.1965156894987855,0.1965156894987855,0.6239543405030045,140,False,WITHIN_THRESHOLD
2020-06-17 17:15:00,4135001,1BY6WEcLGh8j5v7,141.9285714,122.62,141.9285714,168.9690161714638,82.40699107405011,101.463554,122.62,141.9285714,-19.308571400000005,-0.13604428769724095,0.13604428769724095,0.7244052284136537,127,False,WITHIN_THRESHOLD
2020-06-17 17:15:00,4135001,1IF53ai7Xc0U56Y,155.9,132.86,155.9,174.02413382102742,81.75387500260008,102.54657,132.86,155.9,-23.039999999999992,-0.14778704297626677,0.14778704297626677,0.5940346974102673,140,False,WITHIN_THRESHOLD
2020-06-17 17:15:00,4135001,3PZuoBAID5Wc2HD,154.4625,132.5,154.4625,173.90783135775888,81.75375000260009,102.54657,132.5,154.4625,-21.962500000000006,-0.14218661487416043,0.14218661487416043,0.6483868824537441,140,False,WITHIN_THRESHOLD
2020-06-17 17:15:00,4135001,7JYdWkrLSPkdwr4,151.375,128.9,151.375,172.053846695294,82.3993482170501,101.463554,128.9,151.375,-22.474999999999994,-0.14847233691164324,0.14847233691164324,0.5905745482895888,140,False,WITHIN_THRESHOLD
2020-06-17 17:15:00,4135001,McdE0feGgRqW7Ca,155.9875,133.32,155.9875,172.59451942721478,82.38456250255011,101.463554,133.32,155.9875,-22.667500000000018,-0.14531613110024852,0.14531613110024852,0.6677543807186324,140,False,WITHIN_THRESHOLD
2020-06-17 17:15:00,4135001,VHMLBKoKgIrUVDU,154.1875,131.52,154.1875,173.2496452184555,82.09673214555009,102.54657,131.52,154.1875,-22.66749999999999,-0.14701256586947703,0.14701256586947703,0.6129522180797938,140,False,WITHIN_THRESHOLD
2020-06-17 17:15:00,4135001,WRmjgnKYAwPKWDb,152.1,131.12,152.1,173.27951655452597,81.75387500260008,102.54657,131.12,152.1,-20.97999999999999,-0.13793556870479942,0.13793556870479942,0.6395407288719102,140,False,WITHIN_THRESHOLD
2020-06-17 17:15:00,4135001,YxYtjZvoooNbGkE,152.7125,129.9,152.7125,170.89188756156352,82.38456250255011,101.463554,129.9,152.7125,-22.8125,-0.14938200867643447,0.14938200867643447,0.621455172419359,140,False,WITHIN_THRESHOLD
2020-06-17 17:15:00,4135001,ZnxXDlPa8U1GXgE,152.825,131.28,152.825,172.80410425641662,82.4004910740501,101.463554,131.28,152.825,-21.544999999999987,-0.14097824308849985,0.14097824308849985,0.6533279459118295,140,False,WITHIN_THRESHOLD
2020-06-17 17:15:00,4135001,ZoEaEvLYb1n2sOq,151.7625,128.66,151.7625,171.40553758412773,82.38456250255011,101.463554,128.66,151.7625,-23.102499999999992,-0.1522279878099003,0.1522279878099003,0.6312243441917053,140,False,WITHIN_THRESHOLD
2020-06-17 17:15:00,4135001,adLQvlD726eNBSB,158.0375,135.16,158.0375,175.29545401089982,81.32953571670008,102.54657,135.16,158.0375,-22.877499999999998,-0.144759946215297,0.144759946215297,0.5967226324524667,140,False,WITHIN_THRESHOLD
2020-06-17 17:15:00,4135001,bvBOhCH3iADSZry,141.4142857,121.44,141.4142857,167.82976155194967,82.4328571455501,101.463554,121.44,141.4142857,-19.974285699999996,-0.14124659047795196,0.14124659047795196,0.7126272967972415,127,False,WITHIN_THRESHOLD
2020-06-17 17:15:00,4135001,iCRJl6heRkivqQ3,155.0142857,132.48,155.0142857,171.30106835566673,82.38456250255011,101.463554,132.48,155.0142857,-22.534285699999998,-0.14536909032765358,0.14536909032765358,0.6313543652927712,140,False,WITHIN_THRESHOLD
2020-06-17 17:15:00,4135001,ih0vzX44oOqAx2f,150.125,128.78,150.125,170.98740981087053,82.38456250255011,101.463554,128.78,150.125,-21.345,-0.14218151540383014,0.14218151540383014,0.6624702585319796,140,False,WITHIN_THRESHOLD
2020-06-17 17:15:00,4135001,pkci93gMrogZuBj,153.725,130.72,153.725,171.37894674547707,82.38456250255011,101.463554,130.72,153.725,-23.004999999999995,-0.14965034965034962,0.14965034965034962,0.5863965339011183,140,False,WITHIN_THRESHOLD
2020-06-17 17:15:00,4135001,rGa61gmuvPhdLxV,154.55,131.72,154.55,171.90594445661276,82.38456250255011,101.463554,131.72,154.55,-22.830000000000013,-0.14771918472986095,0.14771918472986095,0.6265022920692254,140,False,WITHIN_THRESHOLD
2020-06-17 17:15:00,4135001,sjndEbLyjtCKgGv,153.825,131.34,153.825,171.84551662227264,82.38456250255011,101.463554,131.34,153.825,-22.484999999999985,-0.1461725987323256,0.1461725987323256,0.6598785838606678,140,False,WITHIN_THRESHOLD
2020-06-17 17:15:00,4135001,uHbuxQJl8lW7ozc,155.7375,132.94,155.7375,171.22638357590856,82.38456250255011,101.463554,132.94,155.7375,-22.797500000000014,-0.14638413997913163,0.14638413997913163,0.6330720359237364,140,False,WITHIN_THRESHOLD
2020-06-17 17:15:00,4135001,wCURE6d3bPkepu2,152.8,131.02,152.8,171.78358617459224,82.38456250255011,101.463554,131.02,152.8,-21.78,-0.1425392670157068,0.1425392670157068,0.6722465763485777,140,False,WITHIN_THRESHOLD
2020-06-17 17:15:00,4135001,z9Y9gH1T5YWrNuG,152.9125,131.02,152.9125,171.19683237319632,82.45875000255009,101.463554,131.02,152.9125,-21.892499999999984,-0.1431701136270742,0.1431701136270742,0.686499253670038,140,False,WITHIN_THRESHOLD
2020-06-17 17:15:00,4135001,zBIq5rxdHJRwDNY,151.0,128.66,151.0,170.09855823403285,82.38456250255011,101.463554,128.66,151.0,-22.340000000000003,-0.14794701986754968,0.14794701986754968,0.6310594990859788,140,False,WITHIN_THRESHOLD
2020-06-17 17:15:00,4135001,zVJPv84UY57bAof,154.1625,131.88,154.1625,170.86105877850815,82.45875000255009,101.463554,131.88,154.1625,-22.2825,-0.14453904159571881,0.14453904159571881,0.6239543405030045,140,False,WITHIN_THRESHOLD
2020-06-17 17:30:00,4135001,1BY6WEcLGh8j5v7,122.62,85.27142857,122.62,144.42473469931693,64.6317946435,92.74485,85.27142857,122.62,-37.34857143000001,-0.30458792554232594,0.30458792554232594,0.7244052284136537,127,False,WITHIN_THRESHOLD
2020-06-17 17:30:00,4135001,1IF53ai7Xc0U56Y,132.86,93.85714286,132.86,148.35628793085974,67.64091071490003,93.827866,93.85714286,132.86,-39.00285714000002,-0.2935635792563602,0.2935635792563602,0.5940346974102673,140,False,WITHIN_THRESHOLD
2020-06-17 17:30:00,4135001,3PZuoBAID5Wc2HD,132.5,92.57142857,132.5,146.76771344855462,66.37060714360001,93.827866,92.57142857,132.5,-39.928571430000005,-0.3013477089056604,0.3013477089056604,0.6483868824537441,140,False,WITHIN_THRESHOLD
2020-06-17 17:30:00,4135001,7JYdWkrLSPkdwr4,128.9,90.92857143,128.9,147.11182225731392,65.53856250085002,92.74485,90.92857143,128.9,-37.97142857,-0.294580516446858,0.294580516446858,0.5905745482895888,140,False,WITHIN_THRESHOLD
2020-06-17 17:30:00,4135001,McdE0feGgRqW7Ca,133.32,94.18571429,133.32,150.27880602466593,67.45618750060002,92.74485,94.18571429,133.32,-39.134285709999986,-0.29353649647464736,0.29353649647464736,0.6677543807186324,140,False,WITHIN_THRESHOLD
2020-06-17 17:30:00,4135001,VHMLBKoKgIrUVDU,131.52,92.82857143,131.52,148.03425229352035,66.01660714365002,93.827866,92.82857143,131.52,-38.691428570000014,-0.29418665275243316,0.29418665275243316,0.6129522180797938,140,False,WITHIN_THRESHOLD
2020-06-17 17:30:00,4135001,WRmjgnKYAwPKWDb,131.12,91.17142857,131.12,146.1537773975715,65.26176785790003,93.827866,91.17142857,131.12,-39.94857143,-0.30467183823978033,0.30467183823978033,0.6395407288719102,140,False,WITHIN_THRESHOLD
2020-06-17 17:30:00,4135001,YxYtjZvoooNbGkE,129.9,91.9,129.9,148.39711175069633,65.72476785805003,92.74485,91.9,129.9,-38.0,-0.2925327174749807,0.2925327174749807,0.621455172419359,140,False,WITHIN_THRESHOLD
2020-06-17 17:30:00,4135001,ZnxXDlPa8U1GXgE,131.28,92.11428571,131.28,148.61625668203186,65.10840178650001,92.74485,92.11428571,131.28,-39.16571429,-0.2983372508379037,0.2983372508379037,0.6533279459118295,140,False,WITHIN_THRESHOLD
2020-06-17 17:30:00,4135001,ZoEaEvLYb1n2sOq,128.66,91.05714286,128.66,147.5781784404543,65.83597321520003,92.74485,91.05714286,128.66,-37.60285714,-0.2922653283071662,0.2922653283071662,0.6312243441917053,140,False,WITHIN_THRESHOLD
2020-06-17 17:30:00,4135001,adLQvlD726eNBSB,135.16,95.41428571,135.16,148.92586906121755,67.66819642890002,93.827866,95.41428571,135.16,-39.745714289999995,-0.29406417793725953,0.29406417793725953,0.5967226324524667,140,False,WITHIN_THRESHOLD
2020-06-17 17:30:00,4135001,bvBOhCH3iADSZry,121.44,84.55714286,121.44,144.01732402186445,64.29647321535,92.74485,84.55714286,121.44,-36.88285714,-0.30371259173254284,0.30371259173254284,0.7126272967972415,127,False,WITHIN_THRESHOLD
2020-06-17 17:30:00,4135001,iCRJl6heRkivqQ3,132.48,92.91428571,132.48,148.97490831755815,67.25291071495003,92.74485,92.91428571,132.48,-39.56571428999999,-0.298654244338768,0.298654244338768,0.6313543652927712,140,False,WITHIN_THRESHOLD
2020-06-17 17:30:00,4135001,ih0vzX44oOqAx2f,128.78,90.34285714,128.78,147.8357153203777,65.07567857215001,92.74485,90.34285714,128.78,-38.437142859999994,-0.29847136869079044,0.29847136869079044,0.6624702585319796,140,False,WITHIN_THRESHOLD
2020-06-17 17:30:00,4135001,pkci93gMrogZuBj,130.72,93.1,130.72,148.28794975748878,66.12859821520003,92.74485,93.1,130.72,-37.620000000000005,-0.2877906976744186,0.2877906976744186,0.5863965339011183,140,False,WITHIN_THRESHOLD
2020-06-17 17:30:00,4135001,rGa61gmuvPhdLxV,131.72,93.38571429,131.72,148.4645961794089,66.87244642925002,92.74485,93.38571429,131.72,-38.33428571,-0.2910285887488612,0.2910285887488612,0.6265022920692254,140,False,WITHIN_THRESHOLD
2020-06-17 17:30:00,4135001,sjndEbLyjtCKgGv,131.34,92.85714286,131.34,149.19564760237208,65.94093750095003,92.74485,92.85714286,131.34,-38.48285714000001,-0.29300180554286587,0.29300180554286587,0.6598785838606678,140,False,WITHIN_THRESHOLD
2020-06-17 17:30:00,4135001,uHbuxQJl8lW7ozc,132.94,94.97142857,132.94,149.46951807249275,68.11255357200004,92.74485,94.97142857,132.94,-37.96857143,-0.28560682586129077,0.28560682586129077,0.6330720359237364,140,False,WITHIN_THRESHOLD
2020-06-17 17:30:00,4135001,wCURE6d3bPkepu2,131.02,92.04285714,131.02,149.15336860234987,65.35415178650001,92.74485,92.04285714,131.02,-38.977142860000015,-0.297490023355213,0.297490023355213,0.6722465763485777,140,False,WITHIN_THRESHOLD
2020-06-17 17:30:00,4135001,z9Y9gH1T5YWrNuG,131.02,92.71428571,131.02,149.51092988593345,65.35315178650002,92.74485,92.71428571,131.02,-38.30571429000001,-0.29236539680964746,0.29236539680964746,0.686499253670038,140,False,WITHIN_THRESHOLD
2020-06-17 17:30:00,4135001,zBIq5rxdHJRwDNY,128.66,90.3,128.66,147.07553761569426,65.57468750085002,92.74485,90.3,128.66,-38.36,-0.2981501632208923,0.2981501632208923,0.6310594990859788,140,False,WITHIN_THRESHOLD
2020-06-17 17:30:00,4135001,zVJPv84UY57bAof,131.88,93.14285714,131.88,149.1763060353874,66.62901785790002,92.74485,93.14285714,131.88,-38.73714285999999,-0.2937302309675462,0.2937302309675462,0.6239543405030045,140,False,WITHIN_THRESHOLD
2020-06-17 17:45:00,4135001,1BY6WEcLGh8j5v7,85.27142857,54.61428571,85.27142857,116.27274866586372,50.52234821374999,32.713905,54.61428571,85.27142857,-30.65714286,-0.3595242084496486,0.3595242084496486,0.7244052284136537,127,False,WITHIN_THRESHOLD
2020-06-17 17:45:00,4135001,1IF53ai7Xc0U56Y,93.85714286,60.9,93.85714286,119.33717546539164,50.5726696423,34.18796,60.9,93.85714286,-32.95714286,-0.3511415525311677,0.3511415525311677,0.5940346974102673,140,False,WITHIN_THRESHOLD
2020-06-17 17:45:00,4135001,3PZuoBAID5Wc2HD,92.57142857,60.18571429,92.57142857,118.47855673714196,50.51795535660001,34.18796,60.18571429,92.57142857,-32.385714279999995,-0.3498456789560161,0.3498456789560161,0.6483868824537441,140,False,WITHIN_THRESHOLD
2020-06-17 17:45:00,4135001,7JYdWkrLSPkdwr4,90.92857143,58.7,90.92857143,118.28176579229232,50.50279464235,33.752876,58.7,90.92857143,-32.22857143,-0.35443833465271896,0.35443833465271896,0.5905745482895888,140,False,WITHIN_THRESHOLD
2020-06-17 17:45:00,4135001,McdE0feGgRqW7Ca,94.18571429,58.95714286,94.18571429,120.53727854958808,50.60523214230001,34.18796,58.95714286,94.18571429,-35.22857143000001,-0.37403306537051273,0.37403306537051273,0.6677543807186324,140,False,WITHIN_THRESHOLD
2020-06-17 17:45:00,4135001,VHMLBKoKgIrUVDU,92.82857143,59.75714286,92.82857143,119.01298369773994,50.52508035660001,34.18796,59.75714286,92.82857143,-33.071428569999995,-0.3562634656608762,0.3562634656608762,0.6129522180797938,140,False,WITHIN_THRESHOLD
2020-06-17 17:45:00,4135001,WRmjgnKYAwPKWDb,91.17142857,59.41428571,91.17142857,117.99830454581766,50.52508035660001,33.752876,59.41428571,91.17142857,-31.757142860000002,-0.34832340962626646,0.34832340962626646,0.6395407288719102,140,False,WITHIN_THRESHOLD
2020-06-17 17:45:00,4135001,YxYtjZvoooNbGkE,91.9,58.38571429,91.9,119.08220562859344,50.4980267852,32.731983,58.38571429,91.9,-33.51428571,-0.36468210783460286,0.36468210783460286,0.621455172419359,140,False,WITHIN_THRESHOLD
2020-06-17 17:45:00,4135001,ZnxXDlPa8U1GXgE,92.11428571,58.62857143,92.11428571,119.08082656926264,50.52214285660001,34.18796,58.62857143,92.11428571,-33.48571428,-0.36352357315587114,0.36352357315587114,0.6533279459118295,140,False,WITHIN_THRESHOLD
2020-06-17 17:45:00,4135001,ZoEaEvLYb1n2sOq,91.05714286,58.08571429,91.05714286,118.4202461057668,50.50248214235,33.752876,58.08571429,91.05714286,-32.97142857,-0.3620960150341357,0.3620960150341357,0.6312243441917053,140,False,WITHIN_THRESHOLD
2020-06-17 17:45:00,4135001,adLQvlD726eNBSB,95.41428571,62.61428571,95.41428571,119.97318343605116,50.50613392795,34.18796,62.61428571,95.41428571,-32.800000000000004,-0.34376403654785587,0.34376403654785587,0.5967226324524667,140,False,WITHIN_THRESHOLD
2020-06-17 17:45:00,4135001,bvBOhCH3iADSZry,84.55714286,54.15714286,84.55714286,115.92779479865196,50.49117857089999,32.713905,54.15714286,84.55714286,-30.4,-0.3595201892090042,0.3595201892090042,0.7126272967972415,127,False,WITHIN_THRESHOLD
2020-06-17 17:45:00,4135001,iCRJl6heRkivqQ3,92.91428571,58.75714286,92.91428571,119.80665864227844,50.60377678515001,34.18796,58.75714286,92.91428571,-34.15714285,-0.36761992613934286,0.36761992613934286,0.6313543652927712,140,False,WITHIN_THRESHOLD
2020-06-17 17:45:00,4135001,ih0vzX44oOqAx2f,90.34285714,57.37142857,90.34285714,118.43591121552576,50.40359821375,32.731983,57.37142857,90.34285714,-32.97142857000001,-0.364958886776248,0.364958886776248,0.6624702585319796,140,False,WITHIN_THRESHOLD
2020-06-17 17:45:00,4135001,pkci93gMrogZuBj,93.1,58.74285714,93.1,119.1180828039771,50.50931249945,33.752876,58.74285714,93.1,-34.357142859999996,-0.3690348320085929,0.3690348320085929,0.5863965339011183,140,False,WITHIN_THRESHOLD
2020-06-17 17:45:00,4135001,rGa61gmuvPhdLxV,93.38571429,59.3,93.38571429,119.32898373856024,50.512142856600015,34.18796,59.3,93.38571429,-34.08571429,-0.364999235152287,0.364999235152287,0.6265022920692254,140,False,WITHIN_THRESHOLD
2020-06-17 17:45:00,4135001,sjndEbLyjtCKgGv,92.85714286,58.42857143,92.85714286,119.7750968552373,50.600839285150016,33.16707,58.42857143,92.85714286,-34.42857143,-0.3707692307732071,0.3707692307732071,0.6598785838606678,140,False,WITHIN_THRESHOLD
2020-06-17 17:45:00,4135001,uHbuxQJl8lW7ozc,94.97142857,59.61428571,94.97142857,120.13686980554444,50.632169642300006,34.18796,59.61428571,94.97142857,-35.35714286,-0.37229241880824754,0.37229241880824754,0.6330720359237364,140,False,WITHIN_THRESHOLD
2020-06-17 17:45:00,4135001,wCURE6d3bPkepu2,92.04285714,58.14285714,92.04285714,119.54802025098572,50.600839285150016,32.731983,58.14285714,92.04285714,-33.9,-0.3683066894418223,0.3683066894418223,0.6722465763485777,140,False,WITHIN_THRESHOLD
2020-06-17 17:45:00,4135001,z9Y9gH1T5YWrNuG,92.71428571,57.88571429,92.71428571,119.78863201576132,50.683910713700016,32.731983,57.88571429,92.71428571,-34.828571419999996,-0.37565485354586997,0.37565485354586997,0.686499253670038,140,False,WITHIN_THRESHOLD
2020-06-17 17:45:00,4135001,zBIq5rxdHJRwDNY,90.3,57.52857143,90.3,118.34419340639376,50.4866696423,32.731983,57.52857143,90.3,-32.77142857,-0.3629172599114064,0.3629172599114064,0.6310594990859788,140,False,WITHIN_THRESHOLD
2020-06-17 17:45:00,4135001,zVJPv84UY57bAof,93.14285714,58.41428571,93.14285714,119.71053583655512,50.60377678515001,33.16707,58.41428571,93.14285714,-34.72857143,-0.37285276076297097,0.37285276076297097,0.6239543405030045,140,False,WITHIN_THRESHOLD
2020-06-17 18:00:00,4135001,1BY6WEcLGh8j5v7,54.61428571,30.4125,54.61428571,72.72897993013015,26.56272321425001,26.823612,30.4125,54.61428571,-24.201785709999996,-0.4431402039845519,0.4431402039845519,0.7244052284136537,127,False,WITHIN_THRESHOLD
2020-06-17 18:00:00,4135001,1IF53ai7Xc0U56Y,60.9,34.15,60.9,74.08440936416241,26.8118511899,27.844501,34.15,60.9,-26.75,-0.43924466338259444,0.43924466338259444,0.5940346974102673,140,False,WITHIN_THRESHOLD
2020-06-17 18:00:00,4135001,3PZuoBAID5Wc2HD,60.18571429,33.0,60.18571429,73.06971869651238,26.855869047500004,27.844501,33.0,60.18571429,-27.18571429,-0.45169712797638045,0.45169712797638045,0.6483868824537441,140,False,WITHIN_THRESHOLD
2020-06-17 18:00:00,4135001,7JYdWkrLSPkdwr4,58.7,32.7,58.7,73.5332213584542,26.89042857140001,26.823612,32.7,58.7,-26.0,-0.4429301533219761,0.4429301533219761,0.5905745482895888,140,False,WITHIN_THRESHOLD
2020-06-17 18:00:00,4135001,McdE0feGgRqW7Ca,58.95714286,33.2375,58.95714286,75.36454379664062,26.799437499800007,26.823612,33.2375,58.95714286,-25.71964286,-0.43624303370796014,0.43624303370796014,0.6677543807186324,140,False,WITHIN_THRESHOLD
2020-06-17 18:00:00,4135001,VHMLBKoKgIrUVDU,59.75714286,33.3625,59.75714286,73.99453999002276,26.8493690474,26.823612,33.3625,59.75714286,-26.394642860000005,-0.4416985417431653,0.4416985417431653,0.6129522180797938,140,False,WITHIN_THRESHOLD
2020-06-17 18:00:00,4135001,WRmjgnKYAwPKWDb,59.41428571,32.425,59.41428571,72.88279987361918,26.8721994044,26.823612,32.425,59.41428571,-26.989285710000004,-0.4542558306891746,0.4542558306891746,0.6395407288719102,140,False,WITHIN_THRESHOLD
2020-06-17 18:00:00,4135001,YxYtjZvoooNbGkE,58.38571429,32.775,58.38571429,74.14973060714655,26.86919642855001,26.823612,32.775,58.38571429,-25.610714290000004,-0.43864692932919164,0.43864692932919164,0.621455172419359,140,False,WITHIN_THRESHOLD
2020-06-17 18:00:00,4135001,ZnxXDlPa8U1GXgE,58.62857143,32.7375,58.62857143,74.08125483077373,26.87737499945,26.823612,32.7375,58.62857143,-25.891071430000004,-0.44161184211886917,0.44161184211886917,0.6533279459118295,140,False,WITHIN_THRESHOLD
2020-06-17 18:00:00,4135001,ZoEaEvLYb1n2sOq,58.08571429,32.5,58.08571429,73.48030892198324,26.90310714285001,26.823612,32.5,58.08571429,-25.58571429,-0.44048204627837073,0.44048204627837073,0.6312243441917053,140,False,WITHIN_THRESHOLD
2020-06-17 18:00:00,4135001,adLQvlD726eNBSB,62.61428571,34.9875,62.61428571,74.54749396290268,26.7943333327,27.844501,34.9875,62.61428571,-27.62678571,-0.44122176587551143,0.44122176587551143,0.5967226324524667,140,False,WITHIN_THRESHOLD
2020-06-17 18:00:00,4135001,bvBOhCH3iADSZry,54.15714286,30.0625,54.15714286,72.42546736886081,26.56691964280001,26.823612,30.0625,54.15714286,-24.09464286,-0.4449024004513373,0.4449024004513373,0.7126272967972415,127,False,WITHIN_THRESHOLD
2020-06-17 18:00:00,4135001,iCRJl6heRkivqQ3,58.75714286,32.9125,58.75714286,74.62091002009879,26.85956249985001,26.823612,32.9125,58.75714286,-25.84464286,-0.4398553367644126,0.4398553367644126,0.6313543652927712,140,False,WITHIN_THRESHOLD
2020-06-17 18:00:00,4135001,ih0vzX44oOqAx2f,57.37142857,32.3,57.37142857,73.78279138011871,26.876285714000005,26.823612,32.3,57.37142857,-25.071428570000002,-0.43700199201785367,0.43700199201785367,0.6624702585319796,140,False,WITHIN_THRESHOLD
2020-06-17 18:00:00,4135001,pkci93gMrogZuBj,58.74285714,32.525,58.74285714,74.2288911719829,26.868633928500017,26.823612,32.525,58.74285714,-26.21785714,-0.44631566145166907,0.44631566145166907,0.5863965339011183,140,False,WITHIN_THRESHOLD
2020-06-17 18:00:00,4135001,rGa61gmuvPhdLxV,59.3,33.15,59.3,73.94039863920682,26.89195535675,26.823612,33.15,59.3,-26.15,-0.44097807757166946,0.44097807757166946,0.6265022920692254,140,False,WITHIN_THRESHOLD
2020-06-17 18:00:00,4135001,sjndEbLyjtCKgGv,58.42857143,32.7375,58.42857143,74.81290797497019,26.855901785700013,26.823612,32.7375,58.42857143,-25.69107143,-0.4397004890112543,0.4397004890112543,0.6598785838606678,140,False,WITHIN_THRESHOLD
2020-06-17 18:00:00,4135001,uHbuxQJl8lW7ozc,59.61428571,33.5,59.61428571,75.36498247966881,26.789401785450004,26.823612,33.5,59.61428571,-26.114285709999997,-0.43805415763992717,0.43805415763992717,0.6330720359237364,140,False,WITHIN_THRESHOLD
2020-06-17 18:00:00,4135001,wCURE6d3bPkepu2,58.14285714,32.6,58.14285714,74.94056056144252,26.79812499965,26.823612,32.6,58.14285714,-25.542857139999995,-0.43931203928448703,0.43931203928448703,0.6722465763485777,140,False,WITHIN_THRESHOLD
2020-06-17 18:00:00,4135001,z9Y9gH1T5YWrNuG,57.88571429,32.8,57.88571429,75.57495051225267,26.722053571250008,26.823612,32.8,57.88571429,-25.085714290000006,-0.43336623893632537,0.43336623893632537,0.686499253670038,140,False,WITHIN_THRESHOLD
2020-06-17 18:00:00,4135001,zBIq5rxdHJRwDNY,57.52857143,32.1375,57.52857143,73.56465700477162,26.880499999700007,26.823612,32.1375,57.52857143,-25.391071429999997,-0.44136453937319675,0.44136453937319675,0.6310594990859788,140,False,WITHIN_THRESHOLD
2020-06-17 18:00:00,4135001,zVJPv84UY57bAof,58.41428571,32.8625,58.41428571,74.4901718608048,26.85676785715001,26.823612,32.8625,58.41428571,-25.551785710000004,-0.4374235754050446,0.4374235754050446,0.6239543405030045,140,False,WITHIN_THRESHOLD
