DATE_TIME,PLANT_ID,SOURCE_KEY,AC_POWER,TARGET_AC_POWER,Persistence,Linear_Regression,Random_Forest,XGBoost,ACTUAL_AC_POWER,EXPECTED_AC_POWER,RESIDUAL,NORMALIZED_RESIDUAL,ABS_NORMALIZED_RESIDUAL,P95_Abs_Norm_Residual,CALIBRATION_OBSERVATIONS,ANOMALY_FLAG,STATUS
2020-06-16 06:30:00,4136001,4UPUqMRk7TRMgml,72.42,118.86666666666666,72.42,96.09564208086108,96.44450714285722,103.515656,118.86666666666666,72.42,46.44666666666666,0.6413513762312435,0.6413513762312435,1.0,105,False,WITHIN_THRESHOLD
2020-06-16 06:30:00,4136001,81aHJ1q11NBPMrL,63.92,115.25333333333332,63.92,95.08936102149976,96.50862619047628,103.515656,115.25333333333332,63.92,51.333333333333314,0.8030871923237377,0.8030871923237377,0.7988725021368553,143,True,FLAGGED
2020-06-16 06:30:00,4136001,9kRcWv60rDACzjR,69.69333333333334,114.56666666666666,69.69333333333334,95.02683516681464,96.57165952380964,103.515656,114.56666666666666,69.69333333333334,44.87333333333332,0.6438683757413428,0.6438683757413428,0.8376117177500583,127,False,WITHIN_THRESHOLD
2020-06-16 06:30:00,4136001,Et9kgGMDl729KT4,66.10666666666665,108.12,66.10666666666665,93.6055298756996,96.59569761904775,103.515656,108.12,66.10666666666665,42.01333333333335,0.6355385235982255,0.6355385235982255,1.0,105,False,WITHIN_THRESHOLD
2020-06-16 06:30:00,4136001,IQ2d7wF4YD8zU1Q,71.42,116.05333333333334,71.42,94.8381696614794,97.46758571428585,103.515656,116.05333333333334,71.42,44.63333333333334,0.6249416596658266,0.6249416596658266,1.0,129,False,WITHIN_THRESHOLD
2020-06-16 06:30:00,4136001,LYwnQax7tkwH5Cb,66.52142857142857,108.07333333333332,66.52142857142857,93.51674502789692,96.6815285714287,103.515656,108.07333333333332,66.52142857142857,41.55190476190475,0.6246393929632412,0.6246393929632412,0.8540476989297716,143,False,WITHIN_THRESHOLD
2020-06-16 06:30:00,4136001,LlT2YUhhzqhg5Sw,69.00714285714285,111.92,69.00714285714285,94.85174705904278,96.66198571428582,103.515656,111.92,69.00714285714285,42.91285714285715,0.6218610909843703,0.6218610909843703,0.8849165458231198,127,False,WITHIN_THRESHOLD
2020-06-16 06:30:00,4136001,Mx2yZCDsyf6DPfv,73.12666666666665,118.26,73.12666666666665,96.68006501996038,97.25618571428578,103.515656,118.26,73.12666666666665,45.133333333333354,0.6171939101103113,0.6171939101103113,1.0,96,False,WITHIN_THRESHOLD
2020-06-16 06:30:00,4136001,NgDl19wMapZy17u,71.22666666666667,115.76666666666664,71.22666666666667,94.66966722782102,97.37238571428584,103.515656,115.76666666666664,71.22666666666667,44.539999999999964,0.6253275926619238,0.6253275926619238,1.0,129,False,WITHIN_THRESHOLD
2020-06-16 06:30:00,4136001,PeE6FRyGXUgsRhN,69.38571428571427,114.02,69.38571428571427,95.70775521894755,96.13739285714291,103.515656,114.02,69.38571428571427,44.634285714285724,0.6432777434630433,0.6432777434630433,1.0050898489883968,130,False,WITHIN_THRESHOLD
2020-06-16 06:30:00,4136001,Qf4GUc1pJu5T6c6,72.27999999999999,117.76666666666668,72.27999999999999,96.17583894717352,96.67026428571435,103.515656,117.76666666666668,72.27999999999999,45.48666666666669,0.6293119350673312,0.6293119350673312,1.0,91,False,WITHIN_THRESHOLD
2020-06-16 06:30:00,4136001,Quc1TzYxW2pYoWX,60.52,98.74666666666668,60.52,91.24039704655806,97.89318809523822,103.515656,98.74666666666668,60.52,38.22666666666668,0.6316369244326946,0.6316369244326946,1.0,108,False,WITHIN_THRESHOLD
2020-06-16 06:30:00,4136001,V94E5Ben1TlhnDV,69.72142857142856,115.03333333333336,69.72142857142856,95.28988292799092,95.8964595238096,103.515656,115.03333333333336,69.72142857142856,45.3119047619048,0.6498992589557088,0.6498992589557088,1.0842639735182622,98,False,WITHIN_THRESHOLD
2020-06-16 06:30:00,4136001,WcxssY2VbP4hApt,71.0,117.08666666666666,71.0,95.63273474789936,96.89119285714293,103.515656,117.08666666666666,71.0,46.08666666666666,0.6491079812206572,0.6491079812206572,0.8131277317394211,142,False,WITHIN_THRESHOLD
2020-06-16 06:30:00,4136001,mqwcsP2rE7J0TFp,72.56,116.92666666666668,72.56,95.25536217434404,96.89572619047628,103.515656,116.92666666666668,72.56,44.366666666666674,0.6114479970599045,0.6114479970599045,1.0188512076579566,137,False,WITHIN_THRESHOLD
2020-06-16 06:30:00,4136001,oZ35aAeoifZaQzV,72.61333333333333,120.42,72.61333333333333,96.37218654749807,97.02752380952388,103.515656,120.42,72.61333333333333,47.80666666666667,0.6583731178846861,0.6583731178846861,1.0,97,False,WITHIN_THRESHOLD
2020-06-16 06:30:00,4136001,oZZkBaNadn6DNKz,71.39285714285714,116.28666666666668,71.39285714285714,95.93605956337854,96.6223595238096,103.515656,116.28666666666668,71.39285714285714,44.89380952380954,0.628827747206937,0.628827747206937,1.1151183176572743,114,False,WITHIN_THRESHOLD
2020-06-16 06:30:00,4136001,q49J1IKaHRwDQnt,69.64285714285715,112.79999999999998,69.64285714285715,75.9210448624397,92.58581428571424,98.2994,112.79999999999998,69.64285714285715,43.15714285714283,0.6196923076923072,0.6196923076923072,0.8617696945001074,143,False,WITHIN_THRESHOLD
2020-06-16 06:30:00,4136001,rrq4fwE8jgrTyWY,66.45714285714286,107.1,66.45714285714286,93.49057258203752,96.60196428571442,103.515656,107.1,66.45714285714286,40.64285714285714,0.6115649183147033,0.6115649183147033,1.0,135,False,WITHIN_THRESHOLD
2020-06-16 06:30:00,4136001,vOuJvMaM2sgwLmb,70.66,116.37333333333336,70.66,95.68770050498014,96.6754595238096,103.515656,116.37333333333336,70.66,45.71333333333337,0.646947825266535,0.646947825266535,0.7896224826398267,142,False,WITHIN_THRESHOLD
2020-06-16 06:30:00,4136001,xMbIugepa2P7lBB,70.35333333333332,114.47333333333331,70.35333333333332,94.40550885553552,96.30421904761916,103.515656,114.47333333333331,70.35333333333332,44.11999999999999,0.6271202501658295,0.6271202501658295,0.9823653995011609,129,False,WITHIN_THRESHOLD
2020-06-16 06:30:00,4136001,xoJJ8DcxJEcupym,70.54285714285713,114.81333333333336,70.54285714285713,95.92160919761749,96.47585952380962,103.515656,114.81333333333336,70.54285714285713,44.27047619047623,0.6275685162683955,0.6275685162683955,0.8195700732505016,143,False,WITHIN_THRESHOLD
2020-06-16 06:45:00,4136001,4UPUqMRk7TRMgml,118.86666666666666,166.24666666666667,118.86666666666666,129.6234269231141,148.53599047619045,149.47676,166.24666666666667,118.86666666666666,47.38000000000001,0.39859786876051606,0.39859786876051606,1.0,105,False,WITHIN_THRESHOLD
2020-06-16 06:45:00,4136001,81aHJ1q11NBPMrL,115.25333333333332,159.4666666666667,115.25333333333332,123.41041465856676,149.09354285714292,149.47676,159.4666666666667,115.25333333333332,44.21333333333338,0.3836186950485891,0.3836186950485891,0.7988725021368553,143,False,WITHIN_THRESHOLD
2020-06-16 06:45:00,4136001,9kRcWv60rDACzjR,114.56666666666666,158.23999999999998,114.56666666666666,127.52996171544548,148.34757380952385,149.47676,158.23999999999998,114.56666666666666,43.67333333333332,0.3812045388420133,0.3812045388420133,0.8376117177500583,127,False,WITHIN_THRESHOLD
2020-06-16 06:45:00,4136001,Et9kgGMDl729KT4,108.12,149.84285714285718,108.12,124.54825207680037,147.42090238095238,149.47676,149.84285714285718,108.12,41.72285714285718,0.3858939802336032,0.3858939802336032,1.0,105,False,WITHIN_THRESHOLD
2020-06-16 06:45:00,4136001,IQ2d7wF4YD8zU1Q,116.05333333333334,160.32142857142856,116.05333333333334,128.7226909858347,148.51688333333328,149.47676,160.32142857142856,116.05333333333334,44.26809523809521,0.38144613314075604,0.38144613314075604,1.0,129,False,WITHIN_THRESHOLD
2020-06-16 06:45:00,4136001,LYwnQax7tkwH5Cb,108.07333333333332,150.1533333333333,108.07333333333332,124.93288168420852,147.88350238095236,149.47676,150.1533333333333,108.07333333333332,42.079999999999984,0.3893652458207389,0.3893652458207389,0.8540476989297716,143,False,WITHIN_THRESHOLD
2020-06-16 06:45:00,4136001,LlT2YUhhzqhg5Sw,111.92,154.89333333333337,111.92,126.93242540299896,148.10634047619047,149.47676,154.89333333333337,111.92,42.97333333333337,0.3839647367167027,0.3839647367167027,0.8849165458231198,127,False,WITHIN_THRESHOLD
2020-06-16 06:45:00,4136001,Mx2yZCDsyf6DPfv,118.26,166.87999999999997,118.26,130.20029933287444,149.2076904761905,149.47676,166.87999999999997,118.26,48.61999999999996,0.41112802300016876,0.41112802300016876,1.0,96,False,WITHIN_THRESHOLD
2020-06-16 06:45:00,4136001,NgDl19wMapZy17u,115.76666666666664,160.24285714285716,115.76666666666664,128.56578217540553,148.21668333333326,149.47676,160.24285714285716,115.76666666666664,44.476190476190524,0.3841882275513147,0.3841882275513147,1.0,129,False,WITHIN_THRESHOLD
2020-06-16 06:45:00,4136001,PeE6FRyGXUgsRhN,114.02,157.90666666666667,114.02,127.30149309436536,148.18127380952382,149.47676,157.90666666666667,114.02,43.88666666666667,0.3849032333508742,0.3849032333508742,1.0050898489883968,130,False,WITHIN_THRESHOLD
2020-06-16 06:45:00,4136001,Qf4GUc1pJu5T6c6,117.76666666666668,165.40666666666664,117.76666666666668,129.46798378406058,148.58452380952377,149.47676,165.40666666666664,117.76666666666668,47.63999999999996,0.4045287291253888,0.4045287291253888,1.0,91,False,WITHIN_THRESHOLD
2020-06-16 06:45:00,4136001,Quc1TzYxW2pYoWX,98.74666666666668,137.57857142857142,98.74666666666668,120.09240712689004,146.20118809523828,150.15436,137.57857142857142,98.74666666666668,38.83190476190474,0.393247752787315,0.393247752787315,1.0,108,False,WITHIN_THRESHOLD
2020-06-16 06:45:00,4136001,V94E5Ben1TlhnDV,115.03333333333336,159.86,115.03333333333336,127.6167576232532,148.70554047619052,149.47676,159.86,115.03333333333336,44.826666666666654,0.3896841495218775,0.3896841495218775,1.0842639735182622,98,False,WITHIN_THRESHOLD
2020-06-16 06:45:00,4136001,WcxssY2VbP4hApt,117.08666666666666,162.4,117.08666666666666,128.56242023786965,148.19815714285716,149.47676,162.4,117.08666666666666,45.31333333333335,0.387006775607812,0.387006775607812,0.8131277317394211,142,False,WITHIN_THRESHOLD
2020-06-16 06:45:00,4136001,mqwcsP2rE7J0TFp,116.92666666666668,161.95,116.92666666666668,129.61025188071682,148.42995714285706,149.47676,161.95,116.92666666666668,45.02333333333331,0.3850561605564739,0.3850561605564739,1.0188512076579566,137,False,WITHIN_THRESHOLD
2020-06-16 06:45:00,4136001,oZ35aAeoifZaQzV,120.42,166.45333333333332,120.42,129.78732155139974,148.72570714285715,149.47676,166.45333333333332,120.42,46.03333333333332,0.3822731550683717,0.3822731550683717,1.0,97,False,WITHIN_THRESHOLD
2020-06-16 06:45:00,4136001,oZZkBaNadn6DNKz,116.28666666666668,163.07333333333335,116.28666666666668,128.85886836096898,148.44999047619046,149.47676,163.07333333333335,116.28666666666668,46.786666666666676,0.40233904718225083,0.40233904718225083,1.1151183176572743,114,False,WITHIN_THRESHOLD
2020-06-16 06:45:00,4136001,q49J1IKaHRwDQnt,112.79999999999998,157.05333333333334,112.79999999999998,126.4790682839384,147.86920000000003,149.47676,157.05333333333334,112.79999999999998,44.25333333333336,0.3923167848699766,0.3923167848699766,0.8617696945001074,143,False,WITHIN_THRESHOLD
2020-06-16 06:45:00,4136001,rrq4fwE8jgrTyWY,107.1,148.99333333333334,107.1,124.83228311293982,147.80046904761903,149.47676,148.99333333333334,107.1,41.893333333333345,0.3911609088079678,0.3911609088079678,1.0,135,False,WITHIN_THRESHOLD
2020-06-16 06:45:00,4136001,vOuJvMaM2sgwLmb,116.37333333333336,161.40666666666667,116.37333333333336,128.3479192935026,148.27179047619046,149.47676,161.40666666666667,116.37333333333336,45.0333333333333,0.3869729605866174,0.3869729605866174,0.7896224826398267,142,False,WITHIN_THRESHOLD
2020-06-16 06:45:00,4136001,xMbIugepa2P7lBB,114.47333333333331,157.6285714285714,114.47333333333331,127.89529440426584,148.15151666666665,149.47676,157.6285714285714,114.47333333333331,43.15523809523809,0.37698944233217135,0.37698944233217135,0.9823653995011609,129,False,WITHIN_THRESHOLD
2020-06-16 06:45:00,4136001,xoJJ8DcxJEcupym,114.81333333333336,158.89333333333332,114.81333333333336,128.1997299270546,148.25619047619043,149.47676,158.89333333333332,114.81333333333336,44.079999999999956,0.3839275345488324,0.3839275345488324,0.8195700732505016,143,False,WITHIN_THRESHOLD
2020-06-16 07:00:00,4136001,4UPUqMRk7TRMgml,166.24666666666667,198.3928571428572,166.24666666666667,181.10499487009437,209.54829285714283,210.52182,198.3928571428572,166.24666666666667,32.146190476190526,0.19336442119856354,0.19336442119856354,1.0,105,False,WITHIN_THRESHOLD
2020-06-16 07:00:00,4136001,81aHJ1q11NBPMrL,159.4666666666667,197.32,159.4666666666667,178.07244851350197,208.8285142857144,210.52182,197.32,159.4666666666667,37.853333333333296,0.23737458193979905,0.23737458193979905,0.7988725021368553,143,False,WITHIN_THRESHOLD
2020-06-16 07:00:00,4136001,9kRcWv60rDACzjR,158.23999999999998,197.28666666666663,158.23999999999998,177.6484547056512,211.6572833333334,210.52182,197.28666666666663,158.23999999999998,39.04666666666665,0.24675598247387928,0.24675598247387928,0.8376117177500583,127,False,WITHIN_THRESHOLD
2020-06-16 07:00:00,4136001,Et9kgGMDl729KT4,149.84285714285718,174.90666666666667,149.84285714285718,172.27318214026153,208.35475714285727,210.52182,174.90666666666667,149.84285714285718,25.063809523809482,0.1672672958972889,0.1672672958972889,1.0,105,False,WITHIN_THRESHOLD
2020-06-16 07:00:00,4136001,IQ2d7wF4YD8zU1Q,160.32142857142856,196.6133333333333,160.32142857142856,178.9153809908634,209.6337571428572,210.52182,196.6133333333333,160.32142857142856,36.29190476190473,0.22636964431573459,0.22636964431573459,1.0,129,False,WITHIN_THRESHOLD
2020-06-16 07:00:00,4136001,LYwnQax7tkwH5Cb,150.1533333333333,188.5133333333333,150.1533333333333,172.6631511893047,205.98984285714295,206.12196,188.5133333333333,150.1533333333333,38.359999999999985,0.25547218398969934,0.25547218398969934,0.8540476989297716,143,False,WITHIN_THRESHOLD
2020-06-16 07:00:00,4136001,LlT2YUhhzqhg5Sw,154.89333333333337,194.56,154.89333333333337,175.731797635647,208.7435047619049,210.52182,194.56,154.89333333333337,39.66666666666663,0.2560902126194367,0.2560902126194367,0.8849165458231198,127,False,WITHIN_THRESHOLD
2020-06-16 07:00:00,4136001,Mx2yZCDsyf6DPfv,166.87999999999997,198.07857142857145,166.87999999999997,180.66796195161317,210.0958380952381,212.4591,198.07857142857145,166.87999999999997,31.198571428571483,0.18695212984522705,0.18695212984522705,1.0,96,False,WITHIN_THRESHOLD
2020-06-16 07:00:00,4136001,NgDl19wMapZy17u,160.24285714285716,196.72666666666663,160.24285714285716,178.7458015825925,208.25868809523817,210.52182,196.72666666666663,160.24285714285716,36.48380952380947,0.2276782265014409,0.2276782265014409,1.0,129,False,WITHIN_THRESHOLD
2020-06-16 07:00:00,4136001,PeE6FRyGXUgsRhN,157.90666666666667,192.8933333333333,157.90666666666667,177.2208050434868,210.9660166666668,210.52182,192.8933333333333,157.90666666666667,34.98666666666662,0.2215654817191587,0.2215654817191587,1.0050898489883968,130,False,WITHIN_THRESHOLD
2020-06-16 07:00:00,4136001,Qf4GUc1pJu5T6c6,165.40666666666664,197.40714285714287,165.40666666666664,180.28149710025596,209.75981666666675,210.52182,197.40714285714287,165.40666666666664,32.000476190476235,0.19346545599014292,0.19346545599014292,1.0,91,False,WITHIN_THRESHOLD
2020-06-16 07:00:00,4136001,Quc1TzYxW2pYoWX,137.57857142857142,158.92666666666668,137.57857142857142,164.6847841825863,206.9157404761905,193.59814,158.92666666666668,137.57857142857142,21.348095238095254,0.15517020576986323,0.15517020576986323,1.0,108,False,WITHIN_THRESHOLD
2020-06-16 07:00:00,4136001,V94E5Ben1TlhnDV,159.86,193.30000000000004,159.86,178.06100056824295,211.15932142857145,210.52182,193.30000000000004,159.86,33.440000000000026,0.20918303515576145,0.20918303515576145,1.0842639735182622,98,False,WITHIN_THRESHOLD
2020-06-16 07:00:00,4136001,WcxssY2VbP4hApt,162.4,200.70666666666668,162.4,179.75343912364372,209.8548404761905,210.52182,200.70666666666668,162.4,38.30666666666667,0.23587848932676522,0.23587848932676522,0.8131277317394211,142,False,WITHIN_THRESHOLD
2020-06-16 07:00:00,4136001,mqwcsP2rE7J0TFp,161.95,198.09333333333333,161.95,179.72059949079073,209.722411904762,210.52182,198.09333333333333,161.95,36.143333333333345,0.2231758773283936,0.2231758773283936,1.0188512076579566,137,False,WITHIN_THRESHOLD
2020-06-16 07:00:00,4136001,oZ35aAeoifZaQzV,166.45333333333332,199.5642857142857,166.45333333333332,182.2577202754586,210.1130238095238,212.4591,199.5642857142857,166.45333333333332,33.11095238095237,0.1989203323110724,0.1989203323110724,1.0,97,False,WITHIN_THRESHOLD
2020-06-16 07:00:00,4136001,oZZkBaNadn6DNKz,163.07333333333335,195.64,163.07333333333335,179.1526683011641,209.9692357142857,210.52182,195.64,163.07333333333335,32.566666666666634,0.19970565389804157,0.19970565389804157,1.1151183176572743,114,False,WITHIN_THRESHOLD
2020-06-16 07:00:00,4136001,q49J1IKaHRwDQnt,157.05333333333334,195.06,157.05333333333334,175.64778097586378,200.19237619047632,202.53151,195.06,157.05333333333334,38.00666666666666,0.24199847185669407,0.24199847185669407,0.8617696945001074,143,False,WITHIN_THRESHOLD
2020-06-16 07:00:00,4136001,rrq4fwE8jgrTyWY,148.99333333333334,186.86,148.99333333333334,171.96029400434426,205.64880000000008,206.12196,186.86,148.99333333333334,37.866666666666674,0.2541500738288067,0.2541500738288067,1.0,135,False,WITHIN_THRESHOLD
2020-06-16 07:00:00,4136001,vOuJvMaM2sgwLmb,161.40666666666667,198.34,161.40666666666667,179.21688487740064,209.33436904761908,210.52182,198.34,161.40666666666667,36.93333333333334,0.22882161001197804,0.22882161001197804,0.7896224826398267,142,False,WITHIN_THRESHOLD
2020-06-16 07:00:00,4136001,xMbIugepa2P7lBB,157.6285714285714,194.5533333333333,157.6285714285714,177.5571421795538,211.6662714285715,210.52182,194.5533333333333,157.6285714285714,36.92476190476191,0.2342517068455079,0.2342517068455079,0.9823653995011609,129,False,WITHIN_THRESHOLD
2020-06-16 07:00:00,4136001,xoJJ8DcxJEcupym,158.89333333333332,195.88666666666663,158.89333333333332,177.79541161057347,212.3910404761905,210.52182,195.88666666666663,158.89333333333332,36.99333333333331,0.23281866241503724,0.23281866241503724,0.8195700732505016,143,False,WITHIN_THRESHOLD
2020-06-16 07:15:00,4136001,4UPUqMRk7TRMgml,198.3928571428572,253.07333333333327,198.3928571428572,222.46492080552173,282.8718238095239,226.96437,253.07333333333327,198.3928571428572,54.68047619047607,0.27561716171617096,0.27561716171617096,1.0,105,False,WITHIN_THRESHOLD
2020-06-16 07:15:00,4136001,81aHJ1q11NBPMrL,197.32,250.6,197.32,217.7916082845075,283.6874452380953,228.05635,250.6,197.32,53.28,0.2700182444759781,0.2700182444759781,0.7988725021368553,143,False,WITHIN_THRESHOLD
2020-06-16 07:15:00,4136001,9kRcWv60rDACzjR,197.28666666666663,248.9,197.28666666666663,216.67795443419865,281.349030952381,228.05635,248.9,197.28666666666663,51.61333333333337,0.26161592268441886,0.26161592268441886,0.8376117177500583,127,False,WITHIN_THRESHOLD
2020-06-16 07:15:00,4136001,Et9kgGMDl729KT4,174.90666666666667,226.6266666666667,174.90666666666667,209.89051019105136,270.3437285714288,226.96437,226.6266666666667,174.90666666666667,51.72000000000003,0.2957005641103828,0.2957005641103828,1.0,105,False,WITHIN_THRESHOLD
2020-06-16 07:15:00,4136001,IQ2d7wF4YD8zU1Q,196.6133333333333,249.54,196.6133333333333,217.80907581798317,281.6128690476191,226.96437,249.54,196.6133333333333,52.926666666666705,0.2691916451919167,0.2691916451919167,1.0,129,False,WITHIN_THRESHOLD
2020-06-16 07:15:00,4136001,LYwnQax7tkwH5Cb,188.5133333333333,238.6466666666667,188.5133333333333,210.0672352054862,270.35266190476216,226.96437,238.6466666666667,188.5133333333333,50.13333333333341,0.2659405170279737,0.2659405170279737,0.8540476989297716,143,False,WITHIN_THRESHOLD
2020-06-16 07:15:00,4136001,LlT2YUhhzqhg5Sw,194.56,246.4533333333333,194.56,214.0803945362984,278.4510904761908,228.05635,246.4533333333333,194.56,51.89333333333329,0.26672149122806993,0.26672149122806993,0.8849165458231198,127,False,WITHIN_THRESHOLD
2020-06-16 07:15:00,4136001,Mx2yZCDsyf6DPfv,198.07857142857145,252.06000000000003,198.07857142857145,223.1345349937046,287.3612642857144,228.05635,252.06000000000003,198.07857142857145,53.98142857142858,0.2725253326601998,0.2725253326601998,1.0,96,False,WITHIN_THRESHOLD
2020-06-16 07:15:00,4136001,NgDl19wMapZy17u,196.72666666666663,249.49333333333337,196.72666666666663,217.8012298351335,281.4724738095239,226.96437,249.49333333333337,196.72666666666663,52.76666666666674,0.2682232539225325,0.2682232539225325,1.0,129,False,WITHIN_THRESHOLD
2020-06-16 07:15:00,4136001,PeE6FRyGXUgsRhN,192.8933333333333,245.35714285714283,192.8933333333333,216.58055390504063,282.67655476190487,228.05635,245.35714285714283,192.8933333333333,52.463809523809545,0.27198352901677725,0.27198352901677725,1.0050898489883968,130,False,WITHIN_THRESHOLD
2020-06-16 07:15:00,4136001,Qf4GUc1pJu5T6c6,197.40714285714287,251.0133333333333,197.40714285714287,221.94200730480617,287.6067785714286,228.05635,251.0133333333333,197.40714285714287,53.60619047619042,0.2715514226097861,0.2715514226097861,1.0,91,False,WITHIN_THRESHOLD
2020-06-16 07:15:00,4136001,Quc1TzYxW2pYoWX,158.92666666666668,206.30666666666667,158.92666666666668,199.82834442424516,238.1283547619049,214.04509,206.30666666666667,158.92666666666668,47.379999999999995,0.2981249213473719,0.2981249213473719,1.0,108,False,WITHIN_THRESHOLD
2020-06-16 07:15:00,4136001,V94E5Ben1TlhnDV,193.30000000000004,249.0928571428572,193.30000000000004,218.49847578784235,286.7548238095238,228.05635,249.0928571428572,193.30000000000004,55.79285714285717,0.2886335082403371,0.2886335082403371,1.0842639735182622,98,False,WITHIN_THRESHOLD
2020-06-16 07:15:00,4136001,WcxssY2VbP4hApt,200.70666666666668,253.9642857142857,200.70666666666668,220.07840997259575,287.5243785714285,228.05635,253.9642857142857,200.70666666666668,53.257619047619016,0.265350523388788,0.265350523388788,0.8131277317394211,142,False,WITHIN_THRESHOLD
2020-06-16 07:15:00,4136001,mqwcsP2rE7J0TFp,198.09333333333333,250.94,198.09333333333333,219.38289739925872,285.8859999999999,228.05635,250.94,198.09333333333333,52.846666666666664,0.26677660362118866,0.26677660362118866,1.0188512076579566,137,False,WITHIN_THRESHOLD
2020-06-16 07:15:00,4136001,oZ35aAeoifZaQzV,199.5642857142857,255.42,199.5642857142857,222.8955595097095,285.81740952380954,228.05635,255.42,199.5642857142857,55.8557142857143,0.2798883281434555,0.2798883281434555,1.0,97,False,WITHIN_THRESHOLD
2020-06-16 07:15:00,4136001,oZZkBaNadn6DNKz,195.64,251.27857142857144,195.64,220.90369282483132,289.70771904761887,228.05635,251.27857142857144,195.64,55.63857142857145,0.2843926161754828,0.2843926161754828,1.1151183176572743,114,False,WITHIN_THRESHOLD
2020-06-16 07:15:00,4136001,q49J1IKaHRwDQnt,195.06,247.5,195.06,214.99962050499565,247.7422547619048,223.2693,247.5,195.06,52.44,0.2688403568132882,0.2688403568132882,0.8617696945001074,143,False,WITHIN_THRESHOLD
2020-06-16 07:15:00,4136001,rrq4fwE8jgrTyWY,186.86,235.90666666666667,186.86,208.93464883290116,268.3183142857145,226.96437,235.90666666666667,186.86,49.04666666666665,0.2624781476328088,0.2624781476328088,1.0,135,False,WITHIN_THRESHOLD
2020-06-16 07:15:00,4136001,vOuJvMaM2sgwLmb,198.34,251.47857142857143,198.34,219.46721684313204,285.1723785714285,228.05635,251.47857142857143,198.34,53.138571428571424,0.26791656462928015,0.26791656462928015,0.7896224826398267,142,False,WITHIN_THRESHOLD
2020-06-16 07:15:00,4136001,xMbIugepa2P7lBB,194.5533333333333,246.82666666666668,194.5533333333333,215.56422150879655,278.26129047619054,226.96437,246.82666666666668,194.5533333333333,52.27333333333337,0.26868382277353275,0.26868382277353275,0.9823653995011609,129,False,WITHIN_THRESHOLD
2020-06-16 07:15:00,4136001,xoJJ8DcxJEcupym,195.88666666666663,249.4,195.88666666666663,217.71554603146865,286.59333571428573,228.05635,249.4,195.88666666666663,53.51333333333338,0.2731851751012493,0.2731851751012493,0.8195700732505016,143,False,WITHIN_THRESHOLD
2020-06-16 07:30:00,4136001,4UPUqMRk7TRMgml,253.07333333333327,296.5,253.07333333333327,255.4974420331469,325.88841190476194,274.01318,296.5,253.07333333333327,43.42666666666673,0.17159716551197313,0.17159716551197313,1.0,105,False,WITHIN_THRESHOLD
2020-06-16 07:30:00,4136001,81aHJ1q11NBPMrL,250.6,292.0866666666666,250.6,254.09389812990497,331.48372380952367,304.13968,292.0866666666666,250.6,41.48666666666659,0.1655493482309122,0.1655493482309122,0.7988725021368553,143,False,WITHIN_THRESHOLD
2020-06-16 07:30:00,4136001,9kRcWv60rDACzjR,248.9,289.39333333333326,248.9,254.2190627012622,327.3657785714285,274.01318,289.39333333333326,248.9,40.493333333333254,0.1626891656622469,0.1626891656622469,0.8376117177500583,127,False,WITHIN_THRESHOLD
2020-06-16 07:30:00,4136001,Et9kgGMDl729KT4,226.6266666666667,265.14,226.6266666666667,236.7158334816976,303.8470952380953,303.84134,265.14,226.6266666666667,38.51333333333329,0.16994175442725168,0.16994175442725168,1.0,105,False,WITHIN_THRESHOLD
2020-06-16 07:30:00,4136001,IQ2d7wF4YD8zU1Q,249.54,291.9133333333334,249.54,254.1075217328307,325.21660238095234,274.01318,291.9133333333334,249.54,42.37333333333342,0.1698057759611021,0.1698057759611021,1.0,129,False,WITHIN_THRESHOLD
2020-06-16 07:30:00,4136001,LYwnQax7tkwH5Cb,238.6466666666667,277.20714285714286,238.6466666666667,247.3058975991968,302.6757023809525,304.13968,277.20714285714286,238.6466666666667,38.56047619047615,0.16157978122667882,0.16157978122667882,0.8540476989297716,143,False,WITHIN_THRESHOLD
2020-06-16 07:30:00,4136001,LlT2YUhhzqhg5Sw,246.4533333333333,286.37142857142857,246.4533333333333,251.7190516876429,325.3977357142858,274.01318,286.37142857142857,246.4533333333333,39.918095238095276,0.16197019816366295,0.16197019816366295,0.8849165458231198,127,False,WITHIN_THRESHOLD
2020-06-16 07:30:00,4136001,Mx2yZCDsyf6DPfv,252.06000000000003,295.78,252.06000000000003,255.28543940497607,325.23092142857143,274.01318,295.78,252.06000000000003,43.71999999999994,0.1734507656907083,0.1734507656907083,1.0,96,False,WITHIN_THRESHOLD
2020-06-16 07:30:00,4136001,NgDl19wMapZy17u,249.49333333333337,291.46000000000004,249.49333333333337,254.08444500163117,326.5361095238096,274.01318,291.46000000000004,249.49333333333337,41.96666666666667,0.16820756733646855,0.16820756733646855,1.0,129,False,WITHIN_THRESHOLD
2020-06-16 07:30:00,4136001,PeE6FRyGXUgsRhN,245.35714285714283,285.27333333333326,245.35714285714283,250.37553952768184,323.730569047619,274.08243,285.27333333333326,245.35714285714283,39.91619047619042,0.16268607472100902,0.16268607472100902,1.0050898489883968,130,False,WITHIN_THRESHOLD
2020-06-16 07:30:00,4136001,Qf4GUc1pJu5T6c6,251.0133333333333,293.47333333333336,251.0133333333333,254.88854849274517,324.7846690476191,274.01318,293.47333333333336,251.0133333333333,42.460000000000065,0.16915436099012032,0.16915436099012032,1.0,91,False,WITHIN_THRESHOLD
2020-06-16 07:30:00,4136001,Quc1TzYxW2pYoWX,206.30666666666667,241.77333333333328,206.30666666666667,223.8129815690185,319.74300952380946,303.84134,241.77333333333328,206.30666666666667,35.46666666666661,0.17191236347185393,0.17191236347185393,1.0,108,False,WITHIN_THRESHOLD
2020-06-16 07:30:00,4136001,V94E5Ben1TlhnDV,249.0928571428572,289.83333333333326,249.0928571428572,250.83100042848187,324.0207,274.08243,289.83333333333326,249.0928571428572,40.740476190476045,0.16355537713034854,0.16355537713034854,1.0842639735182622,98,False,WITHIN_THRESHOLD
2020-06-16 07:30:00,4136001,WcxssY2VbP4hApt,253.9642857142857,295.67999999999995,253.9642857142857,256.91078062490794,327.6371023809524,274.01318,295.67999999999995,253.9642857142857,41.715714285714256,0.16425819153424262,0.16425819153424262,0.8131277317394211,142,False,WITHIN_THRESHOLD
2020-06-16 07:30:00,4136001,mqwcsP2rE7J0TFp,250.94,292.51333333333326,250.94,255.71560498512596,327.3091404761906,275.10516,292.51333333333326,250.94,41.57333333333327,0.16567041258202467,0.16567041258202467,1.0188512076579566,137,False,WITHIN_THRESHOLD
2020-06-16 07:30:00,4136001,oZ35aAeoifZaQzV,255.42,298.26666666666665,255.42,256.2843428608077,326.5706738095239,274.01318,298.26666666666665,255.42,42.846666666666664,0.16774984992039255,0.16774984992039255,1.0,97,False,WITHIN_THRESHOLD
2020-06-16 07:30:00,4136001,oZZkBaNadn6DNKz,251.27857142857144,293.04,251.27857142857144,252.5685213827157,324.2335309523809,274.01318,293.04,251.27857142857144,41.76142857142858,0.16619574177776517,0.16619574177776517,1.1151183176572743,114,False,WITHIN_THRESHOLD
2020-06-16 07:30:00,4136001,q49J1IKaHRwDQnt,247.5,287.8357142857143,247.5,252.6005685764388,303.19840952380963,274.01318,287.8357142857143,247.5,40.33571428571429,0.162972582972583,0.162972582972583,0.8617696945001074,143,False,WITHIN_THRESHOLD
2020-06-16 07:30:00,4136001,rrq4fwE8jgrTyWY,235.90666666666667,273.8785714285714,235.90666666666667,245.94343911786905,305.29680952380966,303.8006,273.8785714285714,235.90666666666667,37.97190476190471,0.16096155864708378,0.16096155864708378,1.0,135,False,WITHIN_THRESHOLD
2020-06-16 07:30:00,4136001,vOuJvMaM2sgwLmb,251.47857142857143,292.87333333333333,251.47857142857143,254.80662964111423,326.96696428571425,274.01318,292.87333333333333,251.47857142857143,41.39476190476191,0.1646055235227843,0.1646055235227843,0.7896224826398267,142,False,WITHIN_THRESHOLD
2020-06-16 07:30:00,4136001,xMbIugepa2P7lBB,246.82666666666668,288.7866666666667,246.82666666666668,252.38997087373684,324.8953095238095,274.01318,288.7866666666667,246.82666666666668,41.96000000000001,0.1699978392394123,0.1699978392394123,0.9823653995011609,129,False,WITHIN_THRESHOLD
2020-06-16 07:30:00,4136001,xoJJ8DcxJEcupym,249.4,290.7466666666668,249.4,252.4577786552485,324.79126428571425,274.01318,290.7466666666668,249.4,41.34666666666678,0.1657845495856727,0.1657845495856727,0.8195700732505016,143,False,WITHIN_THRESHOLD
2020-06-16 07:45:00,4136001,4UPUqMRk7TRMgml,296.5,366.47333333333336,296.5,308.6226320882509,328.9321595238096,361.02267,366.47333333333336,296.5,69.97333333333336,0.23599775154581235,0.23599775154581235,1.0,105,False,WITHIN_THRESHOLD
2020-06-16 07:45:00,4136001,81aHJ1q11NBPMrL,292.0866666666666,362.29333333333335,292.0866666666666,307.72525465653644,327.041892857143,361.02267,362.29333333333335,292.0866666666666,70.20666666666676,0.24036244950128996,0.24036244950128996,0.7988725021368553,143,False,WITHIN_THRESHOLD
2020-06-16 07:45:00,4136001,9kRcWv60rDACzjR,289.39333333333326,358.79999999999995,289.39333333333326,306.0898686998994,325.3269404761905,361.02267,358.79999999999995,289.39333333333326,69.4066666666667,0.23983505724619333,0.23983505724619333,0.8376117177500583,127,False,WITHIN_THRESHOLD
2020-06-16 07:45:00,4136001,Et9kgGMDl729KT4,265.14,325.6133333333333,265.14,287.6606245077337,310.6652047619047,361.02267,325.6133333333333,265.14,60.4733333333333,0.22808076236453687,0.22808076236453687,1.0,105,False,WITHIN_THRESHOLD
2020-06-16 07:45:00,4136001,IQ2d7wF4YD8zU1Q,291.9133333333334,363.44666666666666,291.9133333333334,305.9008134352572,323.66454523809523,361.02267,363.44666666666666,291.9133333333334,71.53333333333325,0.24504990065544532,0.24504990065544532,1.0,129,False,WITHIN_THRESHOLD
2020-06-16 07:45:00,4136001,LYwnQax7tkwH5Cb,277.20714285714286,343.3066666666666,277.20714285714286,296.87918502375555,317.2128142857142,361.02267,343.3066666666666,277.20714285714286,66.09952380952376,0.23844812629372894,0.23844812629372894,0.8540476989297716,143,False,WITHIN_THRESHOLD
2020-06-16 07:45:00,4136001,LlT2YUhhzqhg5Sw,286.37142857142857,354.3533333333333,286.37142857142857,303.7230441202421,321.5725142857144,361.02267,354.3533333333333,286.37142857142857,67.98190476190473,0.23739066812996762,0.23739066812996762,0.8849165458231198,127,False,WITHIN_THRESHOLD
2020-06-16 07:45:00,4136001,Mx2yZCDsyf6DPfv,295.78,366.6,295.78,307.93533860084773,328.8533595238096,361.02267,366.6,295.78,70.82000000000005,0.2394347149908718,0.2394347149908718,1.0,96,False,WITHIN_THRESHOLD
2020-06-16 07:45:00,4136001,NgDl19wMapZy17u,291.46000000000004,363.34,291.46000000000004,305.77673631952024,324.35204523809523,361.02267,363.34,291.46000000000004,71.87999999999994,0.24662046249914202,0.24662046249914202,1.0,129,False,WITHIN_THRESHOLD
2020-06-16 07:45:00,4136001,PeE6FRyGXUgsRhN,285.27333333333326,353.2866666666667,285.27333333333326,302.41584052477003,327.02177857142874,361.02267,353.2866666666667,285.27333333333326,68.01333333333343,0.23841461989670767,0.23841461989670767,1.0050898489883968,130,False,WITHIN_THRESHOLD
2020-06-16 07:45:00,4136001,Qf4GUc1pJu5T6c6,293.47333333333336,363.1666666666666,293.47333333333336,308.31179955551,331.4706071428571,361.02267,363.1666666666666,293.47333333333336,69.69333333333321,0.23747756752459012,0.23747756752459012,1.0,91,False,WITHIN_THRESHOLD
2020-06-16 07:45:00,4136001,Quc1TzYxW2pYoWX,241.77333333333328,295.9866666666667,241.77333333333328,270.0754407613787,288.8928809523807,355.54483,295.9866666666667,241.77333333333328,54.213333333333395,0.22423206308939533,0.22423206308939533,1.0,108,False,WITHIN_THRESHOLD
2020-06-16 07:45:00,4136001,V94E5Ben1TlhnDV,289.83333333333326,356.6866666666667,289.83333333333326,305.9207326978307,324.86504047619064,361.02267,356.6866666666667,289.83333333333326,66.85333333333347,0.23066129959747034,0.23066129959747034,1.0842639735182622,98,False,WITHIN_THRESHOLD
2020-06-16 07:45:00,4136001,WcxssY2VbP4hApt,295.67999999999995,366.29333333333335,295.67999999999995,309.7515273295488,328.7330547619048,361.02267,366.29333333333335,295.67999999999995,70.6133333333334,0.2388167388167391,0.2388167388167391,0.8131277317394211,142,False,WITHIN_THRESHOLD
2020-06-16 07:45:00,4136001,mqwcsP2rE7J0TFp,292.51333333333326,365.0533333333333,292.51333333333326,308.10764771000964,331.80450476190475,361.02267,365.0533333333333,292.51333333333326,72.54000000000002,0.24798869567199228,0.24798869567199228,1.0188512076579566,137,False,WITHIN_THRESHOLD
2020-06-16 07:45:00,4136001,oZ35aAeoifZaQzV,298.26666666666665,367.54,298.26666666666665,310.986498995345,329.910180952381,361.02267,367.54,298.26666666666665,69.27333333333337,0.2322530174340636,0.2322530174340636,1.0,97,False,WITHIN_THRESHOLD
2020-06-16 07:45:00,4136001,oZZkBaNadn6DNKz,293.04,361.5533333333333,293.04,307.8500031933462,326.94091904761905,361.02267,361.5533333333333,293.04,68.51333333333326,0.23380198380198355,0.23380198380198355,1.1151183176572743,114,False,WITHIN_THRESHOLD
2020-06-16 07:45:00,4136001,q49J1IKaHRwDQnt,287.8357142857143,355.3,287.8357142857143,305.12216727578993,317.3266023809523,361.02267,355.3,287.8357142857143,67.46428571428572,0.23438469364965137,0.23438469364965137,0.8617696945001074,143,False,WITHIN_THRESHOLD
2020-06-16 07:45:00,4136001,rrq4fwE8jgrTyWY,273.8785714285714,338.4466666666667,273.8785714285714,294.6460265052814,312.9622785714285,361.02267,338.4466666666667,273.8785714285714,64.56809523809534,0.23575446191829927,0.23575446191829927,1.0,135,False,WITHIN_THRESHOLD
2020-06-16 07:45:00,4136001,vOuJvMaM2sgwLmb,292.87333333333333,362.3933333333334,292.87333333333333,308.26602831892666,331.46133809523803,361.02267,362.3933333333334,292.87333333333333,69.52000000000004,0.23737224283535557,0.23737224283535557,0.7896224826398267,142,False,WITHIN_THRESHOLD
2020-06-16 07:45:00,4136001,xMbIugepa2P7lBB,288.7866666666667,358.83333333333337,288.7866666666667,304.09259475574265,325.1758404761907,361.02267,358.83333333333337,288.7866666666667,70.04666666666668,0.24255505794358007,0.24255505794358007,0.9823653995011609,129,False,WITHIN_THRESHOLD
2020-06-16 07:45:00,4136001,xoJJ8DcxJEcupym,290.7466666666668,360.74666666666656,290.7466666666668,306.4950726869416,324.76089285714284,361.02267,360.74666666666656,290.7466666666668,69.99999999999977,0.240759424011739,0.240759424011739,0.8195700732505016,143,False,WITHIN_THRESHOLD
2020-06-16 08:00:00,4136001,4UPUqMRk7TRMgml,366.47333333333336,451.9333333333333,366.47333333333336,359.88503087434617,460.454576190476,444.76187,451.9333333333333,366.47333333333336,85.45999999999992,0.23319568499754392,0.23319568499754392,1.0,105,False,WITHIN_THRESHOLD
2020-06-16 08:00:00,4136001,81aHJ1q11NBPMrL,362.29333333333335,444.16,362.29333333333335,356.9336557331857,462.69232857142856,433.69748,444.16,362.29333333333335,81.86666666666667,0.22596790814073311,0.22596790814073311,0.7988725021368553,143,False,WITHIN_THRESHOLD
2020-06-16 08:00:00,4136001,9kRcWv60rDACzjR,358.79999999999995,441.3466666666666,358.79999999999995,354.7416414918268,460.10984761904746,433.69748,441.3466666666666,358.79999999999995,82.54666666666662,0.23006317354143432,0.23006317354143432,0.8376117177500583,127,False,WITHIN_THRESHOLD
2020-06-16 08:00:00,4136001,Et9kgGMDl729KT4,325.6133333333333,397.1,325.6133333333333,334.5531635161132,455.86694285714265,436.21066,397.1,325.6133333333333,71.48666666666674,0.2195446541910653,0.2195446541910653,1.0,105,False,WITHIN_THRESHOLD
2020-06-16 08:00:00,4136001,IQ2d7wF4YD8zU1Q,363.44666666666666,447.0142857142857,363.44666666666666,357.1018508994346,462.8957285714286,434.88336,447.0142857142857,363.44666666666666,83.56761904761902,0.22993089966694524,0.22993089966694524,1.0,129,False,WITHIN_THRESHOLD
2020-06-16 08:00:00,4136001,LYwnQax7tkwH5Cb,343.3066666666666,422.17333333333335,343.3066666666666,344.85723217229565,468.3533166666664,434.08585,422.17333333333335,343.3066666666666,78.86666666666673,0.22972658070529772,0.22972658070529772,0.8540476989297716,143,False,WITHIN_THRESHOLD
2020-06-16 08:00:00,4136001,LlT2YUhhzqhg5Sw,354.3533333333333,436.70666666666665,354.3533333333333,352.397258315259,459.33769999999976,433.69748,436.70666666666665,354.3533333333333,82.35333333333335,0.23240456794536535,0.23240456794536535,0.8849165458231198,127,False,WITHIN_THRESHOLD
2020-06-16 08:00:00,4136001,Mx2yZCDsyf6DPfv,366.6,449.33333333333326,366.6,359.1322571607397,460.0895119047617,444.76187,449.33333333333326,366.6,82.73333333333323,0.22567739589016156,0.22567739589016156,1.0,96,False,WITHIN_THRESHOLD
2020-06-16 08:00:00,4136001,NgDl19wMapZy17u,363.34,446.05,363.34,356.3998951312832,462.2206285714285,433.69748,446.05,363.34,82.71000000000004,0.22763802499036725,0.22763802499036725,1.0,129,False,WITHIN_THRESHOLD
2020-06-16 08:00:00,4136001,PeE6FRyGXUgsRhN,353.2866666666667,430.6333333333334,353.2866666666667,352.12602208400483,462.6770428571428,434.88336,430.6333333333334,353.2866666666667,77.34666666666669,0.21893457626478974,0.21893457626478974,1.0050898489883968,130,False,WITHIN_THRESHOLD
2020-06-16 08:00:00,4136001,Qf4GUc1pJu5T6c6,363.1666666666666,449.06666666666655,363.1666666666666,359.4746775166501,468.7660380952382,469.18005,449.06666666666655,363.1666666666666,85.89999999999998,0.23653051858650756,0.23653051858650756,1.0,91,False,WITHIN_THRESHOLD
2020-06-16 08:00:00,4136001,Quc1TzYxW2pYoWX,295.9866666666667,361.88666666666666,295.9866666666667,314.8767246531472,451.84555,436.21066,361.88666666666666,295.9866666666667,65.89999999999998,0.22264516419658534,0.22264516419658534,1.0,108,False,WITHIN_THRESHOLD
2020-06-16 08:00:00,4136001,V94E5Ben1TlhnDV,356.6866666666667,435.9333333333333,356.6866666666667,355.2255960130947,461.60906190476175,433.69748,435.9333333333333,356.6866666666667,79.24666666666656,0.22217445750705533,0.22217445750705533,1.0842639735182622,98,False,WITHIN_THRESHOLD
2020-06-16 08:00:00,4136001,WcxssY2VbP4hApt,366.29333333333335,451.9866666666666,366.29333333333335,360.27822370254034,464.1099642857143,445.94775,451.9866666666666,366.29333333333335,85.69333333333327,0.23394729178800214,0.23394729178800214,0.8131277317394211,142,False,WITHIN_THRESHOLD
2020-06-16 08:00:00,4136001,mqwcsP2rE7J0TFp,365.0533333333333,446.9500000000001,365.0533333333333,358.6552975901093,468.6130666666667,458.11566,446.9500000000001,365.0533333333333,81.89666666666682,0.2243416487088649,0.2243416487088649,1.0188512076579566,137,False,WITHIN_THRESHOLD
2020-06-16 08:00:00,4136001,oZ35aAeoifZaQzV,367.54,450.64666666666665,367.54,361.7735707857752,464.8530809523808,444.76187,450.64666666666665,367.54,83.10666666666663,0.226115978306216,0.226115978306216,1.0,97,False,WITHIN_THRESHOLD
2020-06-16 08:00:00,4136001,oZZkBaNadn6DNKz,361.5533333333333,440.62666666666667,361.5533333333333,357.97243383020987,461.7204261904762,434.88336,440.62666666666667,361.5533333333333,79.07333333333338,0.2187044788228571,0.2187044788228571,1.1151183176572743,114,False,WITHIN_THRESHOLD
2020-06-16 08:00:00,4136001,q49J1IKaHRwDQnt,355.3,438.5199999999999,355.3,354.5024154086769,464.404676190476,433.69748,438.5199999999999,355.3,83.21999999999991,0.23422459893048103,0.23422459893048103,0.8617696945001074,143,False,WITHIN_THRESHOLD
2020-06-16 08:00:00,4136001,rrq4fwE8jgrTyWY,338.4466666666667,417.6133333333333,338.4466666666667,342.2197482762989,468.7892023809522,434.08585,417.6133333333333,338.4466666666667,79.16666666666657,0.23391179309393867,0.23391179309393867,1.0,135,False,WITHIN_THRESHOLD
2020-06-16 08:00:00,4136001,vOuJvMaM2sgwLmb,362.3933333333334,443.74,362.3933333333334,357.415335815275,460.8086928571427,433.69748,443.74,362.3933333333334,81.34666666666664,0.2244706488345995,0.2244706488345995,0.7896224826398267,142,False,WITHIN_THRESHOLD
2020-06-16 08:00:00,4136001,xMbIugepa2P7lBB,358.83333333333337,441.8,358.83333333333337,353.8117324491101,459.7977785714284,433.69748,441.8,358.83333333333337,82.96666666666664,0.23121226196005565,0.23121226196005565,0.9823653995011609,129,False,WITHIN_THRESHOLD
2020-06-16 08:00:00,4136001,xoJJ8DcxJEcupym,360.74666666666656,439.38,360.74666666666656,356.6478145123411,463.0450928571429,443.92352,439.38,360.74666666666656,78.63333333333344,0.21797383205204057,0.21797383205204057,0.8195700732505016,143,False,WITHIN_THRESHOLD
2020-06-16 08:15:00,4136001,4UPUqMRk7TRMgml,451.9333333333333,502.4857142857143,451.9333333333333,422.43748968982334,533.1884880952383,542.3251,502.4857142857143,451.9333333333333,50.55238095238104,0.11185804901692221,0.11185804901692221,1.0,105,False,WITHIN_THRESHOLD
2020-06-16 08:15:00,4136001,81aHJ1q11NBPMrL,444.16,494.4714285714285,444.16,419.64023037362045,525.5132619047621,543.7913,494.4714285714285,444.16,50.31142857142845,0.11327320913956333,0.11327320913956333,0.7988725021368553,143,False,WITHIN_THRESHOLD
2020-06-16 08:15:00,4136001,9kRcWv60rDACzjR,441.3466666666666,489.9714285714285,441.3466666666666,416.4251994220564,521.092773809524,543.7913,489.9714285714285,441.3466666666666,48.6247619047619,0.11017362444811767,0.11017362444811767,0.8376117177500583,127,False,WITHIN_THRESHOLD
2020-06-16 08:15:00,4136001,Et9kgGMDl729KT4,397.1,444.44,397.1,387.7854456419407,506.92649047619045,487.3037,444.44,397.1,47.339999999999975,0.11921430370183826,0.11921430370183826,1.0,105,False,WITHIN_THRESHOLD
2020-06-16 08:15:00,4136001,IQ2d7wF4YD8zU1Q,447.0142857142857,495.8,447.0142857142857,419.76500499532784,530.5547142857145,542.3251,495.8,447.0142857142857,48.785714285714334,0.1091368125019975,0.1091368125019975,1.0,129,False,WITHIN_THRESHOLD
2020-06-16 08:15:00,4136001,LYwnQax7tkwH5Cb,422.17333333333335,471.77333333333326,422.17333333333335,403.8530415421269,521.6606476190482,537.89075,471.77333333333326,422.17333333333335,49.59999999999991,0.1174872880017684,0.1174872880017684,0.8540476989297716,143,False,WITHIN_THRESHOLD
2020-06-16 08:15:00,4136001,LlT2YUhhzqhg5Sw,436.70666666666665,486.6533333333333,436.70666666666665,413.15560944614987,521.9498452380955,543.7913,486.6533333333333,436.70666666666665,49.94666666666666,0.11437120263792629,0.11437120263792629,0.8849165458231198,127,False,WITHIN_THRESHOLD
2020-06-16 08:15:00,4136001,Mx2yZCDsyf6DPfv,449.33333333333326,498.95714285714286,449.33333333333326,422.46778413726906,532.6679595238097,542.3251,498.95714285714286,449.33333333333326,49.6238095238096,0.11043874523103028,0.11043874523103028,1.0,96,False,WITHIN_THRESHOLD
2020-06-16 08:15:00,4136001,NgDl19wMapZy17u,446.05,495.36,446.05,419.6928755042306,530.5547142857145,542.3251,495.36,446.05,49.31,0.11054814482681315,0.11054814482681315,1.0,129,False,WITHIN_THRESHOLD
2020-06-16 08:15:00,4136001,PeE6FRyGXUgsRhN,430.6333333333334,481.2000000000001,430.6333333333334,412.02504808978426,521.2349214285719,543.7913,481.2000000000001,430.6333333333334,50.56666666666672,0.11742394922207612,0.11742394922207612,1.0050898489883968,130,False,WITHIN_THRESHOLD
2020-06-16 08:15:00,4136001,Qf4GUc1pJu5T6c6,449.06666666666655,500.04285714285714,449.06666666666655,419.7571018474921,532.8396476190479,542.3251,500.04285714285714,449.06666666666655,50.976190476190595,0.11351586359009191,0.11351586359009191,1.0,91,False,WITHIN_THRESHOLD
2020-06-16 08:15:00,4136001,Quc1TzYxW2pYoWX,361.88666666666666,406.41333333333336,361.88666666666666,363.840808903369,487.2027523809526,480.84174,406.41333333333336,361.88666666666666,44.5266666666667,0.1230403625444431,0.1230403625444431,1.0,108,False,WITHIN_THRESHOLD
2020-06-16 08:15:00,4136001,V94E5Ben1TlhnDV,435.9333333333333,487.21333333333325,435.9333333333333,415.0673643271805,523.9557380952384,543.7913,487.21333333333325,435.9333333333333,51.27999999999997,0.11763266554519035,0.11763266554519035,1.0842639735182622,98,False,WITHIN_THRESHOLD
2020-06-16 08:15:00,4136001,WcxssY2VbP4hApt,451.9866666666666,499.9857142857143,451.9866666666666,422.6758906113478,529.4727476190478,542.3251,499.9857142857143,451.9866666666666,47.9990476190477,0.10619571584496823,0.10619571584496823,0.8131277317394211,142,False,WITHIN_THRESHOLD
2020-06-16 08:15:00,4136001,mqwcsP2rE7J0TFp,446.9500000000001,497.76666666666665,446.9500000000001,420.9730817736345,530.910104761905,542.3251,497.76666666666665,446.9500000000001,50.81666666666655,0.11369653577954254,0.11369653577954254,1.0188512076579566,137,False,WITHIN_THRESHOLD
2020-06-16 08:15:00,4136001,oZ35aAeoifZaQzV,450.64666666666665,502.20714285714286,450.64666666666665,423.56103483634536,528.8728380952383,542.3251,502.20714285714286,450.64666666666665,51.56047619047621,0.11441441822227956,0.11441441822227956,1.0,97,False,WITHIN_THRESHOLD
2020-06-16 08:15:00,4136001,oZZkBaNadn6DNKz,440.62666666666667,491.7533333333333,440.62666666666667,418.6621627909645,525.6924547619051,543.7913,491.7533333333333,440.62666666666667,51.12666666666661,0.11603171240959832,0.11603171240959832,1.1151183176572743,114,False,WITHIN_THRESHOLD
2020-06-16 08:15:00,4136001,q49J1IKaHRwDQnt,438.5199999999999,487.12,438.5199999999999,414.8470023775407,524.65325952381,543.7913,487.12,438.5199999999999,48.60000000000008,0.1108273282860533,0.1108273282860533,0.8617696945001074,143,False,WITHIN_THRESHOLD
2020-06-16 08:15:00,4136001,rrq4fwE8jgrTyWY,417.6133333333333,465.7266666666666,417.6133333333333,399.88228293204185,518.0951880952388,509.54514,465.7266666666666,417.6133333333333,48.11333333333329,0.11521024232942745,0.11521024232942745,1.0,135,False,WITHIN_THRESHOLD
2020-06-16 08:15:00,4136001,vOuJvMaM2sgwLmb,443.74,494.7714285714285,443.74,419.5020866379989,525.7545833333336,543.7913,494.7714285714285,443.74,51.03142857142848,0.11500299403125361,0.11500299403125361,0.7896224826398267,142,False,WITHIN_THRESHOLD
2020-06-16 08:15:00,4136001,xMbIugepa2P7lBB,441.8,490.3666666666666,441.8,416.07184565796456,522.181835714286,540.5983,490.3666666666666,441.8,48.566666666666606,0.10992907801418425,0.10992907801418425,0.9823653995011609,129,False,WITHIN_THRESHOLD
2020-06-16 08:15:00,4136001,xoJJ8DcxJEcupym,439.38,491.9066666666666,439.38,418.2992770669038,524.9645071428574,543.7913,491.9066666666666,439.38,52.526666666666586,0.11954724080901859,0.11954724080901859,0.8195700732505016,143,False,WITHIN_THRESHOLD
2020-06-16 08:30:00,4136001,4UPUqMRk7TRMgml,502.4857142857143,510.56000000000006,502.4857142857143,494.63815300009816,651.2282166666663,636.84357,510.56000000000006,502.4857142857143,8.074285714285736,0.016068687098425016,0.016068687098425016,1.0,105,False,WITHIN_THRESHOLD
2020-06-16 08:30:00,4136001,81aHJ1q11NBPMrL,494.4714285714285,504.14,494.4714285714285,488.77396944969865,647.006780952381,636.84357,504.14,494.4714285714285,9.66857142857151,0.019553347008349636,0.019553347008349636,0.7988725021368553,143,False,WITHIN_THRESHOLD
2020-06-16 08:30:00,4136001,9kRcWv60rDACzjR,489.9714285714285,500.5333333333333,489.9714285714285,485.92468406130047,653.1748476190471,636.84357,500.5333333333333,489.9714285714285,10.561904761904827,0.021556164596575254,0.021556164596575254,0.8376117177500583,127,False,WITHIN_THRESHOLD
2020-06-16 08:30:00,4136001,Et9kgGMDl729KT4,444.44,447.75,444.44,427.2522071340857,538.5581333333334,549.8174,447.75,444.44,3.3100000000000023,0.007447574475744762,0.007447574475744762,1.0,105,False,WITHIN_THRESHOLD
2020-06-16 08:30:00,4136001,IQ2d7wF4YD8zU1Q,495.8,511.8200000000001,495.8,490.45506544418527,653.5222142857137,636.84357,511.8200000000001,495.8,16.020000000000095,0.03231141589350564,0.03231141589350564,1.0,129,False,WITHIN_THRESHOLD
2020-06-16 08:30:00,4136001,LYwnQax7tkwH5Cb,471.77333333333326,482.9071428571429,471.77333333333326,470.7608121398012,658.9044380952381,643.1072,482.9071428571429,471.77333333333326,11.133809523809646,0.02359991279105004,0.02359991279105004,0.8540476989297716,143,False,WITHIN_THRESHOLD
2020-06-16 08:30:00,4136001,LlT2YUhhzqhg5Sw,486.6533333333333,498.1428571428572,486.6533333333333,482.32266978593367,662.0623809523805,636.84357,498.1428571428572,486.6533333333333,11.489523809523916,0.023609257396484666,0.023609257396484666,0.8849165458231198,127,False,WITHIN_THRESHOLD
2020-06-16 08:30:00,4136001,Mx2yZCDsyf6DPfv,498.95714285714286,508.7866666666666,498.95714285714286,492.5427819756199,653.5526571428567,636.84357,508.7866666666666,498.95714285714286,9.829523809523721,0.01970013647512413,0.01970013647512413,1.0,96,False,WITHIN_THRESHOLD
2020-06-16 08:30:00,4136001,NgDl19wMapZy17u,495.36,511.77333333333326,495.36,489.7567365745744,653.4420142857138,636.84357,511.77333333333326,495.36,16.41333333333324,0.03313415159345373,0.03313415159345373,1.0,129,False,WITHIN_THRESHOLD
2020-06-16 08:30:00,4136001,PeE6FRyGXUgsRhN,481.2000000000001,489.07857142857137,481.2000000000001,477.638430014208,662.7267452380948,636.84357,489.07857142857137,481.2000000000001,7.878571428571263,0.016372758579740777,0.016372758579740777,1.0050898489883968,130,False,WITHIN_THRESHOLD
2020-06-16 08:30:00,4136001,Qf4GUc1pJu5T6c6,500.04285714285714,510.0,500.04285714285714,466.3386361636564,541.4065785714284,544.09106,510.0,500.04285714285714,9.957142857142856,0.0199125789218067,0.0199125789218067,1.0,91,False,WITHIN_THRESHOLD
2020-06-16 08:30:00,4136001,Quc1TzYxW2pYoWX,406.41333333333336,407.14285714285705,406.41333333333336,400.5502574693419,487.2416809523813,506.42853,407.14285714285705,406.41333333333336,0.7295238095236982,0.001795029221950637,0.001795029221950637,1.0,108,False,WITHIN_THRESHOLD
2020-06-16 08:30:00,4136001,V94E5Ben1TlhnDV,487.21333333333325,492.7214285714285,487.21333333333325,482.05695038292095,652.9278809523804,636.84357,492.7214285714285,487.21333333333325,5.508095238095223,0.011305304804387996,0.011305304804387996,1.0842639735182622,98,False,WITHIN_THRESHOLD
2020-06-16 08:30:00,4136001,WcxssY2VbP4hApt,499.9857142857143,511.2000000000001,499.9857142857143,494.6779988030451,650.8848833333329,636.84357,511.2000000000001,499.9857142857143,11.21428571428578,0.022429212263207647,0.022429212263207647,0.8131277317394211,142,False,WITHIN_THRESHOLD
2020-06-16 08:30:00,4136001,mqwcsP2rE7J0TFp,497.76666666666665,513.94,497.76666666666665,490.5469623535778,652.6082142857139,636.84357,513.94,497.76666666666665,16.173333333333403,0.03249179669189058,0.03249179669189058,1.0188512076579566,137,False,WITHIN_THRESHOLD
2020-06-16 08:30:00,4136001,oZ35aAeoifZaQzV,502.20714285714286,508.2466666666667,502.20714285714286,493.6764276018698,650.1358166666663,636.84357,508.2466666666667,502.20714285714286,6.039523809523871,0.012025961588606608,0.012025961588606608,1.0,97,False,WITHIN_THRESHOLD
2020-06-16 08:30:00,4136001,oZZkBaNadn6DNKz,491.7533333333333,498.35,491.7533333333333,485.99377731113793,651.3946476190472,636.84357,498.35,491.7533333333333,6.596666666666749,0.013414584547808691,0.013414584547808691,1.1151183176572743,114,False,WITHIN_THRESHOLD
2020-06-16 08:30:00,4136001,q49J1IKaHRwDQnt,487.12,498.9357142857143,487.12,483.88332365439135,660.6415476190472,636.84357,498.9357142857143,487.12,11.815714285714307,0.02425627008891917,0.02425627008891917,0.8617696945001074,143,False,WITHIN_THRESHOLD
2020-06-16 08:30:00,4136001,rrq4fwE8jgrTyWY,465.7266666666666,477.52857142857135,465.7266666666666,466.7850178298413,658.8676404761906,642.92596,477.52857142857135,465.7266666666666,11.80190476190478,0.025340839609580973,0.025340839609580973,1.0,135,False,WITHIN_THRESHOLD
2020-06-16 08:30:00,4136001,vOuJvMaM2sgwLmb,494.7714285714285,503.3066666666666,494.7714285714285,488.2602396183427,652.9685476190471,636.84357,503.3066666666666,494.7714285714285,8.535238095238128,0.017250871013070077,0.017250871013070077,0.7896224826398267,142,False,WITHIN_THRESHOLD
2020-06-16 08:30:00,4136001,xMbIugepa2P7lBB,490.3666666666666,505.0933333333333,490.3666666666666,485.9923969968642,661.157147619047,636.84357,505.0933333333333,490.3666666666666,14.726666666666688,0.030031948881789183,0.030031948881789183,0.9823653995011609,129,False,WITHIN_THRESHOLD
2020-06-16 08:30:00,4136001,xoJJ8DcxJEcupym,491.9066666666666,499.9071428571429,491.9066666666666,484.6640264017201,653.2037142857139,636.84357,499.9071428571429,491.9066666666666,8.00047619047632,0.016264215821042587,0.016264215821042587,0.8195700732505016,143,False,WITHIN_THRESHOLD
2020-06-16 08:45:00,4136001,4UPUqMRk7TRMgml,510.56000000000006,557.4866666666667,510.56000000000006,514.8397197444317,567.101557142857,604.8799,557.4866666666667,510.56000000000006,46.92666666666662,0.09191214875169738,0.09191214875169738,1.0,105,False,WITHIN_THRESHOLD
2020-06-16 08:45:00,4136001,81aHJ1q11NBPMrL,504.14,530.72,504.14,528.6781860429664,639.0777976190471,636.6949,530.72,504.14,26.58000000000004,0.05272344983536328,0.05272344983536328,0.7988725021368553,143,False,WITHIN_THRESHOLD
2020-06-16 08:45:00,4136001,9kRcWv60rDACzjR,500.5333333333333,524.7666666666667,500.5333333333333,525.7147751785285,640.8877309523805,609.6726,524.7666666666667,500.5333333333333,24.23333333333335,0.04841502397442731,0.04841502397442731,0.8376117177500583,127,False,WITHIN_THRESHOLD
2020-06-16 08:45:00,4136001,Et9kgGMDl729KT4,447.75,495.16,447.75,463.2676416288939,557.6622928571423,528.3762,495.16,447.75,47.410000000000025,0.10588498045784484,0.10588498045784484,1.0,105,False,WITHIN_THRESHOLD
2020-06-16 08:45:00,4136001,IQ2d7wF4YD8zU1Q,511.8200000000001,543.6333333333333,511.8200000000001,531.5003586556119,635.3527761904757,635.70526,543.6333333333333,511.8200000000001,31.81333333333322,0.062157268831490003,0.062157268831490003,1.0,129,False,WITHIN_THRESHOLD
2020-06-16 08:45:00,4136001,LYwnQax7tkwH5Cb,482.9071428571429,506.48,482.9071428571429,511.3716931640136,647.9127476190473,601.2028,506.48,482.9071428571429,23.572857142857117,0.04881447187421415,0.04881447187421415,0.8540476989297716,143,False,WITHIN_THRESHOLD
2020-06-16 08:45:00,4136001,LlT2YUhhzqhg5Sw,498.1428571428572,520.06,498.1428571428572,523.5112253559114,640.4377166666662,609.45465,520.06,498.1428571428572,21.91714285714272,0.043997705764267,0.043997705764267,0.8849165458231198,127,False,WITHIN_THRESHOLD
2020-06-16 08:45:00,4136001,Mx2yZCDsyf6DPfv,508.7866666666666,553.9533333333334,508.7866666666666,534.3444005837194,637.1887619047615,654.50696,553.9533333333334,508.7866666666666,45.1666666666668,0.08877329070468332,0.08877329070468332,1.0,96,False,WITHIN_THRESHOLD
2020-06-16 08:45:00,4136001,NgDl19wMapZy17u,511.77333333333326,542.9000000000001,511.77333333333326,531.5577687718223,635.4122428571424,633.8579,542.9000000000001,511.77333333333326,31.126666666666836,0.060821196884037546,0.060821196884037546,1.0,129,False,WITHIN_THRESHOLD
2020-06-16 08:45:00,4136001,PeE6FRyGXUgsRhN,489.07857142857137,526.1266666666668,489.07857142857137,519.2544067731267,642.7907999999995,602.70996,526.1266666666668,489.07857142857137,37.048095238095414,0.07575080447683484,0.07575080447683484,1.0050898489883968,130,False,WITHIN_THRESHOLD
2020-06-16 08:45:00,4136001,Qf4GUc1pJu5T6c6,510.0,555.1666666666669,510.0,505.4205364500637,562.892445238095,567.9972,555.1666666666669,510.0,45.166666666666856,0.08856209150326834,0.08856209150326834,1.0,91,False,WITHIN_THRESHOLD
2020-06-16 08:45:00,4136001,Quc1TzYxW2pYoWX,407.14285714285705,453.71333333333337,407.14285714285705,434.4065000478619,540.7286928571424,546.057,453.71333333333337,407.14285714285705,46.57047619047631,0.11438362573099448,0.11438362573099448,1.0,108,False,WITHIN_THRESHOLD
2020-06-16 08:45:00,4136001,V94E5Ben1TlhnDV,492.7214285714285,526.0066666666667,492.7214285714285,521.4837876885904,639.7868357142852,607.9475,526.0066666666667,492.7214285714285,33.285238095238185,0.067553867490082,0.067553867490082,1.0842639735182622,98,False,WITHIN_THRESHOLD
2020-06-16 08:45:00,4136001,WcxssY2VbP4hApt,511.2000000000001,541.5533333333333,511.2000000000001,535.0080289965974,636.6287904761899,654.50696,541.5533333333333,511.2000000000001,30.353333333333183,0.05937663015127773,0.05937663015127773,0.8131277317394211,142,False,WITHIN_THRESHOLD
2020-06-16 08:45:00,4136001,mqwcsP2rE7J0TFp,513.94,545.0266666666665,513.94,532.0052953382905,638.7333571428566,657.126,545.0266666666665,513.94,31.086666666666474,0.06048695697292772,0.06048695697292772,1.0188512076579566,137,False,WITHIN_THRESHOLD
2020-06-16 08:45:00,4136001,oZ35aAeoifZaQzV,508.2466666666667,554.5933333333332,508.2466666666667,536.5954452185607,636.4157023809519,654.50696,554.5933333333332,508.2466666666667,46.34666666666652,0.09118931752298723,0.09118931752298723,1.0,97,False,WITHIN_THRESHOLD
2020-06-16 08:45:00,4136001,oZZkBaNadn6DNKz,498.35,538.32,498.35,528.1144569678981,639.3759833333329,608.683,538.32,498.35,39.97000000000003,0.08020467542891548,0.08020467542891548,1.1151183176572743,114,False,WITHIN_THRESHOLD
2020-06-16 08:45:00,4136001,q49J1IKaHRwDQnt,498.9357142857143,526.6333333333334,498.9357142857143,524.5125426236924,638.6642833333328,608.683,526.6333333333334,498.9357142857143,27.697619047619128,0.05551340233735634,0.05551340233735634,0.8617696945001074,143,False,WITHIN_THRESHOLD
2020-06-16 08:45:00,4136001,rrq4fwE8jgrTyWY,477.52857142857135,502.97333333333336,477.52857142857135,506.2899764631189,647.5217214285708,627.1019,502.97333333333336,477.52857142857135,25.444761904762004,0.053284271197934024,0.053284271197934024,1.0,135,False,WITHIN_THRESHOLD
2020-06-16 08:45:00,4136001,vOuJvMaM2sgwLmb,503.3066666666666,535.3066666666666,503.3066666666666,530.8917381764294,635.3188976190471,633.8579,535.3066666666666,503.3066666666666,32.0,0.06357952739217973,0.06357952739217973,0.7896224826398267,142,False,WITHIN_THRESHOLD
2020-06-16 08:45:00,4136001,xMbIugepa2P7lBB,505.0933333333333,497.9733333333333,505.0933333333333,525.3028599337279,640.0603928571423,607.9475,497.9733333333333,505.0933333333333,-7.1200000000000045,-0.014096404624887818,0.014096404624887818,0.9823653995011609,129,False,WITHIN_THRESHOLD
2020-06-16 08:45:00,4136001,xoJJ8DcxJEcupym,499.9071428571429,527.3866666666667,499.9071428571429,525.7768148410456,640.7724261904757,607.9475,527.3866666666667,499.9071428571429,27.479523809523755,0.05496925619519804,0.05496925619519804,0.8195700732505016,143,False,WITHIN_THRESHOLD
2020-06-16 09:00:00,4136001,4UPUqMRk7TRMgml,557.4866666666667,451.8,557.4866666666667,526.5266858543263,604.5347095238097,557.00604,451.8,557.4866666666667,-105.68666666666667,-0.18957703024287575,0.18957703024287575,1.0,105,False,WITHIN_THRESHOLD
2020-06-16 09:00:00,4136001,81aHJ1q11NBPMrL,530.72,415.14,530.72,545.9452053169168,642.9655428571424,582.37396,415.14,530.72,-115.58000000000004,-0.2177796201386796,0.2177796201386796,0.7988725021368553,143,False,WITHIN_THRESHOLD
2020-06-16 09:00:00,4136001,9kRcWv60rDACzjR,524.7666666666667,417.12,524.7666666666667,544.6793932841699,640.5142761904758,582.37396,417.12,524.7666666666667,-107.64666666666665,-0.2051324398145207,0.2051324398145207,0.8376117177500583,127,False,WITHIN_THRESHOLD
2020-06-16 09:00:00,4136001,Et9kgGMDl729KT4,495.16,383.54,495.16,478.679176999182,586.7506857142852,568.64124,383.54,495.16,-111.62,-0.22542208579045156,0.22542208579045156,1.0,105,False,WITHIN_THRESHOLD
2020-06-16 09:00:00,4136001,IQ2d7wF4YD8zU1Q,543.6333333333333,442.85,543.6333333333333,553.723802960701,640.0610595238089,582.37396,442.85,543.6333333333333,-100.7833333333333,-0.1853884358329756,0.1853884358329756,1.0,129,False,WITHIN_THRESHOLD
2020-06-16 09:00:00,4136001,LYwnQax7tkwH5Cb,506.48,368.18666666666667,506.48,530.5789486318643,647.608402380952,624.63684,368.18666666666667,506.48,-138.29333333333335,-0.27304796503975154,0.27304796503975154,0.8540476989297716,143,False,WITHIN_THRESHOLD
2020-06-16 09:00:00,4136001,LlT2YUhhzqhg5Sw,520.06,412.64666666666665,520.06,542.556091429329,641.073397619047,596.242,412.64666666666665,520.06,-107.4133333333333,-0.2065402709943724,0.2065402709943724,0.8849165458231198,127,False,WITHIN_THRESHOLD
2020-06-16 09:00:00,4136001,Mx2yZCDsyf6DPfv,553.9533333333334,444.09333333333336,553.9533333333334,525.0862339190526,604.6004333333336,557.00604,444.09333333333336,553.9533333333334,-109.86000000000001,-0.19831995474949757,0.19831995474949757,1.0,96,False,WITHIN_THRESHOLD
2020-06-16 09:00:00,4136001,NgDl19wMapZy17u,542.9000000000001,443.31428571428575,542.9000000000001,554.107712360345,640.9294499999996,582.37396,443.31428571428575,542.9000000000001,-99.58571428571435,-0.18343288687735188,0.18343288687735188,1.0,129,False,WITHIN_THRESHOLD
2020-06-16 09:00:00,4136001,PeE6FRyGXUgsRhN,526.1266666666668,410.94,526.1266666666668,527.808898040098,624.3559119047619,622.809,410.94,526.1266666666668,-115.18666666666678,-0.21893333671232545,0.21893333671232545,1.0050898489883968,130,False,WITHIN_THRESHOLD
2020-06-16 09:00:00,4136001,Qf4GUc1pJu5T6c6,555.1666666666669,458.50666666666666,555.1666666666669,525.9957136324251,604.1132261904764,557.00604,458.50666666666666,555.1666666666669,-96.6600000000002,-0.17410987691383997,0.17410987691383997,1.0,91,False,WITHIN_THRESHOLD
2020-06-16 09:00:00,4136001,Quc1TzYxW2pYoWX,453.71333333333337,352.6533333333333,453.71333333333337,447.804884160461,574.2264785714285,588.4033,352.6533333333333,453.71333333333337,-101.06000000000006,-0.2227397622581073,0.2227397622581073,1.0,108,False,WITHIN_THRESHOLD
2020-06-16 09:00:00,4136001,V94E5Ben1TlhnDV,526.0066666666667,401.4333333333333,526.0066666666667,514.6074256892248,603.6245428571427,591.46545,401.4333333333333,526.0066666666667,-124.57333333333338,-0.2368284305648852,0.2368284305648852,1.0842639735182622,98,False,WITHIN_THRESHOLD
2020-06-16 09:00:00,4136001,WcxssY2VbP4hApt,541.5533333333333,430.26666666666654,541.5533333333333,554.4721632850652,642.0168452380948,584.09906,430.26666666666654,541.5533333333333,-111.28666666666675,-0.20549530363276025,0.20549530363276025,0.8131277317394211,142,False,WITHIN_THRESHOLD
2020-06-16 09:00:00,4136001,mqwcsP2rE7J0TFp,545.0266666666665,451.91428571428565,545.0266666666665,555.734795291864,640.9583404761901,582.37396,451.91428571428565,545.0266666666665,-93.11238095238087,-0.17084004627121774,0.17084004627121774,1.0188512076579566,137,False,WITHIN_THRESHOLD
2020-06-16 09:00:00,4136001,oZ35aAeoifZaQzV,554.5933333333332,442.83333333333326,554.5933333333332,524.7670527261321,604.6004333333336,557.00604,442.83333333333326,554.5933333333332,-111.75999999999999,-0.20151702749161549,0.20151702749161549,1.0,97,False,WITHIN_THRESHOLD
2020-06-16 09:00:00,4136001,oZZkBaNadn6DNKz,538.32,415.0,538.32,523.0326150347576,605.8629071428572,559.11163,415.0,538.32,-123.32000000000005,-0.22908307326497257,0.22908307326497257,1.1151183176572743,114,False,WITHIN_THRESHOLD
2020-06-16 09:00:00,4136001,q49J1IKaHRwDQnt,526.6333333333334,421.39333333333326,526.6333333333334,544.8692123205467,641.7731333333328,596.242,421.39333333333326,526.6333333333334,-105.24000000000018,-0.19983543262231818,0.19983543262231818,0.8617696945001074,143,False,WITHIN_THRESHOLD
2020-06-16 09:00:00,4136001,rrq4fwE8jgrTyWY,502.97333333333336,404.78,502.97333333333336,527.1054815592543,649.6713857142855,624.63684,404.78,502.97333333333336,-98.19333333333338,-0.19522572435914437,0.19522572435914437,1.0,135,False,WITHIN_THRESHOLD
2020-06-16 09:00:00,4136001,vOuJvMaM2sgwLmb,535.3066666666666,421.2466666666666,535.3066666666666,545.8953125791801,640.4049595238091,582.37396,421.2466666666666,535.3066666666666,-114.06,-0.21307412573478132,0.21307412573478132,0.7896224826398267,142,False,WITHIN_THRESHOLD
2020-06-16 09:00:00,4136001,xMbIugepa2P7lBB,497.9733333333333,429.56428571428575,497.9733333333333,548.7826867008879,641.0225190476185,582.37396,429.56428571428575,497.9733333333333,-68.40904761904756,-0.13737492158692746,0.13737492158692746,0.9823653995011609,129,False,WITHIN_THRESHOLD
2020-06-16 09:00:00,4136001,xoJJ8DcxJEcupym,527.3866666666667,405.18,527.3866666666667,545.5018763934311,641.3097023809519,582.37396,405.18,527.3866666666667,-122.20666666666665,-0.23172119128280322,0.23172119128280322,0.8195700732505016,143,False,WITHIN_THRESHOLD
2020-06-16 09:15:00,4136001,4UPUqMRk7TRMgml,451.8,579.8285714285713,451.8,541.0873877663798,474.36062142857145,426.2906,579.8285714285713,451.8,128.0285714285713,0.2833744387529245,0.2833744387529245,1.0,105,False,WITHIN_THRESHOLD
2020-06-16 09:15:00,4136001,81aHJ1q11NBPMrL,415.14,556.1533333333332,415.14,551.3189427394132,468.6125952380952,452.16962,556.1533333333332,415.14,141.0133333333332,0.3396765749706923,0.3396765749706923,0.7988725021368553,143,False,WITHIN_THRESHOLD
2020-06-16 09:15:00,4136001,9kRcWv60rDACzjR,417.12,556.9533333333333,417.12,544.6870475790699,473.16479047619055,456.43307,556.9533333333333,417.12,139.83333333333326,0.3352352640327322,0.3352352640327322,0.8376117177500583,127,False,WITHIN_THRESHOLD
2020-06-16 09:15:00,4136001,Et9kgGMDl729KT4,383.54,504.56666666666666,383.54,493.4678548169452,468.32594761904767,414.32077,504.56666666666666,383.54,121.02666666666664,0.31555161565069256,0.31555161565069256,1.0,105,False,WITHIN_THRESHOLD
2020-06-16 09:15:00,4136001,IQ2d7wF4YD8zU1Q,442.85,578.0200000000001,442.85,558.080567596573,464.6814452380953,454.70795,578.0200000000001,442.85,135.17000000000007,0.30522750366941415,0.30522750366941415,1.0,129,False,WITHIN_THRESHOLD
2020-06-16 09:15:00,4136001,LYwnQax7tkwH5Cb,368.18666666666667,540.8066666666666,368.18666666666667,529.5204405463969,475.5929928571432,452.18588,540.8066666666666,368.18666666666667,172.61999999999995,0.468838270442529,0.468838270442529,0.8540476989297716,143,False,WITHIN_THRESHOLD
2020-06-16 09:15:00,4136001,LlT2YUhhzqhg5Sw,412.64666666666665,554.5,412.64666666666665,541.7638015783093,475.6409166666667,456.70096,554.5,412.64666666666665,141.85333333333335,0.3437646412588656,0.3437646412588656,0.8849165458231198,127,False,WITHIN_THRESHOLD
2020-06-16 09:15:00,4136001,Mx2yZCDsyf6DPfv,444.09333333333336,571.9857142857143,444.09333333333336,538.3550954732783,477.7231523809525,426.2906,571.9857142857143,444.09333333333336,127.8923809523809,0.28798536558166654,0.28798536558166654,1.0,96,False,WITHIN_THRESHOLD
2020-06-16 09:15:00,4136001,NgDl19wMapZy17u,443.31428571428575,578.7333333333333,443.31428571428575,556.4975536986924,465.994511904762,454.70795,578.7333333333333,443.31428571428575,135.4190476190476,0.30546962275500555,0.30546962275500555,1.0,129,False,WITHIN_THRESHOLD
2020-06-16 09:15:00,4136001,PeE6FRyGXUgsRhN,410.94,545.02,410.94,517.3434194737436,493.9751857142858,421.77698,545.02,410.94,134.07999999999998,0.3262763420450674,0.3262763420450674,1.0050898489883968,130,False,WITHIN_THRESHOLD
2020-06-16 09:15:00,4136001,Qf4GUc1pJu5T6c6,458.50666666666666,583.492857142857,458.50666666666666,539.4016257674532,477.7231523809525,426.2906,583.492857142857,458.50666666666666,124.98619047619036,0.27259405274265086,0.27259405274265086,1.0,91,False,WITHIN_THRESHOLD
2020-06-16 09:15:00,4136001,Quc1TzYxW2pYoWX,352.6533333333333,461.64,352.6533333333333,462.00091005287,468.264057142857,422.6265,461.64,352.6533333333333,108.98666666666668,0.30904760104351775,0.30904760104351775,1.0,108,False,WITHIN_THRESHOLD
2020-06-16 09:15:00,4136001,V94E5Ben1TlhnDV,401.4333333333333,540.5133333333333,401.4333333333333,517.5005163280621,490.1736190476191,421.77698,540.5133333333333,401.4333333333333,139.08000000000004,0.34645852362368196,0.34645852362368196,1.0842639735182622,98,False,WITHIN_THRESHOLD
2020-06-16 09:15:00,4136001,WcxssY2VbP4hApt,430.26666666666654,570.56,430.26666666666654,559.1323715101653,464.8106690476189,452.16962,570.56,430.26666666666654,140.2933333333334,0.32606135729780006,0.32606135729780006,0.8131277317394211,142,False,WITHIN_THRESHOLD
2020-06-16 09:15:00,4136001,mqwcsP2rE7J0TFp,451.91428571428565,583.6533333333333,451.91428571428565,558.6458152547506,464.6396119047619,454.70795,583.6533333333333,451.91428571428565,131.73904761904765,0.29151335061431805,0.29151335061431805,1.0188512076579566,137,False,WITHIN_THRESHOLD
2020-06-16 09:15:00,4136001,oZ35aAeoifZaQzV,442.83333333333326,574.8714285714285,442.83333333333326,538.7835502423006,476.3450523809525,426.2906,574.8714285714285,442.83333333333326,132.03809523809525,0.298166568095059,0.298166568095059,1.0,97,False,WITHIN_THRESHOLD
2020-06-16 09:15:00,4136001,oZZkBaNadn6DNKz,415.0,552.8466666666667,415.0,526.5626541721954,481.41111666666666,420.98764,552.8466666666667,415.0,137.8466666666667,0.33216064257028116,0.33216064257028116,1.1151183176572743,114,False,WITHIN_THRESHOLD
2020-06-16 09:15:00,4136001,q49J1IKaHRwDQnt,421.39333333333326,557.9,421.39333333333326,545.9606389471331,472.72542142857145,460.756,557.9,421.39333333333326,136.50666666666672,0.32394121090351075,0.32394121090351075,0.8617696945001074,143,False,WITHIN_THRESHOLD
2020-06-16 09:15:00,4136001,rrq4fwE8jgrTyWY,404.78,536.8266666666666,404.78,525.5222249806332,486.79773571428575,436.04575,536.8266666666666,404.78,132.04666666666662,0.3262183572969678,0.3262183572969678,1.0,135,False,WITHIN_THRESHOLD
2020-06-16 09:15:00,4136001,vOuJvMaM2sgwLmb,421.2466666666666,559.0466666666667,421.2466666666666,553.7386853170292,468.7467333333332,454.01697,559.0466666666667,421.2466666666666,137.80000000000013,0.32712425024134745,0.32712425024134745,0.7896224826398267,142,False,WITHIN_THRESHOLD
2020-06-16 09:15:00,4136001,xMbIugepa2P7lBB,429.56428571428575,566.8866666666668,429.56428571428575,523.6897977579677,466.7234357142858,453.069,566.8866666666668,429.56428571428575,137.32238095238102,0.3196783008253104,0.3196783008253104,0.9823653995011609,129,False,WITHIN_THRESHOLD
2020-06-16 09:15:00,4136001,xoJJ8DcxJEcupym,405.18,546.1466666666666,405.18,548.0218663674831,473.1343499999999,456.49255,546.1466666666666,405.18,140.96666666666664,0.34791121641410394,0.34791121641410394,0.8195700732505016,143,False,WITHIN_THRESHOLD
2020-06-16 09:30:00,4136001,4UPUqMRk7TRMgml,579.8285714285713,649.4866666666667,579.8285714285713,487.23690749946985,620.6175857142855,559.57996,649.4866666666667,579.8285714285713,69.65809523809537,0.12013567228409079,0.12013567228409079,1.0,105,False,WITHIN_THRESHOLD
2020-06-16 09:30:00,4136001,81aHJ1q11NBPMrL,556.1533333333332,635.9785714285715,556.1533333333332,477.4207839379343,637.1226190476191,587.7548,635.9785714285715,556.1533333333332,79.82523809523832,0.14353098922702073,0.14353098922702073,0.7988725021368553,143,False,WITHIN_THRESHOLD
2020-06-16 09:30:00,4136001,9kRcWv60rDACzjR,556.9533333333333,620.592857142857,556.9533333333333,477.9815815678188,622.7781047619046,580.20776,620.592857142857,556.9533333333333,63.63952380952378,0.11426365549990505,0.11426365549990505,0.8376117177500583,127,False,WITHIN_THRESHOLD
2020-06-16 09:30:00,4136001,Et9kgGMDl729KT4,504.56666666666666,581.24,504.56666666666666,435.6233368398365,608.0514619047619,557.0912,581.24,504.56666666666666,76.67333333333335,0.15195877650789458,0.15195877650789458,1.0,105,False,WITHIN_THRESHOLD
2020-06-16 09:30:00,4136001,IQ2d7wF4YD8zU1Q,578.0200000000001,623.2000000000002,578.0200000000001,498.0144755527402,650.371152380952,579.7129,623.2000000000002,578.0200000000001,45.180000000000064,0.07816338534998798,0.07816338534998798,1.0,129,False,WITHIN_THRESHOLD
2020-06-16 09:30:00,4136001,LYwnQax7tkwH5Cb,540.8066666666666,591.1866666666667,540.8066666666666,441.23421320648,552.5955166666672,504.17438,591.1866666666667,540.8066666666666,50.38000000000011,0.09315713563688832,0.09315713563688832,0.8540476989297716,143,False,WITHIN_THRESHOLD
2020-06-16 09:30:00,4136001,LlT2YUhhzqhg5Sw,554.5,611.0133333333333,554.5,474.3046063244191,608.3883000000001,580.20776,611.0133333333333,554.5,56.51333333333332,0.1019176435226931,0.1019176435226931,0.8849165458231198,127,False,WITHIN_THRESHOLD
2020-06-16 09:30:00,4136001,Mx2yZCDsyf6DPfv,571.9857142857143,644.3,571.9857142857143,485.9897645126379,618.1268333333333,562.924,644.3,571.9857142857143,72.31428571428569,0.1264267339344139,0.1264267339344139,1.0,96,False,WITHIN_THRESHOLD
2020-06-16 09:30:00,4136001,NgDl19wMapZy17u,578.7333333333333,621.3733333333333,578.7333333333333,498.332642376904,647.0565857142853,579.7129,621.3733333333333,578.7333333333333,42.639999999999986,0.07367814767883882,0.07367814767883882,1.0,129,False,WITHIN_THRESHOLD
2020-06-16 09:30:00,4136001,PeE6FRyGXUgsRhN,545.02,627.3733333333333,545.02,463.0362181346462,607.208630952381,548.4146,627.3733333333333,545.02,82.35333333333335,0.1511014886303867,0.1511014886303867,1.0050898489883968,130,False,WITHIN_THRESHOLD
2020-06-16 09:30:00,4136001,Qf4GUc1pJu5T6c6,583.492857142857,641.3666666666667,583.492857142857,492.1182120178802,622.1068214285712,559.9226,641.3666666666667,583.492857142857,57.873809523809655,0.09918512080369883,0.09918512080369883,1.0,91,False,WITHIN_THRESHOLD
2020-06-16 09:30:00,4136001,Quc1TzYxW2pYoWX,461.64,532.9933333333336,461.64,411.9464276220632,503.5880166666668,512.3266,532.9933333333336,461.64,71.35333333333358,0.15456488461427428,0.15456488461427428,1.0,108,False,WITHIN_THRESHOLD
2020-06-16 09:30:00,4136001,V94E5Ben1TlhnDV,540.5133333333333,629.6866666666666,540.5133333333333,449.7330904819739,606.8056166666668,560.1154,629.6866666666666,540.5133333333333,89.17333333333329,0.1649789706081872,0.1649789706081872,1.0842639735182622,98,False,WITHIN_THRESHOLD
2020-06-16 09:30:00,4136001,WcxssY2VbP4hApt,570.56,640.942857142857,570.56,488.6069006932801,633.043964285714,575.75836,640.942857142857,570.56,70.382857142857,0.12335750340517564,0.12335750340517564,0.8131277317394211,142,False,WITHIN_THRESHOLD
2020-06-16 09:30:00,4136001,mqwcsP2rE7J0TFp,583.6533333333333,620.9866666666667,583.6533333333333,503.7088855622158,631.7680619047617,575.52234,620.9866666666667,583.6533333333333,37.33333333333337,0.06396491067757124,0.06396491067757124,1.0188512076579566,137,False,WITHIN_THRESHOLD
2020-06-16 09:30:00,4136001,oZ35aAeoifZaQzV,574.8714285714285,650.8133333333333,574.8714285714285,484.999403511375,618.5741666666665,562.58136,650.8133333333333,574.8714285714285,75.94190476190477,0.13210241627527483,0.13210241627527483,1.0,97,False,WITHIN_THRESHOLD
2020-06-16 09:30:00,4136001,oZZkBaNadn6DNKz,552.8466666666667,640.2466666666668,552.8466666666667,465.3222507256549,606.9375857142858,565.51697,640.2466666666668,552.8466666666667,87.40000000000009,0.1580908509894246,0.1580908509894246,1.1151183176572743,114,False,WITHIN_THRESHOLD
2020-06-16 09:30:00,4136001,q49J1IKaHRwDQnt,557.9,614.54,557.9,481.0917473975409,620.4212857142855,580.20776,614.54,557.9,56.639999999999986,0.10152357053235345,0.10152357053235345,0.8617696945001074,143,False,WITHIN_THRESHOLD
2020-06-16 09:30:00,4136001,rrq4fwE8jgrTyWY,536.8266666666666,581.9599999999999,536.8266666666666,467.40915548820936,598.7642071428572,567.8128,581.9599999999999,536.8266666666666,45.133333333333326,0.08407431324822413,0.08407431324822413,1.0,135,False,WITHIN_THRESHOLD
2020-06-16 09:30:00,4136001,vOuJvMaM2sgwLmb,559.0466666666667,638.6214285714286,559.0466666666667,482.0374478406432,640.3476190476189,574.4035,638.6214285714286,559.0466666666667,79.57476190476189,0.14234010620120302,0.14234010620120302,0.7896224826398267,142,False,WITHIN_THRESHOLD
2020-06-16 09:30:00,4136001,xMbIugepa2P7lBB,566.8866666666668,616.2533333333333,566.8866666666668,486.5545163704876,629.1256547619042,570.52686,616.2533333333333,566.8866666666668,49.36666666666656,0.08708383803934923,0.08708383803934923,0.9823653995011609,129,False,WITHIN_THRESHOLD
2020-06-16 09:30:00,4136001,xoJJ8DcxJEcupym,546.1466666666666,635.22,546.1466666666666,470.2166507911953,641.8024619047621,573.31805,635.22,546.1466666666666,89.07333333333338,0.16309416274016758,0.16309416274016758,0.8195700732505016,143,False,WITHIN_THRESHOLD
2020-06-16 09:45:00,4136001,4UPUqMRk7TRMgml,649.4866666666667,667.8866666666667,649.4866666666667,580.4559650131807,669.7234119047617,526.25244,667.8866666666667,649.4866666666667,18.399999999999977,0.028330065795551324,0.028330065795551324,1.0,105,False,WITHIN_THRESHOLD
2020-06-16 09:45:00,4136001,81aHJ1q11NBPMrL,635.9785714285715,669.3133333333333,635.9785714285715,587.3431785019343,700.6267999999998,592.89557,669.3133333333333,635.9785714285715,33.33476190476176,0.05241491365013024,0.05241491365013024,0.7988725021368553,143,False,WITHIN_THRESHOLD
2020-06-16 09:45:00,4136001,9kRcWv60rDACzjR,620.592857142857,656.2866666666665,620.592857142857,589.1846821539743,700.0913595238094,583.97107,656.2866666666665,620.592857142857,35.69380952380948,0.05751566282625287,0.05751566282625287,0.8376117177500583,127,False,WITHIN_THRESHOLD
2020-06-16 09:45:00,4136001,Et9kgGMDl729KT4,581.24,608.98,581.24,524.0499264523153,637.3150285714282,539.1395,608.98,581.24,27.74000000000001,0.04772555226756591,0.04772555226756591,1.0,105,False,WITHIN_THRESHOLD
2020-06-16 09:45:00,4136001,IQ2d7wF4YD8zU1Q,623.2000000000002,656.1666666666665,623.2000000000002,604.1428190970207,706.7810119047615,596.43823,656.1666666666665,623.2000000000002,32.966666666666356,0.05289901583226307,0.05289901583226307,1.0,129,False,WITHIN_THRESHOLD
2020-06-16 09:45:00,4136001,LYwnQax7tkwH5Cb,591.1866666666667,630.35,591.1866666666667,575.4297664965984,695.0436261904762,566.929,630.35,591.1866666666667,39.1633333333333,0.06624529195516356,0.06624529195516356,0.8540476989297716,143,False,WITHIN_THRESHOLD
2020-06-16 09:45:00,4136001,LlT2YUhhzqhg5Sw,611.0133333333333,652.7357142857142,611.0133333333333,586.4221206273023,699.4866190476188,583.97107,652.7357142857142,611.0133333333333,41.72238095238083,0.06828391243897705,0.06828391243897705,0.8849165458231198,127,False,WITHIN_THRESHOLD
2020-06-16 09:45:00,4136001,Mx2yZCDsyf6DPfv,644.3,669.1666666666665,644.3,579.6775430416994,663.0023380952377,543.44196,669.1666666666665,644.3,24.86666666666656,0.03859485746805302,0.03859485746805302,1.0,96,False,WITHIN_THRESHOLD
2020-06-16 09:45:00,4136001,NgDl19wMapZy17u,621.3733333333333,655.4333333333334,621.3733333333333,603.5924215898137,717.6876142857138,596.43823,655.4333333333334,621.3733333333333,34.06000000000006,0.054814067763877955,0.054814067763877955,1.0,129,False,WITHIN_THRESHOLD
2020-06-16 09:45:00,4136001,PeE6FRyGXUgsRhN,627.3733333333333,655.65,627.3733333333333,560.7631559981256,658.2466333333332,531.2229,655.65,627.3733333333333,28.276666666666642,0.04507151509999358,0.04507151509999358,1.0050898489883968,130,False,WITHIN_THRESHOLD
2020-06-16 09:45:00,4136001,Qf4GUc1pJu5T6c6,641.3666666666667,658.3933333333333,641.3666666666667,583.4271651384292,671.4247261904759,526.25244,658.3933333333333,641.3666666666667,17.026666666666642,0.02654747674237302,0.02654747674237302,1.0,91,False,WITHIN_THRESHOLD
2020-06-16 09:45:00,4136001,Quc1TzYxW2pYoWX,532.9933333333336,555.5733333333334,532.9933333333336,492.2067870253399,628.7547214285715,636.37463,555.5733333333334,532.9933333333336,22.579999999999814,0.042364507373450204,0.042364507373450204,1.0,108,False,WITHIN_THRESHOLD
2020-06-16 09:45:00,4136001,V94E5Ben1TlhnDV,629.6866666666666,673.2071428571428,629.6866666666666,550.1449256829569,649.3088857142858,528.2215,673.2071428571428,629.6866666666666,43.52047619047619,0.0691144953423547,0.0691144953423547,1.0842639735182622,98,False,WITHIN_THRESHOLD
2020-06-16 09:45:00,4136001,WcxssY2VbP4hApt,640.942857142857,671.5533333333333,640.942857142857,600.0167672843647,703.2560380952376,592.89557,671.5533333333333,640.942857142857,30.610476190476334,0.04775851052764552,0.04775851052764552,0.8131277317394211,142,False,WITHIN_THRESHOLD
2020-06-16 09:45:00,4136001,mqwcsP2rE7J0TFp,620.9866666666667,653.0133333333334,620.9866666666667,604.9919188246145,715.6397476190468,584.90106,653.0133333333334,620.9866666666667,32.026666666666756,0.05157383948125578,0.05157383948125578,1.0188512076579566,137,False,WITHIN_THRESHOLD
2020-06-16 09:45:00,4136001,oZ35aAeoifZaQzV,650.8133333333333,675.0066666666668,650.8133333333333,581.5647942251817,663.1890190476187,543.44196,675.0066666666668,650.8133333333333,24.1933333333335,0.03717399766446114,0.03717399766446114,1.0,97,False,WITHIN_THRESHOLD
2020-06-16 09:45:00,4136001,oZZkBaNadn6DNKz,640.2466666666668,674.6785714285713,640.2466666666668,564.8256550406113,662.2648690476188,543.44196,674.6785714285713,640.2466666666668,34.43190476190455,0.05377912381983695,0.05377912381983695,1.1151183176572743,114,False,WITHIN_THRESHOLD
2020-06-16 09:45:00,4136001,q49J1IKaHRwDQnt,614.54,650.0428571428571,614.54,589.6022054996893,701.0551023809521,583.97107,650.0428571428571,614.54,35.502857142857124,0.05777143415051441,0.05777143415051441,0.8617696945001074,143,False,WITHIN_THRESHOLD
2020-06-16 09:45:00,4136001,rrq4fwE8jgrTyWY,581.9599999999999,618.6500000000001,581.9599999999999,574.4461533146359,692.2672833333335,562.8389,618.6500000000001,581.9599999999999,36.69000000000017,0.06304557014227812,0.06304557014227812,1.0,135,False,WITHIN_THRESHOLD
2020-06-16 09:45:00,4136001,vOuJvMaM2sgwLmb,638.6214285714286,668.8066666666667,638.6214285714286,590.5651589912839,700.6065619047616,592.89557,668.8066666666667,638.6214285714286,30.185238095238105,0.04726624686359384,0.04726624686359384,0.7896224826398267,142,False,WITHIN_THRESHOLD
2020-06-16 09:45:00,4136001,xMbIugepa2P7lBB,616.2533333333333,652.5600000000001,616.2533333333333,597.4287582905013,700.9344666666664,585.69617,652.5600000000001,616.2533333333333,36.30666666666673,0.058915164759081866,0.058915164759081866,0.9823653995011609,129,False,WITHIN_THRESHOLD
2020-06-16 09:45:00,4136001,xoJJ8DcxJEcupym,635.22,670.3714285714289,635.22,578.105654347449,694.639983333333,573.9716,670.3714285714289,635.22,35.15142857142882,0.055337408411934165,0.055337408411934165,0.8195700732505016,143,False,WITHIN_THRESHOLD
2020-06-16 10:00:00,4136001,4UPUqMRk7TRMgml,667.8866666666667,770.4666666666667,667.8866666666667,637.6705888136371,689.964816666666,550.02325,770.4666666666667,667.8866666666667,102.58000000000004,0.1535889322539753,0.1535889322539753,1.0,105,False,WITHIN_THRESHOLD
2020-06-16 10:00:00,4136001,81aHJ1q11NBPMrL,669.3133333333333,764.1533333333333,669.3133333333333,663.3779218250629,730.3908499999999,593.4988,764.1533333333333,669.3133333333333,94.84000000000003,0.1416974610795144,0.1416974610795144,0.7988725021368553,143,False,WITHIN_THRESHOLD
2020-06-16 10:00:00,4136001,9kRcWv60rDACzjR,656.2866666666665,753.9000000000002,656.2866666666665,652.616490732438,729.7898333333333,593.0533,753.9000000000002,656.2866666666665,97.61333333333369,0.1487358166654821,0.1487358166654821,0.8376117177500583,127,False,WITHIN_THRESHOLD
2020-06-16 10:00:00,4136001,Et9kgGMDl729KT4,608.98,678.2533333333334,608.98,586.6045046783606,666.610669047619,528.3795,678.2533333333334,608.98,69.27333333333343,0.11375305155068052,0.11375305155068052,1.0,105,False,WITHIN_THRESHOLD
2020-06-16 10:00:00,4136001,IQ2d7wF4YD8zU1Q,656.1666666666665,767.6066666666668,656.1666666666665,657.601743411499,735.5301047619046,615.08075,767.6066666666668,656.1666666666665,111.44000000000028,0.1698348996697998,0.1698348996697998,1.0,129,False,WITHIN_THRESHOLD
2020-06-16 10:00:00,4136001,LYwnQax7tkwH5Cb,630.35,734.1533333333333,630.35,628.5946186361282,732.5874047619047,595.9008,734.1533333333333,630.35,103.80333333333328,0.1646757092620501,0.1646757092620501,0.8540476989297716,143,False,WITHIN_THRESHOLD
2020-06-16 10:00:00,4136001,LlT2YUhhzqhg5Sw,652.7357142857142,752.42,652.7357142857142,645.8714475904119,734.6476690476189,593.0533,752.42,652.7357142857142,99.6842857142858,0.1527176827199809,0.1527176827199809,0.8849165458231198,127,False,WITHIN_THRESHOLD
2020-06-16 10:00:00,4136001,Mx2yZCDsyf6DPfv,669.1666666666665,768.9599999999998,669.1666666666665,633.5040729516124,676.5575261904759,550.02325,768.9599999999998,669.1666666666665,99.7933333333333,0.14913075965130757,0.14913075965130757,1.0,96,False,WITHIN_THRESHOLD
2020-06-16 10:00:00,4136001,NgDl19wMapZy17u,655.4333333333334,766.0399999999998,655.4333333333334,656.1190603238149,739.1793047619045,616.7136,766.0399999999998,655.4333333333334,110.60666666666646,0.16875349641458542,0.16875349641458542,1.0,129,False,WITHIN_THRESHOLD
2020-06-16 10:00:00,4136001,PeE6FRyGXUgsRhN,655.65,752.2799999999999,655.65,620.0958731843373,678.9389690476189,538.60266,752.2799999999999,655.65,96.62999999999988,0.14738046213681064,0.14738046213681064,1.0050898489883968,130,False,WITHIN_THRESHOLD
2020-06-16 10:00:00,4136001,Qf4GUc1pJu5T6c6,658.3933333333333,762.1,658.3933333333333,632.2444155201194,683.5874857142853,550.02325,762.1,658.3933333333333,103.7066666666667,0.1575147581486245,0.1575147581486245,1.0,91,False,WITHIN_THRESHOLD
2020-06-16 10:00:00,4136001,Quc1TzYxW2pYoWX,555.5733333333334,611.5400000000001,555.5733333333334,551.2356909341586,632.2067142857144,522.5769,611.5400000000001,555.5733333333334,55.9666666666667,0.10073677642315451,0.10073677642315451,1.0,108,False,WITHIN_THRESHOLD
2020-06-16 10:00:00,4136001,V94E5Ben1TlhnDV,673.2071428571428,755.0066666666665,673.2071428571428,621.044144289003,677.5810023809522,538.60266,755.0066666666665,673.2071428571428,81.79952380952375,0.12150721316229696,0.12150721316229696,1.0842639735182622,98,False,WITHIN_THRESHOLD
2020-06-16 10:00:00,4136001,WcxssY2VbP4hApt,671.5533333333333,767.4933333333332,671.5533333333333,669.5728026538868,738.0972666666662,615.52625,767.4933333333332,671.5533333333333,95.93999999999994,0.14286281556193098,0.14286281556193098,0.8131277317394211,142,False,WITHIN_THRESHOLD
2020-06-16 10:00:00,4136001,mqwcsP2rE7J0TFp,653.0133333333334,763.5466666666667,653.0133333333334,656.5395660635777,735.1861904761903,615.08075,763.5466666666667,653.0133333333334,110.5333333333333,0.16926657954916688,0.16926657954916688,1.0188512076579566,137,False,WITHIN_THRESHOLD
2020-06-16 10:00:00,4136001,oZ35aAeoifZaQzV,675.0066666666668,769.12,675.0066666666668,638.1715569593234,680.4573666666662,550.02325,769.12,675.0066666666668,94.11333333333323,0.13942578344905218,0.13942578344905218,1.0,97,False,WITHIN_THRESHOLD
2020-06-16 10:00:00,4136001,oZZkBaNadn6DNKz,674.6785714285713,759.98,674.6785714285713,629.3404610225894,675.7370499999998,539.04816,759.98,674.6785714285713,85.30142857142869,0.12643269281668537,0.12643269281668537,1.1151183176572743,114,False,WITHIN_THRESHOLD
2020-06-16 10:00:00,4136001,q49J1IKaHRwDQnt,650.0428571428571,747.1799999999998,650.0428571428571,649.1510394076809,734.7901928571429,593.0533,747.1799999999998,650.0428571428571,97.13714285714275,0.14943190558864236,0.14943190558864236,0.8617696945001074,143,False,WITHIN_THRESHOLD
2020-06-16 10:00:00,4136001,rrq4fwE8jgrTyWY,618.6500000000001,726.2600000000001,618.6500000000001,609.5798101517746,710.2293214285713,566.0951,726.2600000000001,618.6500000000001,107.61000000000001,0.1739432635577467,0.1739432635577467,1.0,135,False,WITHIN_THRESHOLD
2020-06-16 10:00:00,4136001,vOuJvMaM2sgwLmb,668.8066666666667,762.66,668.8066666666667,664.6448451754904,728.1167071428571,594.5204,762.66,668.8066666666667,93.85333333333324,0.1403295421696353,0.1403295421696353,0.7896224826398267,142,False,WITHIN_THRESHOLD
2020-06-16 10:00:00,4136001,xMbIugepa2P7lBB,652.5600000000001,759.3066666666666,652.5600000000001,650.0358665824601,731.2972619047619,592.78815,759.3066666666666,652.5600000000001,106.74666666666656,0.16358138204405195,0.16358138204405195,0.9823653995011609,129,False,WITHIN_THRESHOLD
2020-06-16 10:00:00,4136001,xoJJ8DcxJEcupym,670.3714285714289,765.4466666666666,670.3714285714289,653.8806022079496,718.7449499999998,581.80707,765.4466666666666,670.3714285714289,95.07523809523775,0.1418247169302016,0.1418247169302016,0.8195700732505016,143,False,WITHIN_THRESHOLD
2020-06-16 10:15:00,4136001,4UPUqMRk7TRMgml,770.4666666666667,699.9666666666666,770.4666666666667,658.6063479670115,726.0230738095242,529.2102,699.9666666666666,770.4666666666667,-70.50000000000011,-0.09150298520377274,0.09150298520377274,1.0,105,False,WITHIN_THRESHOLD
2020-06-16 10:15:00,4136001,81aHJ1q11NBPMrL,764.1533333333333,678.8333333333334,764.1533333333333,696.9242493665683,752.1541571428577,629.415,678.8333333333334,764.1533333333333,-85.31999999999994,-0.11165298413058453,0.11165298413058453,0.7988725021368553,143,False,WITHIN_THRESHOLD
2020-06-16 10:15:00,4136001,9kRcWv60rDACzjR,753.9000000000002,666.44,753.9000000000002,683.7788400298823,757.042919047619,641.7996,666.44,753.9000000000002,-87.46000000000015,-0.11601008091258805,0.11601008091258805,0.8376117177500583,127,False,WITHIN_THRESHOLD
2020-06-16 10:15:00,4136001,Et9kgGMDl729KT4,678.2533333333334,622.0933333333332,678.2533333333334,614.7055165426691,710.5757619047621,495.91638,622.0933333333332,678.2533333333334,-56.160000000000196,-0.08280092001022261,0.08280092001022261,1.0,105,False,WITHIN_THRESHOLD
2020-06-16 10:15:00,4136001,IQ2d7wF4YD8zU1Q,767.6066666666668,667.9642857142857,767.6066666666668,682.6289555324222,755.6321904761904,639.1829,667.9642857142857,767.6066666666668,-99.64238095238113,-0.12980916565651823,0.12980916565651823,1.0,129,False,WITHIN_THRESHOLD
2020-06-16 10:15:00,4136001,LYwnQax7tkwH5Cb,734.1533333333333,633.7266666666667,734.1533333333333,656.8748362140755,728.7570190476196,565.9197,633.7266666666667,734.1533333333333,-100.42666666666662,-0.13679249566393936,0.13679249566393936,0.8540476989297716,143,False,WITHIN_THRESHOLD
2020-06-16 10:15:00,4136001,LlT2YUhhzqhg5Sw,752.42,655.5066666666665,752.42,680.9977212611741,772.1797738095235,652.28864,655.5066666666665,752.42,-96.91333333333341,-0.12880217608959546,0.12880217608959546,0.8849165458231198,127,False,WITHIN_THRESHOLD
2020-06-16 10:15:00,4136001,Mx2yZCDsyf6DPfv,768.9599999999998,695.9200000000001,768.9599999999998,659.1640709378628,720.6084071428576,514.281,695.9200000000001,768.9599999999998,-73.03999999999974,-0.09498543487307501,0.09498543487307501,1.0,96,False,WITHIN_THRESHOLD
2020-06-16 10:15:00,4136001,NgDl19wMapZy17u,766.0399999999998,664.6214285714285,766.0399999999998,683.4331870866113,757.0374833333334,649.5813,664.6214285714285,766.0399999999998,-101.41857142857134,-0.1323933103083016,0.1323933103083016,1.0,129,False,WITHIN_THRESHOLD
2020-06-16 10:15:00,4136001,PeE6FRyGXUgsRhN,752.2799999999999,666.5,752.2799999999999,648.8351974352086,744.0790404761902,509.11615,666.5,752.2799999999999,-85.77999999999986,-0.11402669218907836,0.11402669218907836,1.0050898489883968,130,False,WITHIN_THRESHOLD
2020-06-16 10:15:00,4136001,Qf4GUc1pJu5T6c6,762.1,693.1000000000001,762.1,652.0009908255934,724.403035714286,517.6391,693.1000000000001,762.1,-68.99999999999989,-0.09053929930455305,0.09053929930455305,1.0,91,False,WITHIN_THRESHOLD
2020-06-16 10:15:00,4136001,Quc1TzYxW2pYoWX,611.5400000000001,567.3,611.5400000000001,575.7072215260007,684.1514404761905,489.07346,567.3,611.5400000000001,-44.24000000000012,-0.072341956372437,0.072341956372437,1.0,108,False,WITHIN_THRESHOLD
2020-06-16 10:15:00,4136001,V94E5Ben1TlhnDV,755.0066666666665,676.1066666666667,755.0066666666665,660.8431761313816,736.1249761904761,505.7578,676.1066666666667,755.0066666666665,-78.89999999999986,-0.10450238849988064,0.10450238849988064,1.0842639735182622,98,False,WITHIN_THRESHOLD
2020-06-16 10:15:00,4136001,WcxssY2VbP4hApt,767.4933333333332,681.92,767.4933333333332,697.0054727001773,750.007116666667,642.4324,681.92,767.4933333333332,-85.57333333333327,-0.1114971682707341,0.1114971682707341,0.8131277317394211,142,False,WITHIN_THRESHOLD
2020-06-16 10:15:00,4136001,mqwcsP2rE7J0TFp,763.5466666666667,664.1428571428572,763.5466666666667,684.1960481206934,753.954097619048,631.98413,664.1428571428572,763.5466666666667,-99.40380952380951,-0.1301869471289371,0.1301869471289371,1.0188512076579566,137,False,WITHIN_THRESHOLD
2020-06-16 10:15:00,4136001,oZ35aAeoifZaQzV,769.12,697.76,769.12,663.507510915854,723.5868000000005,514.281,697.76,769.12,-71.36000000000001,-0.0927813605159143,0.0927813605159143,1.0,97,False,WITHIN_THRESHOLD
2020-06-16 10:15:00,4136001,oZZkBaNadn6DNKz,759.98,684.7133333333334,759.98,662.4458575054102,706.7884809523815,507.23788,684.7133333333334,759.98,-75.26666666666665,-0.09903769397440282,0.09903769397440282,1.1151183176572743,114,False,WITHIN_THRESHOLD
2020-06-16 10:15:00,4136001,q49J1IKaHRwDQnt,747.1799999999998,652.4666666666667,747.1799999999998,680.6682465794399,772.8265238095237,654.6796,652.4666666666667,747.1799999999998,-94.71333333333314,-0.12676106605280274,0.12676106605280274,0.8617696945001074,143,False,WITHIN_THRESHOLD
2020-06-16 10:15:00,4136001,rrq4fwE8jgrTyWY,726.2600000000001,623.4133333333333,726.2600000000001,625.3119507365541,699.0205047619046,508.07678,623.4133333333333,726.2600000000001,-102.8466666666668,-0.14161136048614378,0.14161136048614378,1.0,135,False,WITHIN_THRESHOLD
2020-06-16 10:15:00,4136001,vOuJvMaM2sgwLmb,762.66,678.4533333333333,762.66,697.1440724991701,752.459640476191,634.63495,678.4533333333333,762.66,-84.2066666666667,-0.11041180429898868,0.11041180429898868,0.7896224826398267,142,False,WITHIN_THRESHOLD
2020-06-16 10:15:00,4136001,xMbIugepa2P7lBB,759.3066666666666,656.3142857142857,759.3066666666666,677.2442677383945,779.4675261904762,593.33057,656.3142857142857,759.3066666666666,-102.99238095238093,-0.135640032510862,0.135640032510862,0.9823653995011609,129,False,WITHIN_THRESHOLD
2020-06-16 10:15:00,4136001,xoJJ8DcxJEcupym,765.4466666666666,676.0666666666666,765.4466666666666,697.4335220104217,755.5046452380956,629.415,676.0666666666666,765.4466666666666,-89.38,-0.11676842279453391,0.11676842279453391,0.8195700732505016,143,False,WITHIN_THRESHOLD
2020-06-16 10:30:00,4136001,4UPUqMRk7TRMgml,699.9666666666666,773.1857142857142,699.9666666666666,704.0349029389213,623.3979595238089,709.2642,773.1857142857142,699.9666666666666,73.21904761904761,0.10460362058057188,0.10460362058057188,1.0,105,False,WITHIN_THRESHOLD
2020-06-16 10:30:00,4136001,81aHJ1q11NBPMrL,678.8333333333334,698.02,678.8333333333334,731.3340136286886,676.6369166666664,756.1831,698.02,678.8333333333334,19.18666666666661,0.028264178738030853,0.028264178738030853,0.7988725021368553,143,False,WITHIN_THRESHOLD
2020-06-16 10:30:00,4136001,9kRcWv60rDACzjR,666.44,673.2466666666666,666.44,721.3597308356896,679.709726190476,753.209,673.2466666666666,666.44,6.806666666666501,0.010213472580677181,0.010213472580677181,0.8376117177500583,127,False,WITHIN_THRESHOLD
2020-06-16 10:30:00,4136001,Et9kgGMDl729KT4,622.0933333333332,678.7214285714288,622.0933333333332,636.6574652971267,613.1606690476185,584.07886,678.7214285714288,622.0933333333332,56.62809523809551,0.09102829463654251,0.09102829463654251,1.0,105,False,WITHIN_THRESHOLD
2020-06-16 10:30:00,4136001,IQ2d7wF4YD8zU1Q,667.9642857142857,707.2199999999999,667.9642857142857,732.5805420200079,673.2205404761902,738.49744,707.2199999999999,667.9642857142857,39.25571428571425,0.05876918141474625,0.05876918141474625,1.0,129,False,WITHIN_THRESHOLD
2020-06-16 10:30:00,4136001,LYwnQax7tkwH5Cb,633.7266666666667,635.4933333333332,633.7266666666667,706.4607685831415,665.9634428571427,743.1113,635.4933333333332,633.7266666666667,1.7666666666665378,0.002787742349488009,0.002787742349488009,0.8540476989297716,143,False,WITHIN_THRESHOLD
2020-06-16 10:30:00,4136001,LlT2YUhhzqhg5Sw,655.5066666666665,662.7533333333334,655.5066666666665,719.2364706700316,676.3911642857139,750.6458,662.7533333333334,655.5066666666665,7.246666666666897,0.01105506173341776,0.01105506173341776,0.8849165458231198,127,False,WITHIN_THRESHOLD
2020-06-16 10:30:00,4136001,Mx2yZCDsyf6DPfv,695.9200000000001,763.8142857142858,695.9200000000001,702.9260428896632,627.5864642857136,709.2642,763.8142857142858,695.9200000000001,67.89428571428573,0.09756047493143712,0.09756047493143712,1.0,96,False,WITHIN_THRESHOLD
2020-06-16 10:30:00,4136001,NgDl19wMapZy17u,664.6214285714285,702.24,664.6214285714285,732.7955558574704,677.9431119047616,768.52826,702.24,664.6214285714285,37.6185714285715,0.05660150246649554,0.05660150246649554,1.0,129,False,WITHIN_THRESHOLD
2020-06-16 10:30:00,4136001,PeE6FRyGXUgsRhN,666.5,705.0866666666666,666.5,691.0385331013094,630.0179928571424,726.6225,705.0866666666666,666.5,38.58666666666659,0.05789447361840448,0.05789447361840448,1.0050898489883968,130,False,WITHIN_THRESHOLD
2020-06-16 10:30:00,4136001,Qf4GUc1pJu5T6c6,693.1000000000001,770.3785714285715,693.1000000000001,697.6510291567727,623.515516666666,709.2642,770.3785714285715,693.1000000000001,77.27857142857135,0.11149700105117781,0.11149700105117781,1.0,91,False,WITHIN_THRESHOLD
2020-06-16 10:30:00,4136001,Quc1TzYxW2pYoWX,567.3,638.4714285714288,567.3,587.4531464394199,607.1585071428566,551.80945,638.4714285714288,567.3,71.1714285714288,0.1254564226536732,0.1254564226536732,1.0,108,False,WITHIN_THRESHOLD
2020-06-16 10:30:00,4136001,V94E5Ben1TlhnDV,676.1066666666667,708.92,676.1066666666667,693.3011116886703,630.8554809523804,727.131,708.92,676.1066666666667,32.813333333333276,0.048532775893350075,0.048532775893350075,1.0842639735182622,98,False,WITHIN_THRESHOLD
2020-06-16 10:30:00,4136001,WcxssY2VbP4hApt,681.92,705.2133333333334,681.92,732.9750116979412,669.539402380952,738.61743,705.2133333333334,681.92,23.293333333333408,0.034158454559674756,0.034158454559674756,0.8131277317394211,142,False,WITHIN_THRESHOLD
2020-06-16 10:30:00,4136001,mqwcsP2rE7J0TFp,664.1428571428572,696.9866666666667,664.1428571428572,735.4166936060351,686.1439976190479,774.022,696.9866666666667,664.1428571428572,32.843809523809455,0.04945292894529278,0.04945292894529278,1.0188512076579566,137,False,WITHIN_THRESHOLD
2020-06-16 10:30:00,4136001,oZ35aAeoifZaQzV,697.76,762.3642857142858,697.76,703.3659157929994,622.1809976190469,709.2642,762.3642857142858,697.76,64.60428571428577,0.09258811871458061,0.09258811871458061,1.0,97,False,WITHIN_THRESHOLD
2020-06-16 10:30:00,4136001,oZZkBaNadn6DNKz,684.7133333333334,720.7199999999998,684.7133333333334,696.9725605183935,632.2165738095232,729.0093,720.7199999999998,684.7133333333334,36.00666666666643,0.05258648388133199,0.05258648388133199,1.1151183176572743,114,False,WITHIN_THRESHOLD
2020-06-16 10:30:00,4136001,q49J1IKaHRwDQnt,652.4666666666667,676.4933333333332,652.4666666666667,715.4588053746606,676.7670928571425,750.6458,676.4933333333332,652.4666666666667,24.02666666666653,0.03682435884336343,0.03682435884336343,0.8617696945001074,143,False,WITHIN_THRESHOLD
2020-06-16 10:30:00,4136001,rrq4fwE8jgrTyWY,623.4133333333333,629.16,623.4133333333333,670.8659485416704,617.836952380952,579.2794,629.16,623.4133333333333,5.74666666666667,0.009218068269313035,0.009218068269313035,1.0,135,False,WITHIN_THRESHOLD
2020-06-16 10:30:00,4136001,vOuJvMaM2sgwLmb,678.4533333333333,706.0933333333335,678.4533333333333,728.7010214860397,675.8306190476188,740.33636,706.0933333333335,678.4533333333333,27.640000000000214,0.040739721719990886,0.040739721719990886,0.7896224826398267,142,False,WITHIN_THRESHOLD
2020-06-16 10:30:00,4136001,xMbIugepa2P7lBB,656.3142857142857,696.0733333333334,656.3142857142857,726.2423670383464,680.2865833333329,753.209,696.0733333333334,656.3142857142857,39.75904761904769,0.060579281122574956,0.060579281122574956,0.9823653995011609,129,False,WITHIN_THRESHOLD
2020-06-16 10:30:00,4136001,xoJJ8DcxJEcupym,676.0666666666666,707.6066666666666,676.0666666666666,734.1200434944592,687.5915857142854,781.2205,707.6066666666666,676.0666666666666,31.539999999999964,0.04665220392466221,0.04665220392466221,0.8195700732505016,143,False,WITHIN_THRESHOLD
2020-06-16 10:45:00,4136001,4UPUqMRk7TRMgml,773.1857142857142,677.1466666666666,773.1857142857142,664.389058760584,625.0214738095236,776.4532,677.1466666666666,773.1857142857142,-96.03904761904755,-0.12421213408963526,0.12421213408963526,1.0,105,False,WITHIN_THRESHOLD
2020-06-16 10:45:00,4136001,81aHJ1q11NBPMrL,698.02,661.2928571428573,698.02,671.7724766243166,671.3799619047621,793.2014,661.2928571428573,698.02,-36.72714285714267,-0.05261617554961558,0.05261617554961558,0.7988725021368553,143,False,WITHIN_THRESHOLD
2020-06-16 10:45:00,4136001,9kRcWv60rDACzjR,673.2466666666666,647.4285714285713,673.2466666666666,660.8042603099816,672.5369833333333,772.84247,647.4285714285713,673.2466666666666,-25.818095238095225,-0.0383486417629426,0.0383486417629426,0.8376117177500583,127,False,WITHIN_THRESHOLD
2020-06-16 10:45:00,4136001,Et9kgGMDl729KT4,678.7214285714288,599.3066666666667,678.7214285714288,618.6305423396036,630.803357142857,767.55316,599.3066666666667,678.7214285714288,-79.41476190476203,-0.11700641612555836,0.11700641612555836,1.0,105,False,WITHIN_THRESHOLD
2020-06-16 10:45:00,4136001,IQ2d7wF4YD8zU1Q,707.2199999999999,652.4933333333332,707.2199999999999,659.5788363370746,661.5333023809524,777.6072,652.4933333333332,707.2199999999999,-54.72666666666669,-0.07738280403080611,0.07738280403080611,1.0,129,False,WITHIN_THRESHOLD
2020-06-16 10:45:00,4136001,LYwnQax7tkwH5Cb,635.4933333333332,611.7466666666667,635.4933333333332,635.9707514996262,669.3715357142855,777.9952,611.7466666666667,635.4933333333332,-23.746666666666556,-0.03736729470018027,0.03736729470018027,0.8540476989297716,143,False,WITHIN_THRESHOLD
2020-06-16 10:45:00,4136001,LlT2YUhhzqhg5Sw,662.7533333333334,633.34,662.7533333333334,652.9217308665648,675.8519023809522,780.26953,633.34,662.7533333333334,-29.413333333333412,-0.04438051361491969,0.04438051361491969,0.8849165458231198,127,False,WITHIN_THRESHOLD
2020-06-16 10:45:00,4136001,Mx2yZCDsyf6DPfv,763.8142857142858,669.4866666666667,763.8142857142858,661.645558819773,628.8721738095236,776.4532,669.4866666666667,763.8142857142858,-94.32761904761912,-0.1234954894296171,0.1234954894296171,1.0,96,False,WITHIN_THRESHOLD
2020-06-16 10:45:00,4136001,NgDl19wMapZy17u,702.24,650.7133333333333,702.24,656.80920827613,662.941638095238,785.03424,650.7133333333333,702.24,-51.526666666666756,-0.07337472469051429,0.07337472469051429,1.0,129,False,WITHIN_THRESHOLD
2020-06-16 10:45:00,4136001,PeE6FRyGXUgsRhN,705.0866666666666,646.1214285714286,705.0866666666666,641.0303374814564,644.6330142857142,772.12866,646.1214285714286,705.0866666666666,-58.965238095237964,-0.08362835504179814,0.08362835504179814,1.0050898489883968,130,False,WITHIN_THRESHOLD
2020-06-16 10:45:00,4136001,Qf4GUc1pJu5T6c6,770.3785714285715,674.1800000000001,770.3785714285715,658.6309989865297,625.9256690476188,776.4532,674.1800000000001,770.3785714285715,-96.19857142857143,-0.12487181626843943,0.12487181626843943,1.0,91,False,WITHIN_THRESHOLD
2020-06-16 10:45:00,4136001,Quc1TzYxW2pYoWX,638.4714285714288,553.4266666666668,638.4714285714288,567.0850738418734,600.4799119047619,620.1564,553.4266666666668,638.4714285714288,-85.04476190476191,-0.1332005757799506,0.1332005757799506,1.0,108,False,WITHIN_THRESHOLD
2020-06-16 10:45:00,4136001,V94E5Ben1TlhnDV,708.92,653.6999999999999,708.92,648.642626916047,637.0575142857143,776.3202,653.6999999999999,708.92,-55.22000000000003,-0.07789313321672407,0.07789313321672407,1.0842639735182622,98,False,WITHIN_THRESHOLD
2020-06-16 10:45:00,4136001,WcxssY2VbP4hApt,705.2133333333334,667.0,705.2133333333334,672.2367141158254,669.6374095238097,776.25964,667.0,705.2133333333334,-38.21333333333337,-0.05418691270726593,0.05418691270726593,0.8131277317394211,142,False,WITHIN_THRESHOLD
2020-06-16 10:45:00,4136001,mqwcsP2rE7J0TFp,696.9866666666667,649.46,696.9866666666667,656.0463362621165,662.6884571428569,785.03424,649.46,696.9866666666667,-47.52666666666664,-0.06818877453418522,0.06818877453418522,1.0188512076579566,137,False,WITHIN_THRESHOLD
2020-06-16 10:45:00,4136001,oZ35aAeoifZaQzV,762.3642857142858,672.82,762.3642857142858,663.3066051385752,623.516502380952,776.4532,672.82,762.3642857142858,-89.5442857142857,-0.11745603432929513,0.11745603432929513,1.0,97,False,WITHIN_THRESHOLD
2020-06-16 10:45:00,4136001,oZZkBaNadn6DNKz,720.7199999999998,661.2785714285714,720.7199999999998,654.5972822765534,630.6428023809523,780.3669,661.2785714285714,720.7199999999998,-59.441428571428446,-0.0824750646179216,0.0824750646179216,1.1151183176572743,114,False,WITHIN_THRESHOLD
2020-06-16 10:45:00,4136001,q49J1IKaHRwDQnt,676.4933333333332,635.5266666666665,676.4933333333332,648.4791891388345,668.8148880952378,785.03424,635.5266666666665,676.4933333333332,-40.9666666666667,-0.06055738415751823,0.06055738415751823,0.8617696945001074,143,False,WITHIN_THRESHOLD
2020-06-16 10:45:00,4136001,rrq4fwE8jgrTyWY,629.16,604.5666666666667,629.16,622.9532179163373,650.980538095238,784.6265,604.5666666666667,629.16,-24.59333333333325,-0.03908915591158568,0.03908915591158568,1.0,135,False,WITHIN_THRESHOLD
2020-06-16 10:45:00,4136001,vOuJvMaM2sgwLmb,706.0933333333335,663.6071428571429,706.0933333333335,670.1351587801805,670.5188190476192,776.25964,663.6071428571429,706.0933333333335,-42.486190476190586,-0.06017078546205966,0.06017078546205966,0.7896224826398267,142,False,WITHIN_THRESHOLD
2020-06-16 10:45:00,4136001,xMbIugepa2P7lBB,696.0733333333334,641.62,696.0733333333334,651.9596144461784,665.9005071428569,780.26953,641.62,696.0733333333334,-54.453333333333376,-0.07822930534139129,0.07822930534139129,0.9823653995011609,129,False,WITHIN_THRESHOLD
2020-06-16 10:45:00,4136001,xoJJ8DcxJEcupym,707.6066666666666,658.4714285714285,707.6066666666666,669.9730797079249,673.7150952380955,791.8608,658.4714285714285,707.6066666666666,-49.13523809523804,-0.06943863082395782,0.06943863082395782,0.8195700732505016,143,False,WITHIN_THRESHOLD
2020-06-16 11:00:00,4136001,4UPUqMRk7TRMgml,677.1466666666666,780.7133333333331,677.1466666666666,714.7203066162438,526.2929785714285,684.2356,780.7133333333331,677.1466666666666,103.56666666666649,0.15294569369511257,0.15294569369511257,1.0,105,False,WITHIN_THRESHOLD
2020-06-16 11:00:00,4136001,81aHJ1q11NBPMrL,661.2928571428573,724.8266666666666,661.2928571428573,681.8059546962368,561.9735547619048,714.95667,724.8266666666666,661.2928571428573,63.53380952380928,0.0960751486086054,0.0960751486086054,0.7988725021368553,143,False,WITHIN_THRESHOLD
2020-06-16 11:00:00,4136001,9kRcWv60rDACzjR,647.4285714285713,705.2933333333334,647.4285714285713,662.0242233836191,549.0423166666665,727.0171,705.2933333333334,647.4285714285713,57.86476190476208,0.08937628714327771,0.08937628714327771,0.8376117177500583,127,False,WITHIN_THRESHOLD
2020-06-16 11:00:00,4136001,Et9kgGMDl729KT4,599.3066666666667,691.5333333333334,599.3066666666667,662.122651361374,555.1557428571427,728.1312,691.5333333333334,599.3066666666667,92.22666666666669,0.15388893832873546,0.15388893832873546,1.0,105,False,WITHIN_THRESHOLD
2020-06-16 11:00:00,4136001,IQ2d7wF4YD8zU1Q,652.4933333333332,761.5866666666667,652.4933333333332,683.2440772805926,544.0344476190477,706.94525,761.5866666666667,652.4933333333332,109.09333333333348,0.16719455626622007,0.16719455626622007,1.0,129,False,WITHIN_THRESHOLD
2020-06-16 11:00:00,4136001,LYwnQax7tkwH5Cb,611.7466666666667,674.0642857142857,611.7466666666667,633.2026341130095,537.4441738095238,732.9912,674.0642857142857,611.7466666666667,62.31761904761902,0.1018683426379422,0.1018683426379422,0.8540476989297716,143,False,WITHIN_THRESHOLD
2020-06-16 11:00:00,4136001,LlT2YUhhzqhg5Sw,633.34,690.0357142857143,633.34,653.5554074160436,550.9623166666664,736.1599,690.0357142857143,633.34,56.6957142857143,0.08951860657105867,0.08951860657105867,0.8849165458231198,127,False,WITHIN_THRESHOLD
2020-06-16 11:00:00,4136001,Mx2yZCDsyf6DPfv,669.4866666666667,768.8933333333334,669.4866666666667,708.2545747016609,526.5284095238095,684.2356,768.8933333333334,669.4866666666667,99.40666666666675,0.14848192147217285,0.14848192147217285,1.0,96,False,WITHIN_THRESHOLD
2020-06-16 11:00:00,4136001,NgDl19wMapZy17u,650.7133333333333,760.0266666666665,650.7133333333333,679.4911628526477,548.6302476190476,701.34393,760.0266666666665,650.7133333333333,109.31333333333328,0.1679900007171616,0.1679900007171616,1.0,129,False,WITHIN_THRESHOLD
2020-06-16 11:00:00,4136001,PeE6FRyGXUgsRhN,646.1214285714286,713.8133333333334,646.1214285714286,666.3175427525728,528.4766166666667,704.08563,713.8133333333334,646.1214285714286,67.69190476190477,0.10476653732344281,0.10476653732344281,1.0050898489883968,130,False,WITHIN_THRESHOLD
2020-06-16 11:00:00,4136001,Qf4GUc1pJu5T6c6,674.1800000000001,787.1933333333334,674.1800000000001,712.0634455720951,526.0544547619046,684.2356,787.1933333333334,674.1800000000001,113.01333333333332,0.1676308008741483,0.1676308008741483,1.0,91,False,WITHIN_THRESHOLD
2020-06-16 11:00:00,4136001,Quc1TzYxW2pYoWX,553.4266666666668,642.7,553.4266666666668,623.9673334972949,510.59174285714295,564.41315,642.7,553.4266666666668,89.2733333333332,0.16131014045823566,0.16131014045823566,1.0,108,False,WITHIN_THRESHOLD
2020-06-16 11:00:00,4136001,V94E5Ben1TlhnDV,653.6999999999999,696.9,653.6999999999999,670.0685243229925,527.4869738095239,704.08563,696.9,653.6999999999999,43.200000000000045,0.0660853602569987,0.0660853602569987,1.0842639735182622,98,False,WITHIN_THRESHOLD
2020-06-16 11:00:00,4136001,WcxssY2VbP4hApt,667.0,735.9133333333333,667.0,684.9995882389412,545.6283452380953,719.6228,735.9133333333333,667.0,68.9133333333333,0.10331834082958516,0.10331834082958516,0.8131277317394211,142,False,WITHIN_THRESHOLD
2020-06-16 11:00:00,4136001,mqwcsP2rE7J0TFp,649.46,772.4866666666666,649.46,675.6880406559533,548.7229142857143,706.94525,772.4866666666666,649.46,123.02666666666653,0.18942916679497818,0.18942916679497818,1.0188512076579566,137,False,WITHIN_THRESHOLD
2020-06-16 11:00:00,4136001,oZ35aAeoifZaQzV,672.82,770.1533333333333,672.82,707.2938302567077,523.4134785714285,684.2356,770.1533333333333,672.82,97.33333333333326,0.14466474440910385,0.14466474440910385,1.0,97,False,WITHIN_THRESHOLD
2020-06-16 11:00:00,4136001,oZZkBaNadn6DNKz,661.2785714285714,724.2933333333333,661.2785714285714,678.0587941189847,526.9576666666667,702.87396,724.2933333333333,661.2785714285714,63.01476190476194,0.0952923089109482,0.0952923089109482,1.1151183176572743,114,False,WITHIN_THRESHOLD
2020-06-16 11:00:00,4136001,q49J1IKaHRwDQnt,635.5266666666665,708.9857142857142,635.5266666666665,662.368394750174,551.0305904761905,734.42773,708.9857142857142,635.5266666666665,73.45904761904762,0.11558767156748886,0.11558767156748886,0.8617696945001074,143,False,WITHIN_THRESHOLD
2020-06-16 11:00:00,4136001,rrq4fwE8jgrTyWY,604.5666666666667,681.3928571428571,604.5666666666667,626.8682246465598,545.7628785714286,719.55707,681.3928571428571,604.5666666666667,76.82619047619039,0.12707645775407794,0.12707645775407794,1.0,135,False,WITHIN_THRESHOLD
2020-06-16 11:00:00,4136001,vOuJvMaM2sgwLmb,663.6071428571429,738.74,663.6071428571429,686.4478354714349,551.3803214285714,714.95667,738.74,663.6071428571429,75.13285714285712,0.11321887950056506,0.11321887950056506,0.7896224826398267,142,False,WITHIN_THRESHOLD
2020-06-16 11:00:00,4136001,xMbIugepa2P7lBB,641.62,738.9066666666665,641.62,676.687966434997,550.4629642857143,708.1569,738.9066666666665,641.62,97.28666666666652,0.1516266118055337,0.1516266118055337,0.9823653995011609,129,False,WITHIN_THRESHOLD
2020-06-16 11:00:00,4136001,xoJJ8DcxJEcupym,658.4714285714285,716.42,658.4714285714285,690.1722281264365,558.8975333333334,716.16833,716.42,658.4714285714285,57.94857142857143,0.08800468617794459,0.08800468617794459,0.8195700732505016,143,False,WITHIN_THRESHOLD
2020-06-16 11:15:00,4136001,4UPUqMRk7TRMgml,780.7133333333331,882.6266666666666,780.7133333333331,667.7385968225983,563.4657690476193,714.5734,882.6266666666666,780.7133333333331,101.91333333333341,0.13053873807714325,0.13053873807714325,1.0,105,False,WITHIN_THRESHOLD
2020-06-16 11:15:00,4136001,81aHJ1q11NBPMrL,724.8266666666666,1101.6933333333336,724.8266666666666,686.1280744851322,589.734842857143,765.30225,1101.6933333333336,724.8266666666666,376.866666666667,0.5199403995437996,0.5199403995437996,0.7988725021368553,143,False,WITHIN_THRESHOLD
2020-06-16 11:15:00,4136001,9kRcWv60rDACzjR,705.2933333333334,1080.2599999999998,705.2933333333334,676.1655891439339,593.1348238095242,781.149,1080.2599999999998,705.2933333333334,374.96666666666636,0.531646407168648,0.531646407168648,0.8376117177500583,127,False,WITHIN_THRESHOLD
2020-06-16 11:15:00,4136001,Et9kgGMDl729KT4,691.5333333333334,776.8266666666667,691.5333333333334,616.1939742994168,568.8652023809528,720.4267,776.8266666666667,691.5333333333334,85.2933333333333,0.12333943892798604,0.12333943892798604,1.0,105,False,WITHIN_THRESHOLD
2020-06-16 11:15:00,4136001,IQ2d7wF4YD8zU1Q,761.5866666666667,1094.3133333333333,761.5866666666667,684.578390886574,593.6900952380954,794.0306,1094.3133333333333,761.5866666666667,332.7266666666666,0.4368861499676113,0.4368861499676113,1.0,129,False,WITHIN_THRESHOLD
2020-06-16 11:15:00,4136001,LYwnQax7tkwH5Cb,674.0642857142857,1046.38,674.0642857142857,642.6367422868047,583.3061500000002,756.4823,1046.38,674.0642857142857,372.3157142857144,0.5523445199164982,0.5523445199164982,0.8540476989297716,143,False,WITHIN_THRESHOLD
2020-06-16 11:15:00,4136001,LlT2YUhhzqhg5Sw,690.0357142857143,1081.6533333333334,690.0357142857143,666.3819097470932,588.1791595238097,773.9734,1081.6533333333334,690.0357142857143,391.6176190476191,0.5675323913531046,0.5675323913531046,0.8849165458231198,127,False,WITHIN_THRESHOLD
2020-06-16 11:15:00,4136001,Mx2yZCDsyf6DPfv,768.8933333333334,877.06,768.8933333333334,662.2368511438331,563.0764214285716,714.5734,877.06,768.8933333333334,108.16666666666652,0.14067837758163226,0.14067837758163226,1.0,96,False,WITHIN_THRESHOLD
2020-06-16 11:15:00,4136001,NgDl19wMapZy17u,760.0266666666665,1089.86,760.0266666666665,681.4918856137281,596.5375047619051,787.795,1089.86,760.0266666666665,329.83333333333337,0.4339760008420758,0.4339760008420758,1.0,129,False,WITHIN_THRESHOLD
2020-06-16 11:15:00,4136001,PeE6FRyGXUgsRhN,713.8133333333334,1070.94,713.8133333333334,644.4367954390045,562.2158880952383,717.1862,1070.94,713.8133333333334,357.12666666666667,0.5003082038254631,0.5003082038254631,1.0050898489883968,130,False,WITHIN_THRESHOLD
2020-06-16 11:15:00,4136001,Qf4GUc1pJu5T6c6,787.1933333333334,856.9000000000002,787.1933333333334,665.0498187192593,561.7099690476193,714.5734,856.9000000000002,787.1933333333334,69.70666666666682,0.08855088542416537,0.08855088542416537,1.0,91,False,WITHIN_THRESHOLD
2020-06-16 11:15:00,4136001,Quc1TzYxW2pYoWX,642.7,641.5466666666667,642.7,580.9774969888423,554.5404690476194,584.5372,641.5466666666667,642.7,-1.1533333333333076,-0.0017945127327420375,0.0017945127327420375,1.0,108,False,WITHIN_THRESHOLD
2020-06-16 11:15:00,4136001,V94E5Ben1TlhnDV,696.9,1069.9066666666668,696.9,650.4791645380801,563.780666666667,717.1862,1069.9066666666668,696.9,373.0066666666668,0.5352370019610658,0.5352370019610658,1.0842639735182622,98,False,WITHIN_THRESHOLD
2020-06-16 11:15:00,4136001,WcxssY2VbP4hApt,735.9133333333333,1105.5933333333332,735.9133333333333,691.9860824290436,591.7353738095239,773.03784,1105.5933333333332,735.9133333333333,369.67999999999995,0.5023417612581191,0.5023417612581191,0.8131277317394211,142,False,WITHIN_THRESHOLD
2020-06-16 11:15:00,4136001,mqwcsP2rE7J0TFp,772.4866666666666,1073.6666666666663,772.4866666666666,679.9520610516565,596.4933380952384,782.80994,1073.6666666666663,772.4866666666666,301.1799999999997,0.3898837520388698,0.3898837520388698,1.0188512076579566,137,False,WITHIN_THRESHOLD
2020-06-16 11:15:00,4136001,oZ35aAeoifZaQzV,770.1533333333333,1106.4399999999998,770.1533333333333,664.4929377247665,563.484235714286,714.5734,1106.4399999999998,770.1533333333333,336.2866666666665,0.43664897899119637,0.43664897899119637,1.0,97,False,WITHIN_THRESHOLD
2020-06-16 11:15:00,4136001,oZZkBaNadn6DNKz,724.2933333333333,1082.2333333333331,724.2933333333333,655.8339117454036,562.485635714286,717.6995,1082.2333333333331,724.2933333333333,357.9399999999998,0.49419204005743506,0.49419204005743506,1.1151183176572743,114,False,WITHIN_THRESHOLD
2020-06-16 11:15:00,4136001,q49J1IKaHRwDQnt,708.9857142857142,1070.5000000000002,708.9857142857142,664.1216272882539,587.2073309523812,758.79004,1070.5000000000002,708.9857142857142,361.5142857142861,0.5099034838501688,0.5099034838501688,0.8617696945001074,143,False,WITHIN_THRESHOLD
2020-06-16 11:15:00,4136001,rrq4fwE8jgrTyWY,681.3928571428571,1024.3066666666666,681.3928571428571,620.8856545731608,563.2203095238101,720.4267,1024.3066666666666,681.3928571428571,342.9138095238095,0.5032541887240771,0.5032541887240771,1.0,135,False,WITHIN_THRESHOLD
2020-06-16 11:15:00,4136001,vOuJvMaM2sgwLmb,738.74,1103.9800000000002,738.74,687.8659580513734,590.1473095238097,765.18225,1103.9800000000002,738.74,365.24000000000024,0.4944093997888299,0.4944093997888299,0.7896224826398267,142,False,WITHIN_THRESHOLD
2020-06-16 11:15:00,4136001,xMbIugepa2P7lBB,738.9066666666665,1084.64,738.9066666666665,675.406513252587,597.701923809524,785.26227,1084.64,738.9066666666665,345.7333333333336,0.4678985167274175,0.4678985167274175,0.9823653995011609,129,False,WITHIN_THRESHOLD
2020-06-16 11:15:00,4136001,xoJJ8DcxJEcupym,716.42,1098.2066666666665,716.42,685.3692725970357,590.8671976190478,765.18225,1098.2066666666665,716.42,381.7866666666665,0.5329090012376351,0.5329090012376351,0.8195700732505016,143,False,WITHIN_THRESHOLD
2020-06-16 11:30:00,4136001,4UPUqMRk7TRMgml,882.6266666666666,0.0,882.6266666666666,797.887750061725,856.5128500000001,817.76935,0.0,882.6266666666666,-882.6266666666666,-1.0,1.0,1.0,105,False,WITHIN_THRESHOLD
2020-06-16 11:30:00,4136001,81aHJ1q11NBPMrL,1101.6933333333336,900.8866666666664,1101.6933333333336,777.1431128191753,873.7699761904759,755.22955,900.8866666666664,1101.6933333333336,-200.80666666666718,-0.1822709283890258,0.1822709283890258,0.7988725021368553,143,False,WITHIN_THRESHOLD
2020-06-16 11:30:00,4136001,9kRcWv60rDACzjR,1080.2599999999998,847.4933333333332,1080.2599999999998,761.7830399680074,873.5389214285714,755.22955,847.4933333333332,1080.2599999999998,-232.76666666666654,-0.2154728182721443,0.2154728182721443,0.8376117177500583,127,False,WITHIN_THRESHOLD
2020-06-16 11:30:00,4136001,Et9kgGMDl729KT4,776.8266666666667,0.0,776.8266666666667,725.8039385354577,803.0564809523812,725.0581,0.0,776.8266666666667,-776.8266666666667,-1.0,1.0,1.0,105,False,WITHIN_THRESHOLD
2020-06-16 11:30:00,4136001,IQ2d7wF4YD8zU1Q,1094.3133333333333,836.4642857142856,1094.3133333333333,799.4361921454677,879.795576190476,871.2306,836.4642857142856,1094.3133333333333,-257.8490476190477,-0.23562634189389486,0.23562634189389486,1.0,129,False,WITHIN_THRESHOLD
2020-06-16 11:30:00,4136001,LYwnQax7tkwH5Cb,1046.38,819.66,1046.38,722.9140237236227,855.854602380952,690.1423,819.66,1046.38,-226.72000000000014,-0.2166708079282862,0.2166708079282862,0.8540476989297716,143,False,WITHIN_THRESHOLD
2020-06-16 11:30:00,4136001,LlT2YUhhzqhg5Sw,1081.6533333333334,841.3866666666665,1081.6533333333334,749.1754486801317,874.1300261904757,753.94586,841.3866666666665,1081.6533333333334,-240.26666666666688,-0.22212908633696582,0.22212908633696582,0.8849165458231198,127,False,WITHIN_THRESHOLD
2020-06-16 11:30:00,4136001,Mx2yZCDsyf6DPfv,877.06,401.3466666666666,877.06,782.6168084977751,860.3184333333331,804.2028,401.3466666666666,877.06,-475.71333333333337,-0.5423954271467555,0.5423954271467555,1.0,96,False,WITHIN_THRESHOLD
2020-06-16 11:30:00,4136001,NgDl19wMapZy17u,1089.86,854.657142857143,1089.86,798.0348678015073,875.9442428571426,855.30145,854.657142857143,1089.86,-235.20285714285694,-0.2158101564814352,0.2158101564814352,1.0,129,False,WITHIN_THRESHOLD
2020-06-16 11:30:00,4136001,PeE6FRyGXUgsRhN,1070.94,889.6466666666668,1070.94,741.4294794387501,847.3651523809519,708.89667,889.6466666666668,1070.94,-181.2933333333333,-0.16928430475407893,0.16928430475407893,1.0050898489883968,130,False,WITHIN_THRESHOLD
2020-06-16 11:30:00,4136001,Qf4GUc1pJu5T6c6,856.9000000000002,0.0,856.9000000000002,798.8913382540165,866.196030952381,817.76935,0.0,856.9000000000002,-856.9000000000002,-1.0,1.0,1.0,91,False,WITHIN_THRESHOLD
2020-06-16 11:30:00,4136001,Quc1TzYxW2pYoWX,641.5466666666667,0.0,641.5466666666667,690.5106942725204,501.25452142857137,572.77936,0.0,641.5466666666667,-641.5466666666667,-1.0,1.0,1.0,108,False,WITHIN_THRESHOLD
2020-06-16 11:30:00,4136001,V94E5Ben1TlhnDV,1069.9066666666668,876.4600000000002,1069.9066666666668,729.684361101278,848.5141047619045,708.89667,876.4600000000002,1069.9066666666668,-193.4466666666666,-0.1808070485899081,0.1808070485899081,1.0842639735182622,98,False,WITHIN_THRESHOLD
2020-06-16 11:30:00,4136001,WcxssY2VbP4hApt,1105.5933333333332,888.5733333333332,1105.5933333333332,785.0146631037333,857.6284523809521,841.5931,888.5733333333332,1105.5933333333332,-217.0200000000001,-0.19629278999511585,0.19629278999511585,0.8131277317394211,142,False,WITHIN_THRESHOLD
2020-06-16 11:30:00,4136001,mqwcsP2rE7J0TFp,1073.6666666666663,815.4642857142854,1073.6666666666663,806.5036329436118,877.3368690476188,871.2306,815.4642857142854,1073.6666666666663,-258.20238095238085,-0.24048653922916574,0.24048653922916574,1.0188512076579566,137,False,WITHIN_THRESHOLD
2020-06-16 11:30:00,4136001,oZ35aAeoifZaQzV,1106.4399999999998,542.6266666666666,1106.4399999999998,783.356106789297,862.807033333333,811.5484,542.6266666666666,1106.4399999999998,-563.8133333333333,-0.5095742501476206,0.5095742501476206,1.0,97,False,WITHIN_THRESHOLD
2020-06-16 11:30:00,4136001,oZZkBaNadn6DNKz,1082.2333333333331,902.2933333333334,1082.2333333333331,749.5279213314582,862.1215071428567,708.89667,902.2933333333334,1082.2333333333331,-179.9399999999997,-0.16626728678350303,0.16626728678350303,1.1151183176572743,114,False,WITHIN_THRESHOLD
2020-06-16 11:30:00,4136001,q49J1IKaHRwDQnt,1070.5000000000002,844.2733333333333,1070.5000000000002,750.7637092738296,869.1027404761905,701.82513,844.2733333333333,1070.5000000000002,-226.22666666666692,-0.21132803985676493,0.21132803985676493,0.8617696945001074,143,False,WITHIN_THRESHOLD
2020-06-16 11:30:00,4136001,rrq4fwE8jgrTyWY,1024.3066666666666,809.3333333333333,1024.3066666666666,715.3577500349109,801.612319047619,704.4285,809.3333333333333,1024.3066666666666,-214.97333333333336,-0.2098720435286308,0.2098720435286308,1.0,135,False,WITHIN_THRESHOLD
2020-06-16 11:30:00,4136001,vOuJvMaM2sgwLmb,1103.9800000000002,895.2666666666665,1103.9800000000002,786.3123464246728,871.5434190476188,840.3094,895.2666666666665,1103.9800000000002,-208.7133333333337,-0.18905535728304287,0.18905535728304287,0.7896224826398267,142,False,WITHIN_THRESHOLD
2020-06-16 11:30:00,4136001,xMbIugepa2P7lBB,1084.64,831.4571428571428,1084.64,784.6037304496012,855.3565928571426,840.3094,831.4571428571428,1084.64,-253.1828571428573,-0.23342570543485144,0.23342570543485144,0.9823653995011609,129,False,WITHIN_THRESHOLD
2020-06-16 11:30:00,4136001,xoJJ8DcxJEcupym,1098.2066666666665,889.7266666666667,1098.2066666666665,771.1913317917433,869.7508428571425,755.22955,889.7266666666667,1098.2066666666665,-208.4799999999998,-0.1898367641791768,0.1898367641791768,0.8195700732505016,143,False,WITHIN_THRESHOLD
2020-06-16 11:45:00,4136001,81aHJ1q11NBPMrL,900.8866666666664,762.4,900.8866666666664,950.972132463369,763.212357142857,771.7781,762.4,900.8866666666664,-138.48666666666645,-0.15372262881753512,0.15372262881753512,0.7988725021368553,143,False,WITHIN_THRESHOLD
2020-06-16 11:45:00,4136001,9kRcWv60rDACzjR,847.4933333333332,740.8933333333333,847.4933333333332,936.7652679437438,773.1522857142857,772.11365,740.8933333333333,847.4933333333332,-106.59999999999991,-0.12578270035555827,0.12578270035555827,0.8376117177500583,127,False,WITHIN_THRESHOLD
2020-06-16 11:45:00,4136001,IQ2d7wF4YD8zU1Q,836.4642857142856,818.24,836.4642857142856,956.5681131459964,772.2728738095236,817.4253,818.24,836.4642857142856,-18.224285714285543,-0.0217872849152468,0.0217872849152468,1.0,129,False,WITHIN_THRESHOLD
2020-06-16 11:45:00,4136001,LYwnQax7tkwH5Cb,819.66,756.6866666666666,819.66,910.9647872638392,786.3163857142862,764.6647,756.6866666666666,819.66,-62.97333333333336,-0.0768286037300019,0.0768286037300019,0.8540476989297716,143,False,WITHIN_THRESHOLD
2020-06-16 11:45:00,4136001,LlT2YUhhzqhg5Sw,841.3866666666665,741.2933333333333,841.3866666666665,935.9481678808064,769.585233333333,776.42944,741.2933333333333,841.3866666666665,-100.09333333333325,-0.11896234787018248,0.11896234787018248,0.8849165458231198,127,False,WITHIN_THRESHOLD
2020-06-16 11:45:00,4136001,Mx2yZCDsyf6DPfv,401.3466666666666,828.2642857142857,401.3466666666666,775.0157993864882,875.8916214285714,693.6406,828.2642857142857,401.3466666666666,426.91761904761916,1.063712880919951,1.063712880919951,1.0,96,True,FLAGGED
2020-06-16 11:45:00,4136001,NgDl19wMapZy17u,854.657142857143,818.2466666666666,854.657142857143,953.6428532369456,769.273726190476,817.4253,818.2466666666666,854.657142857143,-36.4104761904764,-0.04260243595315327,0.04260243595315327,1.0,129,False,WITHIN_THRESHOLD
2020-06-16 11:45:00,4136001,PeE6FRyGXUgsRhN,889.6466666666668,775.3533333333332,889.6466666666668,916.0421854272516,770.1174047619045,749.17993,775.3533333333332,889.6466666666668,-114.29333333333352,-0.1284704789167237,0.1284704789167237,1.0050898489883968,130,False,WITHIN_THRESHOLD
2020-06-16 11:45:00,4136001,V94E5Ben1TlhnDV,876.4600000000002,750.42,876.4600000000002,910.9003066512132,774.1284285714282,751.1866,750.42,876.4600000000002,-126.04000000000019,-0.14380576409647922,0.14380576409647922,1.0842639735182622,98,False,WITHIN_THRESHOLD
2020-06-16 11:45:00,4136001,WcxssY2VbP4hApt,888.5733333333332,783.88,888.5733333333332,956.4341631670932,767.7048404761902,775.1597,783.88,888.5733333333332,-104.69333333333316,-0.11782182674849555,0.11782182674849555,0.8131277317394211,142,False,WITHIN_THRESHOLD
2020-06-16 11:45:00,4136001,mqwcsP2rE7J0TFp,815.4642857142854,812.8533333333335,815.4642857142854,940.0618567657492,773.3451333333329,811.9939,812.8533333333335,815.4642857142854,-2.6109523809519715,-0.003201798566401928,0.003201798566401928,1.0188512076579566,137,False,WITHIN_THRESHOLD
2020-06-16 11:45:00,4136001,oZ35aAeoifZaQzV,542.6266666666666,825.7071428571428,542.6266666666666,940.0114249972312,771.6687976190473,773.3746,825.7071428571428,542.6266666666666,283.08047619047625,0.5216855226253956,0.5216855226253956,1.0,97,False,WITHIN_THRESHOLD
2020-06-16 11:45:00,4136001,oZZkBaNadn6DNKz,902.2933333333334,792.88,902.2933333333334,924.1022499447186,770.3201095238089,764.5183,792.88,902.2933333333334,-109.41333333333341,-0.12126137841352413,0.12126137841352413,1.1151183176572743,114,False,WITHIN_THRESHOLD
2020-06-16 11:45:00,4136001,q49J1IKaHRwDQnt,844.2733333333333,765.92,844.2733333333333,928.9836461222188,770.9985547619044,764.81384,765.92,844.2733333333333,-78.35333333333335,-0.09280564746014326,0.09280564746014326,0.8617696945001074,143,False,WITHIN_THRESHOLD
2020-06-16 11:45:00,4136001,rrq4fwE8jgrTyWY,809.3333333333333,767.32,809.3333333333333,877.586281711008,779.7325571428572,748.9094,767.32,809.3333333333333,-42.01333333333321,-0.051911037891268386,0.051911037891268386,1.0,135,False,WITHIN_THRESHOLD
2020-06-16 11:45:00,4136001,vOuJvMaM2sgwLmb,895.2666666666665,772.02,895.2666666666665,955.3321416496136,767.0457404761901,775.1597,772.02,895.2666666666665,-123.24666666666656,-0.13766475538014733,0.13766475538014733,0.7896224826398267,142,False,WITHIN_THRESHOLD
2020-06-16 11:45:00,4136001,xMbIugepa2P7lBB,831.4571428571428,800.4333333333332,831.4571428571428,946.657819889214,771.1098071428569,809.0708,800.4333333333332,831.4571428571428,-31.023809523809632,-0.03731257803282833,0.03731257803282833,0.9823653995011609,129,False,WITHIN_THRESHOLD
2020-06-16 11:45:00,4136001,xoJJ8DcxJEcupym,889.7266666666667,754.3999999999999,889.7266666666667,947.4433587630984,765.0603571428569,758.92566,754.3999999999999,889.7266666666667,-135.32666666666682,-0.15209914655437268,0.15209914655437268,0.8195700732505016,143,False,WITHIN_THRESHOLD
2020-06-16 12:00:00,4136001,81aHJ1q11NBPMrL,762.4,534.6500000000001,762.4,829.5230206971744,719.0157714285715,984.4908,534.6500000000001,762.4,-227.7499999999999,-0.29872770199370396,0.29872770199370396,0.7988725021368553,143,False,WITHIN_THRESHOLD
2020-06-16 12:00:00,4136001,9kRcWv60rDACzjR,740.8933333333333,510.95714285714286,740.8933333333333,792.1556193726994,731.5091547619046,959.6609,510.95714285714286,740.8933333333333,-229.93619047619046,-0.3103499250582951,0.3103499250582951,0.8376117177500583,127,False,WITHIN_THRESHOLD
2020-06-16 12:00:00,4136001,IQ2d7wF4YD8zU1Q,818.24,542.1866666666667,818.24,785.3517925247397,733.9443023809523,961.99384,542.1866666666667,818.24,-276.0533333333333,-0.33737452744101154,0.33737452744101154,1.0,129,False,WITHIN_THRESHOLD
2020-06-16 12:00:00,4136001,LYwnQax7tkwH5Cb,756.6866666666666,481.20714285714286,756.6866666666666,769.3185628722963,723.5991690476192,927.9237,481.20714285714286,756.6866666666666,-275.47952380952376,-0.36406023251745384,0.36406023251745384,0.8540476989297716,143,False,WITHIN_THRESHOLD
2020-06-16 12:00:00,4136001,LlT2YUhhzqhg5Sw,741.2933333333333,497.4214285714286,741.2933333333333,786.2822188572713,721.6889547619047,952.8273,497.4214285714286,741.2933333333333,-243.87190476190472,-0.32898165111683825,0.32898165111683825,0.8849165458231198,127,False,WITHIN_THRESHOLD
2020-06-16 12:00:00,4136001,Mx2yZCDsyf6DPfv,828.2642857142857,583.62,828.2642857142857,436.2280529344465,647.3113976190477,497.6426,583.62,828.2642857142857,-244.64428571428573,-0.2953698353700079,0.2953698353700079,1.0,96,False,WITHIN_THRESHOLD
2020-06-16 12:00:00,4136001,NgDl19wMapZy17u,818.2466666666666,540.24,818.2466666666666,799.9535314053796,733.2107428571428,978.5487,540.24,818.2466666666666,-278.00666666666655,-0.3397589968795065,0.3397589968795065,1.0,129,False,WITHIN_THRESHOLD
2020-06-16 12:00:00,4136001,PeE6FRyGXUgsRhN,775.3533333333332,538.1142857142858,775.3533333333332,793.1351216435874,718.5492190476186,864.2995,538.1142857142858,775.3533333333332,-237.23904761904748,-0.3059754016909033,0.3059754016909033,1.0050898489883968,130,False,WITHIN_THRESHOLD
2020-06-16 12:00:00,4136001,Quc1TzYxW2pYoWX,666.9533333333333,501.95714285714286,666.9533333333333,143.38918805950357,142.4868214285715,-184.2556,501.95714285714286,666.9533333333333,-164.9961904761904,-0.24738790891345286,0.24738790891345286,1.0,108,False,WITHIN_THRESHOLD
2020-06-16 12:00:00,4136001,V94E5Ben1TlhnDV,750.42,555.4642857142856,750.42,782.4974857330944,706.9091214285717,836.5968,555.4642857142856,750.42,-194.9557142857144,-0.25979546691947764,0.25979546691947764,1.0842639735182622,98,False,WITHIN_THRESHOLD
2020-06-16 12:00:00,4136001,WcxssY2VbP4hApt,783.88,532.2571428571429,783.88,821.830447491705,737.3852595238094,985.3077,532.2571428571429,783.88,-251.62285714285713,-0.3209966540068086,0.3209966540068086,0.8131277317394211,142,False,WITHIN_THRESHOLD
2020-06-16 12:00:00,4136001,mqwcsP2rE7J0TFp,812.8533333333335,554.9133333333333,812.8533333333335,772.6096045802042,730.9362595238096,954.9972,554.9133333333333,812.8533333333335,-257.94000000000017,-0.31732661898825554,0.31732661898825554,1.0188512076579566,137,False,WITHIN_THRESHOLD
2020-06-16 12:00:00,4136001,oZ35aAeoifZaQzV,825.7071428571428,589.5133333333333,825.7071428571428,544.3340577586489,641.4436904761903,650.7643,589.5133333333333,825.7071428571428,-236.19380952380948,-0.28605034068922164,0.28605034068922164,1.0,97,False,WITHIN_THRESHOLD
2020-06-16 12:00:00,4136001,oZZkBaNadn6DNKz,792.88,563.9142857142857,792.88,802.0324778808861,699.689280952381,872.83655,563.9142857142857,792.88,-228.96571428571428,-0.28877726047537366,0.28877726047537366,1.1151183176572743,114,False,WITHIN_THRESHOLD
2020-06-16 12:00:00,4136001,q49J1IKaHRwDQnt,765.92,506.02857142857135,765.92,786.448008814913,707.1044619047618,876.50287,506.02857142857135,765.92,-259.8914285714286,-0.3393192873556359,0.3393192873556359,0.8617696945001074,143,False,WITHIN_THRESHOLD
2020-06-16 12:00:00,4136001,rrq4fwE8jgrTyWY,767.32,479.1928571428572,767.32,735.1994345889252,708.0431833333334,797.52606,479.1928571428572,767.32,-288.12714285714287,-0.37549802280292816,0.37549802280292816,1.0,135,False,WITHIN_THRESHOLD
2020-06-16 12:00:00,4136001,vOuJvMaM2sgwLmb,772.02,540.0285714285714,772.02,824.5238728807517,726.6268333333333,970.6399,540.0285714285714,772.02,-231.99142857142863,-0.3004992468736932,0.3004992468736932,0.7896224826398267,142,False,WITHIN_THRESHOLD
2020-06-16 12:00:00,4136001,xMbIugepa2P7lBB,800.4333333333332,525.6866666666666,800.4333333333332,778.784450609354,724.6427214285713,931.51764,525.6866666666666,800.4333333333332,-274.74666666666656,-0.34324740765418726,0.34324740765418726,0.9823653995011609,129,False,WITHIN_THRESHOLD
2020-06-16 12:00:00,4136001,xoJJ8DcxJEcupym,754.3999999999999,546.4785714285715,754.3999999999999,820.8944097200092,729.6302547619047,984.4908,546.4785714285715,754.3999999999999,-207.92142857142835,-0.27561164975003766,0.27561164975003766,0.8195700732505016,143,False,WITHIN_THRESHOLD
2020-06-16 12:15:00,4136001,4UPUqMRk7TRMgml,377.4266666666666,785.3666666666666,377.4266666666666,79.39920415297637,363.4248523809525,49.22388,785.3666666666666,377.4266666666666,407.93999999999994,1.080845727205285,1.080845727205285,1.0,105,True,FLAGGED
2020-06-16 12:15:00,4136001,81aHJ1q11NBPMrL,534.6500000000001,752.4133333333334,534.6500000000001,699.535966526712,901.1333857142864,982.1984,752.4133333333334,534.6500000000001,217.76333333333332,0.4073007263318681,0.4073007263318681,0.7988725021368553,143,False,WITHIN_THRESHOLD
2020-06-16 12:15:00,4136001,9kRcWv60rDACzjR,510.95714285714286,747.0333333333334,510.95714285714286,680.196631549846,904.800285714286,999.4547,747.0333333333334,510.95714285714286,236.07619047619056,0.4620273809190969,0.4620273809190969,0.8376117177500583,127,False,WITHIN_THRESHOLD
2020-06-16 12:15:00,4136001,Et9kgGMDl729KT4,370.8785714285714,672.7866666666665,370.8785714285714,80.65123548930302,310.67839464285703,75.62524,672.7866666666665,370.8785714285714,301.90809523809514,0.8140348849899529,0.8140348849899529,1.0,105,False,WITHIN_THRESHOLD
2020-06-16 12:15:00,4136001,IQ2d7wF4YD8zU1Q,542.1866666666667,778.6333333333331,542.1866666666667,735.3997675227981,902.6306071428578,990.0348,778.6333333333331,542.1866666666667,236.44666666666637,0.4360982687389331,0.4360982687389331,1.0,129,False,WITHIN_THRESHOLD
2020-06-16 12:15:00,4136001,LYwnQax7tkwH5Cb,481.20714285714286,722.5333333333333,481.20714285714286,668.054613616714,893.9837761904765,891.9517,722.5333333333333,481.20714285714286,241.32619047619045,0.5015016798032724,0.5015016798032724,0.8540476989297716,143,False,WITHIN_THRESHOLD
2020-06-16 12:15:00,4136001,LlT2YUhhzqhg5Sw,497.4214285714286,743.68,497.4214285714286,679.3106656403013,905.4763119047624,1004.8953,743.68,497.4214285714286,246.25857142857137,0.4950702910725311,0.4950702910725311,0.8849165458231198,127,False,WITHIN_THRESHOLD
2020-06-16 12:15:00,4136001,Mx2yZCDsyf6DPfv,583.62,776.6266666666666,583.62,687.1646896671027,890.8912595238098,831.82587,776.6266666666666,583.62,193.00666666666655,0.3307060530253702,0.3307060530253702,1.0,96,False,WITHIN_THRESHOLD
2020-06-16 12:15:00,4136001,NgDl19wMapZy17u,540.24,775.8333333333333,540.24,736.5121021094665,902.7217738095244,986.73004,775.8333333333333,540.24,235.59333333333325,0.43609013278049247,0.43609013278049247,1.0,129,False,WITHIN_THRESHOLD
2020-06-16 12:15:00,4136001,PeE6FRyGXUgsRhN,538.1142857142858,726.1466666666665,538.1142857142858,668.7171449950167,895.5612214285719,889.71375,726.1466666666665,538.1142857142858,188.03238095238078,0.3494283388198644,0.3494283388198644,1.0050898489883968,130,False,WITHIN_THRESHOLD
2020-06-16 12:15:00,4136001,Qf4GUc1pJu5T6c6,379.14,787.5733333333335,379.14,79.32635810519017,357.4737523809524,49.22388,787.5733333333335,379.14,408.4333333333335,1.077262576708692,1.077262576708692,1.0,91,True,FLAGGED
2020-06-16 12:15:00,4136001,Quc1TzYxW2pYoWX,501.95714285714286,620.8466666666666,501.95714285714286,560.2765351163728,868.192026190476,720.2407,620.8466666666666,501.95714285714286,118.88952380952372,0.2368519414482358,0.2368519414482358,1.0,108,False,WITHIN_THRESHOLD
2020-06-16 12:15:00,4136001,V94E5Ben1TlhnDV,555.4642857142856,722.7799999999999,555.4642857142856,649.5120528128057,895.1862619047625,901.51697,722.7799999999999,555.4642857142856,167.3157142857143,0.3012177714910308,0.3012177714910308,1.0842639735182622,98,False,WITHIN_THRESHOLD
2020-06-16 12:15:00,4136001,WcxssY2VbP4hApt,532.2571428571429,765.8133333333334,532.2571428571429,713.7028155022333,901.3373190476196,975.9202,765.8133333333334,532.2571428571429,233.55619047619052,0.43880329951509306,0.43880329951509306,0.8131277317394211,142,False,WITHIN_THRESHOLD
2020-06-16 12:15:00,4136001,mqwcsP2rE7J0TFp,554.9133333333333,779.0266666666668,554.9133333333333,730.0101921891553,900.8847880952386,989.04266,779.0266666666668,554.9133333333333,224.11333333333346,0.4038708747311895,0.4038708747311895,1.0188512076579566,137,False,WITHIN_THRESHOLD
2020-06-16 12:15:00,4136001,oZ35aAeoifZaQzV,589.5133333333333,776.0799999999998,589.5133333333333,695.6705828216063,896.7812000000004,896.1258,776.0799999999998,589.5133333333333,186.5666666666665,0.3164757370486387,0.3164757370486387,1.0,97,False,WITHIN_THRESHOLD
2020-06-16 12:15:00,4136001,oZZkBaNadn6DNKz,563.9142857142857,735.1333333333334,563.9142857142857,681.3656177447097,891.258278571429,881.5414,735.1333333333334,563.9142857142857,171.21904761904773,0.3036260154363212,0.3036260154363212,1.1151183176572743,114,False,WITHIN_THRESHOLD
2020-06-16 12:15:00,4136001,q49J1IKaHRwDQnt,506.02857142857135,738.6533333333333,506.02857142857135,698.9641635383589,905.1940404761908,994.9489,738.6533333333333,506.02857142857135,232.62476190476195,0.45970677356821577,0.45970677356821577,0.8617696945001074,143,False,WITHIN_THRESHOLD
2020-06-16 12:15:00,4136001,rrq4fwE8jgrTyWY,479.1928571428572,713.7266666666668,479.1928571428572,661.5808791905515,896.9460904761909,870.31616,713.7266666666668,479.1928571428572,234.53380952380962,0.4894351116212283,0.4894351116212283,1.0,135,False,WITHIN_THRESHOLD
2020-06-16 12:15:00,4136001,vOuJvMaM2sgwLmb,540.0285714285714,754.9466666666666,540.0285714285714,705.7981901258456,901.2770857142864,975.92267,754.9466666666666,540.0285714285714,214.91809523809525,0.3979754157628345,0.3979754157628345,0.7896224826398267,142,False,WITHIN_THRESHOLD
2020-06-16 12:15:00,4136001,xMbIugepa2P7lBB,525.6866666666666,765.4533333333335,525.6866666666666,723.8376361550474,905.3672738095244,994.9465,765.4533333333335,525.6866666666666,239.76666666666688,0.45610186042382705,0.45610186042382705,0.9823653995011609,129,False,WITHIN_THRESHOLD
2020-06-16 12:15:00,4136001,xoJJ8DcxJEcupym,546.4785714285715,736.1533333333333,546.4785714285715,697.1265774285164,919.35390952381,998.7231,736.1533333333333,546.4785714285715,189.6747619047618,0.347085451875863,0.347085451875863,0.8195700732505016,143,False,WITHIN_THRESHOLD
2020-06-16 12:30:00,4136001,4UPUqMRk7TRMgml,785.3666666666666,845.2199999999998,785.3666666666666,399.6856235251944,525.8962095238098,656.2528,845.2199999999998,785.3666666666666,59.85333333333324,0.07621068715249767,0.07621068715249767,1.0,105,False,WITHIN_THRESHOLD
2020-06-16 12:30:00,4136001,81aHJ1q11NBPMrL,752.4133333333334,812.64,752.4133333333334,594.8933255007703,729.3139452380951,810.3461,812.64,752.4133333333334,60.226666666666574,0.08004465630593101,0.08004465630593101,0.7988725021368553,143,False,WITHIN_THRESHOLD
2020-06-16 12:30:00,4136001,9kRcWv60rDACzjR,747.0333333333334,809.4666666666667,747.0333333333334,577.0056695049989,711.0901809523809,746.6457,809.4666666666667,747.0333333333334,62.43333333333328,0.08357503011913785,0.08357503011913785,0.8376117177500583,127,False,WITHIN_THRESHOLD
2020-06-16 12:30:00,4136001,Et9kgGMDl729KT4,672.7866666666665,736.7533333333333,672.7866666666665,398.3646218041083,463.8143785714285,501.5337,736.7533333333333,672.7866666666665,63.96666666666681,0.09507719138310335,0.09507719138310335,1.0,105,False,WITHIN_THRESHOLD
2020-06-16 12:30:00,4136001,IQ2d7wF4YD8zU1Q,778.6333333333331,869.3785714285715,778.6333333333331,601.8348251677435,722.7302714285713,815.9551,869.3785714285715,778.6333333333331,90.74523809523839,0.11654425030425757,0.11654425030425757,1.0,129,False,WITHIN_THRESHOLD
2020-06-16 12:30:00,4136001,LYwnQax7tkwH5Cb,722.5333333333333,796.1533333333333,722.5333333333333,551.2228645483023,638.6952119047618,738.1762,796.1533333333333,722.5333333333333,73.62,0.10189149289536815,0.10189149289536815,0.8540476989297716,143,False,WITHIN_THRESHOLD
2020-06-16 12:30:00,4136001,LlT2YUhhzqhg5Sw,743.68,809.2600000000001,743.68,566.3700834123076,708.8392380952381,743.2334,809.2600000000001,743.68,65.58000000000015,0.0881830895008608,0.0881830895008608,0.8849165458231198,127,False,WITHIN_THRESHOLD
2020-06-16 12:30:00,4136001,Mx2yZCDsyf6DPfv,776.6266666666666,833.6266666666666,776.6266666666666,583.0061733154196,565.524190476191,651.2708,833.6266666666666,776.6266666666666,57.0,0.0733943379058149,0.0733943379058149,1.0,96,False,WITHIN_THRESHOLD
2020-06-16 12:30:00,4136001,NgDl19wMapZy17u,775.8333333333333,870.5714285714284,775.8333333333333,600.7144356159333,720.9934999999998,805.69403,870.5714285714284,775.8333333333333,94.73809523809518,0.12211140095135793,0.12211140095135793,1.0,129,False,WITHIN_THRESHOLD
2020-06-16 12:30:00,4136001,PeE6FRyGXUgsRhN,726.1466666666665,799.8866666666665,726.1466666666665,570.629813785871,692.860895238095,707.52856,799.8866666666665,726.1466666666665,73.74000000000001,0.10154973283634164,0.10154973283634164,1.0050898489883968,130,False,WITHIN_THRESHOLD
2020-06-16 12:30:00,4136001,Qf4GUc1pJu5T6c6,787.5733333333335,851.7266666666667,787.5733333333335,400.44843249951936,528.5350095238098,667.4746,851.7266666666667,787.5733333333335,64.1533333333332,0.08145696485406631,0.08145696485406631,1.0,91,False,WITHIN_THRESHOLD
2020-06-16 12:30:00,4136001,Quc1TzYxW2pYoWX,620.8466666666666,674.0866666666667,620.8466666666666,511.5088143601352,527.5218071428573,559.25275,674.0866666666667,620.8466666666666,53.24000000000012,0.08575386300428468,0.08575386300428468,1.0,108,False,WITHIN_THRESHOLD
2020-06-16 12:30:00,4136001,V94E5Ben1TlhnDV,722.7799999999999,789.9799999999999,722.7799999999999,581.7654872839681,693.2577952380952,710.31354,789.9799999999999,722.7799999999999,67.20000000000005,0.09297434904120211,0.09297434904120211,1.0842639735182622,98,False,WITHIN_THRESHOLD
2020-06-16 12:30:00,4136001,WcxssY2VbP4hApt,765.8133333333334,830.3533333333332,765.8133333333334,593.090591325368,732.2693285714284,810.3461,830.3533333333332,765.8133333333334,64.53999999999985,0.08427641200640693,0.08427641200640693,0.8131277317394211,142,False,WITHIN_THRESHOLD
2020-06-16 12:30:00,4136001,mqwcsP2rE7J0TFp,779.0266666666668,813.6928571428573,779.0266666666668,610.4709194002608,696.7513285714282,810.7311,813.6928571428573,779.0266666666668,34.666190476190536,0.04449936306355435,0.04449936306355435,1.0188512076579566,137,False,WITHIN_THRESHOLD
2020-06-16 12:30:00,4136001,oZ35aAeoifZaQzV,776.0799999999998,833.2333333333332,776.0799999999998,597.3267546265388,727.4328571428575,749.35474,833.2333333333332,776.0799999999998,57.15333333333342,0.07364361062433439,0.07364361062433439,1.0,97,False,WITHIN_THRESHOLD
2020-06-16 12:30:00,4136001,oZZkBaNadn6DNKz,735.1333333333334,812.6333333333334,735.1333333333334,589.1644424968267,709.0821,772.9617,812.6333333333334,735.1333333333334,77.5,0.10542305250748162,0.10542305250748162,1.1151183176572743,114,False,WITHIN_THRESHOLD
2020-06-16 12:30:00,4136001,q49J1IKaHRwDQnt,738.6533333333333,818.3866666666668,738.6533333333333,574.0403797530563,696.2914809523808,742.1115,818.3866666666668,738.6533333333333,79.73333333333346,0.10794418671817199,0.10794418671817199,0.8617696945001074,143,False,WITHIN_THRESHOLD
2020-06-16 12:30:00,4136001,rrq4fwE8jgrTyWY,713.7266666666668,798.08,713.7266666666668,527.9880337169825,572.8229547619048,702.81213,798.08,713.7266666666668,84.35333333333324,0.11818716782334959,0.11818716782334959,1.0,135,False,WITHIN_THRESHOLD
2020-06-16 12:30:00,4136001,vOuJvMaM2sgwLmb,754.9466666666666,818.7533333333333,754.9466666666666,599.8111162500063,731.9662190476189,816.4562,818.7533333333333,754.9466666666666,63.80666666666673,0.08451811165468652,0.08451811165468652,0.7896224826398267,142,False,WITHIN_THRESHOLD
2020-06-16 12:30:00,4136001,xMbIugepa2P7lBB,765.4533333333335,843.7357142857143,765.4533333333335,591.2836790562174,708.1651833333333,749.78735,843.7357142857143,765.4533333333335,78.28238095238078,0.10226930570866166,0.10226930570866166,0.9823653995011609,129,False,WITHIN_THRESHOLD
2020-06-16 12:30:00,4136001,xoJJ8DcxJEcupym,736.1533333333333,795.3066666666666,736.1533333333333,604.728735486671,725.7841047619046,815.9551,795.3066666666666,736.1533333333333,59.15333333333331,0.08035463626237284,0.08035463626237284,0.8195700732505016,143,False,WITHIN_THRESHOLD
2020-06-16 12:45:00,4136001,4UPUqMRk7TRMgml,845.2199999999998,904.1571428571428,845.2199999999998,658.5592058515617,729.8903547619044,632.7994,904.1571428571428,845.2199999999998,58.937142857143044,0.06972994351428392,0.06972994351428392,1.0,105,False,WITHIN_THRESHOLD
2020-06-16 12:45:00,4136001,81aHJ1q11NBPMrL,812.64,864.8199999999998,812.64,706.0402926689083,750.2016499999996,729.31964,864.8199999999998,812.64,52.179999999999836,0.06421047450285469,0.06421047450285469,0.7988725021368553,143,False,WITHIN_THRESHOLD
2020-06-16 12:45:00,4136001,9kRcWv60rDACzjR,809.4666666666667,844.4133333333333,809.4666666666667,700.8952166977356,748.9238999999995,705.5069,844.4133333333333,809.4666666666667,34.9466666666666,0.043172459232416326,0.043172459232416326,0.8376117177500583,127,False,WITHIN_THRESHOLD
2020-06-16 12:45:00,4136001,Et9kgGMDl729KT4,736.7533333333333,766.5133333333333,736.7533333333333,596.9299356201398,703.1762714285713,612.9059,766.5133333333333,736.7533333333333,29.75999999999999,0.040393437876086964,0.040393437876086964,1.0,105,False,WITHIN_THRESHOLD
2020-06-16 12:45:00,4136001,IQ2d7wF4YD8zU1Q,869.3785714285715,905.9533333333336,869.3785714285715,723.6296585735606,767.643783333333,716.45184,905.9533333333336,869.3785714285715,36.57476190476211,0.04207000621681082,0.04207000621681082,1.0,129,False,WITHIN_THRESHOLD
2020-06-16 12:45:00,4136001,LYwnQax7tkwH5Cb,796.1533333333333,835.3266666666667,796.1533333333333,684.2867289173798,740.7271547619047,676.7447,835.3266666666667,796.1533333333333,39.1733333333334,0.04920325230483249,0.04920325230483249,0.8540476989297716,143,False,WITHIN_THRESHOLD
2020-06-16 12:45:00,4136001,LlT2YUhhzqhg5Sw,809.2600000000001,850.3466666666667,809.2600000000001,698.7385063172737,756.5856857142853,703.0521,850.3466666666667,809.2600000000001,41.08666666666659,0.05077066291014826,0.05077066291014826,0.8849165458231198,127,False,WITHIN_THRESHOLD
2020-06-16 12:45:00,4136001,Mx2yZCDsyf6DPfv,833.6266666666666,885.7857142857142,833.6266666666666,692.9012009257556,720.7001738095236,622.3335,885.7857142857142,833.6266666666666,52.15904761904767,0.0625688329136716,0.0625688329136716,1.0,96,False,WITHIN_THRESHOLD
2020-06-16 12:45:00,4136001,NgDl19wMapZy17u,870.5714285714284,902.76,870.5714285714284,722.1913863724781,760.0072761904759,713.2334,902.76,870.5714285714284,32.18857142857155,0.036974072858549534,0.036974072858549534,1.0,129,False,WITHIN_THRESHOLD
2020-06-16 12:45:00,4136001,PeE6FRyGXUgsRhN,799.8866666666665,826.5666666666666,799.8866666666665,667.7362048322614,727.5579547619045,690.59235,826.5666666666666,799.8866666666665,26.680000000000064,0.03335472525274422,0.03335472525274422,1.0050898489883968,130,False,WITHIN_THRESHOLD
2020-06-16 12:45:00,4136001,Qf4GUc1pJu5T6c6,851.7266666666667,902.7714285714286,851.7266666666667,660.5964532732507,729.8887547619045,632.7994,902.7714285714286,851.7266666666667,51.04476190476191,0.05993091904064909,0.05993091904064909,1.0,91,False,WITHIN_THRESHOLD
2020-06-16 12:45:00,4136001,Quc1TzYxW2pYoWX,674.0866666666667,707.5600000000001,674.0866666666667,584.3898984929797,577.1742904761903,471.34415,707.5600000000001,674.0866666666667,33.47333333333336,0.04965731409413234,0.04965731409413234,1.0,108,False,WITHIN_THRESHOLD
2020-06-16 12:45:00,4136001,V94E5Ben1TlhnDV,789.9799999999999,811.0799999999998,789.9799999999999,664.7395071198571,732.6428523809521,666.7796,811.0799999999998,789.9799999999999,21.09999999999991,0.026709536950302426,0.026709536950302426,1.0842639735182622,98,False,WITHIN_THRESHOLD
2020-06-16 12:45:00,4136001,WcxssY2VbP4hApt,830.3533333333332,879.9666666666667,830.3533333333332,715.5125934645062,749.1779285714281,713.2334,879.9666666666667,830.3533333333332,49.61333333333346,0.05974966480132971,0.05974966480132971,0.8131277317394211,142,False,WITHIN_THRESHOLD
2020-06-16 12:45:00,4136001,mqwcsP2rE7J0TFp,813.6928571428573,890.6066666666666,813.6928571428573,724.323779530011,765.2359619047617,714.6514,890.6066666666666,813.6928571428573,76.91380952380928,0.0945243759345251,0.0945243759345251,1.0188512076579566,137,False,WITHIN_THRESHOLD
2020-06-16 12:45:00,4136001,oZ35aAeoifZaQzV,833.2333333333332,876.5285714285715,833.2333333333332,693.3791958716802,768.7647309523808,681.148,876.5285714285715,833.2333333333332,43.29523809523823,0.0519605209768031,0.0519605209768031,1.0,97,False,WITHIN_THRESHOLD
2020-06-16 12:45:00,4136001,oZZkBaNadn6DNKz,812.6333333333334,835.6599999999999,812.6333333333334,674.7142209111512,744.0733785714283,726.5447,835.6599999999999,812.6333333333334,23.026666666666415,0.028335862832765592,0.028335862832765592,1.1151183176572743,114,False,WITHIN_THRESHOLD
2020-06-16 12:45:00,4136001,q49J1IKaHRwDQnt,818.3866666666668,860.7933333333333,818.3866666666668,694.4909811259142,750.1074333333329,703.0521,860.7933333333333,818.3866666666668,42.406666666666524,0.05181739682953435,0.05181739682953435,0.8617696945001074,143,False,WITHIN_THRESHOLD
2020-06-16 12:45:00,4136001,rrq4fwE8jgrTyWY,798.08,840.9133333333334,798.08,659.043260531837,734.8705547619046,661.50903,840.9133333333334,798.08,42.83333333333337,0.05367047580860737,0.05367047580860737,1.0,135,False,WITHIN_THRESHOLD
2020-06-16 12:45:00,4136001,vOuJvMaM2sgwLmb,818.7533333333333,867.2666666666665,818.7533333333333,707.5039045211381,749.9678499999995,739.6571,867.2666666666665,818.7533333333333,48.51333333333321,0.059252684976346,0.059252684976346,0.7896224826398267,142,False,WITHIN_THRESHOLD
2020-06-16 12:45:00,4136001,xMbIugepa2P7lBB,843.7357142857143,884.2066666666669,843.7357142857143,714.2381083253256,758.1762666666665,702.89594,884.2066666666669,843.7357142857143,40.47095238095267,0.04796638532151548,0.04796638532151548,0.9823653995011609,129,False,WITHIN_THRESHOLD
2020-06-16 12:45:00,4136001,xoJJ8DcxJEcupym,795.3066666666666,848.22,795.3066666666666,692.7967680272939,743.746302380952,729.8602,848.22,795.3066666666666,52.91333333333341,0.06653198766094431,0.06653198766094431,0.8195700732505016,143,False,WITHIN_THRESHOLD
2020-06-16 13:00:00,4136001,4UPUqMRk7TRMgml,904.1571428571428,918.82,904.1571428571428,768.1173955822612,747.0112166666668,497.86383,918.82,904.1571428571428,14.662857142857206,0.01621715567774256,0.01621715567774256,1.0,105,False,WITHIN_THRESHOLD
2020-06-16 13:00:00,4136001,81aHJ1q11NBPMrL,864.8199999999998,843.442857142857,864.8199999999998,766.0549992983483,739.3115142857142,677.8744,843.442857142857,864.8199999999998,-21.37714285714287,-0.024718603706138705,0.024718603706138705,0.7988725021368553,143,False,WITHIN_THRESHOLD
2020-06-16 13:00:00,4136001,9kRcWv60rDACzjR,844.4133333333333,809.05,844.4133333333333,763.7406637588508,763.8174333333335,660.01825,809.05,844.4133333333333,-35.363333333333344,-0.0418791744959025,0.0418791744959025,0.8376117177500583,127,False,WITHIN_THRESHOLD
2020-06-16 13:00:00,4136001,Et9kgGMDl729KT4,766.5133333333333,810.2133333333331,766.5133333333333,701.2808003307277,690.1690714285713,622.8159,810.2133333333331,766.5133333333333,43.69999999999982,0.057011402280455856,0.057011402280455856,1.0,105,False,WITHIN_THRESHOLD
2020-06-16 13:00:00,4136001,IQ2d7wF4YD8zU1Q,905.9533333333336,843.0,905.9533333333336,808.6808939249793,769.2458761904762,679.22424,843.0,905.9533333333336,-62.9533333333336,-0.06948849462444745,0.06948849462444745,1.0,129,False,WITHIN_THRESHOLD
2020-06-16 13:00:00,4136001,LYwnQax7tkwH5Cb,835.3266666666667,753.0799999999998,835.3266666666667,754.1722769277451,758.7474523809526,660.7403,753.0799999999998,835.3266666666667,-82.2466666666669,-0.09846048252579856,0.09846048252579856,0.8540476989297716,143,False,WITHIN_THRESHOLD
2020-06-16 13:00:00,4136001,LlT2YUhhzqhg5Sw,850.3466666666667,781.08,850.3466666666667,763.6813544034512,767.7706119047622,660.01825,781.08,850.3466666666667,-69.26666666666665,-0.0814569744104365,0.0814569744104365,0.8849165458231198,127,False,WITHIN_THRESHOLD
2020-06-16 13:00:00,4136001,Mx2yZCDsyf6DPfv,885.7857142857142,907.5,885.7857142857142,772.4940561684484,781.4661857142852,655.7302,907.5,885.7857142857142,21.71428571428578,0.02451415208450939,0.02451415208450939,1.0,96,False,WITHIN_THRESHOLD
2020-06-16 13:00:00,4136001,NgDl19wMapZy17u,902.76,835.0000000000001,902.76,809.0377718724521,769.6816738095238,679.22424,835.0000000000001,902.76,-67.75999999999988,-0.07505870884842027,0.07505870884842027,1.0,129,False,WITHIN_THRESHOLD
2020-06-16 13:00:00,4136001,PeE6FRyGXUgsRhN,826.5666666666666,840.4266666666667,826.5666666666666,736.426313573867,753.5634666666664,662.5413,840.4266666666667,826.5666666666666,13.860000000000127,0.01676815743839996,0.01676815743839996,1.0050898489883968,130,False,WITHIN_THRESHOLD
2020-06-16 13:00:00,4136001,Qf4GUc1pJu5T6c6,902.7714285714286,910.5,902.7714285714286,774.5415695843215,742.7257857142856,500.6658,910.5,902.7714285714286,7.728571428571399,0.008560939329683164,0.008560939329683164,1.0,91,False,WITHIN_THRESHOLD
2020-06-16 13:00:00,4136001,Quc1TzYxW2pYoWX,707.5600000000001,758.6466666666665,707.5600000000001,679.2968375103621,752.8557785714283,555.2441,758.6466666666665,707.5600000000001,51.086666666666474,0.07220117964083113,0.07220117964083113,1.0,108,False,WITHIN_THRESHOLD
2020-06-16 13:00:00,4136001,V94E5Ben1TlhnDV,811.0799999999998,839.6733333333333,811.0799999999998,729.1452369526285,765.7666833333332,654.0043,839.6733333333333,811.0799999999998,28.593333333333476,0.035253406979993934,0.035253406979993934,1.0842639735182622,98,False,WITHIN_THRESHOLD
2020-06-16 13:00:00,4136001,WcxssY2VbP4hApt,879.9666666666667,855.6642857142857,879.9666666666667,779.5841550751786,757.51480952381,677.8744,855.6642857142857,879.9666666666667,-24.302380952380986,-0.027617388104527806,0.027617388104527806,0.8131277317394211,142,False,WITHIN_THRESHOLD
2020-06-16 13:00:00,4136001,mqwcsP2rE7J0TFp,890.6066666666666,831.58,890.6066666666666,768.7386278808035,751.6705047619048,680.3343,831.58,890.6066666666666,-59.02666666666653,-0.06627691985238512,0.06627691985238512,1.0188512076579566,137,False,WITHIN_THRESHOLD
2020-06-16 13:00:00,4136001,oZ35aAeoifZaQzV,876.5285714285715,905.7933333333332,876.5285714285715,767.1561644297674,776.9312809523806,661.5333,905.7933333333332,876.5285714285715,29.264761904761713,0.033387116927707024,0.033387116927707024,1.0,97,False,WITHIN_THRESHOLD
2020-06-16 13:00:00,4136001,oZZkBaNadn6DNKz,835.6599999999999,874.0266666666665,835.6599999999999,746.0590296855692,753.5117714285713,666.2157,874.0266666666665,835.6599999999999,38.366666666666674,0.04591181421471254,0.04591181421471254,1.1151183176572743,114,False,WITHIN_THRESHOLD
2020-06-16 13:00:00,4136001,q49J1IKaHRwDQnt,860.7933333333333,805.7733333333333,860.7933333333333,770.3481379061052,756.3417214285716,664.2682,805.7733333333333,860.7933333333333,-55.01999999999998,-0.06391778127154019,0.06391778127154019,0.8617696945001074,143,False,WITHIN_THRESHOLD
2020-06-16 13:00:00,4136001,rrq4fwE8jgrTyWY,840.9133333333334,752.26,840.9133333333334,736.5391714476232,759.1804833333334,647.0933,752.26,840.9133333333334,-88.65333333333342,-0.10542505371144083,0.10542505371144083,1.0,135,False,WITHIN_THRESHOLD
2020-06-16 13:00:00,4136001,vOuJvMaM2sgwLmb,867.2666666666665,845.2285714285714,867.2666666666665,771.052459676263,744.1662214285716,677.8744,845.2285714285714,867.2666666666665,-22.03809523809514,-0.025410979212193645,0.025410979212193645,0.7896224826398267,142,False,WITHIN_THRESHOLD
2020-06-16 13:00:00,4136001,xMbIugepa2P7lBB,884.2066666666669,829.7266666666668,884.2066666666669,789.9054977860092,756.754330952381,674.33276,829.7266666666668,884.2066666666669,-54.48000000000013,-0.06161455466670701,0.06161455466670701,0.9823653995011609,129,False,WITHIN_THRESHOLD
2020-06-16 13:00:00,4136001,xoJJ8DcxJEcupym,848.22,836.8066666666667,848.22,753.5622389865921,747.3813142857142,677.8744,836.8066666666667,848.22,-11.413333333333298,-0.013455628649799932,0.013455628649799932,0.8195700732505016,143,False,WITHIN_THRESHOLD
2020-06-16 13:15:00,4136001,4UPUqMRk7TRMgml,918.82,554.3933333333333,918.82,815.2969820782221,668.9364857142855,685.18726,554.3933333333333,918.82,-364.42666666666673,-0.39662465626201726,0.39662465626201726,1.0,105,False,WITHIN_THRESHOLD
2020-06-16 13:15:00,4136001,81aHJ1q11NBPMrL,843.442857142857,519.6533333333333,843.442857142857,765.5664750478911,700.8616452380952,684.5417,519.6533333333333,843.442857142857,-323.78952380952364,-0.38389029092777327,0.38389029092777327,0.7988725021368553,143,False,WITHIN_THRESHOLD
2020-06-16 13:15:00,4136001,9kRcWv60rDACzjR,809.05,497.4,809.05,751.8574875697989,699.1720166666667,696.2432,497.4,809.05,-311.65,-0.3852048699091527,0.3852048699091527,0.8376117177500583,127,False,WITHIN_THRESHOLD
2020-06-16 13:15:00,4136001,Et9kgGMDl729KT4,810.2133333333331,508.76666666666654,810.2133333333331,713.9717972742669,636.9695119047615,601.63336,508.76666666666654,810.2133333333331,-301.4466666666666,-0.3720583879142942,0.3720583879142942,1.0,105,False,WITHIN_THRESHOLD
2020-06-16 13:15:00,4136001,IQ2d7wF4YD8zU1Q,843.0,487.4800000000001,843.0,797.0158463088922,674.6025166666666,714.74835,487.4800000000001,843.0,-355.5199999999999,-0.42173190984578873,0.42173190984578873,1.0,129,False,WITHIN_THRESHOLD
2020-06-16 13:15:00,4136001,LYwnQax7tkwH5Cb,753.0799999999998,445.36428571428576,753.0799999999998,745.0367748167178,678.3061738095238,664.1721,445.36428571428576,753.0799999999998,-307.71571428571406,-0.40860959564151766,0.40860959564151766,0.8540476989297716,143,False,WITHIN_THRESHOLD
2020-06-16 13:15:00,4136001,LlT2YUhhzqhg5Sw,781.08,463.30000000000007,781.08,756.2861528452534,694.0056238095239,701.62823,463.30000000000007,781.08,-317.78,-0.40684692989194443,0.40684692989194443,0.8849165458231198,127,False,WITHIN_THRESHOLD
2020-06-16 13:15:00,4136001,Mx2yZCDsyf6DPfv,907.5,552.7133333333333,907.5,791.0024433206227,663.5061928571427,686.259,552.7133333333333,907.5,-354.78666666666675,-0.39094949494949505,0.39094949494949505,1.0,96,False,WITHIN_THRESHOLD
2020-06-16 13:15:00,4136001,NgDl19wMapZy17u,835.0000000000001,480.5533333333333,835.0000000000001,794.4802927136586,667.20815,714.74835,480.5533333333333,835.0000000000001,-354.44666666666683,-0.42448702594810395,0.42448702594810395,1.0,129,False,WITHIN_THRESHOLD
2020-06-16 13:15:00,4136001,PeE6FRyGXUgsRhN,840.4266666666667,510.3714285714286,840.4266666666667,737.2915612223117,704.853995238095,667.0412,510.3714285714286,840.4266666666667,-330.0552380952381,-0.39272342392979526,0.39272342392979526,1.0050898489883968,130,False,WITHIN_THRESHOLD
2020-06-16 13:15:00,4136001,Qf4GUc1pJu5T6c6,910.5,547.96,910.5,814.6976888430379,666.1412857142855,685.18726,547.96,910.5,-362.53999999999996,-0.39817682591982423,0.39817682591982423,1.0,91,False,WITHIN_THRESHOLD
2020-06-16 13:15:00,4136001,Quc1TzYxW2pYoWX,758.6466666666665,475.52,758.6466666666665,666.0324115974165,664.5044690476187,690.0344,475.52,758.6466666666665,-283.12666666666655,-0.37319964498185354,0.37319964498185354,1.0,108,False,WITHIN_THRESHOLD
2020-06-16 13:15:00,4136001,V94E5Ben1TlhnDV,839.6733333333333,523.0357142857142,839.6733333333333,727.3599603000318,707.1211571428566,666.57263,523.0357142857142,839.6733333333333,-316.63761904761907,-0.37709619500554076,0.37709619500554076,1.0842639735182622,98,False,WITHIN_THRESHOLD
2020-06-16 13:15:00,4136001,WcxssY2VbP4hApt,855.6642857142857,521.4533333333333,855.6642857142857,776.8369457136928,692.8499428571428,687.1004,521.4533333333333,855.6642857142857,-334.21095238095245,-0.3905865395585163,0.3905865395585163,0.8131277317394211,142,False,WITHIN_THRESHOLD
2020-06-16 13:15:00,4136001,mqwcsP2rE7J0TFp,831.58,480.2333333333333,831.58,785.1740050245967,675.2155404761903,731.04663,480.2333333333333,831.58,-351.34666666666675,-0.42250495041567465,0.42250495041567465,1.0188512076579566,137,False,WITHIN_THRESHOLD
2020-06-16 13:15:00,4136001,oZ35aAeoifZaQzV,905.7933333333332,557.3266666666667,905.7933333333332,779.5727149421477,706.9261904761904,688.5919,557.3266666666667,905.7933333333332,-348.46666666666647,-0.38470880038860944,0.38470880038860944,1.0,97,False,WITHIN_THRESHOLD
2020-06-16 13:15:00,4136001,oZZkBaNadn6DNKz,874.0266666666665,533.5357142857143,874.0266666666665,744.408743719498,706.2820642857141,678.553,533.5357142857143,874.0266666666665,-340.4909523809522,-0.3895658626521146,0.3895658626521146,1.1151183176572743,114,False,WITHIN_THRESHOLD
2020-06-16 13:15:00,4136001,q49J1IKaHRwDQnt,805.7733333333333,470.70714285714286,805.7733333333333,763.4137902251018,697.6366190476189,701.62823,470.70714285714286,805.7733333333333,-335.06619047619046,-0.4158318184719323,0.4158318184719323,0.8617696945001074,143,False,WITHIN_THRESHOLD
2020-06-16 13:15:00,4136001,rrq4fwE8jgrTyWY,752.26,438.53571428571433,752.26,748.0160597927324,679.6403761904761,673.95044,438.53571428571433,752.26,-313.72428571428566,-0.4170423599743249,0.4170423599743249,1.0,135,False,WITHIN_THRESHOLD
2020-06-16 13:15:00,4136001,vOuJvMaM2sgwLmb,845.2285714285714,527.1600000000001,845.2285714285714,767.2667186320123,704.9497119047619,684.5417,527.1600000000001,845.2285714285714,-318.0685714285713,-0.3763107189940167,0.3763107189940167,0.7896224826398267,142,False,WITHIN_THRESHOLD
2020-06-16 13:15:00,4136001,xMbIugepa2P7lBB,829.7266666666668,483.56666666666666,829.7266666666668,780.9000350209967,672.4069595238096,707.0854,483.56666666666666,829.7266666666668,-346.16000000000014,-0.4171976313484763,0.4171976313484763,0.9823653995011609,129,False,WITHIN_THRESHOLD
2020-06-16 13:15:00,4136001,xoJJ8DcxJEcupym,836.8066666666667,515.6,836.8066666666667,753.7396150638622,713.1638833333334,676.8195,515.6,836.8066666666667,-321.2066666666667,-0.38384812103154053,0.38384812103154053,0.8195700732505016,143,False,WITHIN_THRESHOLD
2020-06-16 13:30:00,4136001,4UPUqMRk7TRMgml,554.3933333333333,669.1333333333332,554.3933333333333,780.9684300963916,487.8779404761903,556.21344,669.1333333333332,554.3933333333333,114.7399999999999,0.20696497071874342,0.20696497071874342,1.0,105,False,WITHIN_THRESHOLD
2020-06-16 13:30:00,4136001,81aHJ1q11NBPMrL,519.6533333333333,620.5866666666667,519.6533333333333,690.146677785488,497.46517142857135,529.6785,620.5866666666667,519.6533333333333,100.9333333333334,0.19423205213732245,0.19423205213732245,0.7988725021368553,143,False,WITHIN_THRESHOLD
2020-06-16 13:30:00,4136001,9kRcWv60rDACzjR,497.4,615.6,497.4,666.9174903117676,498.1160023809522,525.9252,615.6,497.4,118.20000000000005,0.23763570566948142,0.23763570566948142,0.8376117177500583,127,False,WITHIN_THRESHOLD
2020-06-16 13:30:00,4136001,Et9kgGMDl729KT4,508.76666666666654,598.62,508.76666666666654,694.6855653910645,487.1905119047617,491.52966,598.62,508.76666666666654,89.85333333333347,0.17661010286313336,0.17661010286313336,1.0,105,False,WITHIN_THRESHOLD
2020-06-16 13:30:00,4136001,IQ2d7wF4YD8zU1Q,487.4800000000001,659.0266666666668,487.4800000000001,695.52184740863,496.8558714285713,536.89325,659.0266666666668,487.4800000000001,171.54666666666668,0.35190503542025653,0.35190503542025653,1.0,129,False,WITHIN_THRESHOLD
2020-06-16 13:30:00,4136001,LYwnQax7tkwH5Cb,445.36428571428576,588.8666666666668,445.36428571428576,627.3561023613288,490.11286428571424,533.29205,588.8666666666668,445.36428571428576,143.50238095238103,0.3222134902941948,0.3222134902941948,0.8540476989297716,143,False,WITHIN_THRESHOLD
2020-06-16 13:30:00,4136001,LlT2YUhhzqhg5Sw,463.30000000000007,603.8199999999998,463.30000000000007,647.4564782786349,497.1432642857141,527.5525,603.8199999999998,463.30000000000007,140.51999999999975,0.30330239585581636,0.30330239585581636,0.8849165458231198,127,False,WITHIN_THRESHOLD
2020-06-16 13:30:00,4136001,Mx2yZCDsyf6DPfv,552.7133333333333,662.1866666666667,552.7133333333333,752.2893792186264,487.9642833333331,542.59143,662.1866666666667,552.7133333333333,109.47333333333347,0.19806530208546955,0.19806530208546955,1.0,96,False,WITHIN_THRESHOLD
2020-06-16 13:30:00,4136001,NgDl19wMapZy17u,480.5533333333333,658.2466666666667,480.5533333333333,689.6519060388325,497.5229047619047,532.9462,658.2466666666667,480.5533333333333,177.69333333333338,0.3697681838991164,0.3697681838991164,1.0,129,False,WITHIN_THRESHOLD
2020-06-16 13:30:00,4136001,PeE6FRyGXUgsRhN,510.3714285714286,611.9466666666666,510.3714285714286,686.9982309353516,497.0636166666666,529.7126,611.9466666666666,510.3714285714286,101.57523809523798,0.19902218738920277,0.19902218738920277,1.0050898489883968,130,False,WITHIN_THRESHOLD
2020-06-16 13:30:00,4136001,Qf4GUc1pJu5T6c6,547.96,668.7666666666668,547.96,776.3833800631526,487.1793404761902,546.7287,668.7666666666668,547.96,120.80666666666673,0.22046621407888664,0.22046621407888664,1.0,91,False,WITHIN_THRESHOLD
2020-06-16 13:30:00,4136001,Quc1TzYxW2pYoWX,475.52,554.9733333333334,475.52,645.7472052528688,483.5861166666665,523.7573,554.9733333333334,475.52,79.45333333333338,0.16708725886047565,0.16708725886047565,1.0,108,False,WITHIN_THRESHOLD
2020-06-16 13:30:00,4136001,V94E5Ben1TlhnDV,523.0357142857142,609.0400000000001,523.0357142857142,685.6273783601928,497.86294999999967,520.92145,609.0400000000001,523.0357142857142,86.00428571428586,0.1644329122567432,0.1644329122567432,1.0842639735182622,98,False,WITHIN_THRESHOLD
2020-06-16 13:30:00,4136001,WcxssY2VbP4hApt,521.4533333333333,636.2733333333333,521.4533333333333,700.6075212903436,499.334226190476,555.9215,636.2733333333333,521.4533333333333,114.82000000000005,0.22019228310619052,0.22019228310619052,0.8131277317394211,142,False,WITHIN_THRESHOLD
2020-06-16 13:30:00,4136001,mqwcsP2rE7J0TFp,480.2333333333333,664.9000000000001,480.2333333333333,686.8036088494237,498.5876023809523,532.45044,664.9000000000001,480.2333333333333,184.6666666666668,0.3845352953425421,0.3845352953425421,1.0188512076579566,137,False,WITHIN_THRESHOLD
2020-06-16 13:30:00,4136001,oZ35aAeoifZaQzV,557.3266666666667,663.1133333333332,557.3266666666667,740.5916053636042,495.7950023809522,557.2387,663.1133333333332,557.3266666666667,105.78666666666652,0.18981088290529763,0.18981088290529763,1.0,97,False,WITHIN_THRESHOLD
2020-06-16 13:30:00,4136001,oZZkBaNadn6DNKz,533.5357142857143,627.6933333333334,533.5357142857143,710.9919546046483,498.7036999999998,555.9215,627.6933333333334,533.5357142857143,94.15761904761905,0.17647856840038378,0.17647856840038378,1.1151183176572743,114,False,WITHIN_THRESHOLD
2020-06-16 13:30:00,4136001,q49J1IKaHRwDQnt,470.70714285714286,610.3666666666667,470.70714285714286,665.7872932461469,498.25024047619024,525.7045,610.3666666666667,470.70714285714286,139.65952380952382,0.29670151797953437,0.29670151797953437,0.8617696945001074,143,False,WITHIN_THRESHOLD
2020-06-16 13:30:00,4136001,rrq4fwE8jgrTyWY,438.53571428571433,587.1466666666666,438.53571428571433,627.6637453578473,487.5827119047618,533.00275,587.1466666666666,438.53571428571433,148.6109523809523,0.3388799305046554,0.3388799305046554,1.0,135,False,WITHIN_THRESHOLD
2020-06-16 13:30:00,4136001,vOuJvMaM2sgwLmb,527.1600000000001,564.3533333333334,527.1600000000001,691.73085883096,497.4635499999999,529.6785,564.3533333333334,527.1600000000001,37.19333333333327,0.07055416445354971,0.07055416445354971,0.7896224826398267,142,False,WITHIN_THRESHOLD
2020-06-16 13:30:00,4136001,xMbIugepa2P7lBB,483.56666666666666,642.3133333333333,483.56666666666666,684.5901155547726,496.9546999999999,532.9462,642.3133333333333,483.56666666666666,158.7466666666666,0.328282897911353,0.328282897911353,0.9823653995011609,129,False,WITHIN_THRESHOLD
2020-06-16 13:30:00,4136001,xoJJ8DcxJEcupym,515.6,610.46,515.6,684.1586008467132,497.6310476190475,529.49194,610.46,515.6,94.86000000000001,0.18397982932505821,0.18397982932505821,0.8195700732505016,143,False,WITHIN_THRESHOLD
2020-06-16 13:45:00,4136001,4UPUqMRk7TRMgml,669.1333333333332,722.5933333333335,669.1333333333332,593.6802231750021,639.4398119047614,748.7883,722.5933333333335,669.1333333333332,53.460000000000264,0.07989439075420983,0.07989439075420983,1.0,105,False,WITHIN_THRESHOLD
2020-06-16 13:45:00,4136001,81aHJ1q11NBPMrL,620.5866666666667,653.6666666666667,620.5866666666667,518.8659725509759,662.9990976190478,702.51086,653.6666666666667,620.5866666666667,33.08000000000004,0.05330440013750436,0.05330440013750436,0.7988725021368553,143,False,WITHIN_THRESHOLD
2020-06-16 13:45:00,4136001,9kRcWv60rDACzjR,615.6,640.3666666666668,615.6,504.2404285918819,647.053354761905,692.4609,640.3666666666668,615.6,24.766666666666765,0.040231752220056476,0.040231752220056476,0.8376117177500583,127,False,WITHIN_THRESHOLD
2020-06-16 13:45:00,4136001,Et9kgGMDl729KT4,598.62,635.7466666666668,598.62,549.1680997892319,624.1681499999996,705.00964,635.7466666666668,598.62,37.12666666666678,0.0620204247547138,0.0620204247547138,1.0,105,False,WITHIN_THRESHOLD
2020-06-16 13:45:00,4136001,IQ2d7wF4YD8zU1Q,659.0266666666668,693.2642857142856,659.0266666666668,502.731853457685,672.8574619047622,707.1065,693.2642857142856,659.0266666666668,34.237619047618864,0.051951796155368817,0.051951796155368817,1.0,129,False,WITHIN_THRESHOLD
2020-06-16 13:45:00,4136001,LYwnQax7tkwH5Cb,588.8666666666668,619.9266666666667,588.8666666666668,466.1530275616332,637.7540095238096,669.7366,619.9266666666667,588.8666666666668,31.059999999999945,0.05274538661836285,0.05274538661836285,0.8540476989297716,143,False,WITHIN_THRESHOLD
2020-06-16 13:45:00,4136001,LlT2YUhhzqhg5Sw,603.8199999999998,631.7133333333333,603.8199999999998,479.749998913668,638.0460142857144,677.5402,631.7133333333333,603.8199999999998,27.89333333333343,0.04619478210945884,0.04619478210945884,0.8849165458231198,127,False,WITHIN_THRESHOLD
2020-06-16 13:45:00,4136001,Mx2yZCDsyf6DPfv,662.1866666666667,709.0466666666665,662.1866666666667,562.7027287857493,633.9030047619044,711.77106,709.0466666666665,662.1866666666667,46.859999999999786,0.07076554445876256,0.07076554445876256,1.0,96,False,WITHIN_THRESHOLD
2020-06-16 13:45:00,4136001,NgDl19wMapZy17u,658.2466666666667,691.9285714285713,658.2466666666667,497.26447878346266,670.9170428571431,702.56116,691.9285714285713,658.2466666666667,33.68190476190466,0.05116912316847483,0.05116912316847483,1.0,129,False,WITHIN_THRESHOLD
2020-06-16 13:45:00,4136001,PeE6FRyGXUgsRhN,611.9466666666666,667.4200000000001,611.9466666666666,510.6896692781162,650.4273666666667,688.6725,667.4200000000001,611.9466666666666,55.47333333333347,0.09065060135959584,0.09065060135959584,1.0050898489883968,130,False,WITHIN_THRESHOLD
2020-06-16 13:45:00,4136001,Qf4GUc1pJu5T6c6,668.7666666666668,733.0333333333334,668.7666666666668,589.3439411626327,639.0106476190472,752.0394,733.0333333333334,668.7666666666668,64.26666666666665,0.09609729352539496,0.09609729352539496,1.0,91,False,WITHIN_THRESHOLD
2020-06-16 13:45:00,4136001,Quc1TzYxW2pYoWX,554.9733333333334,594.1133333333332,554.9733333333334,508.7395779544974,614.7079904761903,671.3278,594.1133333333332,554.9733333333334,39.13999999999987,0.0705259111548901,0.0705259111548901,1.0,108,False,WITHIN_THRESHOLD
2020-06-16 13:45:00,4136001,V94E5Ben1TlhnDV,609.0400000000001,666.4133333333333,609.0400000000001,516.2898319714734,651.1615642857146,681.77167,666.4133333333333,609.0400000000001,57.37333333333322,0.09420289855072445,0.09420289855072445,1.0842639735182622,98,False,WITHIN_THRESHOLD
2020-06-16 13:45:00,4136001,WcxssY2VbP4hApt,636.2733333333333,669.9333333333333,636.2733333333333,522.3776401915557,673.564911904762,720.62756,669.9333333333333,636.2733333333333,33.65999999999997,0.052901792730587434,0.052901792730587434,0.8131277317394211,142,False,WITHIN_THRESHOLD
2020-06-16 13:45:00,4136001,mqwcsP2rE7J0TFp,664.9000000000001,710.8571428571429,664.9000000000001,496.9665635465912,648.5754214285716,687.2614,710.8571428571429,664.9000000000001,45.9571428571428,0.06911887931590133,0.06911887931590133,1.0188512076579566,137,False,WITHIN_THRESHOLD
2020-06-16 13:45:00,4136001,oZ35aAeoifZaQzV,663.1133333333332,709.8466666666667,663.1133333333332,558.9254274957248,618.3222666666665,708.22253,709.8466666666667,663.1133333333332,46.73333333333346,0.0704756351352712,0.0704756351352712,1.0,97,False,WITHIN_THRESHOLD
2020-06-16 13:45:00,4136001,oZZkBaNadn6DNKz,627.6933333333334,688.0466666666665,627.6933333333334,527.8958549411308,675.0157642857143,721.69745,688.0466666666665,627.6933333333334,60.353333333333126,0.09615098668139398,0.09615098668139398,1.1151183176572743,114,False,WITHIN_THRESHOLD
2020-06-16 13:45:00,4136001,q49J1IKaHRwDQnt,610.3666666666667,648.5066666666665,610.3666666666667,486.1202347539471,641.9656928571432,677.5402,648.5066666666665,610.3666666666667,38.13999999999987,0.06248702965430594,0.06248702965430594,0.8617696945001074,143,False,WITHIN_THRESHOLD
2020-06-16 13:45:00,4136001,rrq4fwE8jgrTyWY,587.1466666666666,623.0666666666667,587.1466666666666,462.1878637893272,633.7307380952382,669.7366,623.0666666666667,587.1466666666666,35.92000000000007,0.06117721863929525,0.06117721863929525,1.0,135,False,WITHIN_THRESHOLD
2020-06-16 13:45:00,4136001,vOuJvMaM2sgwLmb,564.3533333333334,666.0133333333333,564.3533333333334,524.707707724241,668.8881714285715,712.37726,666.0133333333333,564.3533333333334,101.65999999999997,0.1801353761827696,0.1801353761827696,0.7896224826398267,142,False,WITHIN_THRESHOLD
2020-06-16 13:45:00,4136001,xMbIugepa2P7lBB,642.3133333333333,667.0071428571428,642.3133333333333,497.8399673732448,652.4050928571431,702.4494,667.0071428571428,642.3133333333333,24.693809523809477,0.03844511431151382,0.03844511431151382,0.9823653995011609,129,False,WITHIN_THRESHOLD
2020-06-16 13:45:00,4136001,xoJJ8DcxJEcupym,610.46,661.5066666666667,610.46,514.8003037847245,649.0488047619048,698.5026,661.5066666666667,610.46,51.046666666666624,0.08362000240255975,0.08362000240255975,0.8195700732505016,143,False,WITHIN_THRESHOLD
2020-06-16 14:00:00,4136001,4UPUqMRk7TRMgml,722.5933333333335,239.7071428571429,722.5933333333335,635.0039418757613,478.2652309523809,668.9827,239.7071428571429,722.5933333333335,-482.88619047619056,-0.6682682612758543,0.6682682612758543,1.0,105,False,WITHIN_THRESHOLD
2020-06-16 14:00:00,4136001,81aHJ1q11NBPMrL,653.6666666666667,223.0066666666667,653.6666666666667,600.3308449132476,522.1196928571427,758.0329,223.0066666666667,653.6666666666667,-430.6600000000001,-0.6588373278939317,0.6588373278939317,0.7988725021368553,143,False,WITHIN_THRESHOLD
2020-06-16 14:00:00,4136001,9kRcWv60rDACzjR,640.3666666666668,221.8333333333333,640.3666666666668,597.1263314710559,517.5154333333335,754.07007,221.8333333333333,640.3666666666668,-418.53333333333353,-0.6535838842329917,0.6535838842329917,0.8376117177500583,127,False,WITHIN_THRESHOLD
2020-06-16 14:00:00,4136001,Et9kgGMDl729KT4,635.7466666666668,211.4642857142857,635.7466666666668,582.7285328931505,487.4439357142857,650.18994,211.4642857142857,635.7466666666668,-424.2823809523811,-0.6673764931823699,0.6673764931823699,1.0,105,False,WITHIN_THRESHOLD
2020-06-16 14:00:00,4136001,IQ2d7wF4YD8zU1Q,693.2642857142856,221.80666666666664,693.2642857142856,627.5846000927183,547.3092238095238,754.87683,221.80666666666664,693.2642857142856,-471.457619047619,-0.6800546757747166,0.6800546757747166,1.0,129,False,WITHIN_THRESHOLD
2020-06-16 14:00:00,4136001,LYwnQax7tkwH5Cb,619.9266666666667,213.6866666666667,619.9266666666667,575.0019554275416,519.2699642857142,757.75464,213.6866666666667,619.9266666666667,-406.24,-0.6553033154459129,0.6553033154459129,0.8540476989297716,143,False,WITHIN_THRESHOLD
2020-06-16 14:00:00,4136001,LlT2YUhhzqhg5Sw,631.7133333333333,220.4,631.7133333333333,587.6921796863169,517.1810166666669,754.07007,220.4,631.7133333333333,-411.3133333333333,-0.6511075698892957,0.6511075698892957,0.8849165458231198,127,False,WITHIN_THRESHOLD
2020-06-16 14:00:00,4136001,Mx2yZCDsyf6DPfv,709.0466666666665,239.0285714285714,709.0466666666665,597.0304195661813,530.8773904761906,699.67017,239.0285714285714,709.0466666666665,-470.0180952380951,-0.6628873913866908,0.6628873913866908,1.0,96,False,WITHIN_THRESHOLD
2020-06-16 14:00:00,4136001,NgDl19wMapZy17u,691.9285714285713,221.8333333333333,691.9285714285713,627.1567524493832,547.3211952380952,754.87683,221.8333333333333,691.9285714285713,-470.0952380952381,-0.6793985065895874,0.6793985065895874,1.0,129,False,WITHIN_THRESHOLD
2020-06-16 14:00:00,4136001,PeE6FRyGXUgsRhN,667.4200000000001,213.21333333333328,667.4200000000001,561.2867626027603,512.1533119047618,688.8884,213.21333333333328,667.4200000000001,-454.2066666666668,-0.6805409886827886,0.6805409886827886,1.0050898489883968,130,False,WITHIN_THRESHOLD
2020-06-16 14:00:00,4136001,Qf4GUc1pJu5T6c6,733.0333333333334,235.5642857142857,733.0333333333334,638.3165662079757,480.8543880952381,662.9712,235.5642857142857,733.0333333333334,-497.4690476190477,-0.6786445104165991,0.6786445104165991,1.0,91,False,WITHIN_THRESHOLD
2020-06-16 14:00:00,4136001,Quc1TzYxW2pYoWX,594.1133333333332,191.8571428571429,594.1133333333332,541.6514826827911,498.8469214285711,714.9217,191.8571428571429,594.1133333333332,-402.25619047619034,-0.6770697910772194,0.6770697910772194,1.0,108,False,WITHIN_THRESHOLD
2020-06-16 14:00:00,4136001,V94E5Ben1TlhnDV,666.4133333333333,213.28000000000003,666.4133333333333,556.5962620917358,497.70463095238097,693.46454,213.28000000000003,666.4133333333333,-453.13333333333327,-0.6799583841859906,0.6799583841859906,1.0842639735182622,98,False,WITHIN_THRESHOLD
2020-06-16 14:00:00,4136001,WcxssY2VbP4hApt,669.9333333333333,226.0,669.9333333333333,613.6007969604536,528.7138261904762,758.479,226.0,669.9333333333333,-443.9333333333333,-0.6626530002985371,0.6626530002985371,0.8131277317394211,142,False,WITHIN_THRESHOLD
2020-06-16 14:00:00,4136001,mqwcsP2rE7J0TFp,710.8571428571429,220.96666666666667,710.8571428571429,631.4377937721656,550.2505857142856,755.9847,220.96666666666667,710.8571428571429,-489.8904761904762,-0.6891546087888532,0.6891546087888532,1.0188512076579566,137,False,WITHIN_THRESHOLD
2020-06-16 14:00:00,4136001,oZ35aAeoifZaQzV,709.8466666666667,240.55714285714288,709.8466666666667,595.7117883744199,529.7646809523809,699.67017,240.55714285714288,709.8466666666667,-469.2895238095238,-0.6611139360747257,0.6611139360747257,1.0,97,False,WITHIN_THRESHOLD
2020-06-16 14:00:00,4136001,oZZkBaNadn6DNKz,688.0466666666665,216.0533333333333,688.0466666666665,573.2170010709001,511.8808142857142,688.8884,216.0533333333333,688.0466666666665,-471.9933333333332,-0.6859902913562065,0.6859902913562065,1.1151183176572743,114,False,WITHIN_THRESHOLD
2020-06-16 14:00:00,4136001,q49J1IKaHRwDQnt,648.5066666666665,219.46,648.5066666666665,592.4824791241838,520.7305857142859,754.07007,219.46,648.5066666666665,-429.0466666666665,-0.6615917595295858,0.6615917595295858,0.8617696945001074,143,False,WITHIN_THRESHOLD
2020-06-16 14:00:00,4136001,rrq4fwE8jgrTyWY,623.0666666666667,211.3466666666667,623.0666666666667,545.6990633759556,505.9112857142856,689.7018,211.3466666666667,623.0666666666667,-411.72,-0.6607960624866253,0.6607960624866253,1.0,135,False,WITHIN_THRESHOLD
2020-06-16 14:00:00,4136001,vOuJvMaM2sgwLmb,666.0133333333333,222.44000000000003,666.0133333333333,560.313195694081,526.254176190476,743.6905,222.44000000000003,666.0133333333333,-443.57333333333327,-0.6660126924385897,0.6660126924385897,0.7896224826398267,142,False,WITHIN_THRESHOLD
2020-06-16 14:00:00,4136001,xMbIugepa2P7lBB,667.0071428571428,219.08,667.0071428571428,615.4264731313392,532.6137690476191,758.479,219.08,667.0071428571428,-447.9271428571427,-0.6715477452586713,0.6715477452586713,0.9823653995011609,129,False,WITHIN_THRESHOLD
2020-06-16 14:00:00,4136001,xoJJ8DcxJEcupym,661.5066666666667,217.85333333333327,661.5066666666667,591.9901687904037,522.3267857142858,758.0329,217.85333333333327,661.5066666666667,-443.6533333333334,-0.6706709934896097,0.6706709934896097,0.8195700732505016,143,False,WITHIN_THRESHOLD
2020-06-16 14:15:00,4136001,4UPUqMRk7TRMgml,239.7071428571429,0.0,239.7071428571429,655.6449716187985,410.16497142857145,549.607,0.0,239.7071428571429,-239.7071428571429,-1.0,1.0,1.0,105,False,WITHIN_THRESHOLD
2020-06-16 14:15:00,4136001,81aHJ1q11NBPMrL,223.0066666666667,0.0,223.0066666666667,613.5911789487193,435.72760000000017,586.1061,0.0,223.0066666666667,-223.0066666666667,-1.0,1.0,0.7988725021368553,143,True,FLAGGED
2020-06-16 14:15:00,4136001,9kRcWv60rDACzjR,221.8333333333333,0.0,221.8333333333333,602.592469939118,432.4439071428572,574.00616,0.0,221.8333333333333,-221.8333333333333,-1.0,1.0,0.8376117177500583,127,True,FLAGGED
2020-06-16 14:15:00,4136001,Et9kgGMDl729KT4,211.4642857142857,0.0,211.4642857142857,591.0639870528635,410.662411904762,567.116,0.0,211.4642857142857,-211.4642857142857,-1.0,1.0,1.0,105,False,WITHIN_THRESHOLD
2020-06-16 14:15:00,4136001,IQ2d7wF4YD8zU1Q,221.80666666666664,0.0,221.80666666666664,638.2454959270699,425.74978095238106,543.7915,0.0,221.80666666666664,-221.80666666666664,-1.0,1.0,1.0,129,False,WITHIN_THRESHOLD
2020-06-16 14:15:00,4136001,LYwnQax7tkwH5Cb,213.6866666666667,0.0,213.6866666666667,584.8425331122967,425.1347690476192,437.789,0.0,213.6866666666667,-213.6866666666667,-1.0,1.0,0.8540476989297716,143,True,FLAGGED
2020-06-16 14:15:00,4136001,LlT2YUhhzqhg5Sw,220.4,0.0,220.4,595.0087104210936,430.8395666666668,569.6481,0.0,220.4,-220.4,-1.0,1.0,0.8849165458231198,127,True,FLAGGED
2020-06-16 14:15:00,4136001,Mx2yZCDsyf6DPfv,239.0285714285714,0.0,239.0285714285714,638.5925725420059,415.13485,556.64343,0.0,239.0285714285714,-239.0285714285714,-1.0,1.0,1.0,96,False,WITHIN_THRESHOLD
2020-06-16 14:15:00,4136001,NgDl19wMapZy17u,221.8333333333333,0.0,221.8333333333333,636.625743957625,427.98019761904766,547.8448,0.0,221.8333333333333,-221.8333333333333,-1.0,1.0,1.0,129,False,WITHIN_THRESHOLD
2020-06-16 14:15:00,4136001,PeE6FRyGXUgsRhN,213.21333333333328,0.0,213.21333333333328,611.2754570671898,419.09577142857137,547.8742,0.0,213.21333333333328,-213.21333333333328,-1.0,1.0,1.0050898489883968,130,False,WITHIN_THRESHOLD
2020-06-16 14:15:00,4136001,Qf4GUc1pJu5T6c6,235.5642857142857,0.0,235.5642857142857,662.1716711482093,414.979411904762,539.83057,0.0,235.5642857142857,-235.5642857142857,-1.0,1.0,1.0,91,False,WITHIN_THRESHOLD
2020-06-16 14:15:00,4136001,Quc1TzYxW2pYoWX,191.8571428571429,0.0,191.8571428571429,570.4648631380257,425.63306904761913,440.2865,0.0,191.8571428571429,-191.8571428571429,-1.0,1.0,1.0,108,False,WITHIN_THRESHOLD
2020-06-16 14:15:00,4136001,V94E5Ben1TlhnDV,213.28000000000003,0.0,213.28000000000003,607.6716555981006,418.6452690476191,552.5774,0.0,213.28000000000003,-213.28000000000003,-1.0,1.0,1.0842639735182622,98,False,WITHIN_THRESHOLD
2020-06-16 14:15:00,4136001,WcxssY2VbP4hApt,226.0,0.0,226.0,625.2265674638695,437.0113690476192,551.42,0.0,226.0,-226.0,-1.0,1.0,0.8131277317394211,142,True,FLAGGED
2020-06-16 14:15:00,4136001,mqwcsP2rE7J0TFp,220.96666666666667,0.0,220.96666666666667,649.4343648088393,429.9839285714288,544.18964,0.0,220.96666666666667,-220.96666666666667,-1.0,1.0,1.0188512076579566,137,False,WITHIN_THRESHOLD
2020-06-16 14:15:00,4136001,oZ35aAeoifZaQzV,240.55714285714288,0.0,240.55714285714288,639.2162964589227,415.0483500000001,556.64343,0.0,240.55714285714288,-240.55714285714288,-1.0,1.0,1.0,97,False,WITHIN_THRESHOLD
2020-06-16 14:15:00,4136001,oZZkBaNadn6DNKz,216.0533333333333,0.0,216.0533333333333,624.3411651633432,424.7089714285714,554.6368,0.0,216.0533333333333,-216.0533333333333,-1.0,1.0,1.1151183176572743,114,False,WITHIN_THRESHOLD
2020-06-16 14:15:00,4136001,q49J1IKaHRwDQnt,219.46,0.0,219.46,607.4670777843271,432.4028071428573,567.5083,0.0,219.46,-219.46,-1.0,1.0,0.8617696945001074,143,True,FLAGGED
2020-06-16 14:15:00,4136001,rrq4fwE8jgrTyWY,211.3466666666667,0.0,211.3466666666667,575.2543519088133,413.17675238095234,437.70874,0.0,211.3466666666667,-211.3466666666667,-1.0,1.0,1.0,135,False,WITHIN_THRESHOLD
2020-06-16 14:15:00,4136001,vOuJvMaM2sgwLmb,222.44000000000003,0.0,222.44000000000003,620.9060765805491,435.3559880952382,584.2278,0.0,222.44000000000003,-222.44000000000003,-1.0,1.0,0.7896224826398267,142,True,FLAGGED
2020-06-16 14:15:00,4136001,xMbIugepa2P7lBB,219.08,0.0,219.08,620.3635903856016,429.0311380952383,548.68774,0.0,219.08,-219.08,-1.0,1.0,0.9823653995011609,129,True,FLAGGED
2020-06-16 14:15:00,4136001,xoJJ8DcxJEcupym,217.85333333333327,0.0,217.85333333333327,619.198668585515,434.1890047619048,587.19824,0.0,217.85333333333327,-217.85333333333327,-1.0,1.0,0.8195700732505016,143,True,FLAGGED
2020-06-16 14:45:00,4136001,4UPUqMRk7TRMgml,580.7333333333333,550.6999999999999,580.7333333333333,79.06371752074241,467.3550380952384,492.54834,550.6999999999999,580.7333333333333,-30.033333333333417,-0.0517162208701643,0.0517162208701643,1.0,105,False,WITHIN_THRESHOLD
2020-06-16 14:45:00,4136001,81aHJ1q11NBPMrL,574.8533333333335,526.1466666666668,574.8533333333335,85.24786654925157,468.8166547619048,444.09207,526.1466666666668,574.8533333333335,-48.706666666666706,-0.08472885837546973,0.08472885837546973,0.7988725021368553,143,False,WITHIN_THRESHOLD
2020-06-16 14:45:00,4136001,9kRcWv60rDACzjR,561.4666666666667,513.4733333333332,561.4666666666667,85.96003623670637,470.3324547619048,449.29593,513.4733333333332,561.4666666666667,-47.99333333333345,-0.08547850866777508,0.08547850866777508,0.8376117177500583,127,False,WITHIN_THRESHOLD
2020-06-16 14:45:00,4136001,Et9kgGMDl729KT4,524.1066666666666,495.08,524.1066666666666,69.5764963596126,459.2936912698416,431.3277,495.08,524.1066666666666,-29.026666666666586,-0.05538312811641382,0.05538312811641382,1.0,105,False,WITHIN_THRESHOLD
2020-06-16 14:45:00,4136001,IQ2d7wF4YD8zU1Q,561.5466666666667,528.7666666666667,561.5466666666667,86.18947738208522,495.4237238095237,453.3201,528.7666666666667,561.5466666666667,-32.780000000000086,-0.058374489505176326,0.058374489505176326,1.0,129,False,WITHIN_THRESHOLD
2020-06-16 14:45:00,4136001,LYwnQax7tkwH5Cb,528.9142857142857,492.5866666666666,528.9142857142857,86.24244251869439,465.3087214285715,443.41696,492.5866666666666,528.9142857142857,-36.32761904761912,-0.06868337654854523,0.06868337654854523,0.8540476989297716,143,False,WITHIN_THRESHOLD
2020-06-16 14:45:00,4136001,LlT2YUhhzqhg5Sw,547.9714285714288,506.9866666666666,547.9714285714288,86.49461471215733,472.2752309523811,449.29593,506.9866666666666,547.9714285714288,-40.98476190476214,-0.0747936110676612,0.0747936110676612,0.8849165458231198,127,False,WITHIN_THRESHOLD
2020-06-16 14:45:00,4136001,Mx2yZCDsyf6DPfv,579.9066666666665,545.0333333333333,579.9066666666665,83.99375723920551,482.1203380952385,487.4476,545.0333333333333,579.9066666666665,-34.87333333333322,-0.06013611385740216,0.06013611385740216,1.0,96,False,WITHIN_THRESHOLD
2020-06-16 14:45:00,4136001,NgDl19wMapZy17u,558.6133333333332,527.04,558.6133333333332,86.47848713107362,495.6919238095237,453.3201,527.04,558.6133333333332,-31.573333333333267,-0.056520908917318965,0.056520908917318965,1.0,129,False,WITHIN_THRESHOLD
2020-06-16 14:45:00,4136001,PeE6FRyGXUgsRhN,562.1933333333335,520.9857142857144,562.1933333333335,85.78452314923656,455.2977357142856,449.5164,520.9857142857144,562.1933333333335,-41.20761904761912,-0.07329795037463821,0.07329795037463821,1.0050898489883968,130,False,WITHIN_THRESHOLD
2020-06-16 14:45:00,4136001,Qf4GUc1pJu5T6c6,569.8066666666667,547.3399999999999,569.8066666666667,75.23975460516407,475.808635714286,492.73267,547.3399999999999,569.8066666666667,-22.46666666666681,-0.03942857811421443,0.03942857811421443,1.0,91,False,WITHIN_THRESHOLD
2020-06-16 14:45:00,4136001,Quc1TzYxW2pYoWX,478.92666666666673,457.68,478.92666666666673,70.8375418188997,460.2745888888893,456.9138,457.68,478.92666666666673,-21.246666666666727,-0.04436308968666057,0.04436308968666057,1.0,108,False,WITHIN_THRESHOLD
2020-06-16 14:45:00,4136001,V94E5Ben1TlhnDV,431.9066666666666,526.9214285714285,431.9066666666666,85.97019119539783,455.1769023809523,449.5164,526.9214285714285,431.9066666666666,95.01476190476188,0.21998910699401544,0.21998910699401544,1.0842639735182622,98,False,WITHIN_THRESHOLD
2020-06-16 14:45:00,4136001,WcxssY2VbP4hApt,577.7066666666666,531.9733333333334,577.7066666666666,85.592717073158,497.243419047619,442.71518,531.9733333333334,577.7066666666666,-45.733333333333235,-0.07916358936484474,0.07916358936484474,0.8131277317394211,142,False,WITHIN_THRESHOLD
2020-06-16 14:45:00,4136001,mqwcsP2rE7J0TFp,554.2933333333333,530.6133333333332,554.2933333333333,89.58503005798318,493.83942142857154,450.96637,530.6133333333332,554.2933333333333,-23.680000000000064,-0.04272106225343993,0.04272106225343993,1.0188512076579566,137,False,WITHIN_THRESHOLD
2020-06-16 14:45:00,4136001,oZ35aAeoifZaQzV,582.72,550.2133333333334,582.72,86.55749252557858,494.13001666666673,490.47012,550.2133333333334,582.72,-32.50666666666666,-0.05578436756360972,0.05578436756360972,1.0,97,False,WITHIN_THRESHOLD
2020-06-16 14:45:00,4136001,oZZkBaNadn6DNKz,577.4933333333332,536.6642857142857,577.4933333333332,85.71830902483367,476.6954476190477,443.51807,536.6642857142857,577.4933333333332,-40.829047619047515,-0.07070046572378473,0.07070046572378473,1.1151183176572743,114,False,WITHIN_THRESHOLD
2020-06-16 14:45:00,4136001,q49J1IKaHRwDQnt,83.94285714285715,512.76,83.94285714285715,86.03662529436139,469.63475000000005,449.29593,512.76,83.94285714285715,428.8171428571428,5.108441116405717,5.108441116405717,0.8617696945001074,143,True,FLAGGED
2020-06-16 14:45:00,4136001,rrq4fwE8jgrTyWY,519.9928571428571,488.14666666666665,519.9928571428571,85.97488965069402,459.4585547619048,453.96637,488.14666666666665,519.9928571428571,-31.846190476190486,-0.06124351524975162,0.06124351524975162,1.0,135,False,WITHIN_THRESHOLD
2020-06-16 14:45:00,4136001,vOuJvMaM2sgwLmb,574.7733333333332,529.66,574.7733333333332,83.6574764425607,465.1684928571429,461.25644,529.66,574.7733333333332,-45.11333333333323,-0.07848891157093794,0.07848891157093794,0.7896224826398267,142,False,WITHIN_THRESHOLD
2020-06-16 14:45:00,4136001,xMbIugepa2P7lBB,558.32,519.54,558.32,85.9431314165349,497.14325,445.56808,519.54,558.32,-38.780000000000086,-0.06945837512537628,0.06945837512537628,0.9823653995011609,129,False,WITHIN_THRESHOLD
2020-06-16 14:45:00,4136001,xoJJ8DcxJEcupym,572.7733333333333,524.4071428571428,572.7733333333333,85.78379157298653,458.5791785714285,449.5164,524.4071428571428,572.7733333333333,-48.36619047619047,-0.08444211289432202,0.08444211289432202,0.8195700732505016,143,False,WITHIN_THRESHOLD
2020-06-16 15:00:00,4136001,4UPUqMRk7TRMgml,550.6999999999999,566.8357142857143,550.6999999999999,474.4396956500589,462.68847857142873,452.62112,566.8357142857143,550.6999999999999,16.135714285714357,0.029300370956445176,0.029300370956445176,1.0,105,False,WITHIN_THRESHOLD
2020-06-16 15:00:00,4136001,81aHJ1q11NBPMrL,526.1466666666668,556.3133333333333,526.1466666666668,471.6203179056786,460.7786166666669,434.78656,556.3133333333333,526.1466666666668,30.166666666666515,0.057335090342363046,0.057335090342363046,0.7988725021368553,143,False,WITHIN_THRESHOLD
2020-06-16 15:00:00,4136001,9kRcWv60rDACzjR,513.4733333333332,549.3399999999999,513.4733333333332,462.521265478389,456.0074238095238,440.8368,549.3399999999999,513.4733333333332,35.866666666666674,0.06985107957570016,0.06985107957570016,0.8376117177500583,127,False,WITHIN_THRESHOLD
2020-06-16 15:00:00,4136001,Et9kgGMDl729KT4,495.08,496.0933333333333,495.08,429.02077698413,455.5454833333334,432.38428,496.0933333333333,495.08,1.0133333333333212,0.0020468072500067084,0.0020468072500067084,1.0,105,False,WITHIN_THRESHOLD
2020-06-16 15:00:00,4136001,IQ2d7wF4YD8zU1Q,528.7666666666667,566.7642857142857,528.7666666666667,460.2598664157383,457.39555238095255,450.85788,566.7642857142857,528.7666666666667,37.99761904761908,0.07186084419268565,0.07186084419268565,1.0,129,False,WITHIN_THRESHOLD
2020-06-16 15:00:00,4136001,LYwnQax7tkwH5Cb,492.5866666666666,527.3533333333334,492.5866666666666,438.63785811454267,455.0074714285716,440.5772,527.3533333333334,492.5866666666666,34.766666666666765,0.07057979644867929,0.07057979644867929,0.8540476989297716,143,False,WITHIN_THRESHOLD
2020-06-16 15:00:00,4136001,LlT2YUhhzqhg5Sw,506.9866666666666,542.6200000000001,506.9866666666666,452.2036825741937,458.4465452380953,440.8662,542.6200000000001,506.9866666666666,35.633333333333496,0.07028455712181812,0.07028455712181812,0.8849165458231198,127,False,WITHIN_THRESHOLD
2020-06-16 15:00:00,4136001,Mx2yZCDsyf6DPfv,545.0333333333333,560.6357142857144,545.0333333333333,474.6529253779996,461.3329619047622,452.1292,560.6357142857144,545.0333333333333,15.602380952381054,0.028626471076474324,0.028626471076474324,1.0,96,False,WITHIN_THRESHOLD
2020-06-16 15:00:00,4136001,NgDl19wMapZy17u,527.04,565.9857142857143,527.04,458.3363429381151,457.658023809524,445.55292,565.9857142857143,527.04,38.9457142857143,0.07389517737878397,0.07389517737878397,1.0,129,False,WITHIN_THRESHOLD
2020-06-16 15:00:00,4136001,PeE6FRyGXUgsRhN,520.9857142857144,534.8466666666666,520.9857142857144,464.1675393973469,457.0565976190477,432.65686,534.8466666666666,520.9857142857144,13.860952380952199,0.026605244636997278,0.026605244636997278,1.0050898489883968,130,False,WITHIN_THRESHOLD
2020-06-16 15:00:00,4136001,Qf4GUc1pJu5T6c6,547.3399999999999,566.4142857142856,547.3399999999999,466.4781638227575,460.19087142857154,450.82846,566.4142857142856,547.3399999999999,19.07428571428568,0.03484906221779092,0.03484906221779092,1.0,91,False,WITHIN_THRESHOLD
2020-06-16 15:00:00,4136001,Quc1TzYxW2pYoWX,457.68,453.63333333333327,457.68,398.0832201302646,451.8175380952382,450.11752,453.63333333333327,457.68,-4.046666666666738,-0.008841694342481074,0.008841694342481074,1.0,108,False,WITHIN_THRESHOLD
2020-06-16 15:00:00,4136001,V94E5Ben1TlhnDV,526.9214285714285,533.4466666666666,526.9214285714285,371.3726824570105,451.4527595238097,457.07364,533.4466666666666,526.9214285714285,6.525238095238137,0.01238370227783133,0.01238370227783133,1.0842639735182622,98,False,WITHIN_THRESHOLD
2020-06-16 15:00:00,4136001,WcxssY2VbP4hApt,531.9733333333334,563.9266666666667,531.9733333333334,472.9795901294297,461.7557166666669,441.0294,563.9266666666667,531.9733333333334,31.953333333333376,0.06006566745200268,0.06006566745200268,0.8131277317394211,142,False,WITHIN_THRESHOLD
2020-06-16 15:00:00,4136001,mqwcsP2rE7J0TFp,530.6133333333332,570.857142857143,530.6133333333332,455.46645553063735,459.9143261904764,445.061,570.857142857143,530.6133333333332,40.24380952380977,0.07584394698677589,0.07584394698677589,1.0188512076579566,137,False,WITHIN_THRESHOLD
2020-06-16 15:00:00,4136001,oZ35aAeoifZaQzV,550.2133333333334,560.0214285714286,550.2133333333334,477.2889436683704,460.6342333333336,452.1292,560.0214285714286,550.2133333333334,9.808095238095234,0.01782598611101494,0.01782598611101494,1.0,97,False,WITHIN_THRESHOLD
2020-06-16 15:00:00,4136001,oZZkBaNadn6DNKz,536.6642857142857,541.9133333333333,536.6642857142857,475.178957195804,458.1413071428572,447.06888,541.9133333333333,536.6642857142857,5.249047619047587,0.009780877466182133,0.009780877466182133,1.1151183176572743,114,False,WITHIN_THRESHOLD
2020-06-16 15:00:00,4136001,q49J1IKaHRwDQnt,512.76,544.6133333333331,512.76,117.35617685520626,460.4747047619047,428.55783,544.6133333333331,512.76,31.853333333333126,0.062121330316977,0.062121330316977,0.8617696945001074,143,False,WITHIN_THRESHOLD
2020-06-16 15:00:00,4136001,rrq4fwE8jgrTyWY,488.14666666666665,524.44,488.14666666666665,431.8884853501786,454.2598880952383,440.3559,524.44,488.14666666666665,36.29333333333341,0.0743492392996642,0.0743492392996642,1.0,135,False,WITHIN_THRESHOLD
2020-06-16 15:00:00,4136001,vOuJvMaM2sgwLmb,529.66,555.0000000000001,529.66,472.2131534686387,460.8290500000001,433.43597,555.0000000000001,529.66,25.340000000000146,0.04784201185666304,0.04784201185666304,0.7896224826398267,142,False,WITHIN_THRESHOLD
2020-06-16 15:00:00,4136001,xMbIugepa2P7lBB,519.54,556.1928571428571,519.54,458.513553247995,458.7968500000002,433.96118,556.1928571428571,519.54,36.6528571428571,0.07054867217703566,0.07054867217703566,0.9823653995011609,129,False,WITHIN_THRESHOLD
2020-06-16 15:00:00,4136001,xoJJ8DcxJEcupym,524.4071428571428,541.6533333333333,524.4071428571428,471.3976471855032,459.8285476190477,433.30322,541.6533333333333,524.4071428571428,17.246190476190463,0.032887024349492144,0.032887024349492144,0.8195700732505016,143,False,WITHIN_THRESHOLD
2020-06-16 15:15:00,4136001,4UPUqMRk7TRMgml,566.8357142857143,660.56,566.8357142857143,468.3816048360959,486.6562928571429,482.21887,660.56,566.8357142857143,93.72428571428566,0.16534647227087707,0.16534647227087707,1.0,105,False,WITHIN_THRESHOLD
2020-06-16 15:15:00,4136001,81aHJ1q11NBPMrL,556.3133333333333,602.5357142857143,556.3133333333333,455.3789176391991,484.2200880952381,484.56775,602.5357142857143,556.3133333333333,46.22238095238106,0.08308695510751926,0.08308695510751926,0.7988725021368553,143,False,WITHIN_THRESHOLD
2020-06-16 15:15:00,4136001,9kRcWv60rDACzjR,549.3399999999999,594.3571428571429,549.3399999999999,447.3814958878914,483.3788761904764,488.18082,594.3571428571429,549.3399999999999,45.01714285714297,0.08194768787480063,0.08194768787480063,0.8376117177500583,127,False,WITHIN_THRESHOLD
2020-06-16 15:15:00,4136001,Et9kgGMDl729KT4,496.0933333333333,573.3066666666665,496.0933333333333,430.2306312232839,469.4004761904765,495.72678,573.3066666666665,496.0933333333333,77.2133333333332,0.15564275539548983,0.15564275539548983,1.0,105,False,WITHIN_THRESHOLD
2020-06-16 15:15:00,4136001,IQ2d7wF4YD8zU1Q,566.7642857142857,703.6,566.7642857142857,455.7350496321693,483.10556190476206,483.44485,703.6,566.7642857142857,136.8357142857143,0.24143319848261433,0.24143319848261433,1.0,129,False,WITHIN_THRESHOLD
2020-06-16 15:15:00,4136001,LYwnQax7tkwH5Cb,527.3533333333334,609.2266666666666,527.3533333333334,433.5838362370271,476.3906214285717,500.07303,609.2266666666666,527.3533333333334,81.87333333333322,0.15525327737253938,0.15525327737253938,0.8540476989297716,143,False,WITHIN_THRESHOLD
2020-06-16 15:15:00,4136001,LlT2YUhhzqhg5Sw,542.6200000000001,619.5933333333332,542.6200000000001,443.8519503533004,482.492323809524,487.05792,619.5933333333332,542.6200000000001,76.97333333333313,0.14185495067143325,0.14185495067143325,0.8849165458231198,127,False,WITHIN_THRESHOLD
2020-06-16 15:15:00,4136001,Mx2yZCDsyf6DPfv,560.6357142857144,653.8133333333334,560.6357142857144,465.1733398771147,484.02303333333344,484.57983,653.8133333333334,560.6357142857144,93.17761904761903,0.16619993459805404,0.16619993459805404,1.0,96,False,WITHIN_THRESHOLD
2020-06-16 15:15:00,4136001,NgDl19wMapZy17u,565.9857142857143,708.2333333333333,565.9857142857143,454.74028195532736,481.8424357142857,487.70428,708.2333333333333,565.9857142857143,142.24761904761908,0.2513272251529149,0.2513272251529149,1.0,129,False,WITHIN_THRESHOLD
2020-06-16 15:15:00,4136001,PeE6FRyGXUgsRhN,534.8466666666666,609.9866666666667,534.8466666666666,450.4430987390104,485.08971190476194,487.70428,609.9866666666667,534.8466666666666,75.1400000000001,0.14048886285165862,0.14048886285165862,1.0050898489883968,130,False,WITHIN_THRESHOLD
2020-06-16 15:15:00,4136001,Qf4GUc1pJu5T6c6,566.4142857142856,654.7933333333333,566.4142857142856,465.3160291647234,482.64969285714295,485.80847,654.7933333333333,566.4142857142856,88.3790476190477,0.15603251868479256,0.15603251868479256,1.0,91,False,WITHIN_THRESHOLD
2020-06-16 15:15:00,4136001,Quc1TzYxW2pYoWX,453.63333333333327,528.6933333333334,453.63333333333327,402.9316685866345,459.7699547619051,493.005,528.6933333333334,453.63333333333327,75.06000000000012,0.16546403115585304,0.16546403115585304,1.0,108,False,WITHIN_THRESHOLD
2020-06-16 15:15:00,4136001,V94E5Ben1TlhnDV,533.4466666666666,594.1933333333334,533.4466666666666,451.264076184616,482.36028333333326,487.70428,594.1933333333334,533.4466666666666,60.74666666666678,0.11387580139220439,0.11387580139220439,1.0842639735182622,98,False,WITHIN_THRESHOLD
2020-06-16 15:15:00,4136001,WcxssY2VbP4hApt,563.9266666666667,632.8357142857143,563.9266666666667,459.076952680186,481.95030238095234,485.99564,632.8357142857143,563.9266666666667,68.90904761904756,0.12219505069048141,0.12219505069048141,0.8131277317394211,142,False,WITHIN_THRESHOLD
2020-06-16 15:15:00,4136001,mqwcsP2rE7J0TFp,570.857142857143,701.8266666666666,570.857142857143,456.6714701664672,479.7114761904762,487.05792,701.8266666666666,570.857142857143,130.9695238095236,0.22942609275942566,0.22942609275942566,1.0188512076579566,137,False,WITHIN_THRESHOLD
2020-06-16 15:15:00,4136001,oZ35aAeoifZaQzV,560.0214285714286,652.08,560.0214285714286,469.1235256358853,485.6364023809524,483.34177,652.08,560.0214285714286,92.05857142857144,0.16438401591775825,0.16438401591775825,1.0,97,False,WITHIN_THRESHOLD
2020-06-16 15:15:00,4136001,oZZkBaNadn6DNKz,541.9133333333333,623.1933333333333,541.9133333333333,460.50366730557874,482.1892857142858,483.5776,623.1933333333333,541.9133333333333,81.27999999999997,0.1499870828053686,0.1499870828053686,1.1151183176572743,114,False,WITHIN_THRESHOLD
2020-06-16 15:15:00,4136001,q49J1IKaHRwDQnt,544.6133333333331,645.72,544.6133333333331,433.54350807719015,484.6479452380954,498.3697,645.72,544.6133333333331,101.10666666666691,0.1856485335161343,0.1856485335161343,0.8617696945001074,143,False,WITHIN_THRESHOLD
2020-06-16 15:15:00,4136001,rrq4fwE8jgrTyWY,524.44,610.6999999999999,524.44,429.91115651799714,475.1863571428574,502.77884,610.6999999999999,524.44,86.25999999999988,0.164480207459385,0.164480207459385,1.0,135,False,WITHIN_THRESHOLD
2020-06-16 15:15:00,4136001,vOuJvMaM2sgwLmb,555.0000000000001,615.0500000000001,555.0000000000001,458.1960684171639,481.4090642857143,484.56775,615.0500000000001,555.0000000000001,60.049999999999955,0.10819819819819809,0.10819819819819809,0.7896224826398267,142,False,WITHIN_THRESHOLD
2020-06-16 15:15:00,4136001,xMbIugepa2P7lBB,556.1928571428571,679.38,556.1928571428571,450.19388101136246,484.9203285714286,487.05792,679.38,556.1928571428571,123.18714285714293,0.22148278474835312,0.22148278474835312,0.9823653995011609,129,False,WITHIN_THRESHOLD
2020-06-16 15:15:00,4136001,xoJJ8DcxJEcupym,541.6533333333333,604.3,541.6533333333333,454.22416772513975,484.85828333333336,484.56775,604.3,541.6533333333333,62.64666666666665,0.11565823158723904,0.11565823158723904,0.8195700732505016,143,False,WITHIN_THRESHOLD
2020-06-16 15:30:00,4136001,4UPUqMRk7TRMgml,660.56,499.50666666666655,660.56,505.4569963122463,345.26008809523825,392.4496,499.50666666666655,660.56,-161.0533333333334,-0.24381333010375048,0.24381333010375048,1.0,105,False,WITHIN_THRESHOLD
2020-06-16 15:30:00,4136001,81aHJ1q11NBPMrL,602.5357142857143,494.7600000000001,602.5357142857143,499.92574749676834,341.98966428571424,399.82578,494.7600000000001,602.5357142857143,-107.77571428571423,-0.17887025072609794,0.17887025072609794,0.7988725021368553,143,False,WITHIN_THRESHOLD
2020-06-16 15:30:00,4136001,9kRcWv60rDACzjR,594.3571428571429,481.1,594.3571428571429,494.7585253398678,341.7187785714286,399.82578,481.1,594.3571428571429,-113.25714285714287,-0.1905540199495253,0.1905540199495253,0.8376117177500583,127,False,WITHIN_THRESHOLD
2020-06-16 15:30:00,4136001,Et9kgGMDl729KT4,573.3066666666665,419.70714285714286,573.3066666666665,453.73625709260745,333.9731000000001,375.53235,419.70714285714286,573.3066666666665,-153.59952380952365,-0.26791860750998364,0.26791860750998364,1.0,105,False,WITHIN_THRESHOLD
2020-06-16 15:30:00,4136001,IQ2d7wF4YD8zU1Q,703.6,498.12000000000006,703.6,506.8385275120217,344.7126595238096,399.0061,498.12000000000006,703.6,-205.47999999999996,-0.2920409323479249,0.2920409323479249,1.0,129,False,WITHIN_THRESHOLD
2020-06-16 15:30:00,4136001,LYwnQax7tkwH5Cb,609.2266666666666,440.4,609.2266666666666,479.2257186793247,336.9784261904763,373.78558,440.4,609.2266666666666,-168.8266666666666,-0.2771163442178061,0.2771163442178061,0.8540476989297716,143,False,WITHIN_THRESHOLD
2020-06-16 15:30:00,4136001,LlT2YUhhzqhg5Sw,619.5933333333332,453.57857142857137,619.5933333333332,490.72322755580313,339.9793476190476,376.08124,453.57857142857137,619.5933333333332,-166.01476190476188,-0.2679414915774248,0.2679414915774248,0.8849165458231198,127,False,WITHIN_THRESHOLD
2020-06-16 15:30:00,4136001,Mx2yZCDsyf6DPfv,653.8133333333334,487.36666666666656,653.8133333333334,501.3160958369696,343.4000047619048,392.4496,487.36666666666656,653.8133333333334,-166.44666666666683,-0.25457826902683767,0.25457826902683767,1.0,96,False,WITHIN_THRESHOLD
2020-06-16 15:30:00,4136001,NgDl19wMapZy17u,708.2333333333333,507.96,708.2333333333333,506.3431551273367,344.5680928571429,397.81378,507.96,708.2333333333333,-200.27333333333337,-0.2827787452346214,0.2827787452346214,1.0,129,False,WITHIN_THRESHOLD
2020-06-16 15:30:00,4136001,PeE6FRyGXUgsRhN,609.9866666666667,458.36666666666656,609.9866666666667,484.0722298795193,340.911861904762,399.31546,458.36666666666656,609.9866666666667,-151.62000000000012,-0.2485628101160683,0.2485628101160683,1.0050898489883968,130,False,WITHIN_THRESHOLD
2020-06-16 15:30:00,4136001,Qf4GUc1pJu5T6c6,654.7933333333333,551.1000000000001,654.7933333333333,504.533341804642,346.2939833333335,392.4496,551.1000000000001,654.7933333333333,-103.69333333333316,-0.1583603987008621,0.1583603987008621,1.0,91,False,WITHIN_THRESHOLD
2020-06-16 15:30:00,4136001,Quc1TzYxW2pYoWX,528.6933333333334,386.1714285714286,528.6933333333334,422.066834996354,320.16961428571454,366.6026,386.1714285714286,528.6933333333334,-142.5219047619048,-0.26957386404576966,0.26957386404576966,1.0,108,False,WITHIN_THRESHOLD
2020-06-16 15:30:00,4136001,V94E5Ben1TlhnDV,594.1933333333334,467.5,594.1933333333334,479.50841426879646,337.4397547619047,380.03702,467.5,594.1933333333334,-126.69333333333338,-0.2132190420626284,0.2132190420626284,1.0842639735182622,98,False,WITHIN_THRESHOLD
2020-06-16 15:30:00,4136001,WcxssY2VbP4hApt,632.8357142857143,492.54666666666657,632.8357142857143,505.1602194017007,345.1749690476192,393.66125,492.54666666666657,632.8357142857143,-140.28904761904772,-0.22168320221527457,0.22168320221527457,0.8131277317394211,142,False,WITHIN_THRESHOLD
2020-06-16 15:30:00,4136001,mqwcsP2rE7J0TFp,701.8266666666666,545.9066666666665,701.8266666666666,509.2838081823095,344.70469285714285,397.81378,545.9066666666665,701.8266666666666,-155.92000000000007,-0.22216311719892864,0.22216311719892864,1.0188512076579566,137,False,WITHIN_THRESHOLD
2020-06-16 15:30:00,4136001,oZ35aAeoifZaQzV,652.08,492.9933333333333,652.08,500.9804206751575,343.34287142857147,392.4496,492.9933333333333,652.08,-159.08666666666676,-0.24396802028380987,0.24396802028380987,1.0,97,False,WITHIN_THRESHOLD
2020-06-16 15:30:00,4136001,oZZkBaNadn6DNKz,623.1933333333333,472.6733333333333,623.1933333333333,489.127921166789,340.570480952381,398.6141,472.6733333333333,623.1933333333333,-150.51999999999998,-0.24153018324971384,0.24153018324971384,1.1151183176572743,114,False,WITHIN_THRESHOLD
2020-06-16 15:30:00,4136001,q49J1IKaHRwDQnt,645.72,453.6428571428572,645.72,478.8273479530211,338.83675000000005,382.28445,453.6428571428572,645.72,-192.0771428571428,-0.2974619693631029,0.2974619693631029,0.8617696945001074,143,False,WITHIN_THRESHOLD
2020-06-16 15:30:00,4136001,rrq4fwE8jgrTyWY,610.6999999999999,440.1571428571429,610.6999999999999,476.7679049134457,334.7354666666669,371.1261,440.1571428571429,610.6999999999999,-170.54285714285703,-0.2792579943390487,0.2792579943390487,1.0,135,False,WITHIN_THRESHOLD
2020-06-16 15:30:00,4136001,vOuJvMaM2sgwLmb,615.0500000000001,499.08,615.0500000000001,499.4064463039472,342.2332285714285,399.82578,499.08,615.0500000000001,-115.97000000000008,-0.18855377611576307,0.18855377611576307,0.7896224826398267,142,False,WITHIN_THRESHOLD
2020-06-16 15:30:00,4136001,xMbIugepa2P7lBB,679.38,476.86,679.38,499.65768588754537,341.7259952380952,399.0061,476.86,679.38,-202.51999999999998,-0.2980953222055403,0.2980953222055403,0.9823653995011609,129,False,WITHIN_THRESHOLD
2020-06-16 15:30:00,4136001,xoJJ8DcxJEcupym,604.3,471.3733333333333,604.3,489.6346306879152,340.645130952381,399.82578,471.3733333333333,604.3,-132.92666666666668,-0.2199680070605108,0.2199680070605108,0.8195700732505016,143,False,WITHIN_THRESHOLD
2020-06-16 15:45:00,4136001,4UPUqMRk7TRMgml,499.50666666666655,285.72666666666663,499.50666666666655,550.8519629694283,407.6635404761908,497.24844,285.72666666666663,499.50666666666655,-213.77999999999992,-0.4279822758455008,0.4279822758455008,1.0,105,False,WITHIN_THRESHOLD
2020-06-16 15:45:00,4136001,81aHJ1q11NBPMrL,494.7600000000001,260.11333333333334,494.7600000000001,510.1262924244589,407.0733309523811,491.41492,260.11333333333334,494.7600000000001,-234.64666666666676,-0.4742636160293207,0.4742636160293207,0.7988725021368553,143,False,WITHIN_THRESHOLD
2020-06-16 15:45:00,4136001,9kRcWv60rDACzjR,481.1,257.3066666666667,481.1,503.4748513955957,403.03520952381,479.20026,257.3066666666667,481.1,-223.79333333333335,-0.46517009630707407,0.46517009630707407,0.8376117177500583,127,False,WITHIN_THRESHOLD
2020-06-16 15:45:00,4136001,Et9kgGMDl729KT4,419.70714285714286,252.98666666666665,419.70714285714286,486.0881030695009,396.7641833333339,473.83466,252.98666666666665,419.70714285714286,-166.7204761904762,-0.397230495186553,0.397230495186553,1.0,105,False,WITHIN_THRESHOLD
2020-06-16 15:45:00,4136001,IQ2d7wF4YD8zU1Q,498.12000000000006,270.35714285714283,498.12000000000006,580.9325847118271,407.41297142857167,530.52545,270.35714285714283,498.12000000000006,-227.76285714285723,-0.457244955317709,0.457244955317709,1.0,129,False,WITHIN_THRESHOLD
2020-06-16 15:45:00,4136001,LYwnQax7tkwH5Cb,440.4,248.61333333333337,440.4,513.1844995520553,401.8912071428575,488.64896,248.61333333333337,440.4,-191.7866666666666,-0.43548289433848003,0.43548289433848003,0.8540476989297716,143,False,WITHIN_THRESHOLD
2020-06-16 15:45:00,4136001,LlT2YUhhzqhg5Sw,453.57857142857137,254.2933333333333,453.57857142857137,521.4814492207615,405.8635880952385,491.41492,254.2933333333333,453.57857142857137,-199.28523809523807,-0.43936210978304807,0.43936210978304807,0.8849165458231198,127,False,WITHIN_THRESHOLD
2020-06-16 15:45:00,4136001,Mx2yZCDsyf6DPfv,487.36666666666656,280.7,487.36666666666656,546.0931467635919,409.44063333333366,497.24844,280.7,487.36666666666656,-206.66666666666657,-0.4240476027631488,0.4240476027631488,1.0,96,False,WITHIN_THRESHOLD
2020-06-16 15:45:00,4136001,NgDl19wMapZy17u,507.96,270.66428571428565,507.96,584.0951209744367,407.4545714285717,530.52545,270.66428571428565,507.96,-237.29571428571433,-0.467154331612163,0.467154331612163,1.0,129,False,WITHIN_THRESHOLD
2020-06-16 15:45:00,4136001,PeE6FRyGXUgsRhN,458.36666666666656,250.07857142857145,458.36666666666656,514.7253552353666,407.15093095238126,491.41492,250.07857142857145,458.36666666666656,-208.2880952380951,-0.45441370497730016,0.45441370497730016,1.0050898489883968,130,False,WITHIN_THRESHOLD
2020-06-16 15:45:00,4136001,Qf4GUc1pJu5T6c6,551.1000000000001,289.0933333333333,551.1000000000001,546.1227558631385,409.32428333333365,497.24844,289.0933333333333,551.1000000000001,-262.00666666666683,-0.47542490776023727,0.47542490776023727,1.0,91,False,WITHIN_THRESHOLD
2020-06-16 15:45:00,4136001,Quc1TzYxW2pYoWX,386.1714285714286,236.4533333333333,386.1714285714286,452.3993184326317,382.9764523809526,471.31348,236.4533333333333,386.1714285714286,-149.7180952380953,-0.3876985301371216,0.3876985301371216,1.0,108,False,WITHIN_THRESHOLD
2020-06-16 15:45:00,4136001,V94E5Ben1TlhnDV,467.5,249.03571428571425,467.5,500.2286297674815,397.2775142857146,476.90814,249.03571428571425,467.5,-218.46428571428575,-0.46730328495034384,0.46730328495034384,1.0842639735182622,98,False,WITHIN_THRESHOLD
2020-06-16 15:45:00,4136001,WcxssY2VbP4hApt,492.54666666666657,267.1133333333333,492.54666666666657,531.5634141459125,408.7744500000001,501.1477,267.1133333333333,492.54666666666657,-225.43333333333328,-0.45768928832462574,0.45768928832462574,0.8131277317394211,142,False,WITHIN_THRESHOLD
2020-06-16 15:45:00,4136001,mqwcsP2rE7J0TFp,545.9066666666665,279.4285714285714,545.9066666666665,579.066456096577,407.3920380952384,524.3416,279.4285714285714,545.9066666666665,-266.47809523809514,-0.488138561972917,0.488138561972917,1.0188512076579566,137,False,WITHIN_THRESHOLD
2020-06-16 15:45:00,4136001,oZ35aAeoifZaQzV,492.9933333333333,281.05333333333334,492.9933333333333,545.095717330835,409.3879000000004,497.24844,281.05333333333334,492.9933333333333,-211.93999999999994,-0.4299043935685404,0.4299043935685404,1.0,97,False,WITHIN_THRESHOLD
2020-06-16 15:45:00,4136001,oZZkBaNadn6DNKz,472.6733333333333,257.2071428571428,472.6733333333333,524.6893580400135,408.2597190476192,494.61267,257.2071428571428,472.6733333333333,-215.4661904761905,-0.45584587765234025,0.45584587765234025,1.1151183176572743,114,False,WITHIN_THRESHOLD
2020-06-16 15:45:00,4136001,q49J1IKaHRwDQnt,453.6428571428572,260.6333333333334,453.6428571428572,527.3753212198387,399.2330642857144,496.38623,260.6333333333334,453.6428571428572,-193.00952380952384,-0.42546580590983046,0.42546580590983046,0.8617696945001074,143,False,WITHIN_THRESHOLD
2020-06-16 15:45:00,4136001,rrq4fwE8jgrTyWY,440.1571428571429,249.35333333333327,440.1571428571429,513.7227067944272,402.2655666666671,488.64896,249.35333333333327,440.1571428571429,-190.80380952380963,-0.4334902037151236,0.4334902037151236,1.0,135,False,WITHIN_THRESHOLD
2020-06-16 15:45:00,4136001,vOuJvMaM2sgwLmb,499.08,263.8466666666667,499.08,521.105604334824,405.1816952380955,491.41492,263.8466666666667,499.08,-235.2333333333333,-0.4713339210814565,0.4713339210814565,0.7896224826398267,142,False,WITHIN_THRESHOLD
2020-06-16 15:45:00,4136001,xMbIugepa2P7lBB,476.86,261.50714285714287,476.86,563.8265934244039,407.337266666667,528.24084,261.50714285714287,476.86,-215.35285714285715,-0.45160604190508147,0.45160604190508147,0.9823653995011609,129,False,WITHIN_THRESHOLD
2020-06-16 15:45:00,4136001,xoJJ8DcxJEcupym,471.3733333333333,247.0642857142857,471.3733333333333,511.3671126284366,407.0098714285716,491.41492,247.0642857142857,471.3733333333333,-224.3090476190476,-0.4758628283718092,0.4758628283718092,0.8195700732505016,143,False,WITHIN_THRESHOLD
2020-06-16 16:00:00,4136001,4UPUqMRk7TRMgml,285.72666666666663,381.79285714285714,285.72666666666663,403.36349341680767,269.9968999999999,306.15552,381.79285714285714,285.72666666666663,96.06619047619051,0.33621709725911897,0.33621709725911897,1.0,105,False,WITHIN_THRESHOLD
2020-06-16 16:00:00,4136001,81aHJ1q11NBPMrL,260.11333333333334,364.3,260.11333333333334,400.21518978796206,270.97978095238096,304.73773,364.3,260.11333333333334,104.18666666666667,0.40054335289745496,0.40054335289745496,0.7988725021368553,143,False,WITHIN_THRESHOLD
2020-06-16 16:00:00,4136001,9kRcWv60rDACzjR,257.3066666666667,356.4600000000001,257.3066666666667,390.2442962587248,270.6838285714286,314.7839,356.4600000000001,257.3066666666667,99.15333333333342,0.38535081355580925,0.38535081355580925,0.8376117177500583,127,False,WITHIN_THRESHOLD
2020-06-16 16:00:00,4136001,Et9kgGMDl729KT4,252.98666666666665,341.70666666666665,252.98666666666665,343.13174644359503,263.98387619047605,310.87793,341.70666666666665,252.98666666666665,88.72,0.3506904184673764,0.3506904184673764,1.0,105,False,WITHIN_THRESHOLD
2020-06-16 16:00:00,4136001,IQ2d7wF4YD8zU1Q,270.35714285714283,367.5266666666667,270.35714285714283,404.8365601664619,270.29219047619046,313.212,367.5266666666667,270.35714285714283,97.16952380952387,0.3594117129018056,0.3594117129018056,1.0,129,False,WITHIN_THRESHOLD
2020-06-16 16:00:00,4136001,LYwnQax7tkwH5Cb,248.61333333333337,341.24666666666667,248.61333333333337,361.13542270077903,267.7620785714285,309.96606,341.24666666666667,248.61333333333337,92.6333333333333,0.372600021452322,0.372600021452322,0.8540476989297716,143,False,WITHIN_THRESHOLD
2020-06-16 16:00:00,4136001,LlT2YUhhzqhg5Sw,254.2933333333333,352.08666666666664,254.2933333333333,371.3014995572163,268.5593428571428,314.7839,352.08666666666664,254.2933333333333,97.79333333333335,0.38456900167785246,0.38456900167785246,0.8849165458231198,127,False,WITHIN_THRESHOLD
2020-06-16 16:00:00,4136001,Mx2yZCDsyf6DPfv,280.7,380.6071428571429,280.7,394.6412131447401,269.81266666666664,317.73154,380.6071428571429,280.7,99.9071428571429,0.35592142093745244,0.35592142093745244,1.0,96,False,WITHIN_THRESHOLD
2020-06-16 16:00:00,4136001,NgDl19wMapZy17u,270.66428571428565,366.33333333333326,270.66428571428565,412.0764276169685,268.6686785714286,313.212,366.33333333333326,270.66428571428565,95.6690476190476,0.35346018173981125,0.35346018173981125,1.0,129,False,WITHIN_THRESHOLD
2020-06-16 16:00:00,4136001,PeE6FRyGXUgsRhN,250.07857142857145,363.8133333333333,250.07857142857145,372.8977015889703,268.8638023809523,313.32257,363.8133333333333,250.07857142857145,113.73476190476183,0.4547961116982278,0.4547961116982278,1.0050898489883968,130,False,WITHIN_THRESHOLD
2020-06-16 16:00:00,4136001,Qf4GUc1pJu5T6c6,289.0933333333333,375.7,289.0933333333333,439.93480993854695,268.1314761904762,307.88153,375.7,289.0933333333333,86.60666666666668,0.29958029702057015,0.29958029702057015,1.0,91,False,WITHIN_THRESHOLD
2020-06-16 16:00:00,4136001,Quc1TzYxW2pYoWX,236.4533333333333,314.1533333333333,236.4533333333333,316.9655574424071,264.44673241758227,314.60455,314.1533333333333,236.4533333333333,77.70000000000002,0.3286060674410738,0.3286060674410738,1.0,108,False,WITHIN_THRESHOLD
2020-06-16 16:00:00,4136001,V94E5Ben1TlhnDV,249.03571428571425,369.1133333333333,249.03571428571425,381.0732058374586,271.7932499999999,314.7839,369.1133333333333,249.03571428571425,120.07761904761904,0.48217027582580435,0.48217027582580435,1.0842639735182622,98,False,WITHIN_THRESHOLD
2020-06-16 16:00:00,4136001,WcxssY2VbP4hApt,267.1133333333333,366.82666666666665,267.1133333333333,399.2811658166893,269.51967857142864,314.34927,366.82666666666665,267.1133333333333,99.71333333333337,0.3732997229640354,0.3732997229640354,0.8131277317394211,142,False,WITHIN_THRESHOLD
2020-06-16 16:00:00,4136001,mqwcsP2rE7J0TFp,279.4285714285714,365.52,279.4285714285714,438.8263550539496,268.8585642857143,307.88153,365.52,279.4285714285714,86.0914285714286,0.30809815950920255,0.30809815950920255,1.0188512076579566,137,False,WITHIN_THRESHOLD
2020-06-16 16:00:00,4136001,oZ35aAeoifZaQzV,281.05333333333334,383.242857142857,281.05333333333334,398.7185804195755,269.8244857142857,315.76706,383.242857142857,281.05333333333334,102.18952380952368,0.3635947761143449,0.3635947761143449,1.0,97,False,WITHIN_THRESHOLD
2020-06-16 16:00:00,4136001,oZZkBaNadn6DNKz,257.2071428571428,373.9666666666666,257.2071428571428,383.3508049004949,271.2106904761904,310.60602,373.9666666666666,257.2071428571428,116.75952380952378,0.45395132698306906,0.45395132698306906,1.1151183176572743,114,False,WITHIN_THRESHOLD
2020-06-16 16:00:00,4136001,q49J1IKaHRwDQnt,260.6333333333334,354.8933333333334,260.6333333333334,377.93295157479264,267.0674571428571,314.7839,354.8933333333334,260.6333333333334,94.25999999999999,0.36165750095920185,0.36165750095920185,0.8617696945001074,143,False,WITHIN_THRESHOLD
2020-06-16 16:00:00,4136001,rrq4fwE8jgrTyWY,249.35333333333327,337.73999999999995,249.35333333333327,360.7305892668065,267.75285952380943,309.96606,337.73999999999995,249.35333333333327,88.38666666666668,0.35446354570489014,0.35446354570489014,1.0,135,False,WITHIN_THRESHOLD
2020-06-16 16:00:00,4136001,vOuJvMaM2sgwLmb,263.8466666666667,365.2333333333333,263.8466666666667,403.2633865929082,269.8672833333334,304.73773,365.2333333333333,263.8466666666667,101.3866666666666,0.38426358743714756,0.38426358743714756,0.7896224826398267,142,False,WITHIN_THRESHOLD
2020-06-16 16:00:00,4136001,xMbIugepa2P7lBB,261.50714285714287,364.8466666666666,261.50714285714287,389.2487529400362,269.7828857142858,312.4085,364.8466666666666,261.50714285714287,103.33952380952371,0.39516902934454995,0.39516902934454995,0.9823653995011609,129,False,WITHIN_THRESHOLD
2020-06-16 16:00:00,4136001,xoJJ8DcxJEcupym,247.0642857142857,368.62666666666655,247.0642857142857,382.7212789583485,272.0809476190476,314.7839,368.62666666666655,247.0642857142857,121.56238095238086,0.4920273304615144,0.4920273304615144,0.8195700732505016,143,False,WITHIN_THRESHOLD
2020-06-16 16:15:00,4136001,4UPUqMRk7TRMgml,381.79285714285714,223.53333333333333,381.79285714285714,289.73932194348424,420.2111047619045,377.4737,223.53333333333333,381.79285714285714,-158.2595238095238,-0.4145167224810262,0.4145167224810262,1.0,105,False,WITHIN_THRESHOLD
2020-06-16 16:15:00,4136001,81aHJ1q11NBPMrL,364.3,204.0642857142857,364.3,269.9690914880041,423.8280523809522,387.45938,204.0642857142857,364.3,-160.23571428571432,-0.43984549625504893,0.43984549625504893,0.7988725021368553,143,False,WITHIN_THRESHOLD
2020-06-16 16:15:00,4136001,9kRcWv60rDACzjR,356.4600000000001,200.02142857142857,356.4600000000001,267.38015336781456,432.5231309523809,387.45938,200.02142857142857,356.4600000000001,-156.43857142857152,-0.43886711392181865,0.43886711392181865,0.8376117177500583,127,False,WITHIN_THRESHOLD
2020-06-16 16:15:00,4136001,Et9kgGMDl729KT4,341.70666666666665,195.05333333333328,341.70666666666665,260.5892997242486,413.6833976190473,395.2646,195.05333333333328,341.70666666666665,-146.65333333333336,-0.4291790229436555,0.4291790229436555,1.0,105,False,WITHIN_THRESHOLD
2020-06-16 16:15:00,4136001,IQ2d7wF4YD8zU1Q,367.5266666666667,214.04,367.5266666666667,280.71200501636343,421.386257142857,376.9597,214.04,367.5266666666667,-153.4866666666667,-0.41762049012316577,0.41762049012316577,1.0,129,False,WITHIN_THRESHOLD
2020-06-16 16:15:00,4136001,LYwnQax7tkwH5Cb,341.24666666666667,189.86666666666665,341.24666666666667,260.20328641992484,422.9011285714285,387.45938,189.86666666666665,341.24666666666667,-151.38000000000002,-0.44360872877879154,0.44360872877879154,0.8540476989297716,143,False,WITHIN_THRESHOLD
2020-06-16 16:15:00,4136001,LlT2YUhhzqhg5Sw,352.08666666666664,194.14666666666665,352.08666666666664,264.2501408630048,426.0381857142855,387.45938,194.14666666666665,352.08666666666664,-157.94,-0.4485827353113817,0.4485827353113817,0.8849165458231198,127,False,WITHIN_THRESHOLD
2020-06-16 16:15:00,4136001,Mx2yZCDsyf6DPfv,380.6071428571429,219.84,380.6071428571429,285.5304779615319,419.9451714285712,377.4737,219.84,380.6071428571429,-160.7671428571429,-0.4223965468706015,0.4223965468706015,1.0,96,False,WITHIN_THRESHOLD
2020-06-16 16:15:00,4136001,NgDl19wMapZy17u,366.33333333333326,213.96,366.33333333333326,281.349836278921,422.117126190476,376.9597,213.96,366.33333333333326,-152.37333333333325,-0.41594176524112814,0.41594176524112814,1.0,129,False,WITHIN_THRESHOLD
2020-06-16 16:15:00,4136001,PeE6FRyGXUgsRhN,363.8133333333333,204.2,363.8133333333333,261.667514305774,421.9932833333333,387.45938,204.2,363.8133333333333,-159.6133333333333,-0.43872315473136403,0.43872315473136403,1.0050898489883968,130,False,WITHIN_THRESHOLD
2020-06-16 16:15:00,4136001,Qf4GUc1pJu5T6c6,375.7,225.06666666666663,375.7,293.5762612897007,425.0079738095236,377.4737,225.06666666666663,375.7,-150.63333333333335,-0.4009404666844114,0.4009404666844114,1.0,91,False,WITHIN_THRESHOLD
2020-06-16 16:15:00,4136001,Quc1TzYxW2pYoWX,314.1533333333333,181.24666666666667,314.1533333333333,246.07792660088296,384.0061780219779,399.79193,181.24666666666667,314.1533333333333,-132.90666666666664,-0.4230630477686055,0.4230630477686055,1.0,108,False,WITHIN_THRESHOLD
2020-06-16 16:15:00,4136001,V94E5Ben1TlhnDV,369.1133333333333,203.40000000000003,369.1133333333333,262.5210210465762,426.3861904761904,387.45938,203.40000000000003,369.1133333333333,-165.71333333333325,-0.4489497354019541,0.4489497354019541,1.0842639735182622,98,False,WITHIN_THRESHOLD
2020-06-16 16:15:00,4136001,WcxssY2VbP4hApt,366.82666666666665,208.7428571428572,366.82666666666665,275.91904569964026,430.0622190476189,376.9597,208.7428571428572,366.82666666666665,-158.08380952380946,-0.4309496115980558,0.4309496115980558,0.8131277317394211,142,False,WITHIN_THRESHOLD
2020-06-16 16:15:00,4136001,mqwcsP2rE7J0TFp,365.52,217.56666666666663,365.52,288.6961015999134,424.3747023809522,376.9597,217.56666666666663,365.52,-147.95333333333335,-0.40477493251623264,0.40477493251623264,1.0188512076579566,137,False,WITHIN_THRESHOLD
2020-06-16 16:15:00,4136001,oZ35aAeoifZaQzV,383.242857142857,221.07333333333327,383.242857142857,285.7793277601165,418.8394714285712,377.4737,221.07333333333327,383.242857142857,-162.16952380952375,-0.4231508057802463,0.4231508057802463,1.0,97,False,WITHIN_THRESHOLD
2020-06-16 16:15:00,4136001,oZZkBaNadn6DNKz,373.9666666666666,208.7266666666667,373.9666666666666,267.51826109809144,431.46301190476186,387.45938,208.7266666666667,373.9666666666666,-165.2399999999999,-0.4418575630626614,0.4418575630626614,1.1151183176572743,114,False,WITHIN_THRESHOLD
2020-06-16 16:15:00,4136001,q49J1IKaHRwDQnt,354.8933333333334,183.1266666666667,354.8933333333334,276.7092739246136,424.042488095238,387.45938,183.1266666666667,354.8933333333334,-171.76666666666668,-0.4839951910433182,0.4839951910433182,0.8617696945001074,143,False,WITHIN_THRESHOLD
2020-06-16 16:15:00,4136001,rrq4fwE8jgrTyWY,337.73999999999995,189.85333333333327,337.73999999999995,260.8533796067509,422.9011285714285,387.45938,189.85333333333327,337.73999999999995,-147.88666666666668,-0.4378713408736505,0.4378713408736505,1.0,135,False,WITHIN_THRESHOLD
2020-06-16 16:15:00,4136001,vOuJvMaM2sgwLmb,365.2333333333333,207.32142857142856,365.2333333333333,273.1289219791365,429.2159666666664,378.6171,207.32142857142856,365.2333333333333,-157.91190476190474,-0.43235896165530185,0.43235896165530185,0.7896224826398267,142,False,WITHIN_THRESHOLD
2020-06-16 16:15:00,4136001,xMbIugepa2P7lBB,364.8466666666666,209.28,364.8466666666666,273.0017484554399,427.72941190476166,367.38586,209.28,364.8466666666666,-155.56666666666658,-0.42638916805233235,0.42638916805233235,0.9823653995011609,129,False,WITHIN_THRESHOLD
2020-06-16 16:15:00,4136001,xoJJ8DcxJEcupym,368.62666666666655,201.56666666666663,368.62666666666655,259.79227015090186,430.2834452380952,387.45938,201.56666666666663,368.62666666666655,-167.05999999999992,-0.45319564509711713,0.45319564509711713,0.8195700732505016,143,False,WITHIN_THRESHOLD
2020-06-16 16:30:00,4136001,4UPUqMRk7TRMgml,223.53333333333333,180.75333333333336,223.53333333333333,310.9033043984013,268.3292547619047,269.2973,180.75333333333336,223.53333333333333,-42.77999999999997,-0.1913808529674917,0.1913808529674917,1.0,105,False,WITHIN_THRESHOLD
2020-06-16 16:30:00,4136001,81aHJ1q11NBPMrL,204.0642857142857,176.14000000000004,204.0642857142857,296.6322364911827,277.39428333333336,267.98624,176.14000000000004,204.0642857142857,-27.924285714285645,-0.13684063145367323,0.13684063145367323,0.7988725021368553,143,False,WITHIN_THRESHOLD
2020-06-16 16:30:00,4136001,9kRcWv60rDACzjR,200.02142857142857,174.94000000000003,200.02142857142857,290.6355292519845,265.9301261904761,269.4525,174.94000000000003,200.02142857142857,-25.081428571428546,-0.12539370781701947,0.12539370781701947,0.8376117177500583,127,False,WITHIN_THRESHOLD
2020-06-16 16:30:00,4136001,Et9kgGMDl729KT4,195.05333333333328,159.34666666666664,195.05333333333328,277.6091969233709,246.11046428571424,263.6594,159.34666666666664,195.05333333333328,-35.70666666666665,-0.1830610431335019,0.1830610431335019,1.0,105,False,WITHIN_THRESHOLD
2020-06-16 16:30:00,4136001,IQ2d7wF4YD8zU1Q,214.04,180.88666666666663,214.04,301.7306110613763,275.2481904761905,261.27332,180.88666666666663,214.04,-33.153333333333364,-0.15489316638634537,0.15489316638634537,1.0,129,False,WITHIN_THRESHOLD
2020-06-16 16:30:00,4136001,LYwnQax7tkwH5Cb,189.86666666666665,170.22857142857143,189.86666666666665,279.0511708819282,261.51705000000004,282.05624,170.22857142857143,189.86666666666665,-19.638095238095218,-0.10343097913322623,0.10343097913322623,0.8540476989297716,143,False,WITHIN_THRESHOLD
2020-06-16 16:30:00,4136001,LlT2YUhhzqhg5Sw,194.14666666666665,174.62857142857143,194.14666666666665,287.51192800070146,264.2054333333332,269.4525,174.62857142857143,194.14666666666665,-19.518095238095214,-0.10053273421173965,0.10053273421173965,0.8849165458231198,127,False,WITHIN_THRESHOLD
2020-06-16 16:30:00,4136001,Mx2yZCDsyf6DPfv,219.84,181.1733333333333,219.84,309.64044637668974,268.25933333333325,268.4725,181.1733333333333,219.84,-38.666666666666714,-0.17588549247937915,0.17588549247937915,1.0,96,False,WITHIN_THRESHOLD
2020-06-16 16:30:00,4136001,NgDl19wMapZy17u,213.96,181.0666666666667,213.96,301.31121627211866,278.143519047619,261.27332,181.0666666666667,213.96,-32.89333333333332,-0.1537359007914251,0.1537359007914251,1.0,129,False,WITHIN_THRESHOLD
2020-06-16 16:30:00,4136001,PeE6FRyGXUgsRhN,204.2,173.89333333333337,204.2,295.32710935620867,268.7167095238094,267.98624,173.89333333333337,204.2,-30.306666666666615,-0.14841658504733896,0.14841658504733896,1.0050898489883968,130,False,WITHIN_THRESHOLD
2020-06-16 16:30:00,4136001,Qf4GUc1pJu5T6c6,225.06666666666663,179.3,225.06666666666663,307.7425467358633,271.74070952380947,269.2973,179.3,225.06666666666663,-45.76666666666662,-0.2033471563981041,0.2033471563981041,1.0,91,False,WITHIN_THRESHOLD
2020-06-16 16:30:00,4136001,Quc1TzYxW2pYoWX,181.24666666666667,145.14666666666668,181.24666666666667,255.72018334202164,236.39095476190468,230.53038,145.14666666666668,181.24666666666667,-36.099999999999994,-0.19917607680141242,0.19917607680141242,1.0,108,False,WITHIN_THRESHOLD
2020-06-16 16:30:00,4136001,V94E5Ben1TlhnDV,203.40000000000003,173.7133333333333,203.40000000000003,300.95101466423387,266.7501976190475,267.98624,173.7133333333333,203.40000000000003,-29.686666666666724,-0.14595214683710284,0.14595214683710284,1.0842639735182622,98,False,WITHIN_THRESHOLD
2020-06-16 16:30:00,4136001,WcxssY2VbP4hApt,208.7428571428572,179.14666666666662,208.7428571428572,299.27731526415164,276.05816666666686,269.09866,179.14666666666662,208.7428571428572,-29.59619047619057,-0.1417830093986682,0.1417830093986682,0.8131277317394211,142,False,WITHIN_THRESHOLD
2020-06-16 16:30:00,4136001,mqwcsP2rE7J0TFp,217.56666666666663,181.66000000000005,217.56666666666663,301.5760742785701,281.80789285714275,261.27332,181.66000000000005,217.56666666666663,-35.90666666666658,-0.16503753638731386,0.16503753638731386,1.0188512076579566,137,False,WITHIN_THRESHOLD
2020-06-16 16:30:00,4136001,oZ35aAeoifZaQzV,221.07333333333327,179.9466666666667,221.07333333333327,311.656690140542,271.1567333333333,268.4725,179.9466666666667,221.07333333333327,-41.12666666666658,-0.1860317843249597,0.1860317843249597,1.0,97,False,WITHIN_THRESHOLD
2020-06-16 16:30:00,4136001,oZZkBaNadn6DNKz,208.7266666666667,176.21333333333334,208.7266666666667,303.3899091210451,267.65043095238093,277.268,176.21333333333334,208.7266666666667,-32.51333333333335,-0.15576990641668537,0.15576990641668537,1.1151183176572743,114,False,WITHIN_THRESHOLD
2020-06-16 16:30:00,4136001,q49J1IKaHRwDQnt,183.1266666666667,176.20714285714288,183.1266666666667,296.461558603493,270.4265166666667,269.4525,176.20714285714288,183.1266666666667,-6.91952380952381,-0.03778545165199211,0.03778545165199211,0.8617696945001074,143,False,WITHIN_THRESHOLD
2020-06-16 16:30:00,4136001,rrq4fwE8jgrTyWY,189.85333333333327,168.93571428571423,189.85333333333327,276.610878998557,258.1233547619047,273.54013,168.93571428571423,189.85333333333327,-20.91761904761904,-0.11017778134499814,0.11017778134499814,1.0,135,False,WITHIN_THRESHOLD
2020-06-16 16:30:00,4136001,vOuJvMaM2sgwLmb,207.32142857142856,176.60666666666663,207.32142857142856,297.7646708412187,273.8631476190476,267.98624,176.60666666666663,207.32142857142856,-30.71476190476193,-0.1481504450186622,0.1481504450186622,0.7896224826398267,142,False,WITHIN_THRESHOLD
2020-06-16 16:30:00,4136001,xMbIugepa2P7lBB,209.28,179.5,209.28,298.7004634616984,273.0735666666667,270.35645,179.5,209.28,-29.78,-0.1422974006116208,0.1422974006116208,0.9823653995011609,129,False,WITHIN_THRESHOLD
2020-06-16 16:30:00,4136001,xoJJ8DcxJEcupym,201.56666666666663,175.1266666666667,201.56666666666663,299.02681773180245,268.8106976190476,267.98624,175.1266666666667,201.56666666666663,-26.43999999999994,-0.13117248222258945,0.13117248222258945,0.8195700732505016,143,False,WITHIN_THRESHOLD
2020-06-16 16:45:00,4136001,4UPUqMRk7TRMgml,180.75333333333336,126.93333333333337,180.75333333333336,172.7847646063658,146.17580476190471,153.42409,126.93333333333337,180.75333333333336,-53.81999999999999,-0.2977538450189945,0.2977538450189945,1.0,105,False,WITHIN_THRESHOLD
2020-06-16 16:45:00,4136001,81aHJ1q11NBPMrL,176.14000000000004,129.65333333333334,176.14000000000004,158.60475098787208,144.20233809523808,151.69392,129.65333333333334,176.14000000000004,-46.48666666666671,-0.26391885242799307,0.26391885242799307,0.7988725021368553,143,False,WITHIN_THRESHOLD
2020-06-16 16:45:00,4136001,9kRcWv60rDACzjR,174.94000000000003,124.76666666666664,174.94000000000003,155.72554659594638,143.23350476190478,148.33743,124.76666666666664,174.94000000000003,-50.17333333333339,-0.28680309439426876,0.28680309439426876,0.8376117177500583,127,False,WITHIN_THRESHOLD
2020-06-16 16:45:00,4136001,Et9kgGMDl729KT4,159.34666666666664,117.7,159.34666666666664,151.4668330380972,141.6104190476191,148.89052,117.7,159.34666666666664,-41.64666666666663,-0.261358882101916,0.261358882101916,1.0,105,False,WITHIN_THRESHOLD
2020-06-16 16:45:00,4136001,IQ2d7wF4YD8zU1Q,180.88666666666663,117.21333333333337,180.88666666666663,165.39080666379584,144.59100952380948,151.69392,117.21333333333337,180.88666666666663,-63.67333333333326,-0.35200678141009073,0.35200678141009073,1.0,129,False,WITHIN_THRESHOLD
2020-06-16 16:45:00,4136001,LYwnQax7tkwH5Cb,170.22857142857143,118.88,170.22857142857143,147.59040297374216,141.47735238095245,146.09525,118.88,170.22857142857143,-51.34857142857143,-0.3016448472641826,0.3016448472641826,0.8540476989297716,143,False,WITHIN_THRESHOLD
2020-06-16 16:45:00,4136001,LlT2YUhhzqhg5Sw,174.62857142857143,123.61333333333332,174.62857142857143,150.79801018627063,142.5023523809524,150.47131,123.61333333333332,174.62857142857143,-51.01523809523812,-0.29213568935427586,0.29213568935427586,0.8849165458231198,127,False,WITHIN_THRESHOLD
2020-06-16 16:45:00,4136001,Mx2yZCDsyf6DPfv,181.1733333333333,128.53333333333333,181.1733333333333,169.9224178323549,145.50891190476187,150.0676,128.53333333333333,181.1733333333333,-52.63999999999996,-0.2905504857226963,0.2905504857226963,1.0,96,False,WITHIN_THRESHOLD
2020-06-16 16:45:00,4136001,NgDl19wMapZy17u,181.0666666666667,116.26666666666668,181.0666666666667,165.60231075876635,144.5783476190476,151.69392,116.26666666666668,181.0666666666667,-64.80000000000001,-0.35787923416789397,0.35787923416789397,1.0,129,False,WITHIN_THRESHOLD
2020-06-16 16:45:00,4136001,PeE6FRyGXUgsRhN,173.89333333333337,125.72,173.89333333333337,157.8614708418929,143.11387142857143,150.47131,125.72,173.89333333333337,-48.173333333333375,-0.27702806318049394,0.27702806318049394,1.0050898489883968,130,False,WITHIN_THRESHOLD
2020-06-16 16:45:00,4136001,Qf4GUc1pJu5T6c6,179.3,122.57333333333334,179.3,175.5627811957125,144.9774904761905,152.53065,122.57333333333334,179.3,-56.726666666666674,-0.31637850901654585,0.31637850901654585,1.0,91,False,WITHIN_THRESHOLD
2020-06-16 16:45:00,4136001,Quc1TzYxW2pYoWX,145.14666666666668,107.59333333333332,145.14666666666668,141.54840653085478,140.0713976190477,149.07031,107.59333333333332,145.14666666666668,-37.553333333333356,-0.2587268050707332,0.2587268050707332,1.0,108,False,WITHIN_THRESHOLD
2020-06-16 16:45:00,4136001,V94E5Ben1TlhnDV,173.7133333333333,128.7733333333333,173.7133333333333,162.67413399310402,142.7200690476191,142.67137,128.7733333333333,173.7133333333333,-44.94,-0.25870207621752317,0.25870207621752317,1.0842639735182622,98,False,WITHIN_THRESHOLD
2020-06-16 16:45:00,4136001,WcxssY2VbP4hApt,179.14666666666662,129.16,179.14666666666662,161.6286131461743,144.45605238095234,148.33743,129.16,179.14666666666662,-49.98666666666662,-0.27902649598094653,0.27902649598094653,0.8131277317394211,142,False,WITHIN_THRESHOLD
2020-06-16 16:45:00,4136001,mqwcsP2rE7J0TFp,181.66000000000005,113.80666666666669,181.66000000000005,169.5312715169602,144.2654,151.69392,113.80666666666669,181.66000000000005,-67.85333333333337,-0.3735182942493303,0.3735182942493303,1.0188512076579566,137,False,WITHIN_THRESHOLD
2020-06-16 16:45:00,4136001,oZ35aAeoifZaQzV,179.9466666666667,130.25999999999996,179.9466666666667,171.00942119071954,145.97411190476188,153.42409,130.25999999999996,179.9466666666667,-49.686666666666724,-0.2761188500296387,0.2761188500296387,1.0,97,False,WITHIN_THRESHOLD
2020-06-16 16:45:00,4136001,oZZkBaNadn6DNKz,176.21333333333334,129.59333333333333,176.21333333333334,161.2780435247006,144.0425333333333,148.33743,129.59333333333333,176.21333333333334,-46.620000000000005,-0.2645656779661017,0.2645656779661017,1.1151183176572743,114,False,WITHIN_THRESHOLD
2020-06-16 16:45:00,4136001,q49J1IKaHRwDQnt,176.20714285714288,125.16,176.20714285714288,159.1905025141514,140.01796904761915,150.1943,125.16,176.20714285714288,-51.04714285714289,-0.28969962300863444,0.28969962300863444,0.8617696945001074,143,False,WITHIN_THRESHOLD
2020-06-16 16:45:00,4136001,rrq4fwE8jgrTyWY,168.93571428571423,116.52,168.93571428571423,147.7463728177283,141.51785238095243,147.30692,116.52,168.93571428571423,-52.41571428571423,-0.31027017885078834,0.31027017885078834,1.0,135,False,WITHIN_THRESHOLD
2020-06-16 16:45:00,4136001,vOuJvMaM2sgwLmb,176.60666666666663,130.22,176.60666666666663,161.055379876437,144.69732380952377,151.69392,130.22,176.60666666666663,-46.38666666666663,-0.2626552414027404,0.2626552414027404,0.7896224826398267,142,False,WITHIN_THRESHOLD
2020-06-16 16:45:00,4136001,xMbIugepa2P7lBB,179.5,118.96,179.5,161.7415140296102,143.74169999999995,148.33743,118.96,179.5,-60.540000000000006,-0.33727019498607247,0.33727019498607247,0.9823653995011609,129,False,WITHIN_THRESHOLD
2020-06-16 16:45:00,4136001,xoJJ8DcxJEcupym,175.1266666666667,127.13333333333333,175.1266666666667,156.19619635168766,143.72548333333333,148.33743,127.13333333333333,175.1266666666667,-47.99333333333337,-0.2740492595835397,0.2740492595835397,0.8195700732505016,143,False,WITHIN_THRESHOLD
2020-06-16 17:00:00,4136001,4UPUqMRk7TRMgml,126.93333333333337,53.92666666666666,126.93333333333337,120.90342786902303,63.72122142857137,91.64321,53.92666666666666,126.93333333333337,-73.0066666666667,-0.5751575630252103,0.5751575630252103,1.0,105,False,WITHIN_THRESHOLD
2020-06-16 17:00:00,4136001,81aHJ1q11NBPMrL,129.65333333333334,49.493333333333325,129.65333333333334,117.5016355991234,65.80258809523808,88.51955,49.493333333333325,129.65333333333334,-80.16000000000001,-0.6182640888523242,0.6182640888523242,0.7988725021368553,143,False,WITHIN_THRESHOLD
2020-06-16 17:00:00,4136001,9kRcWv60rDACzjR,124.76666666666664,50.84666666666667,124.76666666666664,116.94678492105386,65.69361190476191,88.51955,50.84666666666667,124.76666666666664,-73.91999999999996,-0.5924659364146405,0.5924659364146405,0.8376117177500583,127,False,WITHIN_THRESHOLD
2020-06-16 17:00:00,4136001,Et9kgGMDl729KT4,117.7,44.38,117.7,106.92585110893432,65.2565714285714,87.427574,44.38,117.7,-73.32,-0.6229396771452845,0.6229396771452845,1.0,105,False,WITHIN_THRESHOLD
2020-06-16 17:00:00,4136001,IQ2d7wF4YD8zU1Q,117.21333333333337,54.37857142857143,117.21333333333337,119.73212931923295,65.46672857142855,87.267136,54.37857142857143,117.21333333333337,-62.83476190476193,-0.5360717942051124,0.5360717942051124,1.0,129,False,WITHIN_THRESHOLD
2020-06-16 17:00:00,4136001,LYwnQax7tkwH5Cb,118.88,50.966666666666654,118.88,113.39591667519085,66.30630714285715,87.427574,50.966666666666654,118.88,-67.91333333333334,-0.5712763571108121,0.5712763571108121,0.8540476989297716,143,False,WITHIN_THRESHOLD
2020-06-16 17:00:00,4136001,LlT2YUhhzqhg5Sw,123.61333333333332,51.453333333333326,123.61333333333332,116.420732815578,64.72786666666667,88.51955,51.453333333333326,123.61333333333332,-72.16,-0.5837557976485817,0.5837557976485817,0.8849165458231198,127,False,WITHIN_THRESHOLD
2020-06-16 17:00:00,4136001,Mx2yZCDsyf6DPfv,128.53333333333333,52.853333333333325,128.53333333333333,121.49827426646767,64.20557380952377,91.64321,52.853333333333325,128.53333333333333,-75.68,-0.5887966804979253,0.5887966804979253,1.0,96,False,WITHIN_THRESHOLD
2020-06-16 17:00:00,4136001,NgDl19wMapZy17u,116.26666666666668,55.364285714285714,116.26666666666668,119.64627907912684,65.44516190476186,88.47881,55.364285714285714,116.26666666666668,-60.902380952380966,-0.5238163499344692,0.5238163499344692,1.0,129,False,WITHIN_THRESHOLD
2020-06-16 17:00:00,4136001,PeE6FRyGXUgsRhN,125.72,49.10666666666666,125.72,116.42680259091888,65.65845000000002,88.51955,49.10666666666666,125.72,-76.61333333333334,-0.6093965425813979,0.6093965425813979,1.0050898489883968,130,False,WITHIN_THRESHOLD
2020-06-16 17:00:00,4136001,Qf4GUc1pJu5T6c6,122.57333333333334,55.133333333333326,122.57333333333334,119.1733292193366,63.877990476190455,91.64321,55.133333333333326,122.57333333333334,-67.44000000000001,-0.5502012400739694,0.5502012400739694,1.0,91,False,WITHIN_THRESHOLD
2020-06-16 17:00:00,4136001,Quc1TzYxW2pYoWX,107.59333333333332,40.89999999999999,107.59333333333332,97.33384512847496,64.29842142857146,86.97288,40.89999999999999,107.59333333333332,-66.69333333333333,-0.619864923477291,0.619864923477291,1.0,108,False,WITHIN_THRESHOLD
2020-06-16 17:00:00,4136001,V94E5Ben1TlhnDV,128.7733333333333,46.606666666666655,128.7733333333333,116.35707897685654,65.64535238095237,88.51955,46.606666666666655,128.7733333333333,-82.16666666666666,-0.63807206460965,0.63807206460965,1.0842639735182622,98,False,WITHIN_THRESHOLD
2020-06-16 17:00:00,4136001,WcxssY2VbP4hApt,129.16,51.82,129.16,119.4284320539758,65.78071190476187,87.267136,51.82,129.16,-77.34,-0.5987921957262311,0.5987921957262311,0.8131277317394211,142,False,WITHIN_THRESHOLD
2020-06-16 17:00:00,4136001,mqwcsP2rE7J0TFp,113.80666666666669,57.57857142857143,113.80666666666669,119.6494992638792,65.12610238095235,87.267136,57.57857142857143,113.80666666666669,-56.22809523809526,-0.4940667966559831,0.4940667966559831,1.0188512076579566,137,False,WITHIN_THRESHOLD
2020-06-16 17:00:00,4136001,oZ35aAeoifZaQzV,130.25999999999996,52.62666666666667,130.25999999999996,120.60434834815206,64.05313571428567,91.64321,52.62666666666667,130.25999999999996,-77.6333333333333,-0.5959875121551768,0.5959875121551768,1.0,97,False,WITHIN_THRESHOLD
2020-06-16 17:00:00,4136001,oZZkBaNadn6DNKz,129.59333333333333,48.18,129.59333333333333,117.82697617777455,65.36042380952377,87.30787,48.18,129.59333333333333,-81.41333333333333,-0.628221616338289,0.628221616338289,1.1151183176572743,114,False,WITHIN_THRESHOLD
2020-06-16 17:00:00,4136001,q49J1IKaHRwDQnt,125.16,47.44,125.16,116.9344053227346,64.75592857142857,88.51955,47.44,125.16,-77.72,-0.6209651645893257,0.6209651645893257,0.8617696945001074,143,False,WITHIN_THRESHOLD
2020-06-16 17:00:00,4136001,rrq4fwE8jgrTyWY,116.52,51.493333333333325,116.52,112.45237527142233,65.99241666666667,86.60792,51.493333333333325,116.52,-65.02666666666667,-0.5580730060647672,0.5580730060647672,1.0,135,False,WITHIN_THRESHOLD
2020-06-16 17:00:00,4136001,vOuJvMaM2sgwLmb,130.22,49.84000000000001,130.22,117.78184329416284,65.71389999999998,87.30787,49.84000000000001,130.22,-80.38,-0.6172630932268468,0.6172630932268468,0.7896224826398267,142,False,WITHIN_THRESHOLD
2020-06-16 17:00:00,4136001,xMbIugepa2P7lBB,118.96,52.95,118.96,119.40317303775387,65.77144761904759,88.47881,52.95,118.96,-66.00999999999999,-0.5548924008069939,0.5548924008069939,0.9823653995011609,129,False,WITHIN_THRESHOLD
2020-06-16 17:00:00,4136001,xoJJ8DcxJEcupym,127.13333333333333,48.086666666666666,127.13333333333333,117.10696004760048,65.89828095238094,88.51955,48.086666666666666,127.13333333333333,-79.04666666666665,-0.6217619297325642,0.6217619297325642,0.8195700732505016,143,False,WITHIN_THRESHOLD
2020-06-16 17:15:00,4136001,4UPUqMRk7TRMgml,53.92666666666666,103.07857142857144,53.92666666666666,64.69634741380924,38.2827380952381,47.35816,103.07857142857144,53.92666666666666,49.151904761904774,0.9114582413506882,0.9114582413506882,1.0,105,False,WITHIN_THRESHOLD
2020-06-16 17:15:00,4136001,9kRcWv60rDACzjR,50.84666666666667,98.67333333333332,50.84666666666667,64.26451444253338,37.50780238095237,47.35816,98.67333333333332,50.84666666666667,47.82666666666665,0.940605742755998,0.940605742755998,0.8376117177500583,127,True,FLAGGED
2020-06-16 17:15:00,4136001,IQ2d7wF4YD8zU1Q,54.37857142857143,100.72,54.37857142857143,57.11891252211322,38.32878333333335,47.93243,100.72,54.37857142857143,46.341428571428565,0.8522001838959672,0.8522001838959672,1.0,129,False,WITHIN_THRESHOLD
2020-06-16 17:15:00,4136001,LYwnQax7tkwH5Cb,50.966666666666654,94.31333333333332,50.966666666666654,60.16702713315915,37.47193809523808,42.708485,94.31333333333332,50.966666666666654,43.346666666666664,0.8504905166775671,0.8504905166775671,0.8540476989297716,143,False,WITHIN_THRESHOLD
2020-06-16 17:15:00,4136001,LlT2YUhhzqhg5Sw,51.453333333333326,97.32666666666664,51.453333333333326,63.31936313325002,37.463245238095226,47.35816,97.32666666666664,51.453333333333326,45.87333333333331,0.8915522155998961,0.8915522155998961,0.8849165458231198,127,True,FLAGGED
2020-06-16 17:15:00,4136001,Mx2yZCDsyf6DPfv,52.853333333333325,103.47142857142858,52.853333333333325,66.67585035823018,38.29400238095238,47.35816,103.47142857142858,52.853333333333325,50.61809523809525,0.9577086636874733,0.9577086636874733,1.0,96,False,WITHIN_THRESHOLD
2020-06-16 17:15:00,4136001,NgDl19wMapZy17u,55.364285714285714,100.52666666666669,55.364285714285714,56.23495137657825,38.28701666666668,47.93243,100.52666666666669,55.364285714285714,45.16238095238097,0.8157313034877224,0.8157313034877224,1.0,129,False,WITHIN_THRESHOLD
2020-06-16 17:15:00,4136001,Qf4GUc1pJu5T6c6,55.133333333333326,101.62857142857143,55.133333333333326,61.00551921791682,38.24437142857144,47.93243,101.62857142857143,55.133333333333326,46.49523809523811,0.8433235446536538,0.8433235446536538,1.0,91,False,WITHIN_THRESHOLD
2020-06-16 17:15:00,4136001,WcxssY2VbP4hApt,51.82,101.90666666666668,51.82,66.76553885536354,38.0246238095238,47.35816,101.90666666666668,51.82,50.08666666666668,0.9665508812556287,0.9665508812556287,0.8131277317394211,142,True,FLAGGED
2020-06-16 17:15:00,4136001,mqwcsP2rE7J0TFp,57.57857142857143,100.42666666666666,57.57857142857143,53.81190221594829,38.25035000000001,47.93243,100.42666666666666,57.57857142857143,42.84809523809523,0.7441673903155108,0.7441673903155108,1.0188512076579566,137,False,WITHIN_THRESHOLD
2020-06-16 17:15:00,4136001,oZ35aAeoifZaQzV,52.62666666666667,104.35714285714286,52.62666666666667,67.95237452564213,38.33104047619047,47.70889,104.35714285714286,52.62666666666667,51.73047619047619,0.982970791559593,0.982970791559593,1.0,97,False,WITHIN_THRESHOLD
2020-06-16 17:15:00,4136001,rrq4fwE8jgrTyWY,51.493333333333325,93.30666666666669,51.493333333333325,58.37476472742182,37.549266666666654,42.708485,93.30666666666669,51.493333333333325,41.81333333333336,0.8120145002589338,0.8120145002589338,1.0,135,False,WITHIN_THRESHOLD
2020-06-16 17:15:00,4136001,xMbIugepa2P7lBB,52.95,100.49333333333334,52.95,59.25851462232352,38.11219523809523,47.93243,100.49333333333334,52.95,47.54333333333334,0.8978910922253699,0.8978910922253699,0.9823653995011609,129,False,WITHIN_THRESHOLD
2020-06-16 17:30:00,4136001,4UPUqMRk7TRMgml,103.07857142857144,84.00666666666667,103.07857142857144,18.594862616326424,87.7030595238095,77.090485,84.00666666666667,103.07857142857144,-19.07190476190476,-0.18502298293026584,0.18502298293026584,1.0,105,False,WITHIN_THRESHOLD
2020-06-16 17:30:00,4136001,81aHJ1q11NBPMrL,100.73999999999998,80.53571428571428,100.73999999999998,17.57762145045382,86.83555714285713,62.949074,80.53571428571428,100.73999999999998,-20.204285714285703,-0.20055872259564927,0.20055872259564927,0.7988725021368553,143,False,WITHIN_THRESHOLD
2020-06-16 17:30:00,4136001,9kRcWv60rDACzjR,98.67333333333332,78.77857142857142,98.67333333333332,18.869650137064333,87.00412380952379,62.949074,78.77857142857142,98.67333333333332,-19.894761904761893,-0.20162247724574586,0.20162247724574586,0.8376117177500583,127,False,WITHIN_THRESHOLD
2020-06-16 17:30:00,4136001,Et9kgGMDl729KT4,93.3,74.33571428571429,93.3,14.687925710531545,83.46842380952381,62.949074,74.33571428571429,93.3,-18.964285714285708,-0.2032613688562241,0.2032613688562241,1.0,105,False,WITHIN_THRESHOLD
2020-06-16 17:30:00,4136001,IQ2d7wF4YD8zU1Q,100.72,80.45333333333335,100.72,17.28442944255302,88.01116666666663,77.090485,80.45333333333335,100.72,-20.26666666666665,-0.2012178978024886,0.2012178978024886,1.0,129,False,WITHIN_THRESHOLD
2020-06-16 17:30:00,4136001,LYwnQax7tkwH5Cb,94.31333333333332,75.14666666666666,94.31333333333332,18.42654244985413,86.97827380952378,62.949074,75.14666666666666,94.31333333333332,-19.166666666666657,-0.20322329822577218,0.20322329822577218,0.8540476989297716,143,False,WITHIN_THRESHOLD
2020-06-16 17:30:00,4136001,LlT2YUhhzqhg5Sw,97.32666666666664,77.77999999999999,97.32666666666664,18.59982378553121,86.89001666666664,62.949074,77.77999999999999,97.32666666666664,-19.546666666666653,-0.2008356736762791,0.2008356736762791,0.8849165458231198,127,False,WITHIN_THRESHOLD
2020-06-16 17:30:00,4136001,Mx2yZCDsyf6DPfv,103.47142857142858,83.81333333333333,103.47142857142858,18.31478253471103,87.60395476190473,77.090485,83.81333333333333,103.47142857142858,-19.658095238095243,-0.18998573335174196,0.18998573335174196,1.0,96,False,WITHIN_THRESHOLD
2020-06-16 17:30:00,4136001,NgDl19wMapZy17u,100.52666666666669,80.29333333333331,100.52666666666669,17.6743093546459,92.40631428571427,77.090485,80.29333333333331,100.52666666666669,-20.233333333333377,-0.20127329398501267,0.20127329398501267,1.0,129,False,WITHIN_THRESHOLD
2020-06-16 17:30:00,4136001,PeE6FRyGXUgsRhN,99.27857142857142,80.02,99.27857142857142,17.33836476838684,86.88234047619045,62.949074,80.02,99.27857142857142,-19.25857142857143,-0.193985178789841,0.193985178789841,1.0050898489883968,130,False,WITHIN_THRESHOLD
2020-06-16 17:30:00,4136001,Qf4GUc1pJu5T6c6,101.62857142857143,83.38666666666667,101.62857142857143,18.824887742272598,92.6706023809524,77.090485,83.38666666666667,101.62857142857143,-18.241904761904763,-0.17949582981913598,0.17949582981913598,1.0,91,False,WITHIN_THRESHOLD
2020-06-16 17:30:00,4136001,Quc1TzYxW2pYoWX,85.77999999999999,68.67857142857143,85.77999999999999,13.298389230066732,79.14992619047617,58.572998,68.67857142857143,85.77999999999999,-17.101428571428556,-0.19936382107051245,0.19936382107051245,1.0,108,False,WITHIN_THRESHOLD
2020-06-16 17:30:00,4136001,V94E5Ben1TlhnDV,100.40714285714289,81.08666666666667,100.40714285714289,16.047867155313817,83.94360952380951,62.949074,81.08666666666667,100.40714285714289,-19.320476190476214,-0.19242133219511057,0.19242133219511057,1.0842639735182622,98,False,WITHIN_THRESHOLD
2020-06-16 17:30:00,4136001,WcxssY2VbP4hApt,101.90666666666668,81.07142857142857,101.90666666666668,18.313740630980547,87.09745714285712,62.949074,81.07142857142857,101.90666666666668,-20.83523809523811,-0.20445412235285335,0.20445412235285335,0.8131277317394211,142,False,WITHIN_THRESHOLD
2020-06-16 17:30:00,4136001,mqwcsP2rE7J0TFp,100.42666666666666,80.78666666666666,100.42666666666666,18.88167593666138,95.41275238095238,78.72071,80.78666666666666,100.42666666666666,-19.64,-0.19556558682952738,0.19556558682952738,1.0188512076579566,137,False,WITHIN_THRESHOLD
2020-06-16 17:30:00,4136001,oZ35aAeoifZaQzV,104.35714285714286,84.04666666666665,104.35714285714286,18.172448397107942,87.60216904761901,77.090485,84.04666666666665,104.35714285714286,-20.31047619047621,-0.1946246862879308,0.1946246862879308,1.0,97,False,WITHIN_THRESHOLD
2020-06-16 17:30:00,4136001,oZZkBaNadn6DNKz,102.05,82.57333333333331,102.05,16.16165146740338,84.0996976190476,62.949074,82.57333333333331,102.05,-19.476666666666688,-0.19085415645925222,0.19085415645925222,1.1151183176572743,114,False,WITHIN_THRESHOLD
2020-06-16 17:30:00,4136001,q49J1IKaHRwDQnt,98.83333333333334,78.78,98.83333333333334,14.409410537429835,84.08704999999998,62.949074,78.78,98.83333333333334,-20.05333333333334,-0.2029005059021923,0.2029005059021923,0.8617696945001074,143,False,WITHIN_THRESHOLD
2020-06-16 17:30:00,4136001,rrq4fwE8jgrTyWY,93.30666666666669,74.2,93.30666666666669,18.631017290305167,86.88464047619046,62.949074,74.2,93.30666666666669,-19.106666666666683,-0.20477279222635053,0.20477279222635053,1.0,135,False,WITHIN_THRESHOLD
2020-06-16 17:30:00,4136001,vOuJvMaM2sgwLmb,101.50666666666667,80.75714285714287,101.50666666666667,17.383581842139208,86.98662857142854,62.949074,80.75714285714287,101.50666666666667,-20.749523809523808,-0.2044153797076429,0.2044153797076429,0.7896224826398267,142,False,WITHIN_THRESHOLD
2020-06-16 17:30:00,4136001,xMbIugepa2P7lBB,100.49333333333334,80.18,100.49333333333334,17.446023311907318,87.24669761904761,77.090485,80.18,100.49333333333334,-20.313333333333333,-0.20213612843306353,0.20213612843306353,0.9823653995011609,129,False,WITHIN_THRESHOLD
2020-06-16 17:30:00,4136001,xoJJ8DcxJEcupym,99.43571428571428,80.53999999999998,99.43571428571428,16.781358283398617,83.98075476190478,62.949074,80.53999999999998,99.43571428571428,-18.895714285714305,-0.19002945190719078,0.19002945190719078,0.8195700732505016,143,False,WITHIN_THRESHOLD
2020-06-16 17:45:00,4136001,4UPUqMRk7TRMgml,84.00666666666667,36.626666666666665,84.00666666666667,48.06856542953968,51.60003571428568,52.867645,36.626666666666665,84.00666666666667,-47.38000000000001,-0.5640028569161178,0.5640028569161178,1.0,105,False,WITHIN_THRESHOLD
2020-06-16 17:45:00,4136001,81aHJ1q11NBPMrL,80.53571428571428,40.37333333333334,80.53571428571428,47.22919510838001,51.60400476190473,52.867645,40.37333333333334,80.53571428571428,-40.162380952380936,-0.49869031781226886,0.49869031781226886,0.7988725021368553,143,False,WITHIN_THRESHOLD
2020-06-16 17:45:00,4136001,9kRcWv60rDACzjR,78.77857142857142,38.75333333333333,78.77857142857142,46.24721294377207,51.46008333333332,51.539536,38.75333333333333,78.77857142857142,-40.025238095238095,-0.5080726569347478,0.5080726569347478,0.8376117177500583,127,False,WITHIN_THRESHOLD
2020-06-16 17:45:00,4136001,Et9kgGMDl729KT4,74.33571428571429,34.31999999999999,74.33571428571429,43.702757033652894,47.7056738095238,50.574062,34.31999999999999,74.33571428571429,-40.015714285714296,-0.5383107523782071,0.5383107523782071,1.0,105,False,WITHIN_THRESHOLD
2020-06-16 17:45:00,4136001,IQ2d7wF4YD8zU1Q,80.45333333333335,34.806666666666665,80.45333333333335,46.62914399949472,51.77687142857138,52.867645,34.806666666666665,80.45333333333335,-45.64666666666668,-0.5673682466025854,0.5673682466025854,1.0,129,False,WITHIN_THRESHOLD
2020-06-16 17:45:00,4136001,LYwnQax7tkwH5Cb,75.14666666666666,34.57142857142857,75.14666666666666,44.51530221044486,50.06503809523809,52.006958,34.57142857142857,75.14666666666666,-40.57523809523809,-0.5399472777045523,0.5399472777045523,0.8540476989297716,143,False,WITHIN_THRESHOLD
2020-06-16 17:45:00,4136001,LlT2YUhhzqhg5Sw,77.77999999999999,36.75,77.77999999999999,46.3893416919396,50.55135476190476,52.006958,36.75,77.77999999999999,-41.02999999999999,-0.5275134996142966,0.5275134996142966,0.8849165458231198,127,False,WITHIN_THRESHOLD
2020-06-16 17:45:00,4136001,Mx2yZCDsyf6DPfv,83.81333333333333,36.57333333333333,83.81333333333333,48.97822305169592,51.52758809523808,52.047985,36.57333333333333,83.81333333333333,-47.24,-0.5636334712058543,0.5636334712058543,1.0,96,False,WITHIN_THRESHOLD
2020-06-16 17:45:00,4136001,NgDl19wMapZy17u,80.29333333333331,34.72666666666667,80.29333333333331,46.148863148947086,51.58080476190473,52.867645,34.72666666666667,80.29333333333331,-45.56666666666664,-0.5675024908668215,0.5675024908668215,1.0,129,False,WITHIN_THRESHOLD
2020-06-16 17:45:00,4136001,PeE6FRyGXUgsRhN,80.02,38.22,80.02,47.33905968820814,50.47232619047619,52.006958,38.22,80.02,-41.8,-0.5223694076480879,0.5223694076480879,1.0050898489883968,130,False,WITHIN_THRESHOLD
2020-06-16 17:45:00,4136001,Qf4GUc1pJu5T6c6,83.38666666666667,34.94,83.38666666666667,45.00621058898625,51.54371428571426,51.655968,34.94,83.38666666666667,-48.44666666666667,-0.5809881675727535,0.5809881675727535,1.0,91,False,WITHIN_THRESHOLD
2020-06-16 17:45:00,4136001,Quc1TzYxW2pYoWX,68.67857142857143,30.673333333333336,68.67857142857143,39.12882502097405,44.05728333333335,44.973377,30.673333333333336,68.67857142857143,-38.0052380952381,-0.5533784018027388,0.5533784018027388,1.0,108,False,WITHIN_THRESHOLD
2020-06-16 17:45:00,4136001,V94E5Ben1TlhnDV,81.08666666666667,40.24,81.08666666666667,47.88919594150866,51.15969999999997,52.006958,40.24,81.08666666666667,-40.84666666666667,-0.5037408534078763,0.5037408534078763,1.0842639735182622,98,False,WITHIN_THRESHOLD
2020-06-16 17:45:00,4136001,WcxssY2VbP4hApt,81.07142857142857,39.56666666666667,81.07142857142857,48.10109370873879,51.76097619047615,52.867645,39.56666666666667,81.07142857142857,-41.5047619047619,-0.5119530102790014,0.5119530102790014,0.8131277317394211,142,False,WITHIN_THRESHOLD
2020-06-16 17:45:00,4136001,mqwcsP2rE7J0TFp,80.78666666666666,34.1,80.78666666666666,44.5402860693945,51.545823809523775,51.655968,34.1,80.78666666666666,-46.68666666666666,-0.5779006436705727,0.5779006436705727,1.0188512076579566,137,False,WITHIN_THRESHOLD
2020-06-16 17:45:00,4136001,oZ35aAeoifZaQzV,84.04666666666665,38.41333333333333,84.04666666666665,49.41957360308312,51.62621428571424,52.867645,38.41333333333333,84.04666666666665,-45.633333333333326,-0.5429523280717062,0.5429523280717062,1.0,97,False,WITHIN_THRESHOLD
2020-06-16 17:45:00,4136001,oZZkBaNadn6DNKz,82.57333333333331,39.02,82.57333333333331,48.76048863687275,51.20552857142856,51.539536,39.02,82.57333333333331,-43.553333333333306,-0.5274503471661551,0.5274503471661551,1.1151183176572743,114,False,WITHIN_THRESHOLD
2020-06-16 17:45:00,4136001,q49J1IKaHRwDQnt,78.78,36.507142857142846,78.78,47.45132139281426,50.55225476190476,52.006958,36.507142857142846,78.78,-42.272857142857156,-0.5365937692670367,0.5365937692670367,0.8617696945001074,143,False,WITHIN_THRESHOLD
2020-06-16 17:45:00,4136001,rrq4fwE8jgrTyWY,74.2,33.47142857142857,74.2,43.705626172713615,49.91345714285713,52.006958,33.47142857142857,74.2,-40.728571428571435,-0.5489025798998846,0.5489025798998846,1.0,135,False,WITHIN_THRESHOLD
2020-06-16 17:45:00,4136001,vOuJvMaM2sgwLmb,80.75714285714287,39.76666666666667,80.75714285714287,47.56380445887392,51.622409523809495,52.867645,39.76666666666667,80.75714285714287,-40.990476190476194,-0.5075770977062327,0.5075770977062327,0.7896224826398267,142,False,WITHIN_THRESHOLD
2020-06-16 17:45:00,4136001,xMbIugepa2P7lBB,80.18,36.20666666666667,80.18,47.42859635192663,51.353571428571406,51.539536,36.20666666666667,80.18,-43.973333333333336,-0.5484326931071755,0.5484326931071755,0.9823653995011609,129,False,WITHIN_THRESHOLD
2020-06-16 17:45:00,4136001,xoJJ8DcxJEcupym,80.53999999999998,38.966666666666654,80.53999999999998,47.16075922584071,51.14429999999997,51.539536,38.966666666666654,80.53999999999998,-41.57333333333332,-0.5161824352288717,0.5161824352288717,0.8195700732505016,143,False,WITHIN_THRESHOLD
2020-06-17 06:30:00,4136001,4UPUqMRk7TRMgml,55.24,59.426666666666655,55.24,89.22570180124094,95.2447952380952,103.81985,59.426666666666655,55.24,4.186666666666653,0.07579048998310378,0.07579048998310378,1.0,105,False,WITHIN_THRESHOLD
2020-06-17 06:30:00,4136001,81aHJ1q11NBPMrL,53.86000000000001,57.986666666666665,53.86000000000001,89.40756309930904,95.65865714285708,97.66783,57.986666666666665,53.86000000000001,4.126666666666658,0.07661839336551536,0.07661839336551536,0.7988725021368553,143,False,WITHIN_THRESHOLD
2020-06-17 06:30:00,4136001,9kRcWv60rDACzjR,52.126666666666665,56.466666666666654,52.126666666666665,88.96213465088714,95.2693928571428,103.81985,56.466666666666654,52.126666666666665,4.339999999999989,0.08325872873769004,0.08325872873769004,0.8376117177500583,127,False,WITHIN_THRESHOLD
2020-06-17 06:30:00,4136001,Et9kgGMDl729KT4,50.28666666666666,53.926666666666655,50.28666666666666,87.79583075058186,94.69190714285708,97.66783,53.926666666666655,50.28666666666666,3.6399999999999935,0.0723849927084713,0.0723849927084713,1.0,105,False,WITHIN_THRESHOLD
2020-06-17 06:30:00,4136001,IQ2d7wF4YD8zU1Q,52.653333333333336,57.21333333333333,52.653333333333336,89.22792846116661,95.3786952380952,103.81985,57.21333333333333,52.653333333333336,4.559999999999995,0.08660420359584696,0.08660420359584696,1.0,129,False,WITHIN_THRESHOLD
2020-06-17 06:30:00,4136001,LYwnQax7tkwH5Cb,50.135714285714286,53.760000000000005,50.135714285714286,88.59263578009208,95.16304523809518,97.66783,53.760000000000005,50.135714285714286,3.624285714285719,0.07228949992876488,0.07228949992876488,0.8540476989297716,143,False,WITHIN_THRESHOLD
2020-06-17 06:30:00,4136001,LlT2YUhhzqhg5Sw,51.87857142857143,55.553333333333335,51.87857142857143,89.38152684783265,95.70556190476184,97.66783,55.553333333333335,51.87857142857143,3.674761904761901,0.07083390701730223,0.07083390701730223,0.8849165458231198,127,False,WITHIN_THRESHOLD
2020-06-17 06:30:00,4136001,Mx2yZCDsyf6DPfv,55.44,60.580000000000005,55.44,89.07064091776138,94.87999285714282,103.81985,60.580000000000005,55.44,5.140000000000008,0.09271284271284286,0.09271284271284286,1.0,96,False,WITHIN_THRESHOLD
2020-06-17 06:30:00,4136001,NgDl19wMapZy17u,52.60000000000001,57.25333333333333,52.60000000000001,89.34746315697134,95.35942857142852,103.81985,57.25333333333333,52.60000000000001,4.653333333333322,0.08846641318124185,0.08846641318124185,1.0,129,False,WITHIN_THRESHOLD
2020-06-17 06:30:00,4136001,PeE6FRyGXUgsRhN,53.06666666666668,57.31333333333334,53.06666666666668,89.33932098342706,95.70272857142852,103.81985,57.31333333333334,53.06666666666668,4.246666666666663,0.08002512562814061,0.08002512562814061,1.0050898489883968,130,False,WITHIN_THRESHOLD
2020-06-17 06:30:00,4136001,Qf4GUc1pJu5T6c6,53.866666666666674,58.78,53.866666666666674,88.94693571698332,94.83448095238091,103.81985,58.78,53.866666666666674,4.913333333333327,0.09121287128712859,0.09121287128712859,1.0,91,False,WITHIN_THRESHOLD
2020-06-17 06:30:00,4136001,V94E5Ben1TlhnDV,53.50666666666666,57.76,53.50666666666666,89.61553419841917,95.54433571428568,103.81985,57.76,53.50666666666666,4.253333333333337,0.07949165213057571,0.07949165213057571,1.0842639735182622,98,False,WITHIN_THRESHOLD
2020-06-17 06:30:00,4136001,WcxssY2VbP4hApt,53.746666666666655,58.353333333333325,53.746666666666655,89.51768756013047,95.6861952380952,103.81985,58.353333333333325,53.746666666666655,4.606666666666669,0.08571074175142651,0.08571074175142651,0.8131277317394211,142,False,WITHIN_THRESHOLD
2020-06-17 06:30:00,4136001,mqwcsP2rE7J0TFp,52.86,57.66,52.86,89.53798678014222,95.19330238095232,103.81985,57.66,52.86,4.799999999999997,0.09080590238365488,0.09080590238365488,1.0188512076579566,137,False,WITHIN_THRESHOLD
2020-06-17 06:30:00,4136001,oZ35aAeoifZaQzV,55.586666666666666,59.153333333333336,55.586666666666666,89.9107691905114,95.15946190476188,103.81985,59.153333333333336,55.586666666666666,3.56666666666667,0.06416406812185182,0.06416406812185182,1.0,97,False,WITHIN_THRESHOLD
2020-06-17 06:30:00,4136001,oZZkBaNadn6DNKz,54.32666666666666,58.58,54.32666666666666,89.39742016520728,95.26886904761898,103.81985,58.58,54.32666666666666,4.253333333333337,0.0782918149466193,0.0782918149466193,1.1151183176572743,114,False,WITHIN_THRESHOLD
2020-06-17 06:30:00,4136001,q49J1IKaHRwDQnt,52.81428571428572,56.453333333333326,52.81428571428572,89.74151899012686,95.56872380952376,103.81985,56.453333333333326,52.81428571428572,3.6390476190476093,0.06890271391218086,0.06890271391218086,0.8617696945001074,143,False,WITHIN_THRESHOLD
2020-06-17 06:30:00,4136001,vOuJvMaM2sgwLmb,53.91333333333333,58.286666666666655,53.91333333333333,89.56790493369857,95.57336904761898,103.81985,58.286666666666655,53.91333333333333,4.373333333333328,0.08111784345245446,0.08111784345245446,0.7896224826398267,142,False,WITHIN_THRESHOLD
2020-06-17 06:30:00,4136001,xMbIugepa2P7lBB,53.01333333333333,57.51333333333333,53.01333333333333,89.53426044116236,95.57336904761898,103.81985,57.51333333333333,53.01333333333333,4.5,0.08488430583501007,0.08488430583501007,0.9823653995011609,129,False,WITHIN_THRESHOLD
2020-06-17 06:30:00,4136001,xoJJ8DcxJEcupym,53.64666666666666,57.60666666666666,53.64666666666666,88.99465532387565,95.43936190476184,103.81985,57.60666666666666,53.64666666666666,3.960000000000001,0.07381632906673297,0.07381632906673297,0.8195700732505016,143,False,WITHIN_THRESHOLD
2020-06-17 06:45:00,4136001,4UPUqMRk7TRMgml,59.426666666666655,63.886666666666656,59.426666666666655,115.27080728039992,107.43678809523804,108.594315,63.886666666666656,59.426666666666655,4.460000000000001,0.07505048238725603,0.07505048238725603,1.0,105,False,WITHIN_THRESHOLD
2020-06-17 06:45:00,4136001,81aHJ1q11NBPMrL,57.986666666666665,63.4,57.986666666666665,114.18801850854152,107.40626428571424,108.594315,63.4,57.986666666666665,5.413333333333334,0.09335479420556451,0.09335479420556451,0.7988725021368553,143,False,WITHIN_THRESHOLD
2020-06-17 06:45:00,4136001,9kRcWv60rDACzjR,56.466666666666654,61.96666666666668,56.466666666666654,112.87385393982558,107.10519761904756,108.594315,61.96666666666668,56.466666666666654,5.500000000000028,0.09740259740259792,0.09740259740259792,0.8376117177500583,127,False,WITHIN_THRESHOLD
2020-06-17 06:45:00,4136001,Et9kgGMDl729KT4,53.926666666666655,57.8,53.926666666666655,111.27787449977684,107.0141309523809,108.594315,57.8,53.926666666666655,3.873333333333342,0.07182593645691697,0.07182593645691697,1.0,105,False,WITHIN_THRESHOLD
2020-06-17 06:45:00,4136001,IQ2d7wF4YD8zU1Q,57.21333333333333,62.12857142857143,57.21333333333333,113.32380205142496,107.24719761904755,108.594315,62.12857142857143,57.21333333333333,4.915238095238102,0.0859107101241803,0.0859107101241803,1.0,129,False,WITHIN_THRESHOLD
2020-06-17 06:45:00,4136001,LYwnQax7tkwH5Cb,53.760000000000005,59.18666666666668,53.760000000000005,111.21600514728436,107.0141309523809,108.594315,59.18666666666668,53.760000000000005,5.4266666666666765,0.10094246031746049,0.10094246031746049,0.8540476989297716,143,False,WITHIN_THRESHOLD
2020-06-17 06:45:00,4136001,LlT2YUhhzqhg5Sw,55.553333333333335,61.06666666666667,55.553333333333335,112.6197143097713,107.10519761904756,108.594315,61.06666666666667,55.553333333333335,5.513333333333335,0.09924396975879039,0.09924396975879039,0.8849165458231198,127,False,WITHIN_THRESHOLD
2020-06-17 06:45:00,4136001,Mx2yZCDsyf6DPfv,60.580000000000005,63.26,60.580000000000005,115.38981341639492,107.43678809523804,108.594315,63.26,60.580000000000005,2.6799999999999926,0.04423902277979518,0.04423902277979518,1.0,96,False,WITHIN_THRESHOLD
2020-06-17 06:45:00,4136001,NgDl19wMapZy17u,57.25333333333333,62.171428571428585,57.25333333333333,113.26781878821016,107.10519761904756,108.594315,62.171428571428585,57.25333333333333,4.918095238095255,0.08590059218843599,0.08590059218843599,1.0,129,False,WITHIN_THRESHOLD
2020-06-17 06:45:00,4136001,PeE6FRyGXUgsRhN,57.31333333333334,62.48,57.31333333333334,113.53911372616454,107.24719761904755,108.594315,62.48,57.31333333333334,5.166666666666657,0.09014772595091293,0.09014772595091293,1.0050898489883968,130,False,WITHIN_THRESHOLD
2020-06-17 06:45:00,4136001,Qf4GUc1pJu5T6c6,58.78,63.066666666666656,58.78,114.21414515152738,107.10519761904756,108.594315,63.066666666666656,58.78,4.286666666666655,0.07292729953498901,0.07292729953498901,1.0,91,False,WITHIN_THRESHOLD
2020-06-17 06:45:00,4136001,V94E5Ben1TlhnDV,57.76,62.99333333333334,57.76,113.92328386903688,107.40626428571424,108.594315,62.99333333333334,57.76,5.233333333333341,0.0906048014773778,0.0906048014773778,1.0842639735182622,98,False,WITHIN_THRESHOLD
2020-06-17 06:45:00,4136001,WcxssY2VbP4hApt,58.353333333333325,63.52,58.353333333333325,114.1487777733677,107.40626428571424,108.594315,63.52,58.353333333333325,5.1666666666666785,0.08854107163258333,0.08854107163258333,0.8131277317394211,142,False,WITHIN_THRESHOLD
2020-06-17 06:45:00,4136001,mqwcsP2rE7J0TFp,57.66,62.43571428571428,57.66,113.51501447175036,107.40626428571424,108.594315,62.43571428571428,57.66,4.775714285714287,0.08282542985976911,0.08282542985976911,1.0188512076579566,137,False,WITHIN_THRESHOLD
2020-06-17 06:45:00,4136001,oZ35aAeoifZaQzV,59.153333333333336,65.63333333333334,59.153333333333336,115.59715961897211,107.934669047619,108.594315,65.63333333333334,59.153333333333336,6.480000000000004,0.10954581314098959,0.10954581314098959,1.0,97,False,WITHIN_THRESHOLD
2020-06-17 06:45:00,4136001,oZZkBaNadn6DNKz,58.58,63.52666666666666,58.58,114.55345840400182,107.40626428571424,108.594315,63.52666666666666,58.58,4.946666666666658,0.08444292705132568,0.08444292705132568,1.1151183176572743,114,False,WITHIN_THRESHOLD
2020-06-17 06:45:00,4136001,q49J1IKaHRwDQnt,56.453333333333326,61.906666666666666,56.453333333333326,113.35296071700652,107.40626428571424,108.594315,61.906666666666666,56.453333333333326,5.45333333333334,0.09659896079357595,0.09659896079357595,0.8617696945001074,143,False,WITHIN_THRESHOLD
2020-06-17 06:45:00,4136001,rrq4fwE8jgrTyWY,53.04,58.16,53.04,110.6686922969339,107.0141309523809,108.594315,58.16,53.04,5.119999999999997,0.09653092006033177,0.09653092006033177,1.0,135,False,WITHIN_THRESHOLD
2020-06-17 06:45:00,4136001,vOuJvMaM2sgwLmb,58.286666666666655,63.50666666666665,58.286666666666655,114.26163552359424,107.40626428571424,108.594315,63.50666666666665,58.286666666666655,5.219999999999999,0.08955736017385336,0.08955736017385336,0.7896224826398267,142,False,WITHIN_THRESHOLD
2020-06-17 06:45:00,4136001,xMbIugepa2P7lBB,57.51333333333333,62.26428571428572,57.51333333333333,113.54397503936808,107.40626428571424,108.594315,62.26428571428572,57.51333333333333,4.750952380952391,0.08260610376061885,0.08260610376061885,0.9823653995011609,129,False,WITHIN_THRESHOLD
2020-06-17 06:45:00,4136001,xoJJ8DcxJEcupym,57.60666666666666,63.2,57.60666666666666,113.99041978738764,107.40626428571424,108.594315,63.2,57.60666666666666,5.593333333333341,0.09709524360606425,0.09709524360606425,0.8195700732505016,143,False,WITHIN_THRESHOLD
2020-06-17 07:00:00,4136001,4UPUqMRk7TRMgml,63.886666666666656,75.32142857142857,63.886666666666656,130.58283830598634,114.4784571428571,115.15534,75.32142857142857,63.886666666666656,11.434761904761913,0.1789851075565363,0.1789851075565363,1.0,105,False,WITHIN_THRESHOLD
2020-06-17 07:00:00,4136001,81aHJ1q11NBPMrL,63.4,75.93333333333332,63.4,129.30835644962303,114.36905714285712,115.15534,75.93333333333332,63.4,12.533333333333324,0.1976866456361723,0.1976866456361723,0.7988725021368553,143,False,WITHIN_THRESHOLD
2020-06-17 07:00:00,4136001,9kRcWv60rDACzjR,61.96666666666668,74.71333333333331,61.96666666666668,128.08101856326775,114.29974285714285,114.250015,74.71333333333331,61.96666666666668,12.746666666666627,0.20570199031737424,0.20570199031737424,0.8376117177500583,127,False,WITHIN_THRESHOLD
2020-06-17 07:00:00,4136001,Et9kgGMDl729KT4,57.8,67.8142857142857,57.8,125.86195133529358,114.22727142857138,114.250015,67.8142857142857,57.8,10.014285714285705,0.17325753830944127,0.17325753830944127,1.0,105,False,WITHIN_THRESHOLD
2020-06-17 07:00:00,4136001,IQ2d7wF4YD8zU1Q,62.12857142857143,73.64,62.12857142857143,128.72455320989278,114.36133571428569,115.15534,73.64,62.12857142857143,11.511428571428567,0.18528397332720156,0.18528397332720156,1.0,129,False,WITHIN_THRESHOLD
2020-06-17 07:00:00,4136001,LYwnQax7tkwH5Cb,59.18666666666668,70.97333333333333,59.18666666666668,125.7965546835025,114.22909285714282,114.250015,70.97333333333333,59.18666666666668,11.786666666666648,0.19914395134039162,0.19914395134039162,0.8540476989297716,143,False,WITHIN_THRESHOLD
2020-06-17 07:00:00,4136001,LlT2YUhhzqhg5Sw,61.06666666666667,73.69333333333334,61.06666666666667,127.3165099130049,114.29974285714285,114.250015,73.69333333333334,61.06666666666667,12.626666666666672,0.20676855895196514,0.20676855895196514,0.8849165458231198,127,False,WITHIN_THRESHOLD
2020-06-17 07:00:00,4136001,Mx2yZCDsyf6DPfv,63.26,75.92142857142859,63.26,131.43705559620295,114.59770238095231,115.15534,75.92142857142859,63.26,12.661428571428594,0.20014904475859302,0.20014904475859302,1.0,96,False,WITHIN_THRESHOLD
2020-06-17 07:00:00,4136001,NgDl19wMapZy17u,62.171428571428585,73.74,62.171428571428585,128.74174634151805,114.36133571428569,115.15534,73.74,62.171428571428585,11.56857142857141,0.18607536764705848,0.18607536764705848,1.0,129,False,WITHIN_THRESHOLD
2020-06-17 07:00:00,4136001,PeE6FRyGXUgsRhN,62.48,74.19285714285715,62.48,128.71286703714946,114.36133571428569,115.15534,74.19285714285715,62.48,11.712857142857153,0.18746570331077392,0.18746570331077392,1.0050898489883968,130,False,WITHIN_THRESHOLD
2020-06-17 07:00:00,4136001,Qf4GUc1pJu5T6c6,63.066666666666656,74.0142857142857,63.066666666666656,130.02058585660603,114.45709047619044,115.15534,74.0142857142857,63.066666666666656,10.94761904761905,0.1735880398671097,0.1735880398671097,1.0,91,False,WITHIN_THRESHOLD
2020-06-17 07:00:00,4136001,Quc1TzYxW2pYoWX,53.25333333333333,61.842857142857135,53.25333333333333,122.20566210599756,112.76509999999996,114.250015,61.842857142857135,53.25333333333333,8.589523809523804,0.16129551470062228,0.16129551470062228,1.0,108,False,WITHIN_THRESHOLD
2020-06-17 07:00:00,4136001,V94E5Ben1TlhnDV,62.99333333333334,74.77857142857142,62.99333333333334,129.146255395305,114.36905714285712,115.15534,74.77857142857142,62.99333333333334,11.785238095238086,0.18708706892641683,0.18708706892641683,1.0842639735182622,98,False,WITHIN_THRESHOLD
2020-06-17 07:00:00,4136001,WcxssY2VbP4hApt,63.52,76.19333333333331,63.52,129.65007745249443,114.41559047619045,115.15534,76.19333333333331,63.52,12.67333333333331,0.19951721242653195,0.19951721242653195,0.8131277317394211,142,False,WITHIN_THRESHOLD
2020-06-17 07:00:00,4136001,mqwcsP2rE7J0TFp,62.43571428571428,73.64666666666666,62.43571428571428,129.12053546666408,114.41559047619045,115.15534,73.64666666666666,62.43571428571428,11.210952380952378,0.17955992830721118,0.17955992830721118,1.0188512076579566,137,False,WITHIN_THRESHOLD
2020-06-17 07:00:00,4136001,oZ35aAeoifZaQzV,65.63333333333334,76.25714285714285,65.63333333333334,130.4257267251377,114.46152380952375,115.15534,76.25714285714285,65.63333333333334,10.623809523809513,0.16186606689399968,0.16186606689399968,1.0,97,False,WITHIN_THRESHOLD
2020-06-17 07:00:00,4136001,oZZkBaNadn6DNKz,63.52666666666666,74.82142857142857,63.52666666666666,129.8670367756414,114.45709047619044,115.15534,74.82142857142857,63.52666666666666,11.294761904761913,0.17779560139723866,0.17779560139723866,1.1151183176572743,114,False,WITHIN_THRESHOLD
2020-06-17 07:00:00,4136001,q49J1IKaHRwDQnt,61.906666666666666,74.09999999999998,61.906666666666666,128.0941880543904,114.29974285714285,114.250015,74.09999999999998,61.906666666666666,12.193333333333314,0.1969631703639885,0.1969631703639885,0.8617696945001074,143,False,WITHIN_THRESHOLD
2020-06-17 07:00:00,4136001,rrq4fwE8jgrTyWY,58.16,69.91333333333334,58.16,125.19422378128584,114.22019999999996,114.250015,69.91333333333334,58.16,11.753333333333345,0.2020861989912886,0.2020861989912886,1.0,135,False,WITHIN_THRESHOLD
2020-06-17 07:00:00,4136001,vOuJvMaM2sgwLmb,63.50666666666665,75.72666666666667,63.50666666666665,129.58953979367232,114.41559047619045,115.15534,75.72666666666667,63.50666666666665,12.22000000000002,0.19242074322905767,0.19242074322905767,0.7896224826398267,142,False,WITHIN_THRESHOLD
2020-06-17 07:00:00,4136001,xMbIugepa2P7lBB,62.26428571428572,74.28666666666666,62.26428571428572,128.87304114540444,114.36905714285712,115.15534,74.28666666666666,62.26428571428572,12.022380952380942,0.19308630645099595,0.19308630645099595,0.9823653995011609,129,False,WITHIN_THRESHOLD
2020-06-17 07:00:00,4136001,xoJJ8DcxJEcupym,63.2,75.05,63.2,128.98018149049898,114.36905714285712,115.15534,75.05,63.2,11.849999999999994,0.1874999999999999,0.1874999999999999,0.8195700732505016,143,False,WITHIN_THRESHOLD
2020-06-17 07:15:00,4136001,4UPUqMRk7TRMgml,75.32142857142857,99.95333333333332,75.32142857142857,136.2579851241171,115.64034523809518,116.72565,99.95333333333332,75.32142857142857,24.63190476190475,0.32702386597123423,0.32702386597123423,1.0,105,False,WITHIN_THRESHOLD
2020-06-17 07:15:00,4136001,81aHJ1q11NBPMrL,75.93333333333332,100.2714285714286,75.93333333333332,135.79987489606168,115.481019047619,116.72565,100.2714285714286,75.93333333333332,24.338095238095278,0.3205192524771108,0.3205192524771108,0.7988725021368553,143,False,WITHIN_THRESHOLD
2020-06-17 07:15:00,4136001,9kRcWv60rDACzjR,74.71333333333331,98.25714285714288,74.71333333333331,134.65955541673333,115.48502142857136,113.77511,98.25714285714288,74.71333333333331,23.54380952380957,0.3151219263470542,0.3151219263470542,0.8376117177500583,127,False,WITHIN_THRESHOLD
2020-06-17 07:15:00,4136001,Et9kgGMDl729KT4,67.8142857142857,89.87333333333333,67.8142857142857,130.72530250598103,115.22200952380948,113.77511,89.87333333333333,67.8142857142857,22.059047619047632,0.3252861456358404,0.3252861456358404,1.0,105,False,WITHIN_THRESHOLD
2020-06-17 07:15:00,4136001,IQ2d7wF4YD8zU1Q,73.64,98.11333333333334,73.64,134.79036844780825,115.48502142857136,113.77511,98.11333333333334,73.64,24.473333333333343,0.33233749773673743,0.33233749773673743,1.0,129,False,WITHIN_THRESHOLD
2020-06-17 07:15:00,4136001,LYwnQax7tkwH5Cb,70.97333333333333,94.19333333333334,70.97333333333333,132.20605019409174,115.28537619047614,113.77511,94.19333333333334,70.97333333333333,23.220000000000013,0.32716513244411066,0.32716513244411066,0.8540476989297716,143,False,WITHIN_THRESHOLD
2020-06-17 07:15:00,4136001,LlT2YUhhzqhg5Sw,73.69333333333334,97.79333333333332,73.69333333333334,133.9018760348103,115.4215547619047,113.77511,97.79333333333332,73.69333333333334,24.09999999999998,0.3270309390265964,0.3270309390265964,0.8849165458231198,127,False,WITHIN_THRESHOLD
2020-06-17 07:15:00,4136001,Mx2yZCDsyf6DPfv,75.92142857142859,100.12,75.92142857142859,135.8251197216804,115.481019047619,116.72565,100.12,75.92142857142859,24.198571428571412,0.3187317715683504,0.3187317715683504,1.0,96,False,WITHIN_THRESHOLD
2020-06-17 07:15:00,4136001,NgDl19wMapZy17u,73.74,98.12,73.74,134.83639408107317,115.48502142857136,116.72565,98.12,73.74,24.38000000000001,0.33062110116626,0.33062110116626,1.0,129,False,WITHIN_THRESHOLD
2020-06-17 07:15:00,4136001,PeE6FRyGXUgsRhN,74.19285714285715,97.25333333333334,74.19285714285715,134.94653941022827,115.48502142857136,116.72565,97.25333333333334,74.19285714285715,23.060476190476194,0.3108180096916017,0.3108180096916017,1.0050898489883968,130,False,WITHIN_THRESHOLD
2020-06-17 07:15:00,4136001,Qf4GUc1pJu5T6c6,74.0142857142857,98.4,74.0142857142857,135.57628837618608,115.49215238095232,116.72565,98.4,74.0142857142857,24.3857142857143,0.3294730746960049,0.3294730746960049,1.0,91,False,WITHIN_THRESHOLD
2020-06-17 07:15:00,4136001,Quc1TzYxW2pYoWX,61.842857142857135,82.06666666666666,61.842857142857135,126.62476801342773,115.16752142857138,112.86978,82.06666666666666,61.842857142857135,20.22380952380953,0.3270193270193271,0.3270193270193271,1.0,108,False,WITHIN_THRESHOLD
2020-06-17 07:15:00,4136001,V94E5Ben1TlhnDV,74.77857142857142,99.25333333333332,74.77857142857142,135.35347151945666,115.49215238095232,116.72565,99.25333333333332,74.77857142857142,24.47476190476189,0.3272964625720379,0.3272964625720379,1.0842639735182622,98,False,WITHIN_THRESHOLD
2020-06-17 07:15:00,4136001,WcxssY2VbP4hApt,76.19333333333331,100.3285714285714,76.19333333333331,136.01394697227542,115.48745238095232,116.72565,100.3285714285714,76.19333333333331,24.13523809523808,0.31676312138294804,0.31676312138294804,0.8131277317394211,142,False,WITHIN_THRESHOLD
2020-06-17 07:15:00,4136001,mqwcsP2rE7J0TFp,73.64666666666666,97.91333333333333,73.64666666666666,135.0905504188857,115.48502142857136,116.72565,97.91333333333333,73.64666666666666,24.266666666666666,0.32950122205123566,0.32950122205123566,1.0188512076579566,137,False,WITHIN_THRESHOLD
2020-06-17 07:15:00,4136001,oZ35aAeoifZaQzV,76.25714285714285,101.34666666666666,76.25714285714285,137.5865938812847,115.90184999999995,116.72565,101.34666666666666,76.25714285714285,25.08952380952381,0.32901211439990014,0.32901211439990014,1.0,97,False,WITHIN_THRESHOLD
2020-06-17 07:15:00,4136001,oZZkBaNadn6DNKz,74.82142857142857,99.39333333333332,74.82142857142857,135.8502913500231,115.48745238095232,116.72565,99.39333333333332,74.82142857142857,24.571904761904747,0.3284073190135241,0.3284073190135241,1.1151183176572743,114,False,WITHIN_THRESHOLD
2020-06-17 07:15:00,4136001,q49J1IKaHRwDQnt,74.09999999999998,98.36,74.09999999999998,134.5801111768045,115.48502142857136,113.77511,98.36,74.09999999999998,24.26000000000002,0.32739541160593827,0.32739541160593827,0.8617696945001074,143,False,WITHIN_THRESHOLD
2020-06-17 07:15:00,4136001,rrq4fwE8jgrTyWY,69.91333333333334,92.78,69.91333333333334,131.36761273559628,115.28094285714282,113.77511,92.78,69.91333333333334,22.86666666666666,0.327071612472585,0.327071612472585,1.0,135,False,WITHIN_THRESHOLD
2020-06-17 07:15:00,4136001,vOuJvMaM2sgwLmb,75.72666666666667,99.8857142857143,75.72666666666667,135.9194945340297,115.481019047619,116.72565,99.8857142857143,75.72666666666667,24.159047619047627,0.3190295926452279,0.3190295926452279,0.7896224826398267,142,False,WITHIN_THRESHOLD
2020-06-17 07:15:00,4136001,xMbIugepa2P7lBB,74.28666666666666,98.57333333333332,74.28666666666666,134.8472739737074,115.48502142857136,116.72565,98.57333333333332,74.28666666666666,24.28666666666666,0.32693170600376914,0.32693170600376914,0.9823653995011609,129,False,WITHIN_THRESHOLD
2020-06-17 07:15:00,4136001,xoJJ8DcxJEcupym,75.05,98.58666666666667,75.05,135.56717216983668,115.481019047619,116.72565,98.58666666666667,75.05,23.536666666666676,0.31361314679102836,0.31361314679102836,0.8195700732505016,143,False,WITHIN_THRESHOLD
2020-06-17 07:30:00,4136001,4UPUqMRk7TRMgml,99.95333333333332,130.33333333333331,99.95333333333332,147.816058461864,219.1156142857141,166.63716,130.33333333333331,99.95333333333332,30.379999999999995,0.3039418395251117,0.3039418395251117,1.0,105,False,WITHIN_THRESHOLD
2020-06-17 07:30:00,4136001,81aHJ1q11NBPMrL,100.2714285714286,128.75333333333333,100.2714285714286,148.06199321632425,218.92705476190457,166.63716,128.75333333333333,100.2714285714286,28.48190476190473,0.2840480600275439,0.2840480600275439,0.7988725021368553,143,False,WITHIN_THRESHOLD
2020-06-17 07:30:00,4136001,9kRcWv60rDACzjR,98.25714285714288,126.71999999999998,98.25714285714288,147.014173042091,218.56496904761883,166.63716,126.71999999999998,98.25714285714288,28.462857142857104,0.2896772317534162,0.2896772317534162,0.8376117177500583,127,False,WITHIN_THRESHOLD
2020-06-17 07:30:00,4136001,Et9kgGMDl729KT4,89.87333333333333,116.50666666666667,89.87333333333333,141.05840804256533,220.4338571428569,163.6079,116.50666666666667,89.87333333333333,26.63333333333334,0.29634300126103413,0.29634300126103413,1.0,105,False,WITHIN_THRESHOLD
2020-06-17 07:30:00,4136001,IQ2d7wF4YD8zU1Q,98.11333333333334,128.65333333333334,98.11333333333334,146.29375597274014,218.8312214285712,166.63716,128.65333333333334,98.11333333333334,30.539999999999992,0.3112726778555411,0.3112726778555411,1.0,129,False,WITHIN_THRESHOLD
2020-06-17 07:30:00,4136001,LYwnQax7tkwH5Cb,94.19333333333334,121.48571428571428,94.19333333333334,143.75654676374438,217.46533571428552,164.69987,121.48571428571428,94.19333333333334,27.292380952380938,0.28974854150025764,0.28974854150025764,0.8540476989297716,143,False,WITHIN_THRESHOLD
2020-06-17 07:30:00,4136001,LlT2YUhhzqhg5Sw,97.79333333333332,125.6642857142857,97.79333333333332,146.12941893764432,217.79473571428548,166.63716,125.6642857142857,97.79333333333332,27.870952380952374,0.28499849049988796,0.28499849049988796,0.8849165458231198,127,False,WITHIN_THRESHOLD
2020-06-17 07:30:00,4136001,Mx2yZCDsyf6DPfv,100.12,130.5,100.12,148.23544752285596,219.1156142857141,166.63716,130.5,100.12,30.379999999999995,0.3034358769476627,0.3034358769476627,1.0,96,False,WITHIN_THRESHOLD
2020-06-17 07:30:00,4136001,NgDl19wMapZy17u,98.12,128.5533333333333,98.12,146.36871992180568,218.8312214285712,166.63716,128.5533333333333,98.12,30.43333333333331,0.3101644245142,0.3101644245142,1.0,129,False,WITHIN_THRESHOLD
2020-06-17 07:30:00,4136001,PeE6FRyGXUgsRhN,97.25333333333334,125.79333333333334,97.25333333333334,146.57718212662178,218.48139999999975,166.63716,125.79333333333334,97.25333333333334,28.539999999999992,0.2934603783931998,0.2934603783931998,1.0050898489883968,130,False,WITHIN_THRESHOLD
2020-06-17 07:30:00,4136001,Qf4GUc1pJu5T6c6,98.4,128.28666666666666,98.4,146.73848624084957,218.9465642857141,166.63716,128.28666666666666,98.4,29.886666666666656,0.3037262872628725,0.3037262872628725,1.0,91,False,WITHIN_THRESHOLD
2020-06-17 07:30:00,4136001,Quc1TzYxW2pYoWX,82.06666666666666,106.52666666666669,82.06666666666666,135.73975914307726,214.98182380952372,159.17699,106.52666666666669,82.06666666666666,24.460000000000022,0.2980503655564585,0.2980503655564585,1.0,108,False,WITHIN_THRESHOLD
2020-06-17 07:30:00,4136001,V94E5Ben1TlhnDV,99.25333333333332,128.39333333333337,99.25333333333332,147.1517947033262,218.86640238095217,166.63716,128.39333333333337,99.25333333333332,29.140000000000057,0.2935921547555084,0.2935921547555084,1.0842639735182622,98,False,WITHIN_THRESHOLD
2020-06-17 07:30:00,4136001,WcxssY2VbP4hApt,100.3285714285714,129.50666666666666,100.3285714285714,148.38628966231187,219.28279523809505,166.63716,129.50666666666666,100.3285714285714,29.178095238095267,0.29082538326451224,0.29082538326451224,0.8131277317394211,142,False,WITHIN_THRESHOLD
2020-06-17 07:30:00,4136001,mqwcsP2rE7J0TFp,97.91333333333333,128.58,97.91333333333333,146.36790596473844,218.84910714285692,166.63716,128.58,97.91333333333333,30.666666666666686,0.3132021515626066,0.3132021515626066,1.0188512076579566,137,False,WITHIN_THRESHOLD
2020-06-17 07:30:00,4136001,oZ35aAeoifZaQzV,101.34666666666666,131.76,101.34666666666666,148.61102405113024,219.3922904761903,169.60272,131.76,101.34666666666666,30.413333333333327,0.30009209314563867,0.30009209314563867,1.0,97,False,WITHIN_THRESHOLD
2020-06-17 07:30:00,4136001,oZZkBaNadn6DNKz,99.39333333333332,129.68,99.39333333333332,147.3205407174816,219.1156142857141,166.63716,129.68,99.39333333333332,30.28666666666669,0.3047152726541018,0.3047152726541018,1.1151183176572743,114,False,WITHIN_THRESHOLD
2020-06-17 07:30:00,4136001,q49J1IKaHRwDQnt,98.36,126.69285714285716,98.36,146.51912603591535,218.6714857142855,166.63716,126.69285714285716,98.36,28.332857142857165,0.28805263463661207,0.28805263463661207,0.8617696945001074,143,False,WITHIN_THRESHOLD
2020-06-17 07:30:00,4136001,rrq4fwE8jgrTyWY,92.78,119.92142857142856,92.78,142.8426000085512,217.32085238095215,164.69987,119.92142857142856,92.78,27.141428571428563,0.2925353370492408,0.2925353370492408,1.0,135,False,WITHIN_THRESHOLD
2020-06-17 07:30:00,4136001,vOuJvMaM2sgwLmb,99.8857142857143,128.45333333333335,99.8857142857143,147.9580494750638,219.1156142857141,166.63716,128.45333333333335,99.8857142857143,28.567619047619047,0.28600305110602586,0.28600305110602586,0.7896224826398267,142,False,WITHIN_THRESHOLD
2020-06-17 07:30:00,4136001,xMbIugepa2P7lBB,98.57333333333332,128.85333333333332,98.57333333333332,146.6803820599198,218.64360238095213,166.63716,128.85333333333332,98.57333333333332,30.28,0.30718246990396325,0.30718246990396325,0.9823653995011609,129,False,WITHIN_THRESHOLD
2020-06-17 07:30:00,4136001,xoJJ8DcxJEcupym,98.58666666666667,128.16666666666666,98.58666666666667,147.37587865482,218.92705476190457,166.63716,128.16666666666666,98.58666666666667,29.579999999999984,0.30004057343792245,0.30004057343792245,0.8195700732505016,143,False,WITHIN_THRESHOLD
2020-06-17 07:45:00,4136001,4UPUqMRk7TRMgml,130.33333333333331,186.98,130.33333333333331,172.51858682310825,209.90043333333332,220.11942,186.98,130.33333333333331,56.646666666666675,0.43462915601023033,0.43462915601023033,1.0,105,False,WITHIN_THRESHOLD
2020-06-17 07:45:00,4136001,81aHJ1q11NBPMrL,128.75333333333333,182.1,128.75333333333333,172.56012187499445,209.9767547619048,218.05702,182.1,128.75333333333333,53.346666666666664,0.41433231502097034,0.41433231502097034,0.7988725021368553,143,False,WITHIN_THRESHOLD
2020-06-17 07:45:00,4136001,9kRcWv60rDACzjR,126.71999999999998,180.00000000000003,126.71999999999998,170.94336775412694,206.40926904761912,224.4818,180.00000000000003,126.71999999999998,53.280000000000044,0.42045454545454586,0.42045454545454586,0.8376117177500583,127,False,WITHIN_THRESHOLD
2020-06-17 07:45:00,4136001,Et9kgGMDl729KT4,116.50666666666667,165.78000000000003,116.50666666666667,163.73312933628944,202.9073261904762,218.38423,165.78000000000003,116.50666666666667,49.273333333333355,0.42292286564431236,0.42292286564431236,1.0,105,False,WITHIN_THRESHOLD
2020-06-17 07:45:00,4136001,IQ2d7wF4YD8zU1Q,128.65333333333334,183.3642857142857,128.65333333333334,170.90563255001626,206.45576904761916,224.4818,183.3642857142857,128.65333333333334,54.710952380952364,0.42525872407207244,0.42525872407207244,1.0,129,False,WITHIN_THRESHOLD
2020-06-17 07:45:00,4136001,LYwnQax7tkwH5Cb,121.48571428571428,171.84666666666666,121.48571428571428,167.36388856786692,204.00244523809525,220.83208,171.84666666666666,121.48571428571428,50.360952380952384,0.41454217623079337,0.41454217623079337,0.8540476989297716,143,False,WITHIN_THRESHOLD
2020-06-17 07:45:00,4136001,LlT2YUhhzqhg5Sw,125.6642857142857,177.1,125.6642857142857,170.4214794701045,205.80252619047627,224.4818,177.1,125.6642857142857,51.4357142857143,0.4093105212300348,0.4093105212300348,0.8849165458231198,127,False,WITHIN_THRESHOLD
2020-06-17 07:45:00,4136001,Mx2yZCDsyf6DPfv,130.5,186.66,130.5,172.6439656274266,209.99628809523813,218.05702,186.66,130.5,56.16,0.43034482758620685,0.43034482758620685,1.0,96,False,WITHIN_THRESHOLD
2020-06-17 07:45:00,4136001,NgDl19wMapZy17u,128.5533333333333,183.45714285714288,128.5533333333333,170.90425526400458,206.45576904761916,224.4818,183.45714285714288,128.5533333333333,54.90380952380957,0.4270897385557972,0.4270897385557972,1.0,129,False,WITHIN_THRESHOLD
2020-06-17 07:45:00,4136001,PeE6FRyGXUgsRhN,125.79333333333334,179.6933333333333,125.79333333333334,170.0847360863968,205.50071428571437,224.4818,179.6933333333333,125.79333333333334,53.89999999999996,0.42848057660713307,0.42848057660713307,1.0050898489883968,130,False,WITHIN_THRESHOLD
2020-06-17 07:45:00,4136001,Qf4GUc1pJu5T6c6,128.28666666666666,185.0133333333333,128.28666666666666,171.25022983286897,206.485611904762,218.05702,185.0133333333333,128.28666666666666,56.72666666666663,0.4421867692147791,0.4421867692147791,1.0,91,False,WITHIN_THRESHOLD
2020-06-17 07:45:00,4136001,Quc1TzYxW2pYoWX,106.52666666666669,151.42000000000002,106.52666666666669,156.9886164609617,181.65470714285712,202.44598,151.42000000000002,106.52666666666669,44.89333333333333,0.42142812441329236,0.42142812441329236,1.0,108,False,WITHIN_THRESHOLD
2020-06-17 07:45:00,4136001,V94E5Ben1TlhnDV,128.39333333333337,181.08666666666664,128.39333333333337,171.70484877734992,209.35594523809527,218.05702,181.08666666666664,128.39333333333337,52.69333333333327,0.41040552468975483,0.41040552468975483,1.0842639735182622,98,False,WITHIN_THRESHOLD
2020-06-17 07:45:00,4136001,WcxssY2VbP4hApt,129.50666666666666,184.08,129.50666666666666,172.75793498290926,210.00282142857148,218.05702,184.08,129.50666666666666,54.57333333333335,0.4213940080304748,0.4213940080304748,0.8131277317394211,142,False,WITHIN_THRESHOLD
2020-06-17 07:45:00,4136001,mqwcsP2rE7J0TFp,128.58,184.19285714285715,128.58,170.79472742791984,206.42333571428583,224.4818,184.19285714285715,128.58,55.61285714285714,0.43251561007043965,0.43251561007043965,1.0188512076579566,137,False,WITHIN_THRESHOLD
2020-06-17 07:45:00,4136001,oZ35aAeoifZaQzV,131.76,188.0266666666667,131.76,173.63527355618913,210.27765476190484,221.70654,188.0266666666667,131.76,56.26666666666671,0.4270390609188427,0.4270390609188427,1.0,97,False,WITHIN_THRESHOLD
2020-06-17 07:45:00,4136001,oZZkBaNadn6DNKz,129.68,183.1266666666667,129.68,171.94609199007738,209.4576119047619,218.05702,183.1266666666667,129.68,53.44666666666669,0.4121427102611558,0.4121427102611558,1.1151183176572743,114,False,WITHIN_THRESHOLD
2020-06-17 07:45:00,4136001,q49J1IKaHRwDQnt,126.69285714285716,178.77333333333334,126.69285714285716,170.91349557689895,205.76992619047624,224.4818,178.77333333333334,126.69285714285716,52.080476190476176,0.41107665708218205,0.41107665708218205,0.8617696945001074,143,False,WITHIN_THRESHOLD
2020-06-17 07:45:00,4136001,rrq4fwE8jgrTyWY,119.92142857142856,169.95333333333335,119.92142857142856,166.17354315882932,203.92656190476183,218.38423,169.95333333333335,119.92142857142856,50.031904761904784,0.4172057100879546,0.4172057100879546,1.0,135,False,WITHIN_THRESHOLD
2020-06-17 07:45:00,4136001,vOuJvMaM2sgwLmb,128.45333333333335,182.42666666666668,128.45333333333335,172.31589750323667,209.68164523809529,218.05702,182.42666666666668,128.45333333333335,53.97333333333333,0.4201785343574838,0.4201785343574838,0.7896224826398267,142,False,WITHIN_THRESHOLD
2020-06-17 07:45:00,4136001,xMbIugepa2P7lBB,128.85333333333332,182.48571428571427,128.85333333333332,171.14668301138602,206.4360023809525,218.05702,182.48571428571427,128.85333333333332,53.63238095238094,0.41622812204351933,0.41622812204351933,0.9823653995011609,129,False,WITHIN_THRESHOLD
2020-06-17 07:45:00,4136001,xoJJ8DcxJEcupym,128.16666666666666,181.5133333333333,128.16666666666666,171.27603359068658,206.43374523809533,218.05702,181.5133333333333,128.16666666666666,53.346666666666636,0.416228868660598,0.416228868660598,0.8195700732505016,143,False,WITHIN_THRESHOLD
2020-06-17 08:00:00,4136001,4UPUqMRk7TRMgml,186.98,186.45,186.98,216.5936705912453,278.9906095238096,298.7693,186.45,186.98,-0.5300000000000011,-0.0028345277569793623,0.0028345277569793623,1.0,105,False,WITHIN_THRESHOLD
2020-06-17 08:00:00,4136001,81aHJ1q11NBPMrL,182.1,181.8,182.1,215.32928154014712,275.956430952381,300.05057,181.8,182.1,-0.29999999999998295,-0.0016474464579900217,0.0016474464579900217,0.7988725021368553,143,False,WITHIN_THRESHOLD
2020-06-17 08:00:00,4136001,9kRcWv60rDACzjR,180.00000000000003,178.03333333333333,180.00000000000003,213.6915103833818,275.9396404761906,300.05057,178.03333333333333,180.00000000000003,-1.966666666666697,-0.010925925925926092,0.010925925925926092,0.8376117177500583,127,False,WITHIN_THRESHOLD
2020-06-17 08:00:00,4136001,Et9kgGMDl729KT4,165.78000000000003,167.97333333333333,165.78000000000003,204.73164118754823,276.43912619047626,290.39938,167.97333333333333,165.78000000000003,2.1933333333332996,0.013230385651666662,0.013230385651666662,1.0,105,False,WITHIN_THRESHOLD
2020-06-17 08:00:00,4136001,IQ2d7wF4YD8zU1Q,183.3642857142857,180.14,183.3642857142857,215.1798496131969,275.21545952380967,300.05057,180.14,183.3642857142857,-3.2242857142857133,-0.017584044252269095,0.017584044252269095,1.0,129,False,WITHIN_THRESHOLD
2020-06-17 08:00:00,4136001,LYwnQax7tkwH5Cb,171.84666666666666,169.36666666666665,171.84666666666666,209.14383177215825,276.3685214285715,300.77393,169.36666666666665,171.84666666666666,-2.480000000000018,-0.014431469915040646,0.014431469915040646,0.8540476989297716,143,False,WITHIN_THRESHOLD
2020-06-17 08:00:00,4136001,LlT2YUhhzqhg5Sw,177.1,175.52666666666667,177.1,212.71970577168904,273.9479404761906,299.2565,175.52666666666667,177.1,-1.5733333333333235,-0.008883869753434916,0.008883869753434916,0.8849165458231198,127,False,WITHIN_THRESHOLD
2020-06-17 08:00:00,4136001,Mx2yZCDsyf6DPfv,186.66,186.78571428571428,186.66,216.7036948157591,277.7394928571429,298.7693,186.78571428571428,186.66,0.125714285714281,0.0006734934410922587,0.0006734934410922587,1.0,96,False,WITHIN_THRESHOLD
2020-06-17 08:00:00,4136001,NgDl19wMapZy17u,183.45714285714288,179.68666666666667,183.45714285714288,215.12249769159476,275.21545952380967,300.05057,179.68666666666667,183.45714285714288,-3.7704761904762165,-0.020552354254269982,0.020552354254269982,1.0,129,False,WITHIN_THRESHOLD
2020-06-17 08:00:00,4136001,PeE6FRyGXUgsRhN,179.6933333333333,178.53333333333336,179.6933333333333,212.7838951610441,275.1886738095239,299.2565,178.53333333333336,179.6933333333333,-1.1599999999999397,-0.006455442605920865,0.006455442605920865,1.0050898489883968,130,False,WITHIN_THRESHOLD
2020-06-17 08:00:00,4136001,Qf4GUc1pJu5T6c6,185.0133333333333,184.45714285714288,185.0133333333333,214.95904152345503,275.6882642857144,300.05057,184.45714285714288,185.0133333333333,-0.5561904761904088,-0.0030062183420496305,0.0030062183420496305,1.0,91,False,WITHIN_THRESHOLD
2020-06-17 08:00:00,4136001,Quc1TzYxW2pYoWX,151.42000000000002,154.24,151.42000000000002,196.18596007383516,289.5986785714287,282.95267,154.24,151.42000000000002,2.819999999999993,0.01862369568088755,0.01862369568088755,1.0,108,False,WITHIN_THRESHOLD
2020-06-17 08:00:00,4136001,V94E5Ben1TlhnDV,181.08666666666664,182.0,181.08666666666664,214.81548353519796,275.42253095238107,300.05057,182.0,181.08666666666664,0.9133333333333553,0.005043625520008957,0.005043625520008957,1.0842639735182622,98,False,WITHIN_THRESHOLD
2020-06-17 08:00:00,4136001,WcxssY2VbP4hApt,184.08,183.02666666666667,184.08,216.04222734989705,277.908230952381,298.7693,183.02666666666667,184.08,-1.0533333333333417,-0.005722149789946445,0.005722149789946445,0.8131277317394211,142,False,WITHIN_THRESHOLD
2020-06-17 08:00:00,4136001,mqwcsP2rE7J0TFp,184.19285714285715,179.9266666666667,184.19285714285715,215.1696396628146,275.34755952380965,300.05057,179.9266666666667,184.19285714285715,-4.266190476190445,-0.02316154134512205,0.02316154134512205,1.0188512076579566,137,False,WITHIN_THRESHOLD
2020-06-17 08:00:00,4136001,oZ35aAeoifZaQzV,188.0266666666667,187.54285714285712,188.0266666666667,217.76231069077565,279.0889547619048,300.64767,187.54285714285712,188.0266666666667,-0.4838095238095832,-0.0025730899365847917,0.0025730899365847917,1.0,97,False,WITHIN_THRESHOLD
2020-06-17 08:00:00,4136001,oZZkBaNadn6DNKz,183.1266666666667,184.5133333333333,183.1266666666667,215.9046451938928,277.77613095238104,298.7693,184.5133333333333,183.1266666666667,1.3866666666665992,0.007572172266918703,0.007572172266918703,1.1151183176572743,114,False,WITHIN_THRESHOLD
2020-06-17 08:00:00,4136001,q49J1IKaHRwDQnt,178.77333333333334,177.35333333333335,178.77333333333334,213.49227873963264,275.5201071428573,299.2565,177.35333333333335,178.77333333333334,-1.4199999999999875,-0.007943019093078688,0.007943019093078688,0.8617696945001074,143,False,WITHIN_THRESHOLD
2020-06-17 08:00:00,4136001,rrq4fwE8jgrTyWY,169.95333333333335,167.27333333333334,169.95333333333335,207.79406515888965,275.57032857142866,300.77393,167.27333333333334,169.95333333333335,-2.680000000000007,-0.015769034636959205,0.015769034636959205,1.0,135,False,WITHIN_THRESHOLD
2020-06-17 08:00:00,4136001,vOuJvMaM2sgwLmb,182.42666666666668,182.2933333333333,182.42666666666668,215.10051458303928,276.5733642857144,300.05057,182.2933333333333,182.42666666666668,-0.1333333333333826,-0.0007308872971790451,0.0007308872971790451,0.7896224826398267,142,False,WITHIN_THRESHOLD
2020-06-17 08:00:00,4136001,xMbIugepa2P7lBB,182.48571428571427,179.66000000000005,182.48571428571427,215.18091337784284,276.120992857143,300.05057,179.66000000000005,182.48571428571427,-2.825714285714213,-0.015484578049161963,0.015484578049161963,0.9823653995011609,129,False,WITHIN_THRESHOLD
2020-06-17 08:00:00,4136001,xoJJ8DcxJEcupym,181.5133333333333,181.2333333333333,181.5133333333333,214.80074869419465,275.50963095238103,300.05057,181.2333333333333,181.5133333333333,-0.28000000000000114,-0.0015425864032027098,0.0015425864032027098,0.8195700732505016,143,False,WITHIN_THRESHOLD
2020-06-17 08:15:00,4136001,4UPUqMRk7TRMgml,186.45,210.14,186.45,252.33948507370877,255.3253952380952,300.98026,210.14,186.45,23.689999999999998,0.1270581925449182,0.1270581925449182,1.0,105,False,WITHIN_THRESHOLD
2020-06-17 08:15:00,4136001,81aHJ1q11NBPMrL,181.8,211.47142857142853,181.8,248.55853112831292,254.847869047619,300.98026,211.47142857142853,181.8,29.67142857142852,0.16320917806066293,0.16320917806066293,0.7988725021368553,143,False,WITHIN_THRESHOLD
2020-06-17 08:15:00,4136001,9kRcWv60rDACzjR,178.03333333333333,209.87857142857143,178.03333333333333,246.8959053036397,256.0838952380953,298.73764,209.87857142857143,178.03333333333333,31.845238095238102,0.17887233530371524,0.17887233530371524,0.8376117177500583,127,False,WITHIN_THRESHOLD
2020-06-17 08:15:00,4136001,Et9kgGMDl729KT4,167.97333333333333,190.6133333333333,167.97333333333333,234.578074253364,250.86812619047615,308.4607,190.6133333333333,167.97333333333333,22.639999999999958,0.13478329893633886,0.13478329893633886,1.0,105,False,WITHIN_THRESHOLD
2020-06-17 08:15:00,4136001,IQ2d7wF4YD8zU1Q,180.14,210.88,180.14,249.5071573518464,255.6561,298.73764,210.88,180.14,30.74000000000001,0.17064505384700795,0.17064505384700795,1.0,129,False,WITHIN_THRESHOLD
2020-06-17 08:15:00,4136001,LYwnQax7tkwH5Cb,169.36666666666665,204.44666666666663,169.36666666666665,240.1104648892081,248.46030714285712,302.18832,204.44666666666663,169.36666666666665,35.079999999999984,0.207124581775241,0.207124581775241,0.8540476989297716,143,False,WITHIN_THRESHOLD
2020-06-17 08:15:00,4136001,LlT2YUhhzqhg5Sw,175.52666666666667,210.80666666666667,175.52666666666667,244.5815288358344,256.6341619047619,302.18832,210.80666666666667,175.52666666666667,35.28,0.2009951004595693,0.2009951004595693,0.8849165458231198,127,False,WITHIN_THRESHOLD
2020-06-17 08:15:00,4136001,Mx2yZCDsyf6DPfv,186.78571428571428,210.14666666666665,186.78571428571428,252.04407354132223,255.3253952380952,300.98026,210.14666666666665,186.78571428571428,23.36095238095237,0.1250681963033779,0.1250681963033779,1.0,96,False,WITHIN_THRESHOLD
2020-06-17 08:15:00,4136001,NgDl19wMapZy17u,179.68666666666667,210.8333333333333,179.68666666666667,249.533541545507,255.6561,298.73764,210.8333333333333,179.68666666666667,31.14666666666662,0.17333877490446306,0.17333877490446306,1.0,129,False,WITHIN_THRESHOLD
2020-06-17 08:15:00,4136001,PeE6FRyGXUgsRhN,178.53333333333336,206.44285714285712,178.53333333333336,246.18548913932645,256.0515619047619,298.73764,206.44285714285712,178.53333333333336,27.909523809523762,0.15632668302571187,0.15632668302571187,1.0050898489883968,130,False,WITHIN_THRESHOLD
2020-06-17 08:15:00,4136001,Qf4GUc1pJu5T6c6,184.45714285714288,206.6533333333333,184.45714285714288,250.73781813132652,255.5467166666666,300.98026,206.6533333333333,184.45714285714288,22.196190476190424,0.1203325072284177,0.1203325072284177,1.0,91,False,WITHIN_THRESHOLD
2020-06-17 08:15:00,4136001,Quc1TzYxW2pYoWX,154.24,172.73333333333335,154.24,222.59913682726392,252.6944000000001,306.5823,172.73333333333335,154.24,18.49333333333334,0.11989972337482714,0.11989972337482714,1.0,108,False,WITHIN_THRESHOLD
2020-06-17 08:15:00,4136001,V94E5Ben1TlhnDV,182.0,208.30714285714285,182.0,247.48649293122435,255.80755714285712,298.73764,208.30714285714285,182.0,26.30714285714285,0.14454474097331235,0.14454474097331235,1.0842639735182622,98,False,WITHIN_THRESHOLD
2020-06-17 08:15:00,4136001,WcxssY2VbP4hApt,183.02666666666667,213.26428571428568,183.02666666666667,250.2862756758012,255.3316952380952,300.98026,213.26428571428568,183.02666666666667,30.237619047619006,0.16520881682606728,0.16520881682606728,0.8131277317394211,142,False,WITHIN_THRESHOLD
2020-06-17 08:15:00,4136001,mqwcsP2rE7J0TFp,179.9266666666667,210.48666666666668,179.9266666666667,250.06810639210187,255.5467166666666,298.73764,210.48666666666668,179.9266666666667,30.559999999999974,0.1698469746933934,0.1698469746933934,1.0188512076579566,137,False,WITHIN_THRESHOLD
2020-06-17 08:15:00,4136001,oZ35aAeoifZaQzV,187.54285714285712,212.2666666666667,187.54285714285712,253.0952948422729,255.3253952380952,298.65564,212.2666666666667,187.54285714285712,24.723809523809592,0.1318301848466386,0.1318301848466386,1.0,97,False,WITHIN_THRESHOLD
2020-06-17 08:15:00,4136001,oZZkBaNadn6DNKz,184.5133333333333,209.72142857142856,184.5133333333333,249.1442361028492,256.22297857142854,300.98026,209.72142857142856,184.5133333333333,25.208095238095268,0.13661936935774438,0.13661936935774438,1.1151183176572743,114,False,WITHIN_THRESHOLD
2020-06-17 08:15:00,4136001,q49J1IKaHRwDQnt,177.35333333333335,210.94,177.35333333333335,245.8535076418138,256.2905285714286,298.73764,210.94,177.35333333333335,33.586666666666645,0.18937713791677616,0.18937713791677616,0.8617696945001074,143,False,WITHIN_THRESHOLD
2020-06-17 08:15:00,4136001,rrq4fwE8jgrTyWY,167.27333333333334,201.80666666666667,167.27333333333334,238.52166592834504,249.2995142857143,302.18832,201.80666666666667,167.27333333333334,34.53333333333333,0.20644852736040809,0.20644852736040809,1.0,135,False,WITHIN_THRESHOLD
2020-06-17 08:15:00,4136001,vOuJvMaM2sgwLmb,182.2933333333333,210.4214285714285,182.2933333333333,248.75183642991652,254.77172380952385,300.98026,210.4214285714285,182.2933333333333,28.1280952380952,0.1543012831229623,0.1543012831229623,0.7896224826398267,142,False,WITHIN_THRESHOLD
2020-06-17 08:15:00,4136001,xMbIugepa2P7lBB,179.66000000000005,210.94,179.66000000000005,248.7025015097301,255.69907857142852,298.73764,210.94,179.66000000000005,31.279999999999944,0.17410664588667446,0.17410664588667446,0.9823653995011609,129,False,WITHIN_THRESHOLD
2020-06-17 08:15:00,4136001,xoJJ8DcxJEcupym,181.2333333333333,210.62857142857143,181.2333333333333,247.92503491080103,254.7967571428572,298.73764,210.62857142857143,181.2333333333333,29.395238095238142,0.16219553850600413,0.16219553850600413,0.8195700732505016,143,False,WITHIN_THRESHOLD
2020-06-17 08:30:00,4136001,4UPUqMRk7TRMgml,210.14,277.81333333333333,210.14,265.9845937119899,307.65408571428554,324.412,277.81333333333333,210.14,67.67333333333335,0.3220392754036992,0.3220392754036992,1.0,105,False,WITHIN_THRESHOLD
2020-06-17 08:30:00,4136001,81aHJ1q11NBPMrL,211.47142857142853,273.03333333333325,211.47142857142853,262.2525006722193,308.75668809523785,324.412,273.03333333333325,211.47142857142853,61.561904761904714,0.2911121619491543,0.2911121619491543,0.7988725021368553,143,False,WITHIN_THRESHOLD
2020-06-17 08:30:00,4136001,9kRcWv60rDACzjR,209.87857142857143,268.01333333333326,209.87857142857143,259.3304672388815,309.73070714285694,326.6768,268.01333333333326,209.87857142857143,58.13476190476183,0.2769923651998317,0.2769923651998317,0.8376117177500583,127,False,WITHIN_THRESHOLD
2020-06-17 08:30:00,4136001,Et9kgGMDl729KT4,190.6133333333333,250.7928571428572,190.6133333333333,249.84359213775903,303.59356190476177,325.5231,250.7928571428572,190.6133333333333,60.179523809523914,0.31571518506675256,0.31571518506675256,1.0,105,False,WITHIN_THRESHOLD
2020-06-17 08:30:00,4136001,IQ2d7wF4YD8zU1Q,210.88,267.0199999999999,210.88,261.1773994716026,309.2061880952379,324.412,267.0199999999999,210.88,56.13999999999993,0.26621775417298904,0.26621775417298904,1.0,129,False,WITHIN_THRESHOLD
2020-06-17 08:30:00,4136001,LYwnQax7tkwH5Cb,204.44666666666663,255.3785714285714,204.44666666666663,252.1668071809248,305.9781404761903,326.6768,255.3785714285714,204.44666666666663,50.931904761904775,0.24912073937084545,0.24912073937084545,0.8540476989297716,143,False,WITHIN_THRESHOLD
2020-06-17 08:30:00,4136001,LlT2YUhhzqhg5Sw,210.80666666666667,263.1,210.80666666666667,257.33354719114664,308.1993571428569,326.6768,263.1,210.80666666666667,52.29333333333335,0.24806299611018,0.24806299611018,0.8849165458231198,127,False,WITHIN_THRESHOLD
2020-06-17 08:30:00,4136001,Mx2yZCDsyf6DPfv,210.14666666666665,277.6533333333333,210.14666666666665,266.08235803600905,307.65408571428554,324.412,277.6533333333333,210.14666666666665,67.50666666666666,0.32123596218514056,0.32123596218514056,1.0,96,False,WITHIN_THRESHOLD
2020-06-17 08:30:00,4136001,NgDl19wMapZy17u,210.8333333333333,266.43333333333334,210.8333333333333,260.83501962812835,309.0492404761903,324.412,266.43333333333334,210.8333333333333,55.60000000000005,0.26371541501976314,0.26371541501976314,1.0,129,False,WITHIN_THRESHOLD
2020-06-17 08:30:00,4136001,PeE6FRyGXUgsRhN,206.44285714285712,267.9533333333334,206.44285714285712,259.2803478655977,308.5147571428569,323.2261,267.9533333333334,206.44285714285712,61.510476190476254,0.2979540054898165,0.2979540054898165,1.0050898489883968,130,False,WITHIN_THRESHOLD
2020-06-17 08:30:00,4136001,Qf4GUc1pJu5T6c6,206.6533333333333,272.91333333333336,206.6533333333333,264.3958751963036,307.1610976190474,324.412,272.91333333333336,206.6533333333333,66.26000000000005,0.32063358926382374,0.32063358926382374,1.0,91,False,WITHIN_THRESHOLD
2020-06-17 08:30:00,4136001,Quc1TzYxW2pYoWX,172.73333333333335,229.8642857142857,172.73333333333335,238.0830015991409,300.1259619047619,325.5231,229.8642857142857,172.73333333333335,57.13095238095235,0.3307465402216462,0.3307465402216462,1.0,108,False,WITHIN_THRESHOLD
2020-06-17 08:30:00,4136001,V94E5Ben1TlhnDV,208.30714285714285,271.00000000000006,208.30714285714285,262.1158525532049,308.8217738095236,323.2261,271.00000000000006,208.30714285714285,62.69285714285721,0.3009635497033916,0.3009635497033916,1.0842639735182622,98,False,WITHIN_THRESHOLD
2020-06-17 08:30:00,4136001,WcxssY2VbP4hApt,213.26428571428568,275.21333333333325,213.26428571428568,263.3989309082805,308.66265476190455,324.412,275.21333333333325,213.26428571428568,61.949047619047576,0.29048017773609747,0.29048017773609747,0.8131277317394211,142,False,WITHIN_THRESHOLD
2020-06-17 08:30:00,4136001,mqwcsP2rE7J0TFp,210.48666666666668,266.56666666666666,210.48666666666668,261.08974722850814,309.2061880952379,324.412,266.56666666666666,210.48666666666668,56.079999999999984,0.2664301776834636,0.2664301776834636,1.0188512076579566,137,False,WITHIN_THRESHOLD
2020-06-17 08:30:00,4136001,oZ35aAeoifZaQzV,212.2666666666667,278.8533333333333,212.2666666666667,266.8248780190921,309.6147238095236,322.08737,278.8533333333333,212.2666666666667,66.58666666666659,0.31369346733668296,0.31369346733668296,1.0,97,False,WITHIN_THRESHOLD
2020-06-17 08:30:00,4136001,oZZkBaNadn6DNKz,209.72142857142856,273.8533333333333,209.72142857142856,264.1323271653355,307.12496428571404,323.2261,273.8533333333333,209.72142857142856,64.13190476190474,0.3057956699930746,0.3057956699930746,1.1151183176572743,114,False,WITHIN_THRESHOLD
2020-06-17 08:30:00,4136001,q49J1IKaHRwDQnt,210.94,265.91428571428565,210.94,258.6944556079265,309.58840714285697,326.6768,265.91428571428565,210.94,54.97428571428566,0.2606157471996096,0.2606157471996096,0.8617696945001074,143,False,WITHIN_THRESHOLD
2020-06-17 08:30:00,4136001,rrq4fwE8jgrTyWY,201.80666666666667,252.2,201.80666666666667,250.37611302141352,304.73941428571413,326.6768,252.2,201.80666666666667,50.39333333333332,0.24971094446830291,0.24971094446830291,1.0,135,False,WITHIN_THRESHOLD
2020-06-17 08:30:00,4136001,vOuJvMaM2sgwLmb,210.4214285714285,273.6266666666666,210.4214285714285,262.60382343249194,309.10765476190454,324.412,273.6266666666666,210.4214285714285,63.205238095238116,0.3003745318352062,0.3003745318352062,0.7896224826398267,142,False,WITHIN_THRESHOLD
2020-06-17 08:30:00,4136001,xMbIugepa2P7lBB,210.94,266.2533333333334,210.94,260.6098980047858,308.9899166666665,323.2261,266.2533333333334,210.94,55.31333333333339,0.2622230650105878,0.2622230650105878,0.9823653995011609,129,False,WITHIN_THRESHOLD
2020-06-17 08:30:00,4136001,xoJJ8DcxJEcupym,210.62857142857143,272.0133333333334,210.62857142857143,261.7037897804778,308.4937642857141,323.2261,272.0133333333334,210.62857142857143,61.384761904761945,0.29143606438777375,0.29143606438777375,0.8195700732505016,143,False,WITHIN_THRESHOLD
2020-06-17 08:45:00,4136001,4UPUqMRk7TRMgml,277.81333333333333,193.14,277.81333333333333,299.3831829104164,297.5248928571428,380.41055,193.14,277.81333333333333,-84.67333333333335,-0.3047849875215973,0.3047849875215973,1.0,105,False,WITHIN_THRESHOLD
2020-06-17 08:45:00,4136001,81aHJ1q11NBPMrL,273.03333333333325,187.8333333333333,273.03333333333325,299.85564429044416,297.64307380952374,349.42828,187.8333333333333,273.03333333333325,-85.19999999999996,-0.31204981076791594,0.31204981076791594,0.7988725021368553,143,False,WITHIN_THRESHOLD
2020-06-17 08:45:00,4136001,9kRcWv60rDACzjR,268.01333333333326,184.25333333333333,268.01333333333326,298.48056159329326,297.5395047619047,349.42828,184.25333333333333,268.01333333333326,-83.75999999999993,-0.31252176508631396,0.31252176508631396,0.8376117177500583,127,False,WITHIN_THRESHOLD
2020-06-17 08:45:00,4136001,Et9kgGMDl729KT4,250.7928571428572,175.36,250.7928571428572,282.16920044665005,290.70198095238067,347.0887,175.36,250.7928571428572,-75.43285714285719,-0.3007775341061207,0.3007775341061207,1.0,105,False,WITHIN_THRESHOLD
2020-06-17 08:45:00,4136001,IQ2d7wF4YD8zU1Q,267.0199999999999,185.55,267.0199999999999,299.78615025328594,297.6013999999999,354.80972,185.55,267.0199999999999,-81.46999999999991,-0.3051082315931389,0.3051082315931389,1.0,129,False,WITHIN_THRESHOLD
2020-06-17 08:45:00,4136001,LYwnQax7tkwH5Cb,255.3785714285714,175.78666666666666,255.3785714285714,293.5826436552817,292.98979999999983,348.2424,175.78666666666666,255.3785714285714,-79.59190476190474,-0.31166242459840193,0.31166242459840193,0.8540476989297716,143,False,WITHIN_THRESHOLD
2020-06-17 08:45:00,4136001,LlT2YUhhzqhg5Sw,263.1,180.76666666666665,263.1,298.95093317844226,297.89213095238085,349.42828,180.76666666666665,263.1,-82.33333333333337,-0.31293551247941226,0.31293551247941226,0.8849165458231198,127,False,WITHIN_THRESHOLD
2020-06-17 08:45:00,4136001,Mx2yZCDsyf6DPfv,277.6533333333333,192.4466666666667,277.6533333333333,299.2886474637402,297.7088261904761,380.41055,192.4466666666667,277.6533333333333,-85.20666666666662,-0.30688148290434103,0.30688148290434103,1.0,96,False,WITHIN_THRESHOLD
2020-06-17 08:45:00,4136001,NgDl19wMapZy17u,266.43333333333334,185.32142857142856,266.43333333333334,299.734642854189,297.5861666666666,354.80972,185.32142857142856,266.43333333333334,-81.11190476190478,-0.3044360243784741,0.3044360243784741,1.0,129,False,WITHIN_THRESHOLD
2020-06-17 08:45:00,4136001,PeE6FRyGXUgsRhN,267.9533333333334,185.58,267.9533333333334,295.572658761511,296.69046428571414,348.2424,185.58,267.9533333333334,-82.37333333333336,-0.30741671435324563,0.30741671435324563,1.0050898489883968,130,False,WITHIN_THRESHOLD
2020-06-17 08:45:00,4136001,Qf4GUc1pJu5T6c6,272.91333333333336,190.1466666666667,272.91333333333336,296.7577131113104,296.46434999999985,354.80972,190.1466666666667,272.91333333333336,-82.76666666666665,-0.30327087964433147,0.30327087964433147,1.0,91,False,WITHIN_THRESHOLD
2020-06-17 08:45:00,4136001,Quc1TzYxW2pYoWX,229.8642857142857,161.36666666666665,229.8642857142857,267.2209250725551,289.3401285714284,353.597,161.36666666666665,229.8642857142857,-68.49761904761905,-0.29799156852387026,0.29799156852387026,1.0,108,False,WITHIN_THRESHOLD
2020-06-17 08:45:00,4136001,V94E5Ben1TlhnDV,271.00000000000006,187.6733333333333,271.00000000000006,297.1913666624998,289.0242238095236,348.2424,187.6733333333333,271.00000000000006,-83.32666666666677,-0.30747847478474816,0.30747847478474816,1.0842639735182622,98,False,WITHIN_THRESHOLD
2020-06-17 08:45:00,4136001,WcxssY2VbP4hApt,275.21333333333325,189.6,275.21333333333325,301.4828460732046,298.02237380952374,380.41055,189.6,275.21333333333325,-85.61333333333326,-0.3110798895402353,0.3110798895402353,0.8131277317394211,142,False,WITHIN_THRESHOLD
2020-06-17 08:45:00,4136001,mqwcsP2rE7J0TFp,266.56666666666666,186.35,266.56666666666666,299.5738539554101,297.6013999999999,354.80972,186.35,266.56666666666666,-80.21666666666667,-0.3009253470051269,0.3009253470051269,1.0188512076579566,137,False,WITHIN_THRESHOLD
2020-06-17 08:45:00,4136001,oZ35aAeoifZaQzV,278.8533333333333,194.60666666666663,278.8533333333333,300.8890575300177,297.51274523809514,380.41055,194.60666666666663,278.8533333333333,-84.24666666666667,-0.3021181983360429,0.3021181983360429,1.0,97,False,WITHIN_THRESHOLD
2020-06-17 08:45:00,4136001,oZZkBaNadn6DNKz,273.8533333333333,190.2933333333333,273.8533333333333,298.5287317078819,297.24570238095225,375.0291,190.2933333333333,273.8533333333333,-83.56,-0.3051268318808122,0.3051268318808122,1.1151183176572743,114,False,WITHIN_THRESHOLD
2020-06-17 08:45:00,4136001,q49J1IKaHRwDQnt,265.91428571428565,183.22,265.91428571428565,299.14403580773853,297.78077142857137,349.42828,183.22,265.91428571428565,-82.69428571428566,-0.3109809820565165,0.3109809820565165,0.8617696945001074,143,False,WITHIN_THRESHOLD
2020-06-17 08:45:00,4136001,rrq4fwE8jgrTyWY,252.2,173.9466666666667,252.2,291.41311896255297,292.762976190476,348.2424,173.9466666666667,252.2,-78.2533333333333,-0.31028284430346276,0.31028284430346276,1.0,135,False,WITHIN_THRESHOLD
2020-06-17 08:45:00,4136001,vOuJvMaM2sgwLmb,273.6266666666666,188.8933333333333,273.6266666666666,299.0809497878557,297.6593261904761,349.42828,188.8933333333333,273.6266666666666,-84.73333333333332,-0.3096676737160121,0.3096676737160121,0.7896224826398267,142,False,WITHIN_THRESHOLD
2020-06-17 08:45:00,4136001,xMbIugepa2P7lBB,266.2533333333334,184.65,266.2533333333334,299.53674481025826,297.5732333333333,375.0291,184.65,266.2533333333334,-81.60333333333338,-0.3064875557113527,0.3064875557113527,0.9823653995011609,129,False,WITHIN_THRESHOLD
2020-06-17 08:45:00,4136001,xoJJ8DcxJEcupym,272.0133333333334,187.62000000000003,272.0133333333334,299.10453605852376,297.68433333333326,349.42828,187.62000000000003,272.0133333333334,-84.39333333333335,-0.3102543992941522,0.3102543992941522,0.8195700732505016,143,False,WITHIN_THRESHOLD
2020-06-17 09:00:00,4136001,4UPUqMRk7TRMgml,193.14,200.4533333333333,193.14,338.74433935777245,326.2309857142853,328.2602,200.4533333333333,193.14,7.313333333333304,0.037865451658554955,0.037865451658554955,1.0,105,False,WITHIN_THRESHOLD
2020-06-17 09:00:00,4136001,81aHJ1q11NBPMrL,187.8333333333333,194.08,187.8333333333333,334.1742163775993,323.627452380952,331.85727,194.08,187.8333333333333,6.2466666666667265,0.03325643300798613,0.03325643300798613,0.7988725021368553,143,False,WITHIN_THRESHOLD
2020-06-17 09:00:00,4136001,9kRcWv60rDACzjR,184.25333333333333,191.8,184.25333333333333,330.266413038068,323.7843928571425,331.85727,191.8,184.25333333333333,7.546666666666681,0.040958101165062676,0.040958101165062676,0.8376117177500583,127,False,WITHIN_THRESHOLD
2020-06-17 09:00:00,4136001,Et9kgGMDl729KT4,175.36,176.65333333333334,175.36,316.1180655016552,325.08734285714246,318.77313,176.65333333333334,175.36,1.2933333333333223,0.007375304136252978,0.007375304136252978,1.0,105,False,WITHIN_THRESHOLD
2020-06-17 09:00:00,4136001,IQ2d7wF4YD8zU1Q,185.55,194.24666666666667,185.55,330.3673430502473,323.7464642857139,316.26822,194.24666666666667,185.55,8.696666666666658,0.04686966675648967,0.04686966675648967,1.0,129,False,WITHIN_THRESHOLD
2020-06-17 09:00:00,4136001,LYwnQax7tkwH5Cb,175.78666666666666,183.08666666666667,175.78666666666666,320.1883649452016,324.2663690476186,318.77313,183.08666666666667,175.78666666666666,7.300000000000011,0.04152760922330104,0.04152760922330104,0.8540476989297716,143,False,WITHIN_THRESHOLD
2020-06-17 09:00:00,4136001,LlT2YUhhzqhg5Sw,180.76666666666665,187.7,180.76666666666665,326.506560051125,324.4121880952377,319.8653,187.7,180.76666666666665,6.933333333333337,0.038355153973815254,0.038355153973815254,0.8849165458231198,127,False,WITHIN_THRESHOLD
2020-06-17 09:00:00,4136001,Mx2yZCDsyf6DPfv,192.4466666666667,199.6133333333333,192.4466666666667,338.5174125620469,326.2309857142853,328.2602,199.6133333333333,192.4466666666667,7.1666666666666,0.03723975473724287,0.03723975473724287,1.0,96,False,WITHIN_THRESHOLD
2020-06-17 09:00:00,4136001,NgDl19wMapZy17u,185.32142857142856,194.26666666666668,185.32142857142856,329.9062895811743,323.7464642857139,316.26822,194.26666666666668,185.32142857142856,8.945238095238125,0.048268773687929756,0.048268773687929756,1.0,129,False,WITHIN_THRESHOLD
2020-06-17 09:00:00,4136001,PeE6FRyGXUgsRhN,185.58,191.38666666666663,185.58,330.19441782571204,324.4580095238091,331.85727,191.38666666666663,185.58,5.806666666666615,0.03128929123109502,0.03128929123109502,1.0050898489883968,130,False,WITHIN_THRESHOLD
2020-06-17 09:00:00,4136001,Qf4GUc1pJu5T6c6,190.1466666666667,198.1,190.1466666666667,335.02222803631264,326.2309857142853,328.2602,198.1,190.1466666666667,7.9533333333332905,0.0418273613351095,0.0418273613351095,1.0,91,False,WITHIN_THRESHOLD
2020-06-17 09:00:00,4136001,Quc1TzYxW2pYoWX,161.36666666666665,162.24,161.36666666666665,298.81114128222845,328.6745404761899,316.43356,162.24,161.36666666666665,0.8733333333333633,0.005412104936996675,0.005412104936996675,1.0,108,False,WITHIN_THRESHOLD
2020-06-17 09:00:00,4136001,V94E5Ben1TlhnDV,187.6733333333333,192.34666666666664,187.6733333333333,332.4842664150373,323.7644642857139,331.85727,192.34666666666664,187.6733333333333,4.673333333333346,0.024901424460942848,0.024901424460942848,1.0842639735182622,98,False,WITHIN_THRESHOLD
2020-06-17 09:00:00,4136001,WcxssY2VbP4hApt,189.6,196.22,189.6,336.23955422986165,323.609452380952,330.21323,196.22,189.6,6.6200000000000045,0.03491561181434601,0.03491561181434601,0.8131277317394211,142,False,WITHIN_THRESHOLD
2020-06-17 09:00:00,4136001,mqwcsP2rE7J0TFp,186.35,195.78666666666663,186.35,330.0873912765757,323.7464642857139,316.26822,195.78666666666663,186.35,9.436666666666639,0.050639477685358945,0.050639477685358945,1.0188512076579566,137,False,WITHIN_THRESHOLD
2020-06-17 09:00:00,4136001,oZ35aAeoifZaQzV,194.60666666666663,200.9,194.60666666666663,339.3993672653926,326.2309857142853,329.61716,200.9,194.60666666666663,6.293333333333379,0.0323387345414685,0.0323387345414685,1.0,97,False,WITHIN_THRESHOLD
2020-06-17 09:00:00,4136001,oZZkBaNadn6DNKz,190.2933333333333,194.3533333333333,190.2933333333333,335.0927948398629,323.609452380952,330.21323,194.3533333333333,190.2933333333333,4.060000000000002,0.021335482062780284,0.021335482062780284,1.1151183176572743,114,False,WITHIN_THRESHOLD
2020-06-17 09:00:00,4136001,q49J1IKaHRwDQnt,183.22,189.64666666666668,183.22,328.805185182448,324.4580095238091,319.8653,189.64666666666668,183.22,6.4266666666666765,0.035076228941527544,0.035076228941527544,0.8617696945001074,143,False,WITHIN_THRESHOLD
2020-06-17 09:00:00,4136001,rrq4fwE8jgrTyWY,173.9466666666667,181.41333333333336,173.9466666666667,317.68385821048673,325.2543761904758,318.77313,181.41333333333336,173.9466666666667,7.466666666666669,0.04292503449333129,0.04292503449333129,1.0,135,False,WITHIN_THRESHOLD
2020-06-17 09:00:00,4136001,vOuJvMaM2sgwLmb,188.8933333333333,194.44000000000003,188.8933333333333,334.7619304329333,323.627452380952,330.21323,194.44000000000003,188.8933333333333,5.546666666666738,0.029364014964354163,0.029364014964354163,0.7896224826398267,142,False,WITHIN_THRESHOLD
2020-06-17 09:00:00,4136001,xMbIugepa2P7lBB,184.65,192.6133333333333,184.65,328.1773711629104,323.5377095238092,318.77313,192.6133333333333,184.65,7.963333333333281,0.04312663597797607,0.04312663597797607,0.9823653995011609,129,False,WITHIN_THRESHOLD
2020-06-17 09:00:00,4136001,xoJJ8DcxJEcupym,187.62000000000003,192.78,187.62000000000003,333.3182354388908,323.627452380952,331.85727,192.78,187.62000000000003,5.159999999999968,0.027502398464982238,0.027502398464982238,0.8195700732505016,143,False,WITHIN_THRESHOLD
2020-06-17 09:15:00,4136001,4UPUqMRk7TRMgml,200.4533333333333,352.9142857142856,200.4533333333333,274.37192041413545,322.8671119047614,295.9038,352.9142857142856,200.4533333333333,152.4609523809523,0.7605807788061345,0.7605807788061345,1.0,105,False,WITHIN_THRESHOLD
2020-06-17 09:15:00,4136001,81aHJ1q11NBPMrL,194.08,364.06666666666655,194.08,269.1177468527238,323.0239119047614,295.9038,364.06666666666655,194.08,169.98666666666654,0.8758587524045061,0.8758587524045061,0.7988725021368553,143,True,FLAGGED
2020-06-17 09:15:00,4136001,9kRcWv60rDACzjR,191.8,362.1066666666666,191.8,266.4451241836898,323.01727857142805,298.22842,362.1066666666666,191.8,170.30666666666662,0.8879388251651023,0.8879388251651023,0.8376117177500583,127,True,FLAGGED
2020-06-17 09:15:00,4136001,Et9kgGMDl729KT4,176.65333333333334,308.08,176.65333333333334,258.2683451678555,323.48357380952325,314.6053,308.08,176.65333333333334,131.42666666666665,0.7439806777870027,0.7439806777870027,1.0,105,False,WITHIN_THRESHOLD
2020-06-17 09:15:00,4136001,IQ2d7wF4YD8zU1Q,194.24666666666667,354.7933333333333,194.24666666666667,268.2960992117463,322.75667857142804,298.22842,354.7933333333333,194.24666666666667,160.54666666666662,0.826509249407969,0.826509249407969,1.0,129,False,WITHIN_THRESHOLD
2020-06-17 09:15:00,4136001,LYwnQax7tkwH5Cb,183.08666666666667,344.47333333333336,183.08666666666667,258.2783709187129,323.06994047619,301.6791,344.47333333333336,183.08666666666667,161.38666666666668,0.881476896187598,0.881476896187598,0.8540476989297716,143,True,FLAGGED
2020-06-17 09:15:00,4136001,LlT2YUhhzqhg5Sw,187.7,354.57333333333327,187.7,263.6942191860845,323.21800476190424,298.22842,354.57333333333327,187.7,166.87333333333328,0.889042798792399,0.889042798792399,0.8849165458231198,127,True,FLAGGED
2020-06-17 09:15:00,4136001,Mx2yZCDsyf6DPfv,199.6133333333333,353.2642857142857,199.6133333333333,273.5892371764764,322.8671119047614,295.9038,353.2642857142857,199.6133333333333,153.6509523809524,0.7697429315724689,0.7697429315724689,1.0,96,False,WITHIN_THRESHOLD
2020-06-17 09:15:00,4136001,NgDl19wMapZy17u,194.26666666666668,354.9866666666667,194.26666666666668,268.11376277428667,322.75667857142804,298.22842,354.9866666666667,194.26666666666668,160.72,0.8273164035689773,0.8273164035689773,1.0,129,False,WITHIN_THRESHOLD
2020-06-17 09:15:00,4136001,PeE6FRyGXUgsRhN,191.38666666666663,342.1428571428571,191.38666666666663,267.1517658879983,323.01527857142804,298.22842,342.1428571428571,191.38666666666663,150.75619047619048,0.7877047711936943,0.7877047711936943,1.0050898489883968,130,False,WITHIN_THRESHOLD
2020-06-17 09:15:00,4136001,Qf4GUc1pJu5T6c6,198.1,346.40714285714284,198.1,272.2798072823797,322.7693452380948,295.9038,346.40714285714284,198.1,148.30714285714285,0.7486478690416095,0.7486478690416095,1.0,91,False,WITHIN_THRESHOLD
2020-06-17 09:15:00,4136001,Quc1TzYxW2pYoWX,162.24,278.64666666666665,162.24,246.3026630922132,328.23826904761853,311.93283,278.64666666666665,162.24,116.40666666666664,0.7174967126890202,0.7174967126890202,1.0,108,False,WITHIN_THRESHOLD
2020-06-17 09:15:00,4136001,V94E5Ben1TlhnDV,192.34666666666664,344.8285714285714,192.34666666666664,268.46190626751155,323.0239119047614,295.9038,344.8285714285714,192.34666666666664,152.4819047619048,0.7927452417262485,0.7927452417262485,1.0842639735182622,98,False,WITHIN_THRESHOLD
2020-06-17 09:15:00,4136001,WcxssY2VbP4hApt,196.22,366.7933333333333,196.22,271.0116073983646,322.7242119047614,295.9038,366.7933333333333,196.22,170.5733333333333,0.8692963680222877,0.8692963680222877,0.8131277317394211,142,True,FLAGGED
2020-06-17 09:15:00,4136001,mqwcsP2rE7J0TFp,195.78666666666663,354.0333333333333,195.78666666666663,269.1486677745927,322.75667857142804,298.22842,354.0333333333333,195.78666666666663,158.24666666666667,0.8082606919095616,0.8082606919095616,1.0188512076579566,137,False,WITHIN_THRESHOLD
2020-06-17 09:15:00,4136001,oZ35aAeoifZaQzV,200.9,354.75714285714287,200.9,275.15146539199566,322.8671119047614,297.26077,354.75714285714287,200.9,153.85714285714286,0.7658394368200242,0.7658394368200242,1.0,97,False,WITHIN_THRESHOLD
2020-06-17 09:15:00,4136001,oZZkBaNadn6DNKz,194.3533333333333,346.05,194.3533333333333,270.9587719333572,323.0279452380948,295.9038,346.05,194.3533333333333,151.69666666666672,0.7805200150927867,0.7805200150927867,1.1151183176572743,114,False,WITHIN_THRESHOLD
2020-06-17 09:15:00,4136001,q49J1IKaHRwDQnt,189.64666666666668,353.0,189.64666666666668,265.8382038056791,323.0886785714281,298.22842,353.0,189.64666666666668,163.35333333333332,0.8613562062783421,0.8613562062783421,0.8617696945001074,143,False,WITHIN_THRESHOLD
2020-06-17 09:15:00,4136001,rrq4fwE8jgrTyWY,181.41333333333336,340.22,181.41333333333336,258.101745231299,323.48357380952325,301.6791,340.22,181.41333333333336,158.80666666666667,0.8753858591797735,0.8753858591797735,1.0,135,False,WITHIN_THRESHOLD
2020-06-17 09:15:00,4136001,vOuJvMaM2sgwLmb,194.44000000000003,361.2533333333333,194.44000000000003,270.10558136319213,323.0279452380948,295.9038,361.2533333333333,194.44000000000003,166.81333333333325,0.8579167523829111,0.8579167523829111,0.7896224826398267,142,True,FLAGGED
2020-06-17 09:15:00,4136001,xMbIugepa2P7lBB,192.6133333333333,353.92,192.6133333333333,267.1351330389869,322.71354523809475,298.22842,353.92,192.6133333333333,161.30666666666673,0.837463657759934,0.837463657759934,0.9823653995011609,129,False,WITHIN_THRESHOLD
2020-06-17 09:15:00,4136001,xoJJ8DcxJEcupym,192.78,351.91428571428565,192.78,268.6219167170069,323.0239119047614,295.9038,351.91428571428565,192.78,159.13428571428565,0.8254709291123854,0.8254709291123854,0.8195700732505016,143,True,FLAGGED
2020-06-17 09:30:00,4136001,4UPUqMRk7TRMgml,352.9142857142856,591.9066666666668,352.9142857142856,317.2167528297402,429.56050238095247,489.91507,591.9066666666668,352.9142857142856,238.99238095238115,0.677196675302246,0.677196675302246,1.0,105,False,WITHIN_THRESHOLD
2020-06-17 09:30:00,4136001,81aHJ1q11NBPMrL,364.06666666666655,584.5714285714286,364.06666666666655,311.69938492239135,427.9578190476193,489.91507,584.5714285714286,364.06666666666655,220.504761904762,0.6056713841002438,0.6056713841002438,0.7988725021368553,143,False,WITHIN_THRESHOLD
2020-06-17 09:30:00,4136001,9kRcWv60rDACzjR,362.1066666666666,572.3928571428572,362.1066666666666,309.97855593885095,426.22216190476223,489.91507,572.3928571428572,362.1066666666666,210.2861904761906,0.5807299611795529,0.5807299611795529,0.8376117177500583,127,False,WITHIN_THRESHOLD
2020-06-17 09:30:00,4136001,Et9kgGMDl729KT4,308.08,530.1933333333334,308.08,296.7591857279315,421.0840285714287,471.2251,530.1933333333334,308.08,222.1133333333334,0.7209599238293086,0.7209599238293086,1.0,105,False,WITHIN_THRESHOLD
2020-06-17 09:30:00,4136001,IQ2d7wF4YD8zU1Q,354.7933333333333,575.8533333333334,354.7933333333333,312.4110879825229,424.9418380952383,489.91507,575.8533333333334,354.7933333333333,221.06000000000006,0.6230669497735773,0.6230669497735773,1.0,129,False,WITHIN_THRESHOLD
2020-06-17 09:30:00,4136001,LYwnQax7tkwH5Cb,344.47333333333336,546.9933333333332,344.47333333333336,302.84574151492484,423.5685380952384,491.0067,546.9933333333332,344.47333333333336,202.51999999999987,0.5879119815757384,0.5879119815757384,0.8540476989297716,143,False,WITHIN_THRESHOLD
2020-06-17 09:30:00,4136001,LlT2YUhhzqhg5Sw,354.57333333333327,559.8066666666667,354.57333333333327,306.83425154043425,425.6402619047622,489.91507,559.8066666666667,354.57333333333327,205.23333333333346,0.5788177339901482,0.5788177339901482,0.8849165458231198,127,False,WITHIN_THRESHOLD
2020-06-17 09:30:00,4136001,Mx2yZCDsyf6DPfv,353.2642857142857,592.9133333333334,353.2642857142857,316.3082519141525,428.8495166666668,489.91507,592.9133333333334,353.2642857142857,239.64904761904774,0.6783845899805222,0.6783845899805222,1.0,96,False,WITHIN_THRESHOLD
2020-06-17 09:30:00,4136001,NgDl19wMapZy17u,354.9866666666667,573.6133333333332,354.9866666666667,312.4320517672284,424.9109380952384,489.91507,573.6133333333332,354.9866666666667,218.62666666666655,0.6158728966346151,0.6158728966346151,1.0,129,False,WITHIN_THRESHOLD
2020-06-17 09:30:00,4136001,PeE6FRyGXUgsRhN,342.1428571428571,572.1533333333332,342.1428571428571,309.2547598890915,425.3941380952383,489.91507,572.1533333333332,342.1428571428571,230.01047619047608,0.6722644398051494,0.6722644398051494,1.0050898489883968,130,False,WITHIN_THRESHOLD
2020-06-17 09:30:00,4136001,Qf4GUc1pJu5T6c6,346.40714285714284,575.0,346.40714285714284,315.4679279967937,425.3991690476192,489.91507,575.0,346.40714285714284,228.59285714285716,0.6598964884425842,0.6598964884425842,1.0,91,False,WITHIN_THRESHOLD
2020-06-17 09:30:00,4136001,Quc1TzYxW2pYoWX,278.64666666666665,481.5,278.64666666666665,284.2146561188796,417.3086142857144,468.68225,481.5,278.64666666666665,202.85333333333335,0.7279948321649881,0.7279948321649881,1.0,108,False,WITHIN_THRESHOLD
2020-06-17 09:30:00,4136001,V94E5Ben1TlhnDV,344.8285714285714,574.5266666666665,344.8285714285714,309.8135595895567,428.0910523809527,493.47418,574.5266666666665,344.8285714285714,229.6980952380951,0.6661225729831245,0.6661225729831245,1.0842639735182622,98,False,WITHIN_THRESHOLD
2020-06-17 09:30:00,4136001,WcxssY2VbP4hApt,366.7933333333333,589.8142857142856,366.7933333333333,313.8435784425443,425.78924761904784,489.91507,589.8142857142856,366.7933333333333,223.02095238095228,0.6080289146866146,0.6080289146866146,0.8131277317394211,142,False,WITHIN_THRESHOLD
2020-06-17 09:30:00,4136001,mqwcsP2rE7J0TFp,354.0333333333333,567.3399999999999,354.0333333333333,313.71406787092434,425.6380952380954,489.91507,567.3399999999999,354.0333333333333,213.30666666666662,0.6025044722719141,0.6025044722719141,1.0188512076579566,137,False,WITHIN_THRESHOLD
2020-06-17 09:30:00,4136001,oZ35aAeoifZaQzV,354.75714285714287,595.58,354.75714285714287,317.3978471670886,430.1588357142858,489.91507,595.58,354.75714285714287,240.82285714285717,0.6788386421294246,0.6788386421294246,1.0,97,False,WITHIN_THRESHOLD
2020-06-17 09:30:00,4136001,oZZkBaNadn6DNKz,346.05,584.5466666666667,346.05,311.7939890267997,426.65385000000015,489.91507,584.5466666666667,346.05,238.49666666666673,0.6891971295092233,0.6891971295092233,1.1151183176572743,114,False,WITHIN_THRESHOLD
2020-06-17 09:30:00,4136001,q49J1IKaHRwDQnt,353.0,565.5400000000001,353.0,308.42398270457176,425.6402619047622,489.91507,565.5400000000001,353.0,212.54000000000008,0.6020963172804534,0.6020963172804534,0.8617696945001074,143,False,WITHIN_THRESHOLD
2020-06-17 09:30:00,4136001,rrq4fwE8jgrTyWY,340.22,540.4733333333332,340.22,301.4149351745657,423.1519095238098,491.0067,540.4733333333332,340.22,200.25333333333322,0.5885995336350984,0.5885995336350984,1.0,135,False,WITHIN_THRESHOLD
2020-06-17 09:30:00,4136001,vOuJvMaM2sgwLmb,361.2533333333333,585.8642857142856,361.2533333333333,312.08295295082735,426.7586500000002,489.91507,585.8642857142856,361.2533333333333,224.61095238095237,0.6217546847483365,0.6217546847483365,0.7896224826398267,142,False,WITHIN_THRESHOLD
2020-06-17 09:30:00,4136001,xMbIugepa2P7lBB,353.92,572.8866666666667,353.92,310.8035900250499,426.52211904761936,489.91507,572.8866666666667,353.92,218.96666666666664,0.6186897227245327,0.6186897227245327,0.9823653995011609,129,False,WITHIN_THRESHOLD
2020-06-17 09:30:00,4136001,xoJJ8DcxJEcupym,351.91428571428565,579.5,351.91428571428565,310.4426359398667,428.013385714286,489.91507,579.5,351.91428571428565,227.58571428571435,0.6467078022245679,0.6467078022245679,0.8195700732505016,143,False,WITHIN_THRESHOLD
2020-06-17 09:45:00,4136001,4UPUqMRk7TRMgml,591.9066666666668,591.0533333333334,591.9066666666668,471.3328081564403,550.2847523809525,626.1492,591.0533333333334,591.9066666666668,-0.853333333333353,-0.00144166873155681,0.00144166873155681,1.0,105,False,WITHIN_THRESHOLD
2020-06-17 09:45:00,4136001,81aHJ1q11NBPMrL,584.5714285714286,545.9933333333332,584.5714285714286,478.6085527080481,575.3762119047619,623.9826,545.9933333333332,584.5714285714286,-38.57809523809533,-0.06599380905832535,0.06599380905832535,0.7988725021368553,143,False,WITHIN_THRESHOLD
2020-06-17 09:45:00,4136001,9kRcWv60rDACzjR,572.3928571428572,531.1000000000001,572.3928571428572,476.5356403934412,554.8329452380952,625.44885,531.1000000000001,572.3928571428572,-41.29285714285709,-0.072140762463343,0.072140762463343,0.8376117177500583,127,False,WITHIN_THRESHOLD
2020-06-17 09:45:00,4136001,Et9kgGMDl729KT4,530.1933333333334,533.3866666666667,530.1933333333334,436.059504258197,485.4253904761904,577.85126,533.3866666666667,530.1933333333334,3.193333333333271,0.006022960178048141,0.006022960178048141,1.0,105,False,WITHIN_THRESHOLD
2020-06-17 09:45:00,4136001,IQ2d7wF4YD8zU1Q,575.8533333333334,552.6866666666667,575.8533333333334,471.2785111738824,552.015061904762,626.28876,552.6866666666667,575.8533333333334,-23.16666666666663,-0.0402301511959063,0.0402301511959063,1.0,129,False,WITHIN_THRESHOLD
2020-06-17 09:45:00,4136001,LYwnQax7tkwH5Cb,546.9933333333332,502.22857142857146,546.9933333333332,462.4744563402408,550.208047619048,628.62756,502.22857142857146,546.9933333333332,-44.76476190476177,-0.08183785647252577,0.08183785647252577,0.8540476989297716,143,False,WITHIN_THRESHOLD
2020-06-17 09:45:00,4136001,LlT2YUhhzqhg5Sw,559.8066666666667,517.8499999999999,559.8066666666667,470.52810259534806,554.8338142857147,626.28876,517.8499999999999,559.8066666666667,-41.95666666666682,-0.07494849412297129,0.07494849412297129,0.8849165458231198,127,False,WITHIN_THRESHOLD
2020-06-17 09:45:00,4136001,Mx2yZCDsyf6DPfv,592.9133333333334,584.8000000000001,592.9133333333334,471.35201038296753,550.291980952381,625.44885,584.8000000000001,592.9133333333334,-8.113333333333344,-0.013683843619640885,0.013683843619640885,1.0,96,False,WITHIN_THRESHOLD
2020-06-17 09:45:00,4136001,NgDl19wMapZy17u,573.6133333333332,550.6333333333332,573.6133333333332,471.341708935564,552.015061904762,626.28876,550.6333333333332,573.6133333333332,-22.980000000000018,-0.04006183026893846,0.04006183026893846,1.0,129,False,WITHIN_THRESHOLD
2020-06-17 09:45:00,4136001,PeE6FRyGXUgsRhN,572.1533333333332,549.8466666666668,572.1533333333332,462.4889440068316,548.2670833333335,629.2978,549.8466666666668,572.1533333333332,-22.306666666666388,-0.038987217878656756,0.038987217878656756,1.0050898489883968,130,False,WITHIN_THRESHOLD
2020-06-17 09:45:00,4136001,Qf4GUc1pJu5T6c6,575.0,584.2266666666667,575.0,466.2534066109062,548.2429357142859,628.4579,584.2266666666667,575.0,9.226666666666688,0.01604637681159424,0.01604637681159424,1.0,91,False,WITHIN_THRESHOLD
2020-06-17 09:45:00,4136001,Quc1TzYxW2pYoWX,481.5,494.76666666666665,481.5,412.793119042141,502.0509690476194,566.2808,494.76666666666665,481.5,13.266666666666652,0.02755278643129107,0.02755278643129107,1.0,108,False,WITHIN_THRESHOLD
2020-06-17 09:45:00,4136001,V94E5Ben1TlhnDV,574.5266666666665,555.2733333333333,574.5266666666665,464.489473121394,550.128492857143,629.2978,555.2733333333333,574.5266666666665,-19.253333333333217,-0.03351164436811733,0.03351164436811733,1.0842639735182622,98,False,WITHIN_THRESHOLD
2020-06-17 09:45:00,4136001,WcxssY2VbP4hApt,589.8142857142856,552.9133333333334,589.8142857142856,480.81945267193777,578.399561904762,623.9826,552.9133333333334,589.8142857142856,-36.90095238095216,-0.06256368025447845,0.06256368025447845,0.8131277317394211,142,False,WITHIN_THRESHOLD
2020-06-17 09:45:00,4136001,mqwcsP2rE7J0TFp,567.3399999999999,553.62,567.3399999999999,470.7070823449404,550.3934285714287,626.28876,553.62,567.3399999999999,-13.719999999999914,-0.024183029576620572,0.024183029576620572,1.0188512076579566,137,False,WITHIN_THRESHOLD
2020-06-17 09:45:00,4136001,oZ35aAeoifZaQzV,595.58,588.2600000000001,595.58,472.67998193920346,551.5071976190476,626.1492,588.2600000000001,595.58,-7.319999999999936,-0.012290540313643735,0.012290540313643735,1.0,97,False,WITHIN_THRESHOLD
2020-06-17 09:45:00,4136001,oZZkBaNadn6DNKz,584.5466666666667,568.3266666666667,584.5466666666667,465.8161182092516,547.2440857142858,629.2978,568.3266666666667,584.5466666666667,-16.220000000000027,-0.027747998448940533,0.027747998448940533,1.1151183176572743,114,False,WITHIN_THRESHOLD
2020-06-17 09:45:00,4136001,q49J1IKaHRwDQnt,565.5400000000001,529.2857142857142,565.5400000000001,469.63139840663393,553.8669619047623,626.28876,529.2857142857142,565.5400000000001,-36.25428571428586,-0.06410560829346439,0.06410560829346439,0.8617696945001074,143,False,WITHIN_THRESHOLD
2020-06-17 09:45:00,4136001,rrq4fwE8jgrTyWY,540.4733333333332,499.6357142857143,540.4733333333332,459.0507478356452,528.7797833333335,628.62756,499.6357142857143,540.4733333333332,-40.837619047618944,-0.07555898973915262,0.07555898973915262,1.0,135,False,WITHIN_THRESHOLD
2020-06-17 09:45:00,4136001,vOuJvMaM2sgwLmb,585.8642857142856,553.3866666666668,585.8642857142856,476.7430722429336,555.9790547619048,625.44885,553.3866666666668,585.8642857142856,-32.47761904761887,-0.055435396626067016,0.055435396626067016,0.7896224826398267,142,False,WITHIN_THRESHOLD
2020-06-17 09:45:00,4136001,xMbIugepa2P7lBB,572.8866666666667,542.0400000000001,572.8866666666667,470.3275294747861,551.5815261904766,626.28876,542.0400000000001,572.8866666666667,-30.84666666666658,-0.05384427402743983,0.05384427402743983,0.9823653995011609,129,False,WITHIN_THRESHOLD
2020-06-17 09:45:00,4136001,xoJJ8DcxJEcupym,579.5,546.7733333333333,579.5,469.80523856117617,550.4538833333335,626.28876,546.7733333333333,579.5,-32.72666666666669,-0.0564739718147829,0.0564739718147829,0.8195700732505016,143,False,WITHIN_THRESHOLD
2020-06-17 10:00:00,4136001,4UPUqMRk7TRMgml,591.0533333333334,486.3933333333334,591.0533333333334,613.3799197164728,581.8171714285714,561.9249,486.3933333333334,591.0533333333334,-104.66000000000003,-0.17707369893297845,0.17707369893297845,1.0,105,False,WITHIN_THRESHOLD
2020-06-17 10:00:00,4136001,81aHJ1q11NBPMrL,545.9933333333332,461.3,545.9933333333332,608.4161068774292,588.5386619047619,569.6769,461.3,545.9933333333332,-84.69333333333321,-0.15511788910731492,0.15511788910731492,0.7988725021368553,143,False,WITHIN_THRESHOLD
2020-06-17 10:00:00,4136001,9kRcWv60rDACzjR,531.1000000000001,448.5466666666666,531.1000000000001,599.1899841744068,588.6391523809525,580.27325,448.5466666666666,531.1000000000001,-82.55333333333351,-0.1554383982928516,0.1554383982928516,0.8376117177500583,127,False,WITHIN_THRESHOLD
2020-06-17 10:00:00,4136001,Et9kgGMDl729KT4,533.3866666666667,440.94,533.3866666666667,566.1085072301279,591.1854119047621,577.6948,440.94,533.3866666666667,-92.44666666666666,-0.17332016798320166,0.17332016798320166,1.0,105,False,WITHIN_THRESHOLD
2020-06-17 10:00:00,4136001,IQ2d7wF4YD8zU1Q,552.6866666666667,459.0214285714285,552.6866666666667,601.4297363553453,589.2491523809526,564.7589,459.0214285714285,552.6866666666667,-93.66523809523824,-0.1694725850003707,0.1694725850003707,1.0,129,False,WITHIN_THRESHOLD
2020-06-17 10:00:00,4136001,LYwnQax7tkwH5Cb,502.22857142857146,426.7600000000001,502.22857142857146,579.6766644142203,587.1060785714288,577.6948,426.7600000000001,502.22857142857146,-75.46857142857135,-0.15026737967914422,0.15026737967914422,0.8540476989297716,143,False,WITHIN_THRESHOLD
2020-06-17 10:00:00,4136001,LlT2YUhhzqhg5Sw,517.8499999999999,440.83333333333326,517.8499999999999,589.7698090312192,588.4836238095239,575.8366,440.83333333333326,517.8499999999999,-77.01666666666665,-0.1487238904444659,0.1487238904444659,0.8849165458231198,127,False,WITHIN_THRESHOLD
2020-06-17 10:00:00,4136001,Mx2yZCDsyf6DPfv,584.8000000000001,482.65333333333336,584.8000000000001,614.1255900157623,580.0211476190477,561.9249,482.65333333333336,584.8000000000001,-102.1466666666667,-0.1746694026447789,0.1746694026447789,1.0,96,False,WITHIN_THRESHOLD
2020-06-17 10:00:00,4136001,NgDl19wMapZy17u,550.6333333333332,457.3928571428571,550.6333333333332,599.8017081819389,588.7267190476192,575.8366,457.3928571428571,550.6333333333332,-93.2404761904761,-0.16933314884159353,0.16933314884159353,1.0,129,False,WITHIN_THRESHOLD
2020-06-17 10:00:00,4136001,PeE6FRyGXUgsRhN,549.8466666666668,459.8200000000001,549.8466666666668,598.5131334438186,587.8695714285715,575.8366,459.8200000000001,549.8466666666668,-90.0266666666667,-0.16373049456212035,0.16373049456212035,1.0050898489883968,130,False,WITHIN_THRESHOLD
2020-06-17 10:00:00,4136001,Qf4GUc1pJu5T6c6,584.2266666666667,482.9666666666666,584.2266666666667,600.7520025102567,589.3787190476193,588.0168,482.9666666666666,584.2266666666667,-101.2600000000001,-0.17332313942077293,0.17332313942077293,1.0,91,False,WITHIN_THRESHOLD
2020-06-17 10:00:00,4136001,Quc1TzYxW2pYoWX,494.76666666666665,408.56000000000006,494.76666666666665,528.7921556113635,580.7117833333333,595.996,408.56000000000006,494.76666666666665,-86.20666666666659,-0.1742370140807113,0.1742370140807113,1.0,108,False,WITHIN_THRESHOLD
2020-06-17 10:00:00,4136001,V94E5Ben1TlhnDV,555.2733333333333,468.6066666666666,555.2733333333333,600.8270066161147,588.1886642857144,585.00806,468.6066666666666,555.2733333333333,-86.66666666666669,-0.1560792882784455,0.1560792882784455,1.0842639735182622,98,False,WITHIN_THRESHOLD
2020-06-17 10:00:00,4136001,WcxssY2VbP4hApt,552.9133333333334,465.51333333333326,552.9133333333334,612.3144928188913,583.0683761904762,561.9249,465.51333333333326,552.9133333333334,-87.40000000000015,-0.15807178943053185,0.15807178943053185,0.8131277317394211,142,False,WITHIN_THRESHOLD
2020-06-17 10:00:00,4136001,mqwcsP2rE7J0TFp,553.62,459.1928571428571,553.62,595.2162197984949,588.364461904762,575.8366,459.1928571428571,553.62,-94.42714285714288,-0.17056309897970248,0.17056309897970248,1.0188512076579566,137,False,WITHIN_THRESHOLD
2020-06-17 10:00:00,4136001,oZ35aAeoifZaQzV,588.2600000000001,487.24,588.2600000000001,616.2820379504235,579.9408952380952,565.2077,487.24,588.2600000000001,-101.0200000000001,-0.17172678747492617,0.17172678747492617,1.0,97,False,WITHIN_THRESHOLD
2020-06-17 10:00:00,4136001,oZZkBaNadn6DNKz,568.3266666666667,476.97333333333336,568.3266666666667,608.0943962831091,589.517592857143,569.6769,476.97333333333336,568.3266666666667,-91.35333333333335,-0.1607408884561696,0.1607408884561696,1.1151183176572743,114,False,WITHIN_THRESHOLD
2020-06-17 10:00:00,4136001,q49J1IKaHRwDQnt,529.2857142857142,448.14,529.2857142857142,593.7607464582959,587.7575880952381,575.8366,448.14,529.2857142857142,-81.14571428571423,-0.1533117408906882,0.1533117408906882,0.8617696945001074,143,False,WITHIN_THRESHOLD
2020-06-17 10:00:00,4136001,rrq4fwE8jgrTyWY,499.6357142857143,422.66,499.6357142857143,574.5328322567664,589.7723166666668,577.6948,422.66,499.6357142857143,-76.97571428571428,-0.15406367496318743,0.15406367496318743,1.0,135,False,WITHIN_THRESHOLD
2020-06-17 10:00:00,4136001,vOuJvMaM2sgwLmb,553.3866666666668,465.10666666666657,553.3866666666668,609.2783002027761,588.5386619047619,569.6769,465.10666666666657,553.3866666666668,-88.2800000000002,-0.1595267925983041,0.1595267925983041,0.7896224826398267,142,False,WITHIN_THRESHOLD
2020-06-17 10:00:00,4136001,xMbIugepa2P7lBB,542.0400000000001,453.4928571428573,542.0400000000001,599.1202863647754,588.6014857142859,575.8366,453.4928571428573,542.0400000000001,-88.54714285714277,-0.16335905626363878,0.16335905626363878,0.9823653995011609,129,False,WITHIN_THRESHOLD
2020-06-17 10:00:00,4136001,xoJJ8DcxJEcupym,546.7733333333333,461.9533333333334,546.7733333333333,604.47074209939,588.9639666666667,569.6769,461.9533333333334,546.7733333333333,-84.81999999999994,-0.15512826765509158,0.15512826765509158,0.8195700732505016,143,False,WITHIN_THRESHOLD
2020-06-17 10:15:00,4136001,4UPUqMRk7TRMgml,486.3933333333334,466.8071428571429,486.3933333333334,590.5930313532274,532.2291690476194,440.76846,466.8071428571429,486.3933333333334,-19.586190476190495,-0.04026821326263482,0.04026821326263482,1.0,105,False,WITHIN_THRESHOLD
2020-06-17 10:15:00,4136001,81aHJ1q11NBPMrL,461.3,451.8,461.3,558.1290826090752,522.4012714285715,475.00943,451.8,461.3,-9.5,-0.020593973553002385,0.020593973553002385,0.7988725021368553,143,False,WITHIN_THRESHOLD
2020-06-17 10:15:00,4136001,9kRcWv60rDACzjR,448.5466666666666,442.23333333333335,448.5466666666666,546.8588994067646,518.1150976190476,473.65106,442.23333333333335,448.5466666666666,-6.313333333333276,-0.01407508694747468,0.01407508694747468,0.8376117177500583,127,False,WITHIN_THRESHOLD
2020-06-17 10:15:00,4136001,Et9kgGMDl729KT4,440.94,420.58,440.94,543.7522410864369,519.6091928571432,452.92172,420.58,440.94,-20.360000000000014,-0.046174082641629276,0.046174082641629276,1.0,105,False,WITHIN_THRESHOLD
2020-06-17 10:15:00,4136001,IQ2d7wF4YD8zU1Q,459.0214285714285,446.7866666666666,459.0214285714285,562.7507059294151,521.5409619047621,482.90784,446.7866666666666,459.0214285714285,-12.23476190476191,-0.026654010342913773,0.026654010342913773,1.0,129,False,WITHIN_THRESHOLD
2020-06-17 10:15:00,4136001,LYwnQax7tkwH5Cb,426.7600000000001,419.98666666666657,426.7600000000001,524.6005602457004,516.7907523809522,450.0125,419.98666666666657,426.7600000000001,-6.7733333333335395,-0.015871528103227898,0.015871528103227898,0.8540476989297716,143,False,WITHIN_THRESHOLD
2020-06-17 10:15:00,4136001,LlT2YUhhzqhg5Sw,440.83333333333326,434.16,440.83333333333326,536.7770796102991,516.7056190476189,472.35263,434.16,440.83333333333326,-6.6733333333332325,-0.015137996219281438,0.015137996219281438,0.8849165458231198,127,False,WITHIN_THRESHOLD
2020-06-17 10:15:00,4136001,Mx2yZCDsyf6DPfv,482.65333333333336,464.6285714285714,482.65333333333336,586.0503448751147,530.7705285714288,448.52036,464.6285714285714,482.65333333333336,-18.024761904761988,-0.0373451516024517,0.0373451516024517,1.0,96,False,WITHIN_THRESHOLD
2020-06-17 10:15:00,4136001,NgDl19wMapZy17u,457.3928571428571,446.06000000000006,457.3928571428571,561.1883817515667,522.0878190476192,481.54947,446.06000000000006,457.3928571428571,-11.332857142857051,-0.024777075037088894,0.024777075037088894,1.0,129,False,WITHIN_THRESHOLD
2020-06-17 10:15:00,4136001,PeE6FRyGXUgsRhN,459.8200000000001,447.0533333333333,459.8200000000001,559.7427967793624,522.0917809523812,473.65106,447.0533333333333,459.8200000000001,-12.766666666666822,-0.02776448755310082,0.02776448755310082,1.0050898489883968,130,False,WITHIN_THRESHOLD
2020-06-17 10:15:00,4136001,Qf4GUc1pJu5T6c6,482.9666666666666,463.3571428571429,482.9666666666666,584.8905728475347,532.2861357142858,468.2643,463.3571428571429,482.9666666666666,-19.609523809523694,-0.04060223026335226,0.04060223026335226,1.0,91,False,WITHIN_THRESHOLD
2020-06-17 10:15:00,4136001,Quc1TzYxW2pYoWX,408.56000000000006,387.16,408.56000000000006,512.2430637303199,519.8539047619047,452.99683,387.16,408.56000000000006,-21.400000000000034,-0.052379087526923905,0.052379087526923905,1.0,108,False,WITHIN_THRESHOLD
2020-06-17 10:15:00,4136001,V94E5Ben1TlhnDV,468.6066666666666,453.8,468.6066666666666,563.6962955768424,531.2368761904762,481.54947,453.8,468.6066666666666,-14.806666666666615,-0.031597217282440034,0.031597217282440034,1.0842639735182622,98,False,WITHIN_THRESHOLD
2020-06-17 10:15:00,4136001,WcxssY2VbP4hApt,465.51333333333326,455.5066666666667,465.51333333333326,563.3903729948353,521.5723285714287,482.90784,455.5066666666667,465.51333333333326,-10.006666666666547,-0.02149598292923915,0.02149598292923915,0.8131277317394211,142,False,WITHIN_THRESHOLD
2020-06-17 10:15:00,4136001,mqwcsP2rE7J0TFp,459.1928571428571,447.1000000000001,459.1928571428571,563.0737717867144,521.5723285714287,481.54947,447.1000000000001,459.1928571428571,-12.092857142857042,-0.026335028854978237,0.026335028854978237,1.0188512076579566,137,False,WITHIN_THRESHOLD
2020-06-17 10:15:00,4136001,oZ35aAeoifZaQzV,487.24,467.4714285714285,487.24,588.5992778811194,519.1920428571432,451.80316,467.4714285714285,487.24,-19.768571428571533,-0.04057255444662083,0.04057255444662083,1.0,97,False,WITHIN_THRESHOLD
2020-06-17 10:15:00,4136001,oZZkBaNadn6DNKz,476.97333333333336,460.7866666666666,476.97333333333336,573.4590252935523,530.3908976190476,482.90784,460.7866666666666,476.97333333333336,-16.18666666666678,-0.033936208872613664,0.033936208872613664,1.1151183176572743,114,False,WITHIN_THRESHOLD
2020-06-17 10:15:00,4136001,q49J1IKaHRwDQnt,448.14,437.91333333333336,448.14,544.8659947239375,517.7169500000001,473.65106,437.91333333333336,448.14,-10.226666666666631,-0.022820249624373255,0.022820249624373255,0.8617696945001074,143,False,WITHIN_THRESHOLD
2020-06-17 10:15:00,4136001,rrq4fwE8jgrTyWY,422.66,414.48,422.66,522.2902114272083,516.9897238095239,452.04797,414.48,422.66,-8.180000000000007,-0.019353617564945833,0.019353617564945833,1.0,135,False,WITHIN_THRESHOLD
2020-06-17 10:15:00,4136001,vOuJvMaM2sgwLmb,465.10666666666657,452.9,465.10666666666657,563.345200905974,521.5409619047621,482.90784,452.9,465.10666666666657,-12.206666666666592,-0.026244875727431546,0.026244875727431546,0.7896224826398267,142,False,WITHIN_THRESHOLD
2020-06-17 10:15:00,4136001,xMbIugepa2P7lBB,453.4928571428573,441.07333333333327,453.4928571428573,554.680260668858,522.1522142857143,473.65106,441.07333333333327,453.4928571428573,-12.419523809524037,-0.027386371392420176,0.027386371392420176,0.9823653995011609,129,False,WITHIN_THRESHOLD
2020-06-17 10:15:00,4136001,xoJJ8DcxJEcupym,461.9533333333334,452.9333333333333,461.9533333333334,558.2663728499401,522.4012714285715,475.00943,452.9333333333333,461.9533333333334,-9.020000000000095,-0.019525781825004175,0.019525781825004175,0.8195700732505016,143,False,WITHIN_THRESHOLD
2020-06-17 10:30:00,4136001,4UPUqMRk7TRMgml,466.8071428571429,518.7666666666668,466.8071428571429,519.3501585886288,409.8822404761906,359.15152,518.7666666666668,466.8071428571429,51.95952380952389,0.11130833065556812,0.11130833065556812,1.0,105,False,WITHIN_THRESHOLD
2020-06-17 10:30:00,4136001,81aHJ1q11NBPMrL,451.8,492.0142857142857,451.8,499.5570888528706,401.35839285714303,354.42526,492.0142857142857,451.8,40.214285714285666,0.08900904319231001,0.08900904319231001,0.7988725021368553,143,False,WITHIN_THRESHOLD
2020-06-17 10:30:00,4136001,9kRcWv60rDACzjR,442.23333333333335,479.5214285714285,442.23333333333335,489.3332554637476,401.8655476190478,408.89188,479.5214285714285,442.23333333333335,37.28809523809514,0.08431769481743077,0.08431769481743077,0.8376117177500583,127,False,WITHIN_THRESHOLD
2020-06-17 10:30:00,4136001,Et9kgGMDl729KT4,420.58,469.8071428571429,420.58,480.9619954302466,434.4889928571429,407.33478,469.8071428571429,420.58,49.227142857142894,0.11704584825037542,0.11704584825037542,1.0,105,False,WITHIN_THRESHOLD
2020-06-17 10:30:00,4136001,IQ2d7wF4YD8zU1Q,446.7866666666666,489.39333333333326,446.7866666666666,497.3589529266582,402.0495595238097,352.78632,489.39333333333326,446.7866666666666,42.60666666666668,0.09536243994150831,0.09536243994150831,1.0,129,False,WITHIN_THRESHOLD
2020-06-17 10:30:00,4136001,LYwnQax7tkwH5Cb,419.98666666666657,458.4333333333333,419.98666666666657,471.099684194502,433.8989833333334,417.01556,458.4333333333333,419.98666666666657,38.446666666666715,0.09154258865360819,0.09154258865360819,0.8540476989297716,143,False,WITHIN_THRESHOLD
2020-06-17 10:30:00,4136001,LlT2YUhhzqhg5Sw,434.16,473.13999999999993,434.16,482.6041094511663,410.5071761904763,407.464,473.13999999999993,434.16,38.979999999999905,0.0897825686382898,0.0897825686382898,0.8849165458231198,127,False,WITHIN_THRESHOLD
2020-06-17 10:30:00,4136001,Mx2yZCDsyf6DPfv,464.6285714285714,515.2466666666667,464.6285714285714,516.4013340506676,408.1569547619049,354.42526,515.2466666666667,464.6285714285714,50.61809523809529,0.10894313942524508,0.10894313942524508,1.0,96,False,WITHIN_THRESHOLD
2020-06-17 10:30:00,4136001,NgDl19wMapZy17u,446.06000000000006,488.74,446.06000000000006,495.9676993775549,401.9630023809525,352.78632,488.74,446.06000000000006,42.67999999999995,0.09568219522037381,0.09568219522037381,1.0,129,False,WITHIN_THRESHOLD
2020-06-17 10:30:00,4136001,PeE6FRyGXUgsRhN,447.0533333333333,489.87142857142857,447.0533333333333,497.5368825321103,401.83443571428586,355.25247,489.87142857142857,447.0533333333333,42.81809523809528,0.09577849452286517,0.09577849452286517,1.0050898489883968,130,False,WITHIN_THRESHOLD
2020-06-17 10:30:00,4136001,Qf4GUc1pJu5T6c6,463.3571428571429,511.5266666666666,463.3571428571429,516.0638651963814,400.90825476190497,356.89142,511.5266666666666,463.3571428571429,48.169523809523696,0.10395765890755845,0.10395765890755845,1.0,91,False,WITHIN_THRESHOLD
2020-06-17 10:30:00,4136001,Quc1TzYxW2pYoWX,387.16,434.70714285714286,387.16,453.79186561966026,478.75680476190496,458.35242,434.70714285714286,387.16,47.54714285714283,0.12281006007114069,0.12281006007114069,1.0,108,False,WITHIN_THRESHOLD
2020-06-17 10:30:00,4136001,V94E5Ben1TlhnDV,453.8,497.7000000000001,453.8,504.34232279440846,402.1886928571431,355.25247,497.7000000000001,453.8,43.90000000000009,0.09673865138827697,0.09673865138827697,1.0842639735182622,98,False,WITHIN_THRESHOLD
2020-06-17 10:30:00,4136001,WcxssY2VbP4hApt,455.5066666666667,495.6714285714286,455.5066666666667,502.9682941442786,401.8038214285716,354.42526,495.6714285714286,455.5066666666667,40.16476190476186,0.08817601331432073,0.08817601331432073,0.8131277317394211,142,False,WITHIN_THRESHOLD
2020-06-17 10:30:00,4136001,mqwcsP2rE7J0TFp,447.1000000000001,489.8,447.1000000000001,497.1059251699842,401.9630023809525,352.78632,489.8,447.1000000000001,42.69999999999993,0.09550436144039348,0.09550436144039348,1.0188512076579566,137,False,WITHIN_THRESHOLD
2020-06-17 10:30:00,4136001,oZ35aAeoifZaQzV,467.4714285714285,518.6933333333333,467.4714285714285,519.8433538889238,409.3097738095239,359.15152,518.6933333333333,467.4714285714285,51.221904761904796,0.10957226823131548,0.10957226823131548,1.0,97,False,WITHIN_THRESHOLD
2020-06-17 10:30:00,4136001,oZZkBaNadn6DNKz,460.7866666666666,505.9071428571429,460.7866666666666,511.1950934774819,401.04265476190494,356.89142,505.9071428571429,460.7866666666666,45.120476190476325,0.09792053341490567,0.09792053341490567,1.1151183176572743,114,False,WITHIN_THRESHOLD
2020-06-17 10:30:00,4136001,q49J1IKaHRwDQnt,437.91333333333336,478.42,437.91333333333336,488.09772060080354,401.84347619047634,407.464,478.42,437.91333333333336,40.50666666666666,0.09249927687365839,0.09249927687365839,0.8617696945001074,143,False,WITHIN_THRESHOLD
2020-06-17 10:30:00,4136001,rrq4fwE8jgrTyWY,414.48,453.32666666666665,414.48,467.6019159828887,436.0844547619049,417.01556,453.32666666666665,414.48,38.846666666666636,0.09372386283214301,0.09372386283214301,1.0,135,False,WITHIN_THRESHOLD
2020-06-17 10:30:00,4136001,vOuJvMaM2sgwLmb,452.9,494.44999999999993,452.9,502.4622632312194,401.39078809523824,354.42526,494.44999999999993,452.9,41.549999999999955,0.09174210642525935,0.09174210642525935,0.7896224826398267,142,False,WITHIN_THRESHOLD
2020-06-17 10:30:00,4136001,xMbIugepa2P7lBB,441.07333333333327,483.4666666666666,441.07333333333327,492.6107459421019,400.8048023809525,352.78632,483.4666666666666,441.07333333333327,42.39333333333332,0.09611402487870495,0.09611402487870495,0.9823653995011609,129,False,WITHIN_THRESHOLD
2020-06-17 10:30:00,4136001,xoJJ8DcxJEcupym,452.9333333333333,494.3785714285714,452.9333333333333,499.542331436206,401.9329595238097,352.78632,494.3785714285714,452.9333333333333,41.445238095238096,0.09150405820261577,0.09150405820261577,0.8195700732505016,143,False,WITHIN_THRESHOLD
2020-06-17 10:45:00,4136001,4UPUqMRk7TRMgml,518.7666666666668,534.6466666666666,518.7666666666668,527.2238810464122,472.96953095238064,382.02298,534.6466666666666,518.7666666666668,15.879999999999882,0.030611064704748208,0.030611064704748208,1.0,105,False,WITHIN_THRESHOLD
2020-06-17 10:45:00,4136001,81aHJ1q11NBPMrL,492.0142857142857,499.00666666666666,492.0142857142857,511.8263631754281,487.7541428571425,392.45853,499.00666666666666,492.0142857142857,6.992380952380984,0.014211743755020729,0.014211743755020729,0.7988725021368553,143,False,WITHIN_THRESHOLD
2020-06-17 10:45:00,4136001,9kRcWv60rDACzjR,479.5214285714285,482.5533333333334,479.5214285714285,503.2541195206806,498.681226190476,392.45853,482.5533333333334,479.5214285714285,3.0319047619049115,0.00632277220840254,0.00632277220840254,0.8376117177500583,127,False,WITHIN_THRESHOLD
2020-06-17 10:45:00,4136001,Et9kgGMDl729KT4,469.8071428571429,490.5666666666667,469.8071428571429,488.2029920527469,498.5217547619047,430.5553,490.5666666666667,469.8071428571429,20.75952380952384,0.0441873311743928,0.0441873311743928,1.0,105,False,WITHIN_THRESHOLD
2020-06-17 10:45:00,4136001,IQ2d7wF4YD8zU1Q,489.39333333333326,502.17333333333335,489.39333333333326,508.78499615273046,487.1657547619045,392.45853,502.17333333333335,489.39333333333326,12.780000000000086,0.02611396422781966,0.02611396422781966,1.0,129,False,WITHIN_THRESHOLD
2020-06-17 10:45:00,4136001,LYwnQax7tkwH5Cb,458.4333333333333,454.95333333333326,458.4333333333333,484.7268126256024,499.0451428571427,418.5639,454.95333333333326,458.4333333333333,-3.480000000000018,-0.007591071039046067,0.007591071039046067,0.8540476989297716,143,False,WITHIN_THRESHOLD
2020-06-17 10:45:00,4136001,LlT2YUhhzqhg5Sw,473.13999999999993,467.95333333333326,473.13999999999993,496.5219955128598,495.88502857142834,412.0592,467.95333333333326,473.13999999999993,-5.186666666666667,-0.010962224006988774,0.010962224006988774,0.8849165458231198,127,False,WITHIN_THRESHOLD
2020-06-17 10:45:00,4136001,Mx2yZCDsyf6DPfv,515.2466666666667,528.5800000000002,515.2466666666667,525.100049833936,475.5247309523807,392.45853,528.5800000000002,515.2466666666667,13.333333333333485,0.025877573201185486,0.025877573201185486,1.0,96,False,WITHIN_THRESHOLD
2020-06-17 10:45:00,4136001,NgDl19wMapZy17u,488.74,501.6066666666666,488.74,507.9458365034845,500.5272452380951,402.45584,501.6066666666666,488.74,12.866666666666617,0.026326199342526942,0.026326199342526942,1.0,129,False,WITHIN_THRESHOLD
2020-06-17 10:45:00,4136001,PeE6FRyGXUgsRhN,489.87142857142857,500.66,489.87142857142857,508.919999006876,487.5615547619046,392.45853,500.66,489.87142857142857,10.788571428571458,0.022023271412323995,0.022023271412323995,1.0050898489883968,130,False,WITHIN_THRESHOLD
2020-06-17 10:45:00,4136001,Qf4GUc1pJu5T6c6,511.5266666666666,533.3333333333333,511.5266666666666,524.2246479050889,477.2941857142854,392.45853,533.3333333333333,511.5266666666666,21.806666666666672,0.04263055689504622,0.04263055689504622,1.0,91,False,WITHIN_THRESHOLD
2020-06-17 10:45:00,4136001,Quc1TzYxW2pYoWX,434.70714285714286,457.7933333333333,434.70714285714286,460.9372863511327,521.5242833333331,644.7583,457.7933333333333,434.70714285714286,23.08619047619044,0.05310745603224932,0.05310745603224932,1.0,108,False,WITHIN_THRESHOLD
2020-06-17 10:45:00,4136001,V94E5Ben1TlhnDV,497.7000000000001,513.9599999999999,497.7000000000001,514.1896666694194,485.1412476190472,392.45853,513.9599999999999,497.7000000000001,16.25999999999982,0.032670283303194325,0.032670283303194325,1.0842639735182622,98,False,WITHIN_THRESHOLD
2020-06-17 10:45:00,4136001,WcxssY2VbP4hApt,495.6714285714286,502.41333333333336,495.6714285714286,515.0337637462853,485.1553809523805,392.45853,502.41333333333336,495.6714285714286,6.741904761904777,0.013601560173309924,0.013601560173309924,0.8131277317394211,142,False,WITHIN_THRESHOLD
2020-06-17 10:45:00,4136001,mqwcsP2rE7J0TFp,489.8,510.34,489.8,508.4486284237631,500.4375499999998,402.45584,510.34,489.8,20.539999999999964,0.04193548387096767,0.04193548387096767,1.0188512076579566,137,False,WITHIN_THRESHOLD
2020-06-17 10:45:00,4136001,oZ35aAeoifZaQzV,518.6933333333333,536.1800000000001,518.6933333333333,527.286860098267,473.834683333333,382.02298,536.1800000000001,518.6933333333333,17.486666666666792,0.03371291964423448,0.03371291964423448,1.0,97,False,WITHIN_THRESHOLD
2020-06-17 10:45:00,4136001,oZZkBaNadn6DNKz,505.9071428571429,522.4066666666665,505.9071428571429,520.3249122533882,486.0864547619044,392.45853,522.4066666666665,505.9071428571429,16.499523809523623,0.032613739581421025,0.032613739581421025,1.1151183176572743,114,False,WITHIN_THRESHOLD
2020-06-17 10:45:00,4136001,q49J1IKaHRwDQnt,478.42,477.54,478.42,500.2445052177978,496.7886452380951,391.21216,477.54,478.42,-0.8799999999999955,-0.0018393879854521037,0.0018393879854521037,0.8617696945001074,143,False,WITHIN_THRESHOLD
2020-06-17 10:45:00,4136001,rrq4fwE8jgrTyWY,453.32666666666665,453.85333333333335,453.32666666666665,480.39247016128456,496.8734095238095,425.19812,453.85333333333335,453.32666666666665,0.5266666666666993,0.0011617817909087618,0.0011617817909087618,1.0,135,False,WITHIN_THRESHOLD
2020-06-17 10:45:00,4136001,vOuJvMaM2sgwLmb,494.44999999999993,504.12666666666667,494.44999999999993,513.2445199541799,485.05481428571386,392.45853,504.12666666666667,494.44999999999993,9.676666666666733,0.019570566622847074,0.019570566622847074,0.7896224826398267,142,False,WITHIN_THRESHOLD
2020-06-17 10:45:00,4136001,xMbIugepa2P7lBB,483.4666666666666,491.44,483.4666666666666,503.82283216994057,496.909826190476,402.45584,491.44,483.4666666666666,7.973333333333414,0.01649200220628809,0.01649200220628809,0.9823653995011609,129,False,WITHIN_THRESHOLD
2020-06-17 10:45:00,4136001,xoJJ8DcxJEcupym,494.3785714285714,503.19333333333327,494.3785714285714,513.0958106072039,485.1412476190472,392.45853,503.19333333333327,494.3785714285714,8.814761904761895,0.017829983769908332,0.017829983769908332,0.8195700732505016,143,False,WITHIN_THRESHOLD
2020-06-17 11:00:00,4136001,4UPUqMRk7TRMgml,534.6466666666666,366.83333333333326,534.6466666666666,560.9981845175612,496.5388309523808,514.14374,366.83333333333326,534.6466666666666,-167.8133333333334,-0.3138770776961733,0.3138770776961733,1.0,105,False,WITHIN_THRESHOLD
2020-06-17 11:00:00,4136001,81aHJ1q11NBPMrL,499.00666666666666,326.28666666666663,499.00666666666666,539.0413245786633,502.9382785714282,548.2492,326.28666666666663,499.00666666666666,-172.72000000000003,-0.34612764024528736,0.34612764024528736,0.7988725021368553,143,False,WITHIN_THRESHOLD
2020-06-17 11:00:00,4136001,9kRcWv60rDACzjR,482.5533333333334,312.87333333333333,482.5533333333334,528.8774029098668,504.1485738095235,565.6905,312.87333333333333,482.5533333333334,-169.68000000000006,-0.3516295262699806,0.3516295262699806,0.8376117177500583,127,False,WITHIN_THRESHOLD
2020-06-17 11:00:00,4136001,Et9kgGMDl729KT4,490.5666666666667,341.61333333333334,490.5666666666667,521.2779621288466,515.7465285714283,599.514,341.61333333333334,490.5666666666667,-148.95333333333338,-0.3036352517496773,0.3036352517496773,1.0,105,False,WITHIN_THRESHOLD
2020-06-17 11:00:00,4136001,IQ2d7wF4YD8zU1Q,502.17333333333335,338.88,502.17333333333335,537.1505176318428,503.4424071428568,543.5385,338.88,502.17333333333335,-163.29333333333335,-0.3251732469532433,0.3251732469532433,1.0,129,False,WITHIN_THRESHOLD
2020-06-17 11:00:00,4136001,LYwnQax7tkwH5Cb,454.95333333333326,289.0785714285714,454.95333333333326,511.4259905332817,542.2693476190475,598.7418,289.0785714285714,454.95333333333326,-165.87476190476184,-0.3645973108701886,0.3645973108701886,0.8540476989297716,143,False,WITHIN_THRESHOLD
2020-06-17 11:00:00,4136001,LlT2YUhhzqhg5Sw,467.95333333333326,297.0928571428572,467.95333333333326,523.4381688956885,505.3988285714282,563.8673,297.0928571428572,467.95333333333326,-170.86047619047605,-0.36512289585245555,0.36512289585245555,0.8849165458231198,127,False,WITHIN_THRESHOLD
2020-06-17 11:00:00,4136001,Mx2yZCDsyf6DPfv,528.5800000000002,360.68,528.5800000000002,557.8778085412707,496.2248404761901,493.14197,360.68,528.5800000000002,-167.90000000000015,-0.3176434976730109,0.3176434976730109,1.0,96,False,WITHIN_THRESHOLD
2020-06-17 11:00:00,4136001,NgDl19wMapZy17u,501.6066666666666,340.29999999999995,501.6066666666666,536.5314648152821,503.4424071428568,545.5384,340.29999999999995,501.6066666666666,-161.30666666666667,-0.32157998963331164,0.32157998963331164,1.0,129,False,WITHIN_THRESHOLD
2020-06-17 11:00:00,4136001,PeE6FRyGXUgsRhN,500.66,331.96,500.66,537.4842767026948,503.7239071428568,543.5385,331.96,500.66,-168.70000000000005,-0.33695521911077386,0.33695521911077386,1.0050898489883968,130,False,WITHIN_THRESHOLD
2020-06-17 11:00:00,4136001,Qf4GUc1pJu5T6c6,533.3333333333333,375.14666666666665,533.3333333333333,555.7541447932529,495.1242357142855,493.14197,375.14666666666665,533.3333333333333,-158.1866666666666,-0.2965999999999999,0.2965999999999999,1.0,91,False,WITHIN_THRESHOLD
2020-06-17 11:00:00,4136001,Quc1TzYxW2pYoWX,457.7933333333333,326.34000000000003,457.7933333333333,493.25005040087655,559.7274580586079,799.94946,326.34000000000003,457.7933333333333,-131.45333333333326,-0.2871455824316648,0.2871455824316648,1.0,108,False,WITHIN_THRESHOLD
2020-06-17 11:00:00,4136001,V94E5Ben1TlhnDV,513.9599999999999,344.64666666666665,513.9599999999999,543.8139310522541,505.9351642857138,512.56134,344.64666666666665,513.9599999999999,-169.31333333333328,-0.3294290087425739,0.3294290087425739,1.0842639735182622,98,False,WITHIN_THRESHOLD
2020-06-17 11:00:00,4136001,WcxssY2VbP4hApt,502.41333333333336,328.42,502.41333333333336,542.0856961710463,505.1950380952378,513.9893,328.42,502.41333333333336,-173.99333333333334,-0.34631511902550355,0.34631511902550355,0.8131277317394211,142,False,WITHIN_THRESHOLD
2020-06-17 11:00:00,4136001,mqwcsP2rE7J0TFp,510.34,357.38,510.34,537.4535109560638,503.7239071428568,543.5385,357.38,510.34,-152.95999999999998,-0.29972175412470115,0.29972175412470115,1.0188512076579566,137,False,WITHIN_THRESHOLD
2020-06-17 11:00:00,4136001,oZ35aAeoifZaQzV,536.1800000000001,362.71333333333325,536.1800000000001,560.6285145527993,496.4694976190474,514.14374,362.71333333333325,536.1800000000001,-173.4666666666668,-0.3235231949469708,0.3235231949469708,1.0,97,False,WITHIN_THRESHOLD
2020-06-17 11:00:00,4136001,oZZkBaNadn6DNKz,522.4066666666665,351.7933333333333,522.4066666666665,550.5045554475489,506.7537285714282,493.14197,351.7933333333333,522.4066666666665,-170.61333333333323,-0.3265910338050815,0.3265910338050815,1.1151183176572743,114,False,WITHIN_THRESHOLD
2020-06-17 11:00:00,4136001,q49J1IKaHRwDQnt,477.54,305.1428571428571,477.54,527.7712730235291,503.81073333333296,563.8673,305.1428571428571,477.54,-172.3971428571429,-0.3610108951232209,0.3610108951232209,0.8617696945001074,143,False,WITHIN_THRESHOLD
2020-06-17 11:00:00,4136001,rrq4fwE8jgrTyWY,453.85333333333335,289.82142857142856,453.85333333333335,507.3922728023472,550.738019047619,598.7418,289.82142857142856,453.85333333333335,-164.0319047619048,-0.3614205134446623,0.3614205134446623,1.0,135,False,WITHIN_THRESHOLD
2020-06-17 11:00:00,4136001,vOuJvMaM2sgwLmb,504.12666666666667,332.2800000000001,504.12666666666667,541.1942994042986,503.1011785714283,513.9893,332.2800000000001,504.12666666666667,-171.84666666666658,-0.3408799375818245,0.3408799375818245,0.7896224826398267,142,False,WITHIN_THRESHOLD
2020-06-17 11:00:00,4136001,xMbIugepa2P7lBB,491.44,324.95333333333326,491.44,532.0037487297313,503.449233333333,543.7152,324.95333333333326,491.44,-166.48666666666674,-0.33877312930707054,0.33877312930707054,0.9823653995011609,129,False,WITHIN_THRESHOLD
2020-06-17 11:00:00,4136001,xoJJ8DcxJEcupym,503.19333333333327,330.6266666666666,503.19333333333327,540.975759214497,503.6122642857139,513.9893,330.6266666666666,503.19333333333327,-172.56666666666666,-0.34294307025795256,0.34294307025795256,0.8195700732505016,143,False,WITHIN_THRESHOLD
2020-06-17 11:15:00,4136001,4UPUqMRk7TRMgml,366.83333333333326,664.4266666666665,366.83333333333326,515.6560525576037,404.0808190476188,464.31427,664.4266666666665,366.83333333333326,297.59333333333325,0.8112494320763288,0.8112494320763288,1.0,105,False,WITHIN_THRESHOLD
2020-06-17 11:15:00,4136001,81aHJ1q11NBPMrL,326.28666666666663,612.5933333333335,326.28666666666663,486.9737476779125,406.56741904761896,415.8472,612.5933333333335,326.28666666666663,286.30666666666684,0.8774697096622608,0.8774697096622608,0.7988725021368553,143,True,FLAGGED
2020-06-17 11:15:00,4136001,9kRcWv60rDACzjR,312.87333333333333,592.1466666666666,312.87333333333333,473.9504200345893,438.6578928571426,489.78357,592.1466666666666,312.87333333333333,279.2733333333333,0.8926082972875071,0.8926082972875071,0.8376117177500583,127,True,FLAGGED
2020-06-17 11:15:00,4136001,Et9kgGMDl729KT4,341.61333333333334,589.2333333333332,341.61333333333334,479.9676224992309,454.5587119047616,441.12595,589.2333333333332,341.61333333333334,247.6199999999999,0.7248546114515433,0.7248546114515433,1.0,105,False,WITHIN_THRESHOLD
2020-06-17 11:15:00,4136001,IQ2d7wF4YD8zU1Q,338.88,615.3142857142858,338.88,490.3967128392879,410.348638095238,416.31198,615.3142857142858,338.88,276.4342857142858,0.8157291245109944,0.8157291245109944,1.0,129,False,WITHIN_THRESHOLD
2020-06-17 11:15:00,4136001,LYwnQax7tkwH5Cb,289.0785714285714,559.4333333333333,289.0785714285714,452.4566665227469,464.1475071428569,606.29114,559.4333333333333,289.0785714285714,270.35476190476186,0.9352293411743386,0.9352293411743386,0.8540476989297716,143,True,FLAGGED
2020-06-17 11:15:00,4136001,LlT2YUhhzqhg5Sw,297.0928571428572,574.96,297.0928571428572,462.8847379445112,453.18077380952354,514.9705,574.96,297.0928571428572,277.8671428571428,0.9352871877479381,0.9352871877479381,0.8849165458231198,127,True,FLAGGED
2020-06-17 11:15:00,4136001,Mx2yZCDsyf6DPfv,360.68,657.7533333333333,360.68,510.7106058310267,404.0612999999997,449.6121,657.7533333333333,360.68,297.0733333333333,0.8236479242911537,0.8236479242911537,1.0,96,False,WITHIN_THRESHOLD
2020-06-17 11:15:00,4136001,NgDl19wMapZy17u,340.29999999999995,613.4714285714285,340.29999999999995,489.9057489626284,413.8629309523809,416.31198,613.4714285714285,340.29999999999995,273.1714285714286,0.8027370807270897,0.8027370807270897,1.0,129,False,WITHIN_THRESHOLD
2020-06-17 11:15:00,4136001,PeE6FRyGXUgsRhN,331.96,620.6866666666666,331.96,488.0576316008001,408.8622452380951,415.8472,620.6866666666666,331.96,288.72666666666663,0.8697634253122866,0.8697634253122866,1.0050898489883968,130,False,WITHIN_THRESHOLD
2020-06-17 11:15:00,4136001,Qf4GUc1pJu5T6c6,375.14666666666665,660.9733333333334,375.14666666666665,515.03255075429,404.13125238095216,449.6121,660.9733333333334,375.14666666666665,285.8266666666667,0.7619064543645153,0.7619064543645153,1.0,91,False,WITHIN_THRESHOLD
2020-06-17 11:15:00,4136001,Quc1TzYxW2pYoWX,326.34000000000003,545.8933333333333,326.34000000000003,453.9504183794373,478.7078761904761,602.19745,545.8933333333333,326.34000000000003,219.55333333333328,0.6727748156319583,0.6727748156319583,1.0,108,False,WITHIN_THRESHOLD
2020-06-17 11:15:00,4136001,V94E5Ben1TlhnDV,344.64666666666665,630.2666666666667,344.64666666666665,497.52745432125056,409.8295333333332,430.6102,630.2666666666667,344.64666666666665,285.62,0.8287328084801827,0.8287328084801827,1.0842639735182622,98,False,WITHIN_THRESHOLD
2020-06-17 11:15:00,4136001,WcxssY2VbP4hApt,328.42,617.2,328.42,489.8560539858499,404.3381999999999,430.6102,617.2,328.42,288.78000000000003,0.879300895195177,0.879300895195177,0.8131277317394211,142,True,FLAGGED
2020-06-17 11:15:00,4136001,mqwcsP2rE7J0TFp,357.38,616.1642857142857,357.38,496.73936955425177,400.4198047619047,416.31198,616.1642857142857,357.38,258.7842857142857,0.7241151875154898,0.7241151875154898,1.0188512076579566,137,False,WITHIN_THRESHOLD
2020-06-17 11:15:00,4136001,oZ35aAeoifZaQzV,362.71333333333325,661.4266666666667,362.71333333333325,516.3825564529941,400.7991666666665,464.31427,661.4266666666667,362.71333333333325,298.7133333333335,0.8235521164556038,0.8235521164556038,1.0,97,False,WITHIN_THRESHOLD
2020-06-17 11:15:00,4136001,oZZkBaNadn6DNKz,351.7933333333333,644.8733333333333,351.7933333333333,504.815688901585,409.4565666666665,449.6121,644.8733333333333,351.7933333333333,293.08000000000004,0.8331027686710002,0.8331027686710002,1.1151183176572743,114,False,WITHIN_THRESHOLD
2020-06-17 11:15:00,4136001,q49J1IKaHRwDQnt,305.1428571428571,585.1399999999999,305.1428571428571,470.62015571276686,438.430664285714,489.01144,585.1399999999999,305.1428571428571,279.99714285714276,0.9175936329588013,0.9175936329588013,0.8617696945001074,143,True,FLAGGED
2020-06-17 11:15:00,4136001,rrq4fwE8jgrTyWY,289.82142857142856,556.6933333333333,289.82142857142856,451.74806134242414,463.8230023809522,608.1965,556.6933333333333,289.82142857142856,266.8719047619047,0.9208149517354692,0.9208149517354692,1.0,135,False,WITHIN_THRESHOLD
2020-06-17 11:15:00,4136001,vOuJvMaM2sgwLmb,332.2800000000001,621.24,332.2800000000001,491.2549034111997,403.80016666666654,430.6102,621.24,332.2800000000001,288.9599999999999,0.8696280245576016,0.8696280245576016,0.7896224826398267,142,True,FLAGGED
2020-06-17 11:15:00,4136001,xMbIugepa2P7lBB,324.95333333333326,607.6571428571428,324.95333333333326,481.6560243374039,428.4455666666664,450.57208,607.6571428571428,324.95333333333326,282.7038095238096,0.8699827960644902,0.8699827960644902,0.9823653995011609,129,False,WITHIN_THRESHOLD
2020-06-17 11:15:00,4136001,xoJJ8DcxJEcupym,330.6266666666666,619.0666666666667,330.6266666666666,490.08292840300527,405.5668523809522,415.8472,619.0666666666667,330.6266666666666,288.4400000000001,0.8724039198290121,0.8724039198290121,0.8195700732505016,143,True,FLAGGED
2020-06-17 11:30:00,4136001,4UPUqMRk7TRMgml,664.4266666666665,828.1214285714286,664.4266666666665,455.1703302490293,495.0768809523812,540.5297,828.1214285714286,664.4266666666665,163.69476190476212,0.24636994587528419,0.24636994587528419,1.0,105,False,WITHIN_THRESHOLD
2020-06-17 11:30:00,4136001,81aHJ1q11NBPMrL,612.5933333333335,738.1733333333332,612.5933333333335,432.027159116614,481.60384523809495,694.07104,738.1733333333332,612.5933333333335,125.5799999999997,0.2049973337396201,0.2049973337396201,0.7988725021368553,143,False,WITHIN_THRESHOLD
2020-06-17 11:30:00,4136001,9kRcWv60rDACzjR,592.1466666666666,699.9466666666666,592.1466666666666,421.1571457237384,469.3120452380952,693.9908,699.9466666666666,592.1466666666666,107.79999999999995,0.18204949224291272,0.18204949224291272,0.8376117177500583,127,False,WITHIN_THRESHOLD
2020-06-17 11:30:00,4136001,Et9kgGMDl729KT4,589.2333333333332,748.2333333333331,589.2333333333332,433.2910582799864,474.2634214285716,753.1266,748.2333333333331,589.2333333333332,158.9999999999999,0.2698421677886518,0.2698421677886518,1.0,105,False,WITHIN_THRESHOLD
2020-06-17 11:30:00,4136001,IQ2d7wF4YD8zU1Q,615.3142857142858,722.6533333333333,615.3142857142858,441.1103815151124,496.1009547619048,745.7757,722.6533333333333,615.3142857142858,107.3390476190475,0.17444588905398692,0.17444588905398692,1.0,129,False,WITHIN_THRESHOLD
2020-06-17 11:30:00,4136001,LYwnQax7tkwH5Cb,559.4333333333333,644.9866666666667,559.4333333333333,402.5247082295562,459.963326190476,657.1605,644.9866666666667,559.4333333333333,85.5533333333334,0.1529285586605495,0.1529285586605495,0.8540476989297716,143,False,WITHIN_THRESHOLD
2020-06-17 11:30:00,4136001,LlT2YUhhzqhg5Sw,574.96,670.9533333333333,574.96,409.74937980221006,461.6502476190475,694.1439,670.9533333333333,574.96,95.99333333333323,0.16695654190436415,0.16695654190436415,0.8849165458231198,127,False,WITHIN_THRESHOLD
2020-06-17 11:30:00,4136001,Mx2yZCDsyf6DPfv,657.7533333333333,814.1142857142858,657.7533333333333,450.325582996836,486.0706595238096,540.8731,814.1142857142858,657.7533333333333,156.36095238095243,0.23771974151549075,0.23771974151549075,1.0,96,False,WITHIN_THRESHOLD
2020-06-17 11:30:00,4136001,NgDl19wMapZy17u,613.4714285714285,715.36,613.4714285714285,441.9981732190536,498.2986738095239,745.7757,715.36,613.4714285714285,101.88857142857148,0.1660852758307525,0.1660852758307525,1.0,129,False,WITHIN_THRESHOLD
2020-06-17 11:30:00,4136001,PeE6FRyGXUgsRhN,620.6866666666666,754.4785714285714,620.6866666666666,435.82371536649646,479.18814285714274,695.52454,754.4785714285714,620.6866666666666,133.7919047619048,0.21555466219440533,0.21555466219440533,1.0050898489883968,130,False,WITHIN_THRESHOLD
2020-06-17 11:30:00,4136001,Qf4GUc1pJu5T6c6,660.9733333333334,823.1357142857142,660.9733333333334,460.5336120142946,587.2643952380956,659.1527,823.1357142857142,660.9733333333334,162.1623809523809,0.24533876447720668,0.24533876447720668,1.0,91,False,WITHIN_THRESHOLD
2020-06-17 11:30:00,4136001,Quc1TzYxW2pYoWX,545.8933333333333,693.2666666666667,545.8933333333333,417.4556639806547,473.9039380952379,698.22253,693.2666666666667,545.8933333333333,147.37333333333333,0.2699672707732891,0.2699672707732891,1.0,108,False,WITHIN_THRESHOLD
2020-06-17 11:30:00,4136001,V94E5Ben1TlhnDV,630.2666666666667,777.3142857142855,630.2666666666667,445.38443453161017,505.1516738095237,541.31433,777.3142857142855,630.2666666666667,147.0476190476188,0.23331016349844322,0.23331016349844322,1.0842639735182622,98,False,WITHIN_THRESHOLD
2020-06-17 11:30:00,4136001,WcxssY2VbP4hApt,617.2,739.5466666666665,617.2,433.6802988624364,484.7628976190474,692.4699,739.5466666666665,617.2,122.34666666666647,0.19822855908403508,0.19822855908403508,0.8131277317394211,142,False,WITHIN_THRESHOLD
2020-06-17 11:30:00,4136001,mqwcsP2rE7J0TFp,616.1642857142857,715.2333333333331,616.1642857142857,454.0990620489549,506.737826190476,538.7134,715.2333333333331,616.1642857142857,99.06904761904741,0.1607834954345042,0.1607834954345042,1.0188512076579566,137,False,WITHIN_THRESHOLD
2020-06-17 11:30:00,4136001,oZ35aAeoifZaQzV,661.4266666666667,818.8142857142858,661.4266666666667,459.9137862407008,507.5058214285714,536.3041,818.8142857142858,661.4266666666667,157.38761904761907,0.23795172916264698,0.23795172916264698,1.0,97,False,WITHIN_THRESHOLD
2020-06-17 11:30:00,4136001,oZZkBaNadn6DNKz,644.8733333333333,791.1642857142857,644.8733333333333,451.14960159019967,500.1731119047617,542.41956,791.1642857142857,644.8733333333333,146.29095238095238,0.22685222790152956,0.22685222790152956,1.1151183176572743,114,False,WITHIN_THRESHOLD
2020-06-17 11:30:00,4136001,q49J1IKaHRwDQnt,585.1399999999999,693.0333333333334,585.1399999999999,415.4079101684785,470.8892642857143,701.30817,693.0333333333334,585.1399999999999,107.89333333333354,0.18438892116986288,0.18438892116986288,0.8617696945001074,143,False,WITHIN_THRESHOLD
2020-06-17 11:30:00,4136001,rrq4fwE8jgrTyWY,556.6933333333333,637.7866666666667,556.6933333333333,402.3012954064914,469.83915952380937,688.9443,637.7866666666667,556.6933333333333,81.09333333333348,0.1456696685188736,0.1456696685188736,1.0,135,False,WITHIN_THRESHOLD
2020-06-17 11:30:00,4136001,vOuJvMaM2sgwLmb,621.24,747.3133333333332,621.24,436.59731488945664,483.98136190476174,692.4446,747.3133333333332,621.24,126.07333333333315,0.20293820960230047,0.20293820960230047,0.7896224826398267,142,False,WITHIN_THRESHOLD
2020-06-17 11:30:00,4136001,xMbIugepa2P7lBB,607.6571428571428,712.64,607.6571428571428,430.4092588226137,468.1747238095237,693.9908,712.64,607.6571428571428,104.98285714285714,0.172766597705473,0.172766597705473,0.9823653995011609,129,False,WITHIN_THRESHOLD
2020-06-17 11:30:00,4136001,xoJJ8DcxJEcupym,619.0666666666667,758.4714285714285,619.0666666666667,435.7299444548514,480.350376190476,695.52454,758.4714285714285,619.0666666666667,139.4047619047618,0.22518537891141793,0.22518537891141793,0.8195700732505016,143,False,WITHIN_THRESHOLD
2020-06-17 11:45:00,4136001,4UPUqMRk7TRMgml,828.1214285714286,573.7466666666668,828.1214285714286,618.4462182633622,529.6372500000001,555.3403,573.7466666666668,828.1214285714286,-254.37476190476184,-0.30717084853555515,0.30717084853555515,1.0,105,False,WITHIN_THRESHOLD
2020-06-17 11:45:00,4136001,81aHJ1q11NBPMrL,738.1733333333332,515.2642857142857,738.1733333333332,610.8095825486678,548.7143952380953,645.1678,515.2642857142857,738.1733333333332,-222.90904761904744,-0.3019738556694645,0.3019738556694645,0.7988725021368553,143,False,WITHIN_THRESHOLD
2020-06-17 11:45:00,4136001,9kRcWv60rDACzjR,699.9466666666666,478.6214285714286,699.9466666666666,593.9903765431329,546.0710833333336,645.6153,478.6214285714286,699.9466666666666,-221.32523809523798,-0.31620300322201406,0.31620300322201406,0.8376117177500583,127,False,WITHIN_THRESHOLD
2020-06-17 11:45:00,4136001,Et9kgGMDl729KT4,748.2333333333331,545.34,748.2333333333331,565.2079217688693,503.43576904761886,608.3188,545.34,748.2333333333331,-202.8933333333331,-0.27116318438989595,0.27116318438989595,1.0,105,False,WITHIN_THRESHOLD
2020-06-17 11:45:00,4136001,IQ2d7wF4YD8zU1Q,722.6533333333333,480.8733333333333,722.6533333333333,611.2293369091019,547.9626880952383,644.57196,480.8733333333333,722.6533333333333,-241.78000000000003,-0.3345725935902877,0.3345725935902877,1.0,129,False,WITHIN_THRESHOLD
2020-06-17 11:45:00,4136001,LYwnQax7tkwH5Cb,644.9866666666667,432.68666666666667,644.9866666666667,569.3327292711274,541.1909214285716,660.26514,432.68666666666667,644.9866666666667,-212.3,-0.3291540910406417,0.3291540910406417,0.8540476989297716,143,False,WITHIN_THRESHOLD
2020-06-17 11:45:00,4136001,LlT2YUhhzqhg5Sw,670.9533333333333,454.9266666666666,670.9533333333333,581.2130726234884,540.6772761904764,559.24963,454.9266666666666,670.9533333333333,-216.02666666666664,-0.3219697346064803,0.3219697346064803,0.8849165458231198,127,False,WITHIN_THRESHOLD
2020-06-17 11:45:00,4136001,Mx2yZCDsyf6DPfv,814.1142857142858,572.9866666666666,814.1142857142858,627.2104638942219,538.517961904762,617.1054,572.9866666666666,814.1142857142858,-241.1276190476192,-0.2961839919515221,0.2961839919515221,1.0,96,False,WITHIN_THRESHOLD
2020-06-17 11:45:00,4136001,NgDl19wMapZy17u,715.36,475.04666666666657,715.36,610.6762659379287,553.3174523809525,645.2878,475.04666666666657,715.36,-240.31333333333345,-0.33593342279877747,0.33593342279877747,1.0,129,False,WITHIN_THRESHOLD
2020-06-17 11:45:00,4136001,PeE6FRyGXUgsRhN,754.4785714285714,538.0133333333333,754.4785714285714,616.8721951417917,550.3271190476192,645.2878,538.0133333333333,754.4785714285714,-216.46523809523808,-0.28690707237101626,0.28690707237101626,1.0050898489883968,130,False,WITHIN_THRESHOLD
2020-06-17 11:45:00,4136001,Qf4GUc1pJu5T6c6,823.1357142857142,571.9066666666669,823.1357142857142,616.7430775387279,529.495619047619,608.26984,571.9066666666669,823.1357142857142,-251.22904761904738,-0.3052097524854141,0.3052097524854141,1.0,91,False,WITHIN_THRESHOLD
2020-06-17 11:45:00,4136001,Quc1TzYxW2pYoWX,693.2666666666667,513.9066666666668,693.2666666666667,534.8219367768263,509.5704095238096,552.28204,513.9066666666668,693.2666666666667,-179.3599999999999,-0.2587171843446484,0.2587171843446484,1.0,108,False,WITHIN_THRESHOLD
2020-06-17 11:45:00,4136001,V94E5Ben1TlhnDV,777.3142857142855,560.2199999999999,777.3142857142855,623.8923119649544,552.218292857143,647.1631,560.2199999999999,777.3142857142855,-217.09428571428555,-0.2792876571344555,0.2792876571344555,1.0842639735182622,98,False,WITHIN_THRESHOLD
2020-06-17 11:45:00,4136001,WcxssY2VbP4hApt,739.5466666666665,508.45,739.5466666666665,613.5706978811445,551.5059095238098,651.1619,508.45,739.5466666666665,-231.09666666666652,-0.31248422457000674,0.31248422457000674,0.8131277317394211,142,False,WITHIN_THRESHOLD
2020-06-17 11:45:00,4136001,mqwcsP2rE7J0TFp,715.2333333333331,477.7533333333333,715.2333333333331,612.1569895054051,550.0956309523812,640.08856,477.7533333333333,715.2333333333331,-237.47999999999985,-0.33203150487020544,0.33203150487020544,1.0188512076579566,137,False,WITHIN_THRESHOLD
2020-06-17 11:45:00,4136001,oZ35aAeoifZaQzV,818.8142857142858,580.7933333333333,818.8142857142858,634.8656713141525,538.2198833333332,581.2447,580.7933333333333,818.8142857142858,-238.0209523809525,-0.2906897895330648,0.2906897895330648,1.0,97,False,WITHIN_THRESHOLD
2020-06-17 11:45:00,4136001,oZZkBaNadn6DNKz,791.1642857142857,570.14,791.1642857142857,635.229807522102,553.5334666666668,647.4886,570.14,791.1642857142857,-221.02428571428572,-0.2793658532181324,0.2793658532181324,1.1151183176572743,114,False,WITHIN_THRESHOLD
2020-06-17 11:45:00,4136001,q49J1IKaHRwDQnt,693.0333333333334,470.9733333333334,693.0333333333334,588.7772306137895,544.0221619047621,619.24133,470.9733333333334,693.0333333333334,-222.06,-0.32041748833629935,0.32041748833629935,0.8617696945001074,143,False,WITHIN_THRESHOLD
2020-06-17 11:45:00,4136001,rrq4fwE8jgrTyWY,637.7866666666667,424.2,637.7866666666667,567.2483796046498,541.1282952380955,660.76624,424.2,637.7866666666667,-213.58666666666676,-0.3348873186436427,0.3348873186436427,1.0,135,False,WITHIN_THRESHOLD
2020-06-17 11:45:00,4136001,vOuJvMaM2sgwLmb,747.3133333333332,523.6857142857143,747.3133333333332,617.0100979969368,549.2820523809526,647.1631,523.6857142857143,747.3133333333332,-223.62761904761885,-0.29924211046810206,0.29924211046810206,0.7896224826398267,142,False,WITHIN_THRESHOLD
2020-06-17 11:45:00,4136001,xMbIugepa2P7lBB,712.64,477.92,712.64,605.0881933845005,549.6760666666669,659.6017,477.92,712.64,-234.71999999999997,-0.3293668612483161,0.3293668612483161,0.9823653995011609,129,False,WITHIN_THRESHOLD
2020-06-17 11:45:00,4136001,xoJJ8DcxJEcupym,758.4714285714285,536.0266666666668,758.4714285714285,615.5367025205003,551.292042857143,646.1774,536.0266666666668,758.4714285714285,-222.44476190476178,-0.2932803445526402,0.2932803445526402,0.8195700732505016,143,False,WITHIN_THRESHOLD
2020-06-17 12:00:00,4136001,4UPUqMRk7TRMgml,573.7466666666668,822.5466666666667,573.7466666666668,695.3602033959166,887.2906952380959,767.64813,822.5466666666667,573.7466666666668,248.79999999999995,0.4336408635634773,0.4336408635634773,1.0,105,False,WITHIN_THRESHOLD
2020-06-17 12:00:00,4136001,81aHJ1q11NBPMrL,515.2642857142857,794.3666666666666,515.2642857142857,655.8770207236362,895.9430500000007,772.34265,794.3666666666666,515.2642857142857,279.1023809523808,0.5416683994806176,0.5416683994806176,0.7988725021368553,143,False,WITHIN_THRESHOLD
2020-06-17 12:00:00,4136001,9kRcWv60rDACzjR,478.6214285714286,762.1333333333333,478.6214285714286,627.1959708648155,896.0623309523816,832.6128,762.1333333333333,478.6214285714286,283.5119047619047,0.5923510479004679,0.5923510479004679,0.8376117177500583,127,False,WITHIN_THRESHOLD
2020-06-17 12:00:00,4136001,Et9kgGMDl729KT4,545.34,761.692857142857,545.34,637.741741088884,887.352235714286,741.9423,761.692857142857,545.34,216.35285714285692,0.3967302181077069,0.3967302181077069,1.0,105,False,WITHIN_THRESHOLD
2020-06-17 12:00:00,4136001,IQ2d7wF4YD8zU1Q,480.8733333333333,755.7466666666666,480.8733333333333,647.0382549266901,895.0476857142862,838.2477,755.7466666666666,480.8733333333333,274.8733333333333,0.5716127601170092,0.5716127601170092,1.0,129,False,WITHIN_THRESHOLD
2020-06-17 12:00:00,4136001,LYwnQax7tkwH5Cb,432.68666666666667,727.4928571428572,432.68666666666667,587.7177585262514,891.7209666666673,826.636,727.4928571428572,432.68666666666667,294.8061904761906,0.681338745072317,0.681338745072317,0.8540476989297716,143,False,WITHIN_THRESHOLD
2020-06-17 12:00:00,4136001,LlT2YUhhzqhg5Sw,454.9266666666666,759.8214285714287,454.9266666666666,605.7711106763434,894.8991380952388,839.4193,759.8214285714287,454.9266666666666,304.89476190476205,0.6702063964260073,0.6702063964260073,0.8849165458231198,127,False,WITHIN_THRESHOLD
2020-06-17 12:00:00,4136001,Mx2yZCDsyf6DPfv,572.9866666666666,820.6466666666665,572.9866666666666,713.7428192415582,900.3832619047627,793.9508,820.6466666666665,572.9866666666666,247.65999999999997,0.4322264625122167,0.4322264625122167,1.0,96,False,WITHIN_THRESHOLD
2020-06-17 12:00:00,4136001,NgDl19wMapZy17u,475.04666666666657,746.9866666666669,475.04666666666657,641.8707782845665,895.0476857142862,838.2477,746.9866666666669,475.04666666666657,271.94000000000034,0.5724490225521711,0.5724490225521711,1.0,129,False,WITHIN_THRESHOLD
2020-06-17 12:00:00,4136001,PeE6FRyGXUgsRhN,538.0133333333333,797.7266666666666,538.0133333333333,668.4773098882599,896.7235809523816,778.81494,797.7266666666666,538.0133333333333,259.71333333333325,0.48272657431042587,0.48272657431042587,1.0050898489883968,130,False,WITHIN_THRESHOLD
2020-06-17 12:00:00,4136001,Qf4GUc1pJu5T6c6,571.9066666666669,808.1266666666666,571.9066666666669,692.302191555277,887.2906952380959,767.64813,808.1266666666666,571.9066666666669,236.2199999999997,0.4130394236821852,0.4130394236821852,1.0,91,False,WITHIN_THRESHOLD
2020-06-17 12:00:00,4136001,Quc1TzYxW2pYoWX,513.9066666666668,704.6285714285715,513.9066666666668,621.4105628037075,898.9187214285722,828.5262,704.6285714285715,513.9066666666668,190.72190476190474,0.3711216785705019,0.3711216785705019,1.0,108,False,WITHIN_THRESHOLD
2020-06-17 12:00:00,4136001,V94E5Ben1TlhnDV,560.2199999999999,816.4266666666665,560.2199999999999,684.5454988000572,895.9006547619053,784.23047,816.4266666666665,560.2199999999999,256.2066666666666,0.45733223852534116,0.45733223852534116,1.0842639735182622,98,False,WITHIN_THRESHOLD
2020-06-17 12:00:00,4136001,WcxssY2VbP4hApt,508.45,791.16,508.45,657.4885870820467,897.6446976190484,772.34265,791.16,508.45,282.71,0.5560232077883764,0.5560232077883764,0.8131277317394211,142,False,WITHIN_THRESHOLD
2020-06-17 12:00:00,4136001,mqwcsP2rE7J0TFp,477.7533333333333,738.8266666666667,477.7533333333333,642.2269782589833,895.2643000000004,840.3495,738.8266666666667,477.7533333333333,261.07333333333344,0.5464605165845697,0.5464605165845697,1.0188512076579566,137,False,WITHIN_THRESHOLD
2020-06-17 12:00:00,4136001,oZ35aAeoifZaQzV,580.7933333333333,829.2933333333333,580.7933333333333,717.1386489855661,900.4072619047627,793.9508,829.2933333333333,580.7933333333333,248.5,0.4278630379136584,0.4278630379136584,1.0,97,False,WITHIN_THRESHOLD
2020-06-17 12:00:00,4136001,oZZkBaNadn6DNKz,570.14,824.5733333333332,570.14,696.0490633997897,897.2600166666672,788.9351,824.5733333333332,570.14,254.43333333333317,0.44626466014195315,0.44626466014195315,1.1151183176572743,114,False,WITHIN_THRESHOLD
2020-06-17 12:00:00,4136001,q49J1IKaHRwDQnt,470.9733333333334,766.55,470.9733333333334,622.674527961156,896.4480976190483,832.6128,766.55,470.9733333333334,295.57666666666654,0.6275868414347588,0.6275868414347588,0.8617696945001074,143,False,WITHIN_THRESHOLD
2020-06-17 12:00:00,4136001,rrq4fwE8jgrTyWY,424.2,715.0785714285713,424.2,583.1034552979116,890.1098166666671,830.14166,715.0785714285713,424.2,290.8785714285713,0.6857109180305784,0.6857109180305784,1.0,135,False,WITHIN_THRESHOLD
2020-06-17 12:00:00,4136001,vOuJvMaM2sgwLmb,523.6857142857143,801.6333333333331,523.6857142857143,662.9817590971486,896.0682809523814,778.81494,801.6333333333331,523.6857142857143,277.9476190476188,0.5307527233709781,0.5307527233709781,0.7896224826398267,142,False,WITHIN_THRESHOLD
2020-06-17 12:00:00,4136001,xMbIugepa2P7lBB,477.92,766.6933333333335,477.92,638.9212424035006,894.909752380953,849.0401,766.6933333333335,477.92,288.7733333333335,0.6042294386787191,0.6042294386787191,0.9823653995011609,129,False,WITHIN_THRESHOLD
2020-06-17 12:00:00,4136001,xoJJ8DcxJEcupym,536.0266666666668,810.7666666666665,536.0266666666668,670.556771660597,896.0682809523814,778.81494,810.7666666666665,536.0266666666668,274.7399999999998,0.5125491269091085,0.5125491269091085,0.8195700732505016,143,False,WITHIN_THRESHOLD
2020-06-17 12:15:00,4136001,4UPUqMRk7TRMgml,822.5466666666667,748.7266666666667,822.5466666666667,612.303384635067,663.3919952380952,516.71674,748.7266666666667,822.5466666666667,-73.82000000000005,-0.0897456679256294,0.0897456679256294,1.0,105,False,WITHIN_THRESHOLD
2020-06-17 12:15:00,4136001,81aHJ1q11NBPMrL,794.3666666666666,717.7266666666666,794.3666666666666,572.469087291088,633.7591619047618,477.35245,717.7266666666666,794.3666666666666,-76.63999999999999,-0.09647937560320591,0.09647937560320591,0.7988725021368553,143,False,WITHIN_THRESHOLD
2020-06-17 12:15:00,4136001,9kRcWv60rDACzjR,762.1333333333333,698.5466666666665,762.1333333333333,544.2163267831554,603.9886785714285,519.5761,698.5466666666665,762.1333333333333,-63.586666666666815,-0.08343247025892252,0.08343247025892252,0.8376117177500583,127,False,WITHIN_THRESHOLD
2020-06-17 12:15:00,4136001,Et9kgGMDl729KT4,761.692857142857,680.6333333333333,761.692857142857,590.0802980977701,646.5737714285711,501.23914,680.6333333333333,761.692857142857,-81.05952380952363,-0.1064202231245563,0.1064202231245563,1.0,105,False,WITHIN_THRESHOLD
2020-06-17 12:15:00,4136001,IQ2d7wF4YD8zU1Q,755.7466666666666,707.8866666666668,755.7466666666666,548.0840333864506,605.7273309523812,522.9921,707.8866666666668,755.7466666666666,-47.859999999999786,-0.063328099363102,0.063328099363102,1.0,129,False,WITHIN_THRESHOLD
2020-06-17 12:15:00,4136001,LYwnQax7tkwH5Cb,727.4928571428572,659.4200000000001,727.4928571428572,508.7230072134861,583.1527190476189,539.8247,659.4200000000001,727.4928571428572,-68.07285714285717,-0.09357185637561491,0.09357185637561491,0.8540476989297716,143,False,WITHIN_THRESHOLD
2020-06-17 12:15:00,4136001,LlT2YUhhzqhg5Sw,759.8214285714287,686.7666666666667,759.8214285714287,525.6198657550519,607.4169642857142,534.14886,686.7666666666667,759.8214285714287,-73.05476190476202,-0.09614727771249525,0.09614727771249525,0.8849165458231198,127,False,WITHIN_THRESHOLD
2020-06-17 12:15:00,4136001,Mx2yZCDsyf6DPfv,820.6466666666665,746.12,820.6466666666665,618.4322536259522,679.984330952381,526.35394,746.12,820.6466666666665,-74.52666666666653,-0.09081456087475716,0.09081456087475716,1.0,96,False,WITHIN_THRESHOLD
2020-06-17 12:15:00,4136001,NgDl19wMapZy17u,746.9866666666669,704.7266666666667,746.9866666666669,543.6869355407803,598.6590642857146,522.89355,704.7266666666667,746.9866666666669,-42.26000000000022,-0.05657396829930057,0.05657396829930057,1.0,129,False,WITHIN_THRESHOLD
2020-06-17 12:15:00,4136001,PeE6FRyGXUgsRhN,797.7266666666666,713.3266666666667,797.7266666666666,589.9391086075541,670.088145238095,506.5634,713.3266666666667,797.7266666666666,-84.39999999999986,-0.10580065018093066,0.10580065018093066,1.0050898489883968,130,False,WITHIN_THRESHOLD
2020-06-17 12:15:00,4136001,Qf4GUc1pJu5T6c6,808.1266666666666,740.2533333333333,808.1266666666666,611.3134970712172,659.2221952380952,525.3131,740.2533333333333,808.1266666666666,-67.87333333333322,-0.08398848365355253,0.08398848365355253,1.0,91,False,WITHIN_THRESHOLD
2020-06-17 12:15:00,4136001,Quc1TzYxW2pYoWX,704.6285714285715,627.1466666666666,704.6285714285715,571.3204360502817,626.4624142857144,469.71603,627.1466666666666,704.6285714285715,-77.48190476190484,-0.10996134403806136,0.10996134403806136,1.0,108,False,WITHIN_THRESHOLD
2020-06-17 12:15:00,4136001,V94E5Ben1TlhnDV,816.4266666666665,723.3800000000001,816.4266666666665,607.1030420238123,676.1208857142857,510.59967,723.3800000000001,816.4266666666665,-93.0466666666664,-0.11396818656911388,0.11396818656911388,1.0842639735182622,98,False,WITHIN_THRESHOLD
2020-06-17 12:15:00,4136001,WcxssY2VbP4hApt,791.16,724.46,791.16,567.4077362232648,626.1637952380953,477.35245,724.46,791.16,-66.69999999999993,-0.08430658779513617,0.08430658779513617,0.8131277317394211,142,False,WITHIN_THRESHOLD
2020-06-17 12:15:00,4136001,mqwcsP2rE7J0TFp,738.8266666666667,699.3400000000001,738.8266666666667,546.4751370165004,603.2019380952385,523.6955,699.3400000000001,738.8266666666667,-39.486666666666565,-0.0534451021439398,0.0534451021439398,1.0188512076579566,137,False,WITHIN_THRESHOLD
2020-06-17 12:15:00,4136001,oZ35aAeoifZaQzV,829.2933333333333,749.5333333333333,829.2933333333333,624.1992556907203,684.0840690476191,555.22565,749.5333333333333,829.2933333333333,-79.75999999999999,-0.09617827226393555,0.09617827226393555,1.0,97,False,WITHIN_THRESHOLD
2020-06-17 12:15:00,4136001,oZZkBaNadn6DNKz,824.5733333333332,736.3133333333332,824.5733333333332,614.9169550933123,674.4971357142857,514.5241,736.3133333333332,824.5733333333332,-88.25999999999999,-0.10703717478130105,0.10703717478130105,1.1151183176572743,114,False,WITHIN_THRESHOLD
2020-06-17 12:15:00,4136001,q49J1IKaHRwDQnt,766.55,695.7666666666667,766.55,538.0895727334898,590.2935523809524,504.0961,695.7666666666667,766.55,-70.7833333333333,-0.09234013871676121,0.09234013871676121,0.8617696945001074,143,False,WITHIN_THRESHOLD
2020-06-17 12:15:00,4136001,rrq4fwE8jgrTyWY,715.0785714285713,656.04,715.0785714285713,502.58605319517295,582.9324095238094,413.63242,656.04,715.0785714285713,-59.038571428571345,-0.08256235578507846,0.08256235578507846,1.0,135,False,WITHIN_THRESHOLD
2020-06-17 12:15:00,4136001,vOuJvMaM2sgwLmb,801.6333333333331,722.8066666666666,801.6333333333331,579.1316905699505,661.3163785714285,506.5634,722.8066666666666,801.6333333333331,-78.82666666666648,-0.09833257100087302,0.09833257100087302,0.7896224826398267,142,False,WITHIN_THRESHOLD
2020-06-17 12:15:00,4136001,xMbIugepa2P7lBB,766.6933333333335,703.5799999999999,766.6933333333335,545.0076209828522,592.9306833333335,519.5761,703.5799999999999,766.6933333333335,-63.11333333333357,-0.08231887586518759,0.08231887586518759,0.9823653995011609,129,False,WITHIN_THRESHOLD
2020-06-17 12:15:00,4136001,xoJJ8DcxJEcupym,810.7666666666665,716.7466666666667,810.7666666666665,588.5766730952034,673.4157833333333,506.66196,716.7466666666667,810.7666666666665,-94.01999999999987,-0.11596431361262988,0.11596431361262988,0.8195700732505016,143,False,WITHIN_THRESHOLD
2020-06-17 12:30:00,4136001,4UPUqMRk7TRMgml,748.7266666666667,787.8785714285715,748.7266666666667,788.180325277229,571.7522952380951,769.46875,787.8785714285715,748.7266666666667,39.1519047619048,0.052291318721435685,0.052291318721435685,1.0,105,False,WITHIN_THRESHOLD
2020-06-17 12:30:00,4136001,81aHJ1q11NBPMrL,717.7266666666666,771.3266666666666,717.7266666666666,763.086409158291,589.5700047619047,774.5296,771.3266666666666,717.7266666666666,53.60000000000002,0.07468024038863452,0.07468024038863452,0.7988725021368553,143,False,WITHIN_THRESHOLD
2020-06-17 12:30:00,4136001,9kRcWv60rDACzjR,698.5466666666665,746.58,698.5466666666665,737.9355654162516,568.7524071428571,746.61084,746.58,698.5466666666665,48.03333333333353,0.06876181023458257,0.06876181023458257,0.8376117177500583,127,False,WITHIN_THRESHOLD
2020-06-17 12:30:00,4136001,Et9kgGMDl729KT4,680.6333333333333,713.1333333333332,680.6333333333333,738.5950606581382,587.8111261904759,777.9085,713.1333333333332,680.6333333333333,32.499999999999886,0.04774964493853747,0.04774964493853747,1.0,105,False,WITHIN_THRESHOLD
2020-06-17 12:30:00,4136001,IQ2d7wF4YD8zU1Q,707.8866666666668,746.8928571428571,707.8866666666668,734.8516480682194,584.1490309523809,789.2545,746.8928571428571,707.8866666666668,39.00619047619034,0.0551023098935663,0.0551023098935663,1.0,129,False,WITHIN_THRESHOLD
2020-06-17 12:30:00,4136001,LYwnQax7tkwH5Cb,659.4200000000001,700.7333333333332,659.4200000000001,710.1825885284736,584.8448261904763,637.38257,700.7333333333332,659.4200000000001,41.31333333333316,0.06265101654989712,0.06265101654989712,0.8540476989297716,143,False,WITHIN_THRESHOLD
2020-06-17 12:30:00,4136001,LlT2YUhhzqhg5Sw,686.7666666666667,733.7133333333333,686.7666666666667,734.99153450619,575.4070333333332,646.0628,733.7133333333333,686.7666666666667,46.9466666666666,0.06835897684803174,0.06835897684803174,0.8849165458231198,127,False,WITHIN_THRESHOLD
2020-06-17 12:30:00,4136001,Mx2yZCDsyf6DPfv,746.12,786.6785714285716,746.12,786.2027311738609,572.7946166666666,774.8872,786.6785714285716,746.12,40.558571428571554,0.05435931408965254,0.05435931408965254,1.0,96,False,WITHIN_THRESHOLD
2020-06-17 12:30:00,4136001,NgDl19wMapZy17u,704.7266666666667,743.7142857142854,704.7266666666667,728.0496598688953,581.0056595238095,789.2545,743.7142857142854,704.7266666666667,38.98761904761875,0.05532303642209095,0.05532303642209095,1.0,129,False,WITHIN_THRESHOLD
2020-06-17 12:30:00,4136001,PeE6FRyGXUgsRhN,713.3266666666667,762.0999999999998,713.3266666666667,766.01272452123,587.1555595238094,774.5296,762.0999999999998,713.3266666666667,48.773333333333085,0.06837447078944628,0.06837447078944628,1.0050898489883968,130,False,WITHIN_THRESHOLD
2020-06-17 12:30:00,4136001,Qf4GUc1pJu5T6c6,740.2533333333333,774.5571428571427,740.2533333333333,777.7089501095393,572.392795238095,774.8872,774.5571428571427,740.2533333333333,34.30380952380938,0.04634063499496935,0.04634063499496935,1.0,91,False,WITHIN_THRESHOLD
2020-06-17 12:30:00,4136001,Quc1TzYxW2pYoWX,627.1466666666666,653.6733333333333,627.1466666666666,694.3946950175559,585.8271380952378,625.8454,653.6733333333333,627.1466666666666,26.526666666666642,0.04229738923377835,0.04229738923377835,1.0,108,False,WITHIN_THRESHOLD
2020-06-17 12:30:00,4136001,V94E5Ben1TlhnDV,723.3800000000001,779.8600000000001,723.3800000000001,780.1944374074703,578.4760142857141,774.8872,779.8600000000001,723.3800000000001,56.48000000000002,0.07807791202410906,0.07807791202410906,1.0842639735182622,98,False,WITHIN_THRESHOLD
2020-06-17 12:30:00,4136001,WcxssY2VbP4hApt,724.46,772.4266666666665,724.46,760.9579687286177,588.1065476190477,774.5296,772.4266666666665,724.46,47.96666666666647,0.06621023474956032,0.06621023474956032,0.8131277317394211,142,False,WITHIN_THRESHOLD
2020-06-17 12:30:00,4136001,mqwcsP2rE7J0TFp,699.3400000000001,736.4,699.3400000000001,722.0283750489996,583.2204595238095,789.0339,736.4,699.3400000000001,37.05999999999983,0.05299282180341439,0.05299282180341439,1.0188512076579566,137,False,WITHIN_THRESHOLD
2020-06-17 12:30:00,4136001,oZ35aAeoifZaQzV,749.5333333333333,791.6857142857142,749.5333333333333,792.5859131930017,574.0626285714284,769.46875,791.6857142857142,749.5333333333333,42.152380952380895,0.05623816724056866,0.05623816724056866,1.0,97,False,WITHIN_THRESHOLD
2020-06-17 12:30:00,4136001,oZZkBaNadn6DNKz,736.3133333333332,786.7133333333331,736.3133333333332,786.9867657593334,581.1717976190474,774.8872,786.7133333333331,736.3133333333332,50.39999999999998,0.06844912039258648,0.06844912039258648,1.1151183176572743,114,False,WITHIN_THRESHOLD
2020-06-17 12:30:00,4136001,q49J1IKaHRwDQnt,695.7666666666667,739.3466666666666,695.7666666666667,740.5683576741519,569.0400619047618,745.0975,739.3466666666666,695.7666666666667,43.57999999999993,0.06263594116801599,0.06263594116801599,0.8617696945001074,143,False,WITHIN_THRESHOLD
2020-06-17 12:30:00,4136001,rrq4fwE8jgrTyWY,656.04,694.6933333333333,656.04,700.6906862225737,587.9525547619047,637.38257,694.6933333333333,656.04,38.65333333333331,0.058919171595227894,0.058919171595227894,1.0,135,False,WITHIN_THRESHOLD
2020-06-17 12:30:00,4136001,vOuJvMaM2sgwLmb,722.8066666666666,772.5066666666665,722.8066666666666,768.9158574711605,590.8407380952381,774.5296,772.5066666666665,722.8066666666666,49.69999999999993,0.06875974211637959,0.06875974211637959,0.7896224826398267,142,False,WITHIN_THRESHOLD
2020-06-17 12:30:00,4136001,xMbIugepa2P7lBB,703.5799999999999,744.2071428571429,703.5799999999999,742.3247906712015,567.4025285714284,772.3886,744.2071428571429,703.5799999999999,40.627142857142985,0.05774345896293668,0.05774345896293668,0.9823653995011609,129,False,WITHIN_THRESHOLD
2020-06-17 12:30:00,4136001,xoJJ8DcxJEcupym,716.7466666666667,775.3933333333333,716.7466666666667,775.4777939794853,581.5526023809522,776.60614,775.3933333333333,716.7466666666667,58.64666666666665,0.08182342436193166,0.08182342436193166,0.8195700732505016,143,False,WITHIN_THRESHOLD
2020-06-17 12:45:00,4136001,4UPUqMRk7TRMgml,787.8785714285715,780.4733333333331,787.8785714285715,742.2539358522288,676.5900642857143,745.31445,780.4733333333331,787.8785714285715,-7.40523809523836,-0.00939895862608787,0.00939895862608787,1.0,105,False,WITHIN_THRESHOLD
2020-06-17 12:45:00,4136001,81aHJ1q11NBPMrL,771.3266666666666,763.4733333333331,771.3266666666666,716.5792588718243,698.8009404761905,749.5035,763.4733333333331,771.3266666666666,-7.853333333333467,-0.010181591889299131,0.010181591889299131,0.7988725021368553,143,False,WITHIN_THRESHOLD
2020-06-17 12:45:00,4136001,9kRcWv60rDACzjR,746.58,737.4933333333332,746.58,700.7991076438689,689.8404380952379,746.5224,737.4933333333332,746.58,-9.086666666666815,-0.012171055568950167,0.012171055568950167,0.8376117177500583,127,False,WITHIN_THRESHOLD
2020-06-17 12:45:00,4136001,Et9kgGMDl729KT4,713.1333333333332,707.2600000000001,713.1333333333332,688.4502908273435,678.1849809523809,729.45087,707.2600000000001,713.1333333333332,-5.8733333333331075,-0.008235954005795703,0.008235954005795703,1.0,105,False,WITHIN_THRESHOLD
2020-06-17 12:45:00,4136001,IQ2d7wF4YD8zU1Q,746.8928571428571,734.7000000000002,746.8928571428571,708.8284063566787,685.7362166666666,747.374,734.7000000000002,746.8928571428571,-12.192857142856951,-0.016324774063979086,0.016324774063979086,1.0,129,False,WITHIN_THRESHOLD
2020-06-17 12:45:00,4136001,LYwnQax7tkwH5Cb,700.7333333333332,691.64,700.7333333333332,670.2738735436249,673.3333452380954,621.22687,691.64,700.7333333333332,-9.093333333333248,-0.012976881362382148,0.012976881362382148,0.8540476989297716,143,False,WITHIN_THRESHOLD
2020-06-17 12:45:00,4136001,LlT2YUhhzqhg5Sw,733.7133333333333,725.8,733.7133333333333,691.6505089993282,693.7970071428572,744.6441,725.8,733.7133333333333,-7.9133333333332985,-0.010785320334008695,0.010785320334008695,0.8849165458231198,127,False,WITHIN_THRESHOLD
2020-06-17 12:45:00,4136001,Mx2yZCDsyf6DPfv,786.6785714285716,779.46,786.6785714285716,739.896132065161,670.0784214285715,745.31445,779.46,786.6785714285716,-7.218571428571522,-0.009176011258909638,0.009176011258909638,1.0,96,False,WITHIN_THRESHOLD
2020-06-17 12:45:00,4136001,NgDl19wMapZy17u,743.7142857142854,731.5533333333332,743.7142857142854,706.0213982265302,688.924319047619,749.09296,731.5533333333332,743.7142857142854,-12.160952380952267,-0.016351645537200518,0.016351645537200518,1.0,129,False,WITHIN_THRESHOLD
2020-06-17 12:45:00,4136001,PeE6FRyGXUgsRhN,762.0999999999998,755.8571428571429,762.0999999999998,714.0152801805918,692.3664214285714,752.43134,755.8571428571429,762.0999999999998,-6.242857142856906,-0.008191650889459267,0.008191650889459267,1.0050898489883968,130,False,WITHIN_THRESHOLD
2020-06-17 12:45:00,4136001,Qf4GUc1pJu5T6c6,774.5571428571427,766.3333333333335,774.5571428571427,735.99333602659,675.0933738095239,747.657,766.3333333333335,774.5571428571427,-8.223809523809223,-0.010617434232771642,0.010617434232771642,1.0,91,False,WITHIN_THRESHOLD
2020-06-17 12:45:00,4136001,Quc1TzYxW2pYoWX,653.6733333333333,648.94,653.6733333333333,646.2491132374362,663.4649214285714,726.90405,648.94,653.6733333333333,-4.733333333333235,-0.00724112961621998,0.00724112961621998,1.0,108,False,WITHIN_THRESHOLD
2020-06-17 12:45:00,4136001,V94E5Ben1TlhnDV,779.8600000000001,770.6857142857142,779.8600000000001,721.9280409564658,683.8732309523808,751.3795,770.6857142857142,779.8600000000001,-9.17428571428593,-0.011764016252001549,0.011764016252001549,1.0842639735182622,98,False,WITHIN_THRESHOLD
2020-06-17 12:45:00,4136001,WcxssY2VbP4hApt,772.4266666666665,762.74,772.4266666666665,721.5327700280645,693.164588095238,749.0024,762.74,772.4266666666665,-9.686666666666497,-0.012540564800110256,0.012540564800110256,0.8131277317394211,142,False,WITHIN_THRESHOLD
2020-06-17 12:45:00,4136001,mqwcsP2rE7J0TFp,736.4,724.2666666666665,736.4,699.5952778508661,693.8810047619046,745.31195,724.2666666666665,736.4,-12.13333333333344,-0.016476552598225745,0.016476552598225745,1.0188512076579566,137,False,WITHIN_THRESHOLD
2020-06-17 12:45:00,4136001,oZ35aAeoifZaQzV,791.6857142857142,784.9266666666668,791.6857142857142,742.6285599171667,670.4708738095239,745.31445,784.9266666666668,791.6857142857142,-6.759047619047351,-0.008537538946431026,0.008537538946431026,1.0,97,False,WITHIN_THRESHOLD
2020-06-17 12:45:00,4136001,oZZkBaNadn6DNKz,786.7133333333331,777.3785714285711,786.7133333333331,732.2147793842582,677.7770523809523,739.8793,777.3785714285711,786.7133333333331,-9.33476190476199,-0.011865518873577828,0.011865518873577828,1.1151183176572743,114,False,WITHIN_THRESHOLD
2020-06-17 12:45:00,4136001,q49J1IKaHRwDQnt,739.3466666666666,729.6733333333333,739.3466666666666,699.1301834799103,694.5186357142858,746.0213,729.6733333333333,739.3466666666666,-9.67333333333329,-0.013083623379199596,0.013083623379199596,0.8617696945001074,143,False,WITHIN_THRESHOLD
2020-06-17 12:45:00,4136001,rrq4fwE8jgrTyWY,694.6933333333333,684.5533333333334,694.6933333333333,667.3469196717463,686.5909476190475,623.58777,684.5533333333334,694.6933333333333,-10.139999999999873,-0.014596368661471546,0.014596368661471546,1.0,135,False,WITHIN_THRESHOLD
2020-06-17 12:45:00,4136001,vOuJvMaM2sgwLmb,772.5066666666665,763.5,772.5066666666665,720.7870260361681,693.6078452380954,749.0024,763.5,772.5066666666665,-9.006666666666547,-0.011659014808933535,0.011659014808933535,0.7896224826398267,142,False,WITHIN_THRESHOLD
2020-06-17 12:45:00,4136001,xMbIugepa2P7lBB,744.2071428571429,732.86,744.2071428571429,705.4345687126015,693.576707142857,746.5298,732.86,744.2071428571429,-11.347142857142899,-0.015247290980813769,0.015247290980813769,0.9823653995011609,129,False,WITHIN_THRESHOLD
2020-06-17 12:45:00,4136001,xoJJ8DcxJEcupym,775.3933333333333,771.95,775.3933333333333,716.5844740164503,689.1120333333332,754.5463,771.95,775.3933333333333,-3.443333333333271,-0.004440756949161206,0.004440756949161206,0.8195700732505016,143,False,WITHIN_THRESHOLD
2020-06-17 13:00:00,4136001,4UPUqMRk7TRMgml,780.4733333333331,712.0599999999998,780.4733333333331,755.0954162807216,691.4774285714285,675.3608,712.0599999999998,780.4733333333331,-68.4133333333333,-0.08765620862553491,0.08765620862553491,1.0,105,False,WITHIN_THRESHOLD
2020-06-17 13:00:00,4136001,81aHJ1q11NBPMrL,763.4733333333331,693.0857142857143,763.4733333333331,742.2780069471742,691.7860404761904,705.87494,693.0857142857143,763.4733333333331,-70.38761904761884,-0.09219394571426053,0.09219394571426053,0.7988725021368553,143,False,WITHIN_THRESHOLD
2020-06-17 13:00:00,4136001,9kRcWv60rDACzjR,737.4933333333332,667.8000000000001,737.4933333333332,722.8584413862282,690.5094261904762,694.8411,667.8000000000001,737.4933333333332,-69.69333333333316,-0.09450028926815135,0.09450028926815135,0.8376117177500583,127,False,WITHIN_THRESHOLD
2020-06-17 13:00:00,4136001,Et9kgGMDl729KT4,707.2600000000001,656.8933333333334,707.2600000000001,696.1035713481465,718.6730857142855,700.168,656.8933333333334,707.2600000000001,-50.366666666666674,-0.0712137921933471,0.0712137921933471,1.0,105,False,WITHIN_THRESHOLD
2020-06-17 13:00:00,4136001,IQ2d7wF4YD8zU1Q,734.7000000000002,662.86,734.7000000000002,723.6879409296328,687.169292857143,692.747,662.86,734.7000000000002,-71.84000000000015,-0.09778140737716093,0.09778140737716093,1.0,129,False,WITHIN_THRESHOLD
2020-06-17 13:00:00,4136001,LYwnQax7tkwH5Cb,691.64,621.0333333333334,691.64,688.67791251223,687.5338071428573,661.6036,621.0333333333334,691.64,-70.60666666666657,-0.1020858635513657,0.1020858635513657,0.8540476989297716,143,False,WITHIN_THRESHOLD
2020-06-17 13:00:00,4136001,LlT2YUhhzqhg5Sw,725.8,651.0466666666667,725.8,714.1054651144234,691.1865000000001,675.5745,651.0466666666667,725.8,-74.75333333333322,-0.10299439698723233,0.10299439698723233,0.8849165458231198,127,False,WITHIN_THRESHOLD
2020-06-17 13:00:00,4136001,Mx2yZCDsyf6DPfv,779.46,714.1333333333332,779.46,754.0267240992825,693.2260142857142,675.4808,714.1333333333332,779.46,-65.32666666666682,-0.08381015917002389,0.08381015917002389,1.0,96,False,WITHIN_THRESHOLD
2020-06-17 13:00:00,4136001,NgDl19wMapZy17u,731.5533333333332,658.8866666666665,731.5533333333332,720.9183507247399,680.0959023809525,695.6932,658.8866666666665,731.5533333333332,-72.66666666666663,-0.09933201498181948,0.09933201498181948,1.0,129,False,WITHIN_THRESHOLD
2020-06-17 13:00:00,4136001,PeE6FRyGXUgsRhN,755.8571428571429,689.1333333333333,755.8571428571429,734.4394819278978,706.4929523809525,688.6019,689.1333333333333,755.8571428571429,-66.72380952380956,-0.08827568827568832,0.08827568827568832,1.0050898489883968,130,False,WITHIN_THRESHOLD
2020-06-17 13:00:00,4136001,Qf4GUc1pJu5T6c6,766.3333333333335,692.58,766.3333333333335,744.8082813326116,694.4868999999999,681.4557,692.58,766.3333333333335,-73.75333333333344,-0.09624184428012192,0.09624184428012192,1.0,91,False,WITHIN_THRESHOLD
2020-06-17 13:00:00,4136001,Quc1TzYxW2pYoWX,648.94,606.5133333333334,648.94,649.9735604601055,693.701845238095,706.5713,606.5133333333334,648.94,-42.42666666666662,-0.0653784119743992,0.0653784119743992,1.0,108,False,WITHIN_THRESHOLD
2020-06-17 13:00:00,4136001,V94E5Ben1TlhnDV,770.6857142857142,707.4800000000001,770.6857142857142,747.0301208044507,698.3723476190476,686.0373,707.4800000000001,770.6857142857142,-63.205714285714066,-0.08201230814858726,0.08201230814858726,1.0842639735182622,98,False,WITHIN_THRESHOLD
2020-06-17 13:00:00,4136001,WcxssY2VbP4hApt,762.74,692.6714285714287,762.74,743.2748916209134,698.1775047619047,705.87494,692.6714285714287,762.74,-70.06857142857132,-0.09186429376795673,0.09186429376795673,0.8131277317394211,142,False,WITHIN_THRESHOLD
2020-06-17 13:00:00,4136001,mqwcsP2rE7J0TFp,724.2666666666665,648.38,724.2666666666665,714.3478061805533,687.7088976190478,692.64636,648.38,724.2666666666665,-75.88666666666654,-0.10477724594992621,0.10477724594992621,1.0188512076579566,137,False,WITHIN_THRESHOLD
2020-06-17 13:00:00,4136001,oZ35aAeoifZaQzV,784.9266666666668,719.3399999999999,784.9266666666668,757.4541741800181,697.4256166666664,675.4808,719.3399999999999,784.9266666666668,-65.58666666666693,-0.08355769965771781,0.08355769965771781,1.0,97,False,WITHIN_THRESHOLD
2020-06-17 13:00:00,4136001,oZZkBaNadn6DNKz,777.3785714285711,715.2866666666665,777.3785714285711,752.8983997296307,691.5256499999999,674.1293,715.2866666666665,777.3785714285711,-62.09190476190463,-0.07987344524791792,0.07987344524791792,1.1151183176572743,114,False,WITHIN_THRESHOLD
2020-06-17 13:00:00,4136001,q49J1IKaHRwDQnt,729.6733333333333,657.7733333333333,729.6733333333333,718.5205057497021,691.8102571428572,694.666,657.7733333333333,729.6733333333333,-71.89999999999998,-0.09853724497720438,0.09853724497720438,0.8617696945001074,143,False,WITHIN_THRESHOLD
2020-06-17 13:00:00,4136001,rrq4fwE8jgrTyWY,684.5533333333334,615.1666666666665,684.5533333333334,684.0081641763877,677.5697500000001,658.2891,615.1666666666665,684.5533333333334,-69.38666666666688,-0.10136049784287596,0.10136049784287596,1.0,135,False,WITHIN_THRESHOLD
2020-06-17 13:00:00,4136001,vOuJvMaM2sgwLmb,763.5,695.5857142857143,763.5,743.2862384062823,707.3606761904762,705.87494,695.5857142857143,763.5,-67.91428571428571,-0.08895125830292824,0.08895125830292824,0.7896224826398267,142,False,WITHIN_THRESHOLD
2020-06-17 13:00:00,4136001,xMbIugepa2P7lBB,732.86,662.2533333333334,732.86,721.9144262174307,693.0224523809525,693.6982,662.2533333333334,732.86,-70.60666666666657,-0.09634400385703486,0.09634400385703486,0.9823653995011609,129,False,WITHIN_THRESHOLD
2020-06-17 13:00:00,4136001,xoJJ8DcxJEcupym,771.95,698.76,771.95,745.0664634434322,705.6086047619048,691.1651,698.76,771.95,-73.19000000000005,-0.09481184014508719,0.09481184014508719,0.8195700732505016,143,False,WITHIN_THRESHOLD
2020-06-17 13:15:00,4136001,4UPUqMRk7TRMgml,712.0599999999998,675.8866666666667,712.0599999999998,755.5081701732904,615.8983047619043,805.4201,675.8866666666667,712.0599999999998,-36.173333333333176,-0.05080096246570961,0.05080096246570961,1.0,105,False,WITHIN_THRESHOLD
2020-06-17 13:15:00,4136001,81aHJ1q11NBPMrL,693.0857142857143,675.7466666666666,693.0857142857143,742.696070393456,608.6750357142855,790.12976,675.7466666666666,693.0857142857143,-17.339047619047733,-0.025017176464121965,0.025017176464121965,0.7988725021368553,143,False,WITHIN_THRESHOLD
2020-06-17 13:15:00,4136001,9kRcWv60rDACzjR,667.8000000000001,658.8333333333333,667.8000000000001,722.4396539296572,610.8680095238094,795.4454,658.8333333333333,667.8000000000001,-8.96666666666681,-0.013427173804532509,0.013427173804532509,0.8376117177500583,127,False,WITHIN_THRESHOLD
2020-06-17 13:15:00,4136001,Et9kgGMDl729KT4,656.8933333333334,604.3785714285714,656.8933333333334,696.7145159520924,610.5839023809523,794.4998,604.3785714285714,656.8933333333334,-52.514761904762054,-0.07994412371074255,0.07994412371074255,1.0,105,False,WITHIN_THRESHOLD
2020-06-17 13:15:00,4136001,IQ2d7wF4YD8zU1Q,662.86,658.2466666666667,662.86,720.1197731164411,608.6973238095237,790.5805,658.2466666666667,662.86,-4.613333333333344,-0.006959740116062734,0.006959740116062734,1.0,129,False,WITHIN_THRESHOLD
2020-06-17 13:15:00,4136001,LYwnQax7tkwH5Cb,621.0333333333334,619.2642857142856,621.0333333333334,686.7923313849205,627.8736714285714,794.06903,619.2642857142856,621.0333333333334,-1.7690476190477966,-0.002848555019667967,0.002848555019667967,0.8540476989297716,143,False,WITHIN_THRESHOLD
2020-06-17 13:15:00,4136001,LlT2YUhhzqhg5Sw,651.0466666666667,647.6071428571429,651.0466666666667,713.8003106991819,617.841380952381,787.35626,647.6071428571429,651.0466666666667,-3.4395238095238483,-0.00528306799746641,0.00528306799746641,0.8849165458231198,127,False,WITHIN_THRESHOLD
2020-06-17 13:15:00,4136001,Mx2yZCDsyf6DPfv,714.1333333333332,677.84,714.1333333333332,754.7364802233994,608.7287999999996,784.4683,677.84,714.1333333333332,-36.29333333333318,-0.050821508588498675,0.050821508588498675,1.0,96,False,WITHIN_THRESHOLD
2020-06-17 13:15:00,4136001,NgDl19wMapZy17u,658.8866666666665,656.2866666666667,658.8866666666665,717.3093226645306,610.5996809523809,785.10706,656.2866666666667,658.8866666666665,-2.5999999999997954,-0.0039460504082641365,0.0039460504082641365,1.0,129,False,WITHIN_THRESHOLD
2020-06-17 13:15:00,4136001,PeE6FRyGXUgsRhN,689.1333333333333,660.5466666666665,689.1333333333333,735.9780887373236,609.0582428571427,797.1293,660.5466666666665,689.1333333333333,-28.586666666666815,-0.04148205475476466,0.04148205475476466,1.0050898489883968,130,False,WITHIN_THRESHOLD
2020-06-17 13:15:00,4136001,Qf4GUc1pJu5T6c6,692.58,658.3666666666667,692.58,743.8701746602812,607.9707285714284,784.0086,658.3666666666667,692.58,-34.21333333333337,-0.04939982865998638,0.04939982865998638,1.0,91,False,WITHIN_THRESHOLD
2020-06-17 13:15:00,4136001,Quc1TzYxW2pYoWX,606.5133333333334,550.8071428571428,606.5133333333334,650.4838135108339,625.4937404761899,772.6492,550.8071428571428,606.5133333333334,-55.70619047619061,-0.09184660487187521,0.09184660487187521,1.0,108,False,WITHIN_THRESHOLD
2020-06-17 13:15:00,4136001,V94E5Ben1TlhnDV,707.4800000000001,676.2533333333333,707.4800000000001,746.7374011390218,606.5092880952377,781.5654,676.2533333333333,707.4800000000001,-31.2266666666668,-0.04413787904487306,0.04413787904487306,1.0842639735182622,98,False,WITHIN_THRESHOLD
2020-06-17 13:15:00,4136001,WcxssY2VbP4hApt,692.6714285714287,675.0666666666666,692.6714285714287,742.6567059190395,608.784326190476,792.69293,675.0666666666666,692.6714285714287,-17.604761904762086,-0.025415747176219312,0.025415747176219312,0.8131277317394211,142,False,WITHIN_THRESHOLD
2020-06-17 13:15:00,4136001,mqwcsP2rE7J0TFp,648.38,649.5266666666665,648.38,710.6819858073006,609.4951952380952,785.10706,649.5266666666665,648.38,1.1466666666665333,0.0017685102357668857,0.0017685102357668857,1.0188512076579566,137,False,WITHIN_THRESHOLD
2020-06-17 13:15:00,4136001,oZ35aAeoifZaQzV,719.3399999999999,681.98,719.3399999999999,758.7980724167835,609.5340476190473,784.4683,681.98,719.3399999999999,-37.3599999999999,-0.05193649734478815,0.05193649734478815,1.0,97,False,WITHIN_THRESHOLD
2020-06-17 13:15:00,4136001,oZZkBaNadn6DNKz,715.2866666666665,679.7800000000001,715.2866666666665,752.752182978408,605.5373952380949,786.62506,679.7800000000001,715.2866666666665,-35.50666666666643,-0.04963977146691738,0.04963977146691738,1.1151183176572743,114,False,WITHIN_THRESHOLD
2020-06-17 13:15:00,4136001,q49J1IKaHRwDQnt,657.7733333333333,644.5214285714286,657.7733333333333,717.1005449118977,616.5027,789.08136,644.5214285714286,657.7733333333333,-13.251904761904711,-0.02014661295974,0.02014661295974,0.8617696945001074,143,False,WITHIN_THRESHOLD
2020-06-17 13:15:00,4136001,rrq4fwE8jgrTyWY,615.1666666666665,613.7857142857142,615.1666666666665,681.27610795082,631.5371666666666,794.06903,613.7857142857142,615.1666666666665,-1.3809523809522943,-0.0022448426674922155,0.0022448426674922155,1.0,135,False,WITHIN_THRESHOLD
2020-06-17 13:15:00,4136001,vOuJvMaM2sgwLmb,695.5857142857143,672.3199999999998,695.5857142857143,742.5846906257973,608.8066547619045,790.12976,672.3199999999998,695.5857142857143,-23.265714285714466,-0.033447659731778205,0.033447659731778205,0.7896224826398267,142,False,WITHIN_THRESHOLD
2020-06-17 13:15:00,4136001,xMbIugepa2P7lBB,662.2533333333334,658.7533333333332,662.2533333333334,719.2150435254798,613.0218166666666,790.5805,658.7533333333332,662.2533333333334,-3.5000000000002274,-0.005284986611367594,0.005284986611367594,0.9823653995011609,129,False,WITHIN_THRESHOLD
2020-06-17 13:15:00,4136001,xoJJ8DcxJEcupym,698.76,678.9266666666665,698.76,748.3143245477886,608.3640738095236,790.94275,678.9266666666665,698.76,-19.833333333333485,-0.028383612876142716,0.028383612876142716,0.8195700732505016,143,False,WITHIN_THRESHOLD
2020-06-17 13:30:00,4136001,4UPUqMRk7TRMgml,675.8866666666667,57.453333333333326,675.8866666666667,708.4519241018645,607.7678690476187,765.716,57.453333333333326,675.8866666666667,-618.4333333333333,-0.9149956107039641,0.9149956107039641,1.0,105,False,WITHIN_THRESHOLD
2020-06-17 13:30:00,4136001,81aHJ1q11NBPMrL,675.7466666666666,118.96666666666668,675.7466666666666,696.0208925600293,609.4731119047617,755.8812,118.96666666666668,675.7466666666666,-556.7799999999999,-0.8239478305479371,0.8239478305479371,0.7988725021368553,143,True,FLAGGED
2020-06-17 13:30:00,4136001,9kRcWv60rDACzjR,658.8333333333333,57.220000000000006,658.8333333333333,677.2627010305839,604.2148309523807,759.22705,57.220000000000006,658.8333333333333,-601.6133333333332,-0.9131495067037693,0.9131495067037693,0.8376117177500583,127,True,FLAGGED
2020-06-17 13:30:00,4136001,Et9kgGMDl729KT4,604.3785714285714,102.30666666666669,604.3785714285714,666.0841813943671,614.8975666666663,749.0232,102.30666666666669,604.3785714285714,-502.0719047619047,-0.8307241991971289,0.8307241991971289,1.0,105,False,WITHIN_THRESHOLD
2020-06-17 13:30:00,4136001,IQ2d7wF4YD8zU1Q,658.2466666666667,61.2142857142857,658.2466666666667,672.4713765059153,608.6954809523806,743.49994,61.2142857142857,658.2466666666667,-597.032380952381,-0.9070040323572435,0.9070040323572435,1.0,129,False,WITHIN_THRESHOLD
2020-06-17 13:30:00,4136001,LYwnQax7tkwH5Cb,619.2642857142856,107.06000000000004,619.2642857142856,641.1261101929447,601.1483999999998,734.40955,107.06000000000004,619.2642857142856,-512.2042857142856,-0.8271174319757314,0.8271174319757314,0.8540476989297716,143,False,WITHIN_THRESHOLD
2020-06-17 13:30:00,4136001,LlT2YUhhzqhg5Sw,647.6071428571429,112.96,647.6071428571429,664.3579803968005,609.1560642857139,735.87146,112.96,647.6071428571429,-534.6471428571429,-0.8255732642144157,0.8255732642144157,0.8849165458231198,127,False,WITHIN_THRESHOLD
2020-06-17 13:30:00,4136001,Mx2yZCDsyf6DPfv,677.84,57.34,677.84,710.2166381925256,607.4635499999996,765.716,57.34,677.84,-620.5,-0.915407765844447,0.915407765844447,1.0,96,False,WITHIN_THRESHOLD
2020-06-17 13:30:00,4136001,NgDl19wMapZy17u,656.2866666666667,60.93571428571428,656.2866666666667,669.4663906566898,606.1514309523806,736.24884,60.93571428571428,656.2866666666667,-595.3509523809524,-0.9071507659980177,0.9071507659980177,1.0,129,False,WITHIN_THRESHOLD
2020-06-17 13:30:00,4136001,PeE6FRyGXUgsRhN,660.5466666666665,55.546666666666674,660.5466666666665,691.3999289529474,606.0975119047617,755.8812,55.546666666666674,660.5466666666665,-604.9999999999999,-0.9159080357683536,0.9159080357683536,1.0050898489883968,130,False,WITHIN_THRESHOLD
2020-06-17 13:30:00,4136001,Qf4GUc1pJu5T6c6,658.3666666666667,56.8,658.3666666666667,693.6046313613506,603.8807785714282,755.9798,56.8,658.3666666666667,-601.5666666666667,-0.9137258872968458,0.9137258872968458,1.0,91,False,WITHIN_THRESHOLD
2020-06-17 13:30:00,4136001,Quc1TzYxW2pYoWX,550.8071428571428,93.26666666666668,550.8071428571428,627.3562002113597,605.5692333333332,734.0623,93.26666666666668,550.8071428571428,-457.54047619047617,-0.8306727356822672,0.8306727356822672,1.0,108,False,WITHIN_THRESHOLD
2020-06-17 13:30:00,4136001,V94E5Ben1TlhnDV,676.2533333333333,56.02,676.2533333333333,705.041611030374,602.7173595238093,755.8812,56.02,676.2533333333333,-620.2333333333333,-0.9171612216329187,0.9171612216329187,1.0842639735182622,98,False,WITHIN_THRESHOLD
2020-06-17 13:30:00,4136001,WcxssY2VbP4hApt,675.0666666666666,119.28,675.0666666666666,695.9322723525518,605.8751785714284,755.8812,119.28,675.0666666666666,-555.7866666666666,-0.8233063401145566,0.8233063401145566,0.8131277317394211,142,True,FLAGGED
2020-06-17 13:30:00,4136001,mqwcsP2rE7J0TFp,649.5266666666665,59.70000000000002,649.5266666666665,661.3090757782302,605.5302976190474,736.24884,59.70000000000002,649.5266666666665,-589.8266666666665,-0.9080869145736895,0.9080869145736895,1.0188512076579566,137,False,WITHIN_THRESHOLD
2020-06-17 13:30:00,4136001,oZ35aAeoifZaQzV,681.98,57.760000000000026,681.98,714.0976355405287,606.1869261904759,775.5824,57.760000000000026,681.98,-624.22,-0.9153054341769553,0.9153054341769553,1.0,97,False,WITHIN_THRESHOLD
2020-06-17 13:30:00,4136001,oZZkBaNadn6DNKz,679.7800000000001,56.49333333333334,679.7800000000001,710.8117155240238,606.7626738095234,765.71136,56.49333333333334,679.7800000000001,-623.2866666666667,-0.9168946816126786,0.9168946816126786,1.1151183176572743,114,False,WITHIN_THRESHOLD
2020-06-17 13:30:00,4136001,q49J1IKaHRwDQnt,644.5214285714286,112.32000000000002,644.5214285714286,669.0054077901627,609.3621452380949,735.87146,112.32000000000002,644.5214285714286,-532.2014285714286,-0.8257311626566777,0.8257311626566777,0.8617696945001074,143,False,WITHIN_THRESHOLD
2020-06-17 13:30:00,4136001,rrq4fwE8jgrTyWY,613.7857142857142,105.45333333333332,613.7857142857142,636.6801248772222,587.4781285714282,734.77826,105.45333333333332,613.7857142857142,-508.3323809523809,-0.8281919391752978,0.8281919391752978,1.0,135,False,WITHIN_THRESHOLD
2020-06-17 13:30:00,4136001,vOuJvMaM2sgwLmb,672.3199999999998,117.32000000000002,672.3199999999998,697.6117114932536,605.3150023809521,755.8812,117.32000000000002,672.3199999999998,-554.9999999999998,-0.8254997620180865,0.8254997620180865,0.7896224826398267,142,True,FLAGGED
2020-06-17 13:30:00,4136001,xMbIugepa2P7lBB,658.7533333333332,61.36428571428572,658.7533333333332,671.9543616367898,606.252364285714,736.24884,61.36428571428572,658.7533333333332,-597.3890476190475,-0.9068478554730363,0.9068478554730363,0.9823653995011609,129,False,WITHIN_THRESHOLD
2020-06-17 13:30:00,4136001,xoJJ8DcxJEcupym,678.9266666666665,56.833333333333336,678.9266666666665,699.2867584548601,605.169164285714,755.8812,56.833333333333336,678.9266666666665,-622.0933333333331,-0.9162894372489909,0.9162894372489909,0.8195700732505016,143,True,FLAGGED
2020-06-17 13:45:00,4136001,4UPUqMRk7TRMgml,57.453333333333326,295.33571428571435,57.453333333333326,667.7000213429324,597.5966523809524,640.4441,295.33571428571435,57.453333333333326,237.88238095238103,4.140445247488647,4.140445247488647,1.0,105,True,FLAGGED
2020-06-17 13:45:00,4136001,81aHJ1q11NBPMrL,118.96666666666668,374.2133333333334,118.96666666666668,669.2532656075164,555.0491547619047,606.96564,374.2133333333334,118.96666666666668,255.24666666666673,2.1455309610535167,2.1455309610535167,0.7988725021368553,143,True,FLAGGED
2020-06-17 13:45:00,4136001,9kRcWv60rDACzjR,57.220000000000006,366.13333333333327,57.220000000000006,657.3330011312505,584.8196142857142,569.948,366.13333333333327,57.220000000000006,308.91333333333324,5.3986950949551415,5.3986950949551415,0.8376117177500583,127,True,FLAGGED
2020-06-17 13:45:00,4136001,Et9kgGMDl729KT4,102.30666666666669,290.6333333333333,102.30666666666669,613.0724913391764,645.3230809523806,561.74176,290.6333333333333,102.30666666666669,188.32666666666665,1.8408054216082361,1.8408054216082361,1.0,105,True,FLAGGED
2020-06-17 13:45:00,4136001,IQ2d7wF4YD8zU1Q,61.2142857142857,320.45333333333326,61.2142857142857,657.3247052746156,603.2418357142856,607.7395,320.45333333333326,61.2142857142857,259.23904761904754,4.234943601711396,4.234943601711396,1.0,129,True,FLAGGED
2020-06-17 13:45:00,4136001,LYwnQax7tkwH5Cb,107.06000000000004,302.74,107.06000000000004,627.6262659006638,618.6872190476189,560.0786,302.74,107.06000000000004,195.67999999999995,1.8277601345040153,1.8277601345040153,0.8540476989297716,143,True,FLAGGED
2020-06-17 13:45:00,4136001,LlT2YUhhzqhg5Sw,112.96,316.6,112.96,649.2324189876058,587.3250523809522,564.87885,316.6,112.96,203.64000000000004,1.8027620396600572,1.8027620396600572,0.8849165458231198,127,True,FLAGGED
2020-06-17 13:45:00,4136001,Mx2yZCDsyf6DPfv,57.34,348.46428571428567,57.34,669.4341663948424,585.8747214285714,643.80615,348.46428571428567,57.34,291.12428571428563,5.077158802132641,5.077158802132641,1.0,96,True,FLAGGED
2020-06-17 13:45:00,4136001,NgDl19wMapZy17u,60.93571428571428,319.4733333333333,60.93571428571428,656.0986314118627,606.3325333333332,607.7395,319.4733333333333,60.93571428571428,258.53761904761905,4.242792951197593,4.242792951197593,1.0,129,True,FLAGGED
2020-06-17 13:45:00,4136001,PeE6FRyGXUgsRhN,55.546666666666674,362.6666666666666,55.546666666666674,656.5530007907839,571.0357380952381,570.9292,362.6666666666666,55.546666666666674,307.1199999999999,5.52904464714354,5.52904464714354,1.0050898489883968,130,True,FLAGGED
2020-06-17 13:45:00,4136001,Qf4GUc1pJu5T6c6,56.8,344.97142857142853,56.8,654.2707346850032,584.3462000000001,610.58466,344.97142857142853,56.8,288.1714285714285,5.0734406438631785,5.0734406438631785,1.0,91,True,FLAGGED
2020-06-17 13:45:00,4136001,Quc1TzYxW2pYoWX,93.26666666666668,264.1133333333333,93.26666666666668,572.1702779893305,609.9704404761902,444.77383,264.1133333333333,93.26666666666668,170.8466666666666,1.8318084345961392,1.8318084345961392,1.0,108,True,FLAGGED
2020-06-17 13:45:00,4136001,V94E5Ben1TlhnDV,56.02,319.1,56.02,667.6820186351872,558.5868333333334,601.8965,319.1,56.02,263.08000000000004,4.696179935737237,4.696179935737237,1.0842639735182622,98,True,FLAGGED
2020-06-17 13:45:00,4136001,WcxssY2VbP4hApt,119.28,374.2333333333333,119.28,669.2994456965155,564.7528357142857,606.96564,374.2333333333333,119.28,254.9533333333333,2.1374357254638943,2.1374357254638943,0.8131277317394211,142,True,FLAGGED
2020-06-17 13:45:00,4136001,mqwcsP2rE7J0TFp,59.70000000000002,317.39333333333326,59.70000000000002,650.9108178304448,609.0510785714283,607.7395,317.39333333333326,59.70000000000002,257.69333333333327,4.316471245114459,4.316471245114459,1.0188512076579566,137,True,FLAGGED
2020-06-17 13:45:00,4136001,oZ35aAeoifZaQzV,57.760000000000026,351.54999999999995,57.760000000000026,672.4493285620533,590.9912166666667,645.0011,351.54999999999995,57.760000000000026,293.7899999999999,5.086391966758999,5.086391966758999,1.0,97,True,FLAGGED
2020-06-17 13:45:00,4136001,oZZkBaNadn6DNKz,56.49333333333334,371.19999999999993,56.49333333333334,670.5497988219599,574.073842857143,607.1984,371.19999999999993,56.49333333333334,314.7066666666666,5.570686806702854,5.570686806702854,1.1151183176572743,114,True,FLAGGED
2020-06-17 13:45:00,4136001,q49J1IKaHRwDQnt,112.32000000000002,315.2933333333333,112.32000000000002,646.4713236854575,588.2748476190473,564.87885,315.2933333333333,112.32000000000002,202.97333333333327,1.8070987654320978,1.8070987654320978,0.8617696945001074,143,True,FLAGGED
2020-06-17 13:45:00,4136001,rrq4fwE8jgrTyWY,105.45333333333332,300.26666666666665,105.45333333333332,623.6758781534029,621.4125071428568,558.2003,300.26666666666665,105.45333333333332,194.81333333333333,1.847389050448856,1.847389050448856,1.0,135,True,FLAGGED
2020-06-17 13:45:00,4136001,vOuJvMaM2sgwLmb,117.32000000000002,371.35333333333335,117.32000000000002,664.3367676791956,572.9786666666666,601.8965,371.35333333333335,117.32000000000002,254.03333333333333,2.1653028753267414,2.1653028753267414,0.7896224826398267,142,True,FLAGGED
2020-06-17 13:45:00,4136001,xMbIugepa2P7lBB,61.36428571428572,318.76,61.36428571428572,657.2767777653871,581.6572428571428,571.7484,318.76,61.36428571428572,257.3957142857143,4.194552438598533,4.194552438598533,0.9823653995011609,129,True,FLAGGED
2020-06-17 13:45:00,4136001,xoJJ8DcxJEcupym,56.833333333333336,373.83333333333326,56.833333333333336,670.4896897683543,559.6751714285714,603.2371,373.83333333333326,56.833333333333336,316.99999999999994,5.577712609970673,5.577712609970673,0.8195700732505016,143,True,FLAGGED
2020-06-17 14:00:00,4136001,4UPUqMRk7TRMgml,295.33571428571435,604.6733333333333,295.33571428571435,168.31187165713976,329.59120238095244,152.11598,604.6733333333333,295.33571428571435,309.33761904761894,1.0474101305213592,1.0474101305213592,1.0,105,True,FLAGGED
2020-06-17 14:00:00,4136001,81aHJ1q11NBPMrL,374.2133333333334,608.1666666666667,374.2133333333334,212.3469420610582,375.4076476190476,256.70447,608.1666666666667,374.2133333333334,233.95333333333332,0.6251870590750372,0.6251870590750372,0.7988725021368553,143,False,WITHIN_THRESHOLD
2020-06-17 14:00:00,4136001,9kRcWv60rDACzjR,366.13333333333327,598.9466666666666,366.13333333333327,167.8441372243504,326.9249833333334,160.40211,598.9466666666666,366.13333333333327,232.81333333333333,0.6358703568827386,0.6358703568827386,0.8376117177500583,127,False,WITHIN_THRESHOLD
2020-06-17 14:00:00,4136001,Et9kgGMDl729KT4,290.6333333333333,539.0000000000001,290.6333333333333,195.82458835785357,355.03643571428563,268.1978,539.0000000000001,290.6333333333333,248.3666666666668,0.8545704782658566,0.8545704782658566,1.0,105,False,WITHIN_THRESHOLD
2020-06-17 14:00:00,4136001,IQ2d7wF4YD8zU1Q,320.45333333333326,599.5066666666668,320.45333333333326,172.19556310369325,328.83145238095244,166.21199,599.5066666666668,320.45333333333326,279.0533333333335,0.8708080219688782,0.8708080219688782,1.0,129,False,WITHIN_THRESHOLD
2020-06-17 14:00:00,4136001,LYwnQax7tkwH5Cb,302.74,570.5799999999999,302.74,202.61777069043129,350.49158809523794,291.97992,570.5799999999999,302.74,267.8399999999999,0.8847195613397631,0.8847195613397631,0.8540476989297716,143,True,FLAGGED
2020-06-17 14:00:00,4136001,LlT2YUhhzqhg5Sw,316.6,596.3933333333333,316.6,207.80436775251545,345.0322357142858,258.5608,596.3933333333333,316.6,279.7933333333333,0.8837439460939143,0.8837439460939143,0.8849165458231198,127,False,WITHIN_THRESHOLD
2020-06-17 14:00:00,4136001,Mx2yZCDsyf6DPfv,348.46428571428567,604.2800000000001,348.46428571428567,167.95052437367744,339.5744428571429,153.01508,604.2800000000001,348.46428571428567,255.81571428571442,0.7341231936045921,0.7341231936045921,1.0,96,False,WITHIN_THRESHOLD
2020-06-17 14:00:00,4136001,NgDl19wMapZy17u,319.4733333333333,598.3133333333333,319.4733333333333,172.1076267785238,329.72104285714295,166.21199,598.3133333333333,319.4733333333333,278.84,0.8728115022641431,0.8728115022641431,1.0,129,False,WITHIN_THRESHOLD
2020-06-17 14:00:00,4136001,PeE6FRyGXUgsRhN,362.6666666666666,591.4785714285715,362.6666666666666,165.71706631971836,357.14640238095234,148.69585,591.4785714285715,362.6666666666666,228.81190476190494,0.6309151785714292,0.6309151785714292,1.0050898489883968,130,False,WITHIN_THRESHOLD
2020-06-17 14:00:00,4136001,Qf4GUc1pJu5T6c6,344.97142857142853,593.38,344.97142857142853,167.33267331244048,346.67216428571425,147.79675,593.38,344.97142857142853,248.40857142857146,0.7200844790458839,0.7200844790458839,1.0,91,False,WITHIN_THRESHOLD
2020-06-17 14:00:00,4136001,Quc1TzYxW2pYoWX,264.1133333333333,490.16,264.1133333333333,186.77517606017503,318.3226690476191,261.8231,490.16,264.1133333333333,226.04666666666674,0.8558699548173768,0.8558699548173768,1.0,108,False,WITHIN_THRESHOLD
2020-06-17 14:00:00,4136001,V94E5Ben1TlhnDV,319.1,601.55,319.1,165.96415183073748,358.15563571428567,148.69585,601.55,319.1,282.44999999999993,0.8851457223440925,0.8851457223440925,1.0842639735182622,98,False,WITHIN_THRESHOLD
2020-06-17 14:00:00,4136001,WcxssY2VbP4hApt,374.2333333333333,609.5733333333334,374.2333333333333,213.2651829935708,360.0078142857143,258.13245,609.5733333333334,374.2333333333333,235.3400000000001,0.6288590006234972,0.6288590006234972,0.8131277317394211,142,False,WITHIN_THRESHOLD
2020-06-17 14:00:00,4136001,mqwcsP2rE7J0TFp,317.39333333333326,593.5866666666667,317.39333333333326,171.37365226639722,330.24437619047626,166.21199,593.5866666666667,317.39333333333326,276.19333333333344,0.8701926106408457,0.8701926106408457,1.0188512076579566,137,False,WITHIN_THRESHOLD
2020-06-17 14:00:00,4136001,oZ35aAeoifZaQzV,351.54999999999995,607.2133333333333,351.54999999999995,168.18388929552123,335.70094285714293,154.1618,607.2133333333333,351.54999999999995,255.6633333333333,0.7272460057839093,0.7272460057839093,1.0,97,False,WITHIN_THRESHOLD
2020-06-17 14:00:00,4136001,oZZkBaNadn6DNKz,371.19999999999993,604.1642857142857,371.19999999999993,166.82391406694387,342.489480952381,143.36755,604.1642857142857,371.19999999999993,232.96428571428578,0.6275977524630545,0.6275977524630545,1.1151183176572743,114,False,WITHIN_THRESHOLD
2020-06-17 14:00:00,4136001,q49J1IKaHRwDQnt,315.2933333333333,592.5933333333334,315.2933333333333,207.27212478870305,335.1244761904762,263.3615,592.5933333333334,315.2933333333333,277.30000000000007,0.8794984564638224,0.8794984564638224,0.8617696945001074,143,True,FLAGGED
2020-06-17 14:00:00,4136001,rrq4fwE8jgrTyWY,300.26666666666665,564.66,300.26666666666665,201.6539235833941,347.4189642857142,265.9134,564.66,300.26666666666665,264.3933333333333,0.8805284191829484,0.8805284191829484,1.0,135,False,WITHIN_THRESHOLD
2020-06-17 14:00:00,4136001,vOuJvMaM2sgwLmb,371.35333333333335,603.8,371.35333333333335,211.07981872198656,341.63726904761904,258.13245,603.8,371.35333333333335,232.4466666666666,0.6259447426529987,0.6259447426529987,0.7896224826398267,142,False,WITHIN_THRESHOLD
2020-06-17 14:00:00,4136001,xMbIugepa2P7lBB,318.76,596.3866666666667,318.76,171.3940779688486,326.10757857142863,166.21199,596.3866666666667,318.76,277.62666666666667,0.8709582967331744,0.8709582967331744,0.9823653995011609,129,False,WITHIN_THRESHOLD
2020-06-17 14:00:00,4136001,xoJJ8DcxJEcupym,373.83333333333326,611.6500000000001,373.83333333333326,167.33474955188245,360.19789761904764,148.69585,611.6500000000001,373.83333333333326,237.81666666666683,0.6361569326794477,0.6361569326794477,0.8195700732505016,143,False,WITHIN_THRESHOLD
2020-06-17 14:15:00,4136001,4UPUqMRk7TRMgml,604.6733333333333,501.1133333333333,604.6733333333333,293.96302819275803,403.7027846153848,474.8307,501.1133333333333,604.6733333333333,-103.56,-0.17126602793794998,0.17126602793794998,1.0,105,False,WITHIN_THRESHOLD
2020-06-17 14:15:00,4136001,81aHJ1q11NBPMrL,608.1666666666667,496.0571428571428,608.1666666666667,353.2797230957215,464.9084571428573,482.5435,496.0571428571428,608.1666666666667,-112.10952380952392,-0.184340132325882,0.184340132325882,0.7988725021368553,143,False,WITHIN_THRESHOLD
2020-06-17 14:15:00,4136001,9kRcWv60rDACzjR,598.9466666666666,489.5785714285714,598.9466666666666,346.61522839083096,455.46720402930407,532.1393,489.5785714285714,598.9466666666666,-109.36809523809518,-0.182600724446409,0.182600724446409,0.8376117177500583,127,False,WITHIN_THRESHOLD
2020-06-17 14:15:00,4136001,Et9kgGMDl729KT4,539.0000000000001,446.52,539.0000000000001,292.42068140336266,394.1082857142859,474.38812,446.52,539.0000000000001,-92.48000000000013,-0.1715769944341375,0.1715769944341375,1.0,105,False,WITHIN_THRESHOLD
2020-06-17 14:15:00,4136001,IQ2d7wF4YD8zU1Q,599.5066666666668,493.62,599.5066666666668,313.8013903331108,404.2788142857144,471.76437,493.62,599.5066666666668,-105.88666666666677,-0.1766230011342661,0.1766230011342661,1.0,129,False,WITHIN_THRESHOLD
2020-06-17 14:15:00,4136001,LYwnQax7tkwH5Cb,570.5799999999999,465.8533333333333,570.5799999999999,302.66688226024587,409.4238642857145,482.66394,465.8533333333333,570.5799999999999,-104.72666666666663,-0.1835442298479909,0.1835442298479909,0.8540476989297716,143,False,WITHIN_THRESHOLD
2020-06-17 14:15:00,4136001,LlT2YUhhzqhg5Sw,596.3933333333333,482.9666666666667,596.3933333333333,312.2393726747024,385.4297496336999,466.0144,482.9666666666667,596.3933333333333,-113.42666666666662,-0.19018768374339076,0.19018768374339076,0.8849165458231198,127,False,WITHIN_THRESHOLD
2020-06-17 14:15:00,4136001,Mx2yZCDsyf6DPfv,604.2800000000001,501.18,604.2800000000001,332.45448402947056,449.3506342490842,401.0874,501.18,604.2800000000001,-103.10000000000008,-0.1706162706030318,0.1706162706030318,1.0,96,False,WITHIN_THRESHOLD
2020-06-17 14:15:00,4136001,NgDl19wMapZy17u,598.3133333333333,492.7533333333333,598.3133333333333,313.364841209176,397.7057214285716,471.76437,492.7533333333333,598.3133333333333,-105.56,-0.17642929568676394,0.17642929568676394,1.0,129,False,WITHIN_THRESHOLD
2020-06-17 14:15:00,4136001,PeE6FRyGXUgsRhN,591.4785714285715,487.71333333333325,591.4785714285715,342.48138042699406,447.312677838828,532.26636,487.71333333333325,591.4785714285715,-103.76523809523826,-0.17543363886305932,0.17543363886305932,1.0050898489883968,130,False,WITHIN_THRESHOLD
2020-06-17 14:15:00,4136001,Qf4GUc1pJu5T6c6,593.38,492.09333333333336,593.38,329.53241081934254,444.0850866300366,535.5602,492.09333333333336,593.38,-101.28666666666663,-0.17069443976316465,0.17069443976316465,1.0,91,False,WITHIN_THRESHOLD
2020-06-17 14:15:00,4136001,Quc1TzYxW2pYoWX,490.16,407.33333333333337,490.16,273.8462370172842,406.38735915750897,442.362,407.33333333333337,490.16,-82.82666666666665,-0.16897883684239157,0.16897883684239157,1.0,108,False,WITHIN_THRESHOLD
2020-06-17 14:15:00,4136001,V94E5Ben1TlhnDV,601.55,492.9266666666666,601.55,310.8131580654782,415.5330655677656,459.25214,492.9266666666666,601.55,-108.62333333333333,-0.18057241016263542,0.18057241016263542,1.0842639735182622,98,False,WITHIN_THRESHOLD
2020-06-17 14:15:00,4136001,WcxssY2VbP4hApt,609.5733333333334,499.0142857142857,609.5733333333334,353.3946507292987,464.6172571428573,482.5435,499.0142857142857,609.5733333333334,-110.5590476190477,-0.18137120108991156,0.18137120108991156,0.8131277317394211,142,False,WITHIN_THRESHOLD
2020-06-17 14:15:00,4136001,mqwcsP2rE7J0TFp,593.5866666666667,491.4666666666667,593.5866666666667,311.8846093384799,403.0189023809525,473.14127,491.4666666666667,593.5866666666667,-102.12,-0.17203890473730318,0.17203890473730318,1.0188512076579566,137,False,WITHIN_THRESHOLD
2020-06-17 14:15:00,4136001,oZ35aAeoifZaQzV,607.2133333333333,503.3133333333333,607.2133333333333,334.5052949814237,450.6469206959709,398.1974,503.3133333333333,607.2133333333333,-103.89999999999998,-0.1711095496365912,0.1711095496365912,1.0,97,False,WITHIN_THRESHOLD
2020-06-17 14:15:00,4136001,oZZkBaNadn6DNKz,604.1642857142857,497.12000000000006,604.1642857142857,348.12063755179736,473.1807023809524,396.7311,497.12000000000006,604.1642857142857,-107.04428571428565,-0.17717744700471716,0.17717744700471716,1.1151183176572743,114,False,WITHIN_THRESHOLD
2020-06-17 14:15:00,4136001,q49J1IKaHRwDQnt,592.5933333333334,484.5266666666667,592.5933333333334,310.8566175109055,398.86671391941405,466.0144,484.5266666666667,592.5933333333334,-108.06666666666666,-0.18236227204715993,0.18236227204715993,0.8617696945001074,143,False,WITHIN_THRESHOLD
2020-06-17 14:15:00,4136001,rrq4fwE8jgrTyWY,564.66,462.7666666666667,564.66,301.11007338708976,415.58957142857145,482.66394,462.7666666666667,564.66,-101.89333333333326,-0.18045077273639581,0.18045077273639581,1.0,135,False,WITHIN_THRESHOLD
2020-06-17 14:15:00,4136001,vOuJvMaM2sgwLmb,603.8,495.1571428571429,603.8,350.7826187818934,470.2349380952382,397.7937,495.1571428571429,603.8,-108.64285714285705,-0.17993186012397658,0.17993186012397658,0.7896224826398267,142,False,WITHIN_THRESHOLD
2020-06-17 14:15:00,4136001,xMbIugepa2P7lBB,596.3866666666667,490.7466666666666,596.3866666666667,312.2176061912273,402.40878095238105,471.76437,490.7466666666666,596.3866666666667,-105.64000000000004,-0.17713340338482872,0.17713340338482872,0.9823653995011609,129,False,WITHIN_THRESHOLD
2020-06-17 14:15:00,4136001,xoJJ8DcxJEcupym,611.6500000000001,498.44666666666666,611.6500000000001,350.59358390344784,466.8310166666668,483.16013,498.44666666666666,611.6500000000001,-113.20333333333343,-0.18507861249625343,0.18507861249625343,0.8195700732505016,143,False,WITHIN_THRESHOLD
2020-06-17 14:30:00,4136001,4UPUqMRk7TRMgml,501.1133333333333,530.9066666666665,501.1133333333333,534.2465032742452,451.8733084249083,453.0598,530.9066666666665,501.1133333333333,29.793333333333237,0.05945428179919361,0.05945428179919361,1.0,105,False,WITHIN_THRESHOLD
2020-06-17 14:30:00,4136001,81aHJ1q11NBPMrL,496.0571428571428,519.1466666666666,496.0571428571428,542.5005673941378,433.5515333333333,440.03897,519.1466666666666,496.0571428571428,23.089523809523826,0.04654609683984184,0.04654609683984184,0.7988725021368553,143,False,WITHIN_THRESHOLD
2020-06-17 14:30:00,4136001,9kRcWv60rDACzjR,489.5785714285714,514.2933333333334,489.5785714285714,535.1493519468074,449.5277346153844,449.4396,514.2933333333334,489.5785714285714,24.714761904761986,0.05048170681295397,0.05048170681295397,0.8376117177500583,127,False,WITHIN_THRESHOLD
2020-06-17 14:30:00,4136001,Et9kgGMDl729KT4,446.52,470.29333333333335,446.52,491.26148414068194,434.41446520146513,409.55566,470.29333333333335,446.52,23.77333333333337,0.053241362835558026,0.053241362835558026,1.0,105,False,WITHIN_THRESHOLD
2020-06-17 14:30:00,4136001,IQ2d7wF4YD8zU1Q,493.62,526.7266666666666,493.62,534.1374443744712,450.9395917582416,449.4396,526.7266666666666,493.62,33.10666666666657,0.06706913550234303,0.06706913550234303,1.0,129,False,WITHIN_THRESHOLD
2020-06-17 14:30:00,4136001,LYwnQax7tkwH5Cb,465.8533333333333,491.45714285714286,465.8533333333333,516.5102127000147,442.473119047619,438.873,491.45714285714286,465.8533333333333,25.60380952380956,0.054961095460251214,0.054961095460251214,0.8540476989297716,143,False,WITHIN_THRESHOLD
2020-06-17 14:30:00,4136001,LlT2YUhhzqhg5Sw,482.9666666666667,507.0928571428572,482.9666666666667,534.1523141952698,450.8612489010988,449.4396,507.0928571428572,482.9666666666667,24.126190476190516,0.04995415241118886,0.04995415241118886,0.8849165458231198,127,False,WITHIN_THRESHOLD
2020-06-17 14:30:00,4136001,Mx2yZCDsyf6DPfv,501.18,528.92,501.18,535.5947854702804,450.3504179487178,465.56097,528.92,501.18,27.739999999999952,0.055349375473881544,0.055349375473881544,1.0,96,False,WITHIN_THRESHOLD
2020-06-17 14:30:00,4136001,NgDl19wMapZy17u,492.7533333333333,525.9666666666668,492.7533333333333,533.4402716785594,450.6552250915749,449.4396,525.9666666666668,492.7533333333333,33.21333333333354,0.0674035690609234,0.0674035690609234,1.0,129,False,WITHIN_THRESHOLD
2020-06-17 14:30:00,4136001,PeE6FRyGXUgsRhN,487.71333333333325,507.86,487.71333333333325,528.4009743779579,449.5756417582416,453.0598,507.86,487.71333333333325,20.14666666666676,0.04130841887994333,0.04130841887994333,1.0050898489883968,130,False,WITHIN_THRESHOLD
2020-06-17 14:30:00,4136001,Qf4GUc1pJu5T6c6,492.09333333333336,524.3666666666667,492.09333333333336,527.9348899271292,449.8355465201464,453.0598,524.3666666666667,492.09333333333336,32.27333333333331,0.06558376459750179,0.06558376459750179,1.0,91,False,WITHIN_THRESHOLD
2020-06-17 14:30:00,4136001,Quc1TzYxW2pYoWX,407.33333333333337,429.34,407.33333333333337,457.7855426731068,435.96468424908414,415.20673,429.34,407.33333333333337,22.006666666666604,0.05402618657937791,0.05402618657937791,1.0,108,False,WITHIN_THRESHOLD
2020-06-17 14:30:00,4136001,V94E5Ben1TlhnDV,492.9266666666666,509.5266666666666,492.9266666666666,533.837055614019,451.7507750915749,453.0598,509.5266666666666,492.9266666666666,16.599999999999966,0.033676408931686865,0.033676408931686865,1.0842639735182622,98,False,WITHIN_THRESHOLD
2020-06-17 14:30:00,4136001,WcxssY2VbP4hApt,499.0142857142857,525.2266666666667,499.0142857142857,543.2650778781424,433.67336666666665,440.03897,525.2266666666667,499.0142857142857,26.21238095238101,0.05252831773114629,0.05252831773114629,0.8131277317394211,142,False,WITHIN_THRESHOLD
2020-06-17 14:30:00,4136001,mqwcsP2rE7J0TFp,491.4666666666667,526.5533333333333,491.4666666666667,530.2873582840248,449.5708655677655,449.4396,526.5533333333333,491.4666666666667,35.08666666666659,0.07139175257731942,0.07139175257731942,1.0188512076579566,137,False,WITHIN_THRESHOLD
2020-06-17 14:30:00,4136001,oZ35aAeoifZaQzV,503.3133333333333,530.7666666666667,503.3133333333333,537.5866069754488,454.689606043956,465.56097,530.7666666666667,503.3133333333333,27.453333333333376,0.05454521371710143,0.05454521371710143,1.0,97,False,WITHIN_THRESHOLD
2020-06-17 14:30:00,4136001,oZZkBaNadn6DNKz,497.12000000000006,517.3933333333333,497.12000000000006,536.5388661230456,454.94328461538447,457.08746,517.3933333333333,497.12000000000006,20.273333333333255,0.040781568501233614,0.040781568501233614,1.1151183176572743,114,False,WITHIN_THRESHOLD
2020-06-17 14:30:00,4136001,q49J1IKaHRwDQnt,484.5266666666667,510.67142857142863,484.5266666666667,530.735700130633,450.09016556776544,449.4396,510.67142857142863,484.5266666666667,26.144761904761936,0.053959386971673934,0.053959386971673934,0.8617696945001074,143,False,WITHIN_THRESHOLD
2020-06-17 14:30:00,4136001,rrq4fwE8jgrTyWY,462.7666666666667,489.8428571428572,462.7666666666667,512.3574402584861,440.7182142857143,416.05484,489.8428571428572,462.7666666666667,27.076190476190504,0.05850937940543939,0.05850937940543939,1.0,135,False,WITHIN_THRESHOLD
2020-06-17 14:30:00,4136001,vOuJvMaM2sgwLmb,495.1571428571429,519.6533333333333,495.1571428571429,538.9034535618059,439.6451095238094,440.03897,519.6533333333333,495.1571428571429,24.496190476190407,0.04947154823384577,0.04947154823384577,0.7896224826398267,142,False,WITHIN_THRESHOLD
2020-06-17 14:30:00,4136001,xMbIugepa2P7lBB,490.7466666666666,521.4733333333331,490.7466666666666,532.0833427453852,450.45136318681296,449.4396,521.4733333333331,490.7466666666666,30.726666666666517,0.06261207411834997,0.06261207411834997,0.9823653995011609,129,False,WITHIN_THRESHOLD
2020-06-17 14:30:00,4136001,xoJJ8DcxJEcupym,498.44666666666666,517.5733333333335,498.44666666666666,543.1377958534679,449.9196393772893,457.08746,517.5733333333335,498.44666666666666,19.126666666666836,0.03837254403680802,0.03837254403680802,0.8195700732505016,143,False,WITHIN_THRESHOLD
2020-06-17 14:45:00,4136001,4UPUqMRk7TRMgml,530.9066666666665,576.3866666666665,530.9066666666665,495.5091041236519,477.7588690476195,523.78925,576.3866666666665,530.9066666666665,45.48000000000002,0.0856647747249988,0.0856647747249988,1.0,105,False,WITHIN_THRESHOLD
2020-06-17 14:45:00,4136001,81aHJ1q11NBPMrL,519.1466666666666,566.9399999999998,519.1466666666666,496.7349519691045,475.7710023809528,521.2902,566.9399999999998,519.1466666666666,47.79333333333318,0.09206133141565617,0.09206133141565617,0.7988725021368553,143,False,WITHIN_THRESHOLD
2020-06-17 14:45:00,4136001,9kRcWv60rDACzjR,514.2933333333334,557.5933333333334,514.2933333333334,491.2261882079444,471.5084357142862,519.4041,557.5933333333334,514.2933333333334,43.299999999999955,0.08419319713782009,0.08419319713782009,0.8376117177500583,127,False,WITHIN_THRESHOLD
2020-06-17 14:45:00,4136001,Et9kgGMDl729KT4,470.29333333333335,514.3933333333333,470.29333333333335,458.8460449161839,466.813397619048,499.80133,514.3933333333333,470.29333333333335,44.099999999999966,0.09377126332501694,0.09377126332501694,1.0,105,False,WITHIN_THRESHOLD
2020-06-17 14:45:00,4136001,IQ2d7wF4YD8zU1Q,526.7266666666666,560.45,526.7266666666666,493.0889177750418,474.0629690476195,535.8391,560.45,526.7266666666666,33.72333333333347,0.06402435165614072,0.06402435165614072,1.0,129,False,WITHIN_THRESHOLD
2020-06-17 14:45:00,4136001,LYwnQax7tkwH5Cb,491.45714285714286,526.9666666666666,491.45714285714286,475.2284480267336,468.1347238095241,496.47516,526.9666666666666,491.45714285714286,35.50952380952373,0.07225355115012677,0.07225355115012677,0.8540476989297716,143,False,WITHIN_THRESHOLD
2020-06-17 14:45:00,4136001,LlT2YUhhzqhg5Sw,507.0928571428572,547.7399999999999,507.0928571428572,487.0643335852442,468.0509428571433,511.58688,547.7399999999999,507.0928571428572,40.64714285714268,0.08015719859704443,0.08015719859704443,0.8849165458231198,127,False,WITHIN_THRESHOLD
2020-06-17 14:45:00,4136001,Mx2yZCDsyf6DPfv,528.92,575.5133333333333,528.92,497.002875254652,475.7722142857148,523.78925,575.5133333333333,528.92,46.59333333333336,0.08809145680506195,0.08809145680506195,1.0,96,False,WITHIN_THRESHOLD
2020-06-17 14:45:00,4136001,NgDl19wMapZy17u,525.9666666666668,558.9857142857142,525.9666666666668,492.5304526367168,473.3205214285719,519.4041,558.9857142857142,525.9666666666668,33.01904761904734,0.06277783310548324,0.06277783310548324,1.0,129,False,WITHIN_THRESHOLD
2020-06-17 14:45:00,4136001,PeE6FRyGXUgsRhN,507.86,556.68,507.86,488.443853012245,470.5908904761911,507.35434,556.68,507.86,48.819999999999936,0.09612885440869519,0.09612885440869519,1.0050898489883968,130,False,WITHIN_THRESHOLD
2020-06-17 14:45:00,4136001,Qf4GUc1pJu5T6c6,524.3666666666667,567.1866666666668,524.3666666666667,490.85252479714126,476.96089285714334,507.35434,567.1866666666668,524.3666666666667,42.820000000000164,0.08166041573962271,0.08166041573962271,1.0,91,False,WITHIN_THRESHOLD
2020-06-17 14:45:00,4136001,Quc1TzYxW2pYoWX,429.34,470.2533333333333,429.34,431.0053423456061,462.105835714286,496.71442,470.2533333333333,429.34,40.9133333333333,0.09529355134237039,0.09529355134237039,1.0,108,False,WITHIN_THRESHOLD
2020-06-17 14:45:00,4136001,V94E5Ben1TlhnDV,509.5266666666666,560.9266666666667,509.5266666666666,485.4765422315492,480.361554761905,476.02612,560.9266666666667,509.5266666666666,51.40000000000015,0.10087793900221151,0.10087793900221151,1.0842639735182622,98,False,WITHIN_THRESHOLD
2020-06-17 14:45:00,4136001,WcxssY2VbP4hApt,525.2266666666667,570.68,525.2266666666667,498.9978999161159,475.678721428572,541.3688,570.68,525.2266666666667,45.45333333333326,0.08654041429731911,0.08654041429731911,0.8131277317394211,142,False,WITHIN_THRESHOLD
2020-06-17 14:45:00,4136001,mqwcsP2rE7J0TFp,526.5533333333333,555.9785714285713,526.5533333333333,491.82167711111725,472.5242119047624,519.4041,555.9785714285713,526.5533333333333,29.425238095238,0.05588273064185585,0.05588273064185585,1.0188512076579566,137,False,WITHIN_THRESHOLD
2020-06-17 14:45:00,4136001,oZ35aAeoifZaQzV,530.7666666666667,578.3866666666668,530.7666666666667,498.4386437468592,476.79469047619097,523.78925,578.3866666666668,530.7666666666667,47.62000000000012,0.08971927400615484,0.08971927400615484,1.0,97,False,WITHIN_THRESHOLD
2020-06-17 14:45:00,4136001,oZZkBaNadn6DNKz,517.3933333333333,566.98,517.3933333333333,494.58924031440137,475.71765714285766,523.78925,566.98,517.3933333333333,49.5866666666667,0.09583940006957962,0.09583940006957962,1.1151183176572743,114,False,WITHIN_THRESHOLD
2020-06-17 14:45:00,4136001,q49J1IKaHRwDQnt,510.67142857142863,551.1266666666667,510.67142857142863,471.675349260881,471.5076214285718,481.39407,551.1266666666667,510.67142857142863,40.45523809523803,0.07921970142016566,0.07921970142016566,0.8617696945001074,143,False,WITHIN_THRESHOLD
2020-06-17 14:45:00,4136001,rrq4fwE8jgrTyWY,489.8428571428572,523.7133333333333,489.8428571428572,472.88123183164606,468.8367404761908,499.80133,523.7133333333333,489.8428571428572,33.87047619047604,0.06914559576929402,0.06914559576929402,1.0,135,False,WITHIN_THRESHOLD
2020-06-17 14:45:00,4136001,vOuJvMaM2sgwLmb,519.6533333333333,567.1466666666668,519.6533333333333,495.8064683073636,476.3275357142862,521.2902,567.1466666666668,519.6533333333333,47.49333333333345,0.09139426284189484,0.09139426284189484,0.7896224826398267,142,False,WITHIN_THRESHOLD
2020-06-17 14:45:00,4136001,xMbIugepa2P7lBB,521.4733333333331,557.4857142857144,521.4733333333331,490.8987745230481,472.82619047619096,519.4041,557.4857142857144,521.4733333333331,36.01238095238125,0.06905891183770585,0.06905891183770585,0.9823653995011609,129,False,WITHIN_THRESHOLD
2020-06-17 14:45:00,4136001,xoJJ8DcxJEcupym,517.5733333333335,566.9,517.5733333333335,496.385397291156,476.2513119047624,523.78925,566.9,517.5733333333335,49.32666666666648,0.09530372507599529,0.09530372507599529,0.8195700732505016,143,False,WITHIN_THRESHOLD
2020-06-17 15:00:00,4136001,4UPUqMRk7TRMgml,576.3866666666665,611.5785714285713,576.3866666666665,547.4721327557062,450.79365714285706,426.78644,611.5785714285713,576.3866666666665,35.191904761904766,0.06105607016453904,0.06105607016453904,1.0,105,False,WITHIN_THRESHOLD
2020-06-17 15:00:00,4136001,81aHJ1q11NBPMrL,566.9399999999998,581.6466666666668,566.9399999999998,540.3089925659922,450.82441904761896,419.04944,581.6466666666668,566.9399999999998,14.706666666666933,0.025940428734375662,0.025940428734375662,0.7988725021368553,143,False,WITHIN_THRESHOLD
2020-06-17 15:00:00,4136001,9kRcWv60rDACzjR,557.5933333333334,564.5400000000001,557.5933333333334,538.0412766340528,452.1336119047618,421.4104,564.5400000000001,557.5933333333334,6.946666666666715,0.012458302944798565,0.012458302944798565,0.8376117177500583,127,False,WITHIN_THRESHOLD
2020-06-17 15:00:00,4136001,Et9kgGMDl729KT4,514.3933333333333,568.8571428571429,514.3933333333333,502.1031882865687,455.9260499999999,476.6131,568.8571428571429,514.3933333333333,54.46380952380957,0.10587969554519157,0.10587969554519157,1.0,105,False,WITHIN_THRESHOLD
2020-06-17 15:00:00,4136001,IQ2d7wF4YD8zU1Q,560.45,571.5266666666668,560.45,546.5211561340038,451.1431238095237,421.16284,571.5266666666668,560.45,11.07666666666671,0.019763880215303255,0.019763880215303255,1.0,129,False,WITHIN_THRESHOLD
2020-06-17 15:00:00,4136001,LYwnQax7tkwH5Cb,526.9666666666666,523.3333333333333,526.9666666666666,519.7960566767564,459.8159904761904,444.25037,523.3333333333333,526.9666666666666,-3.6333333333333258,-0.006894806755645505,0.006894806755645505,0.8540476989297716,143,False,WITHIN_THRESHOLD
2020-06-17 15:00:00,4136001,LlT2YUhhzqhg5Sw,547.7399999999999,552.8600000000001,547.7399999999999,531.0550731097869,454.0786142857142,434.65677,552.8600000000001,547.7399999999999,5.120000000000232,0.009347500638989727,0.009347500638989727,0.8849165458231198,127,False,WITHIN_THRESHOLD
2020-06-17 15:00:00,4136001,Mx2yZCDsyf6DPfv,575.5133333333333,614.4714285714288,575.5133333333333,547.2788797582934,450.7397952380952,426.06442,614.4714285714288,575.5133333333333,38.95809523809544,0.0676927761385698,0.0676927761385698,1.0,96,False,WITHIN_THRESHOLD
2020-06-17 15:00:00,4136001,NgDl19wMapZy17u,558.9857142857142,567.9933333333332,558.9857142857142,546.0253580022986,451.3784904761904,421.16284,567.9933333333332,558.9857142857142,9.007619047619073,0.016114220484380774,0.016114220484380774,1.0,129,False,WITHIN_THRESHOLD
2020-06-17 15:00:00,4136001,PeE6FRyGXUgsRhN,556.68,575.6533333333335,556.68,532.3670918528107,449.49511428571424,421.4104,575.6533333333335,556.68,18.973333333333585,0.03408301597566571,0.03408301597566571,1.0050898489883968,130,False,WITHIN_THRESHOLD
2020-06-17 15:00:00,4136001,Qf4GUc1pJu5T6c6,567.1866666666668,592.5071428571429,567.1866666666668,544.4519780756948,449.6847499999999,428.42538,592.5071428571429,567.1866666666668,25.32047619047603,0.044642227468574755,0.044642227468574755,1.0,91,False,WITHIN_THRESHOLD
2020-06-17 15:00:00,4136001,Quc1TzYxW2pYoWX,470.2533333333333,527.6714285714285,470.2533333333333,471.7191156604876,459.936561904762,460.2314,527.6714285714285,470.2533333333333,57.41809523809519,0.12210034712799171,0.12210034712799171,1.0,108,False,WITHIN_THRESHOLD
2020-06-17 15:00:00,4136001,V94E5Ben1TlhnDV,560.9266666666667,592.8133333333334,560.9266666666667,532.0092701189876,450.8603999999999,421.16284,592.8133333333334,560.9266666666667,31.886666666666656,0.05684640891857519,0.05684640891857519,1.0842639735182622,98,False,WITHIN_THRESHOLD
2020-06-17 15:00:00,4136001,WcxssY2VbP4hApt,570.68,581.2466666666668,570.68,545.0498632803346,450.91366190476185,424.5745,581.2466666666668,570.68,10.566666666666833,0.01851592252517494,0.01851592252517494,0.8131277317394211,142,False,WITHIN_THRESHOLD
2020-06-17 15:00:00,4136001,mqwcsP2rE7J0TFp,555.9785714285713,560.44,555.9785714285713,546.8555695314136,451.3820309523809,421.16284,560.44,555.9785714285713,4.461428571428769,0.008024461374410985,0.008024461374410985,1.0188512076579566,137,False,WITHIN_THRESHOLD
2020-06-17 15:00:00,4136001,oZ35aAeoifZaQzV,578.3866666666668,618.7214285714284,578.3866666666668,548.6882523570227,449.9487738095238,426.09457,618.7214285714284,578.3866666666668,40.33476190476165,0.06973667311042493,0.06973667311042493,1.0,97,False,WITHIN_THRESHOLD
2020-06-17 15:00:00,4136001,oZZkBaNadn6DNKz,566.98,600.0000000000001,566.98,539.2373978519463,451.0468642857142,424.5745,600.0000000000001,566.98,33.020000000000095,0.05823838583371564,0.05823838583371564,1.1151183176572743,114,False,WITHIN_THRESHOLD
2020-06-17 15:00:00,4136001,q49J1IKaHRwDQnt,551.1266666666667,554.5200000000001,551.1266666666667,533.5555950381456,453.9971928571428,434.65677,554.5200000000001,551.1266666666667,3.3933333333334303,0.006157084275847229,0.006157084275847229,0.8617696945001074,143,False,WITHIN_THRESHOLD
2020-06-17 15:00:00,4136001,rrq4fwE8jgrTyWY,523.7133333333333,514.52,523.7133333333333,518.5870134058634,459.8985309523807,444.25037,514.52,523.7133333333333,-9.193333333333271,-0.017554132667998917,0.017554132667998917,1.0,135,False,WITHIN_THRESHOLD
2020-06-17 15:00:00,4136001,vOuJvMaM2sgwLmb,567.1466666666668,584.9933333333332,567.1466666666668,540.6033483369633,450.71683095238086,419.04944,584.9933333333332,567.1466666666668,17.846666666666465,0.03146746285499306,0.03146746285499306,0.7896224826398267,142,False,WITHIN_THRESHOLD
2020-06-17 15:00:00,4136001,xMbIugepa2P7lBB,557.4857142857144,564.9466666666666,557.4857142857144,542.2682820039083,452.6851404761903,421.16284,564.9466666666666,557.4857142857144,7.460952380952222,0.0133832171655047,0.0133832171655047,0.9823653995011609,129,False,WITHIN_THRESHOLD
2020-06-17 15:00:00,4136001,xoJJ8DcxJEcupym,566.9,585.5733333333333,566.9,539.685360891026,451.0912857142856,419.04944,585.5733333333333,566.9,18.67333333333329,0.032939377903216244,0.032939377903216244,0.8195700732505016,143,False,WITHIN_THRESHOLD
2020-06-17 15:15:00,4136001,4UPUqMRk7TRMgml,611.5785714285713,384.66,611.5785714285713,558.7044965465537,493.3606666666669,468.19858,384.66,611.5785714285713,-226.91857142857128,-0.37103747912311213,0.37103747912311213,1.0,105,False,WITHIN_THRESHOLD
2020-06-17 15:15:00,4136001,81aHJ1q11NBPMrL,581.6466666666668,360.24285714285713,581.6466666666668,549.946262013406,493.75173095238114,459.09525,360.24285714285713,581.6466666666668,-221.40380952380963,-0.38065001006993293,0.38065001006993293,0.7988725021368553,143,False,WITHIN_THRESHOLD
2020-06-17 15:15:00,4136001,9kRcWv60rDACzjR,564.5400000000001,355.8428571428572,564.5400000000001,544.472786597303,493.7505214285717,458.42203,355.8428571428572,564.5400000000001,-208.69714285714286,-0.36967644959992707,0.36967644959992707,0.8376117177500583,127,False,WITHIN_THRESHOLD
2020-06-17 15:15:00,4136001,Et9kgGMDl729KT4,568.8571428571429,344.06,568.8571428571429,508.9606493473602,502.6726142857144,451.0272,344.06,568.8571428571429,-224.7971428571429,-0.39517327975891514,0.39517327975891514,1.0,105,False,WITHIN_THRESHOLD
2020-06-17 15:15:00,4136001,IQ2d7wF4YD8zU1Q,571.5266666666668,370.5,571.5266666666668,548.3558597669316,492.6959142857144,459.09525,370.5,571.5266666666668,-201.02666666666676,-0.35173628527102857,0.35173628527102857,1.0,129,False,WITHIN_THRESHOLD
2020-06-17 15:15:00,4136001,LYwnQax7tkwH5Cb,523.3333333333333,337.40666666666664,523.3333333333333,521.9511149659369,491.3307904761906,451.0272,337.40666666666664,523.3333333333333,-185.92666666666662,-0.35527388535031845,0.35527388535031845,0.8540476989297716,143,False,WITHIN_THRESHOLD
2020-06-17 15:15:00,4136001,LlT2YUhhzqhg5Sw,552.8600000000001,348.56,552.8600000000001,537.3506320213769,495.5219642857144,453.94873,348.56,552.8600000000001,-204.30000000000013,-0.3695329739897986,0.3695329739897986,0.8849165458231198,127,False,WITHIN_THRESHOLD
2020-06-17 15:15:00,4136001,Mx2yZCDsyf6DPfv,614.4714285714288,381.9733333333334,614.4714285714288,556.9812401437309,493.821066666667,459.09525,381.9733333333334,614.4714285714288,-232.49809523809535,-0.3783708801215137,0.3783708801215137,1.0,96,False,WITHIN_THRESHOLD
2020-06-17 15:15:00,4136001,NgDl19wMapZy17u,567.9933333333332,370.4066666666666,567.9933333333332,547.3808697252375,492.57494761904775,459.09525,370.4066666666666,567.9933333333332,-197.58666666666664,-0.34786793272221506,0.34786793272221506,1.0,129,False,WITHIN_THRESHOLD
2020-06-17 15:15:00,4136001,PeE6FRyGXUgsRhN,575.6533333333335,358.21428571428567,575.6533333333335,542.1615605940915,494.6587785714288,458.3235,358.21428571428567,575.6533333333335,-217.43904761904787,-0.3777256814617266,0.3777256814617266,1.0050898489883968,130,False,WITHIN_THRESHOLD
2020-06-17 15:15:00,4136001,Qf4GUc1pJu5T6c6,592.5071428571429,383.46,592.5071428571429,551.5871595155495,492.4468476190477,459.09525,383.46,592.5071428571429,-209.0471428571429,-0.3528179286566769,0.3528179286566769,1.0,91,False,WITHIN_THRESHOLD
2020-06-17 15:15:00,4136001,Quc1TzYxW2pYoWX,527.6714285714285,318.9866666666666,527.6714285714285,475.1083823764057,497.5762880952384,466.44675,318.9866666666666,527.6714285714285,-208.68476190476184,-0.3954823979568815,0.3954823979568815,1.0,108,False,WITHIN_THRESHOLD
2020-06-17 15:15:00,4136001,V94E5Ben1TlhnDV,592.8133333333334,360.53571428571433,592.8133333333334,545.3565874325795,494.48997142857166,458.3235,360.53571428571433,592.8133333333334,-232.27761904761905,-0.3918225282510836,0.3918225282510836,1.0842639735182622,98,False,WITHIN_THRESHOLD
2020-06-17 15:15:00,4136001,WcxssY2VbP4hApt,581.2466666666668,367.44999999999993,581.2466666666668,553.2148016999288,493.2959000000001,459.09525,367.44999999999993,581.2466666666668,-213.79666666666685,-0.3678243316090704,0.3678243316090704,0.8131277317394211,142,False,WITHIN_THRESHOLD
2020-06-17 15:15:00,4136001,mqwcsP2rE7J0TFp,560.44,374.7533333333333,560.44,545.744142626857,491.0840071428573,459.09525,374.7533333333333,560.44,-185.68666666666678,-0.33132300811267357,0.33132300811267357,1.0188512076579566,137,False,WITHIN_THRESHOLD
2020-06-17 15:15:00,4136001,oZ35aAeoifZaQzV,618.7214285714284,383.12,618.7214285714284,558.9330899057345,493.1511761904764,468.19858,383.12,618.7214285714284,-235.60142857142841,-0.38078756883434717,0.38078756883434717,1.0,97,False,WITHIN_THRESHOLD
2020-06-17 15:15:00,4136001,oZZkBaNadn6DNKz,600.0000000000001,369.1428571428572,600.0000000000001,549.384593807245,494.4767380952384,458.42203,369.1428571428572,600.0000000000001,-230.8571428571429,-0.38476190476190475,0.38476190476190475,1.1151183176572743,114,False,WITHIN_THRESHOLD
2020-06-17 15:15:00,4136001,q49J1IKaHRwDQnt,554.5200000000001,354.5533333333333,554.5200000000001,539.7266365466039,495.2169000000002,458.42203,354.5533333333333,554.5200000000001,-199.9666666666668,-0.360612181105581,0.360612181105581,0.8617696945001074,143,False,WITHIN_THRESHOLD
2020-06-17 15:15:00,4136001,rrq4fwE8jgrTyWY,514.52,338.67333333333335,514.52,519.5506014578273,490.4934642857144,451.0272,338.67333333333335,514.52,-175.84666666666664,-0.3417683795900386,0.3417683795900386,1.0,135,False,WITHIN_THRESHOLD
2020-06-17 15:15:00,4136001,vOuJvMaM2sgwLmb,584.9933333333332,364.4357142857143,584.9933333333332,549.9365545267358,493.5367142857144,459.09525,364.4357142857143,584.9933333333332,-220.5576190476189,-0.3770258676126548,0.3770258676126548,0.7896224826398267,142,False,WITHIN_THRESHOLD
2020-06-17 15:15:00,4136001,xMbIugepa2P7lBB,564.9466666666666,363.36666666666656,564.9466666666666,545.5772873965284,493.1255880952383,459.09525,363.36666666666656,564.9466666666666,-201.58000000000004,-0.35681244247244587,0.35681244247244587,0.9823653995011609,129,False,WITHIN_THRESHOLD
2020-06-17 15:15:00,4136001,xoJJ8DcxJEcupym,585.5733333333333,358.0357142857142,585.5733333333333,550.1266006642672,494.3822809523813,458.3235,358.0357142857142,585.5733333333333,-227.53761904761905,-0.388572371887869,0.388572371887869,0.8195700732505016,143,False,WITHIN_THRESHOLD
2020-06-17 15:30:00,4136001,4UPUqMRk7TRMgml,384.66,337.73999999999995,384.66,531.479257214216,364.6274928571432,330.0994,337.73999999999995,384.66,-46.92000000000007,-0.12197785056933413,0.12197785056933413,1.0,105,False,WITHIN_THRESHOLD
2020-06-17 15:30:00,4136001,81aHJ1q11NBPMrL,360.24285714285713,327.0,360.24285714285713,505.24205225738416,350.1596214285717,310.42633,327.0,360.24285714285713,-33.24285714285713,-0.09227901812269498,0.09227901812269498,0.7988725021368553,143,False,WITHIN_THRESHOLD
2020-06-17 15:30:00,4136001,9kRcWv60rDACzjR,355.8428571428572,323.5866666666667,355.8428571428572,493.7293578781482,324.38259047619067,276.31906,323.5866666666667,355.8428571428572,-32.25619047619051,-0.09064728946699327,0.09064728946699327,0.8376117177500583,127,False,WITHIN_THRESHOLD
2020-06-17 15:30:00,4136001,Et9kgGMDl729KT4,344.06,300.32666666666665,344.06,495.6492873206191,343.84546190476215,297.98874,300.32666666666665,344.06,-43.73333333333335,-0.1271096126644578,0.1271096126644578,1.0,105,False,WITHIN_THRESHOLD
2020-06-17 15:30:00,4136001,IQ2d7wF4YD8zU1Q,370.5,330.76,370.5,503.6553504229439,358.6569666666667,279.2562,330.76,370.5,-39.74000000000001,-0.10726045883940623,0.10726045883940623,1.0,129,False,WITHIN_THRESHOLD
2020-06-17 15:30:00,4136001,LYwnQax7tkwH5Cb,337.40666666666664,307.62,337.40666666666664,464.387387033582,311.48561428571463,243.55064,307.62,337.40666666666664,-29.786666666666633,-0.08828120369089715,0.08828120369089715,0.8540476989297716,143,False,WITHIN_THRESHOLD
2020-06-17 15:30:00,4136001,LlT2YUhhzqhg5Sw,348.56,318.88000000000005,348.56,485.8803465852564,310.16826904761933,245.82845,318.88000000000005,348.56,-29.67999999999995,-0.0851503327977965,0.0851503327977965,0.8849165458231198,127,False,WITHIN_THRESHOLD
2020-06-17 15:30:00,4136001,Mx2yZCDsyf6DPfv,381.9733333333334,336.22666666666663,381.9733333333334,532.4725133962631,360.5224357142861,328.6715,336.22666666666663,381.9733333333334,-45.74666666666678,-0.11976403239318655,0.11976403239318655,1.0,96,False,WITHIN_THRESHOLD
2020-06-17 15:30:00,4136001,NgDl19wMapZy17u,370.4066666666666,330.4933333333333,370.4066666666666,501.287128933098,352.6767690476191,275.8997,330.4933333333333,370.4066666666666,-39.9133333333333,-0.10775543996688318,0.10775543996688318,1.0,129,False,WITHIN_THRESHOLD
2020-06-17 15:30:00,4136001,PeE6FRyGXUgsRhN,358.21428571428567,321.61999999999995,358.21428571428567,502.1281203121495,349.91982619047644,307.06982,321.61999999999995,358.21428571428567,-36.59428571428572,-0.10215752741774678,0.10215752741774678,1.0050898489883968,130,False,WITHIN_THRESHOLD
2020-06-17 15:30:00,4136001,Qf4GUc1pJu5T6c6,383.46,335.4,383.46,516.9692383302511,359.15600952381,311.4347,335.4,383.46,-48.06,-0.12533249882647474,0.12533249882647474,1.0,91,False,WITHIN_THRESHOLD
2020-06-17 15:30:00,4136001,Quc1TzYxW2pYoWX,318.9866666666666,275.8533333333333,318.9866666666666,464.0274747553108,312.0284857142857,279.3522,275.8533333333333,318.9866666666666,-43.133333333333326,-0.13521986289918073,0.13521986289918073,1.0,108,False,WITHIN_THRESHOLD
2020-06-17 15:30:00,4136001,V94E5Ben1TlhnDV,360.53571428571433,325.3,360.53571428571433,514.1376625967698,352.8009452380956,317.83472,325.3,360.53571428571433,-35.23571428571432,-0.09773155027241218,0.09773155027241218,1.0842639735182622,98,False,WITHIN_THRESHOLD
2020-06-17 15:30:00,4136001,WcxssY2VbP4hApt,367.44999999999993,331.62666666666667,367.44999999999993,506.3586843657892,352.39600476190515,306.25992,331.62666666666667,367.44999999999993,-35.82333333333327,-0.09749172222978167,0.09749172222978167,0.8131277317394211,142,False,WITHIN_THRESHOLD
2020-06-17 15:30:00,4136001,mqwcsP2rE7J0TFp,374.7533333333333,332.3933333333334,374.7533333333333,495.8705859184143,324.6872619047617,246.19624,332.3933333333334,374.7533333333333,-42.3599999999999,-0.1130343514845318,0.1130343514845318,1.0188512076579566,137,False,WITHIN_THRESHOLD
2020-06-17 15:30:00,4136001,oZ35aAeoifZaQzV,383.12,337.9,383.12,535.4304386445685,360.80860952381,328.6715,337.9,383.12,-45.22000000000003,-0.1180309041553561,0.1180309041553561,1.0,97,False,WITHIN_THRESHOLD
2020-06-17 15:30:00,4136001,oZZkBaNadn6DNKz,369.1428571428572,331.28666666666663,369.1428571428572,519.952701944134,355.8522738095242,313.6683,331.28666666666663,369.1428571428572,-37.85619047619059,-0.10255159958720358,0.10255159958720358,1.1151183176572743,114,False,WITHIN_THRESHOLD
2020-06-17 15:30:00,4136001,q49J1IKaHRwDQnt,354.5533333333333,321.88666666666666,354.5533333333333,488.4051460856471,314.0446142857145,245.49074,321.88666666666666,354.5533333333333,-32.66666666666663,-0.09213470469886985,0.09213470469886985,0.8617696945001074,143,False,WITHIN_THRESHOLD
2020-06-17 15:30:00,4136001,rrq4fwE8jgrTyWY,338.67333333333335,306.94,338.67333333333335,458.1984825514023,309.47264523809554,241.79039,306.94,338.67333333333335,-31.73333333333335,-0.09369894293419424,0.09369894293419424,1.0,135,False,WITHIN_THRESHOLD
2020-06-17 15:30:00,4136001,vOuJvMaM2sgwLmb,364.4357142857143,328.6,364.4357142857143,508.3229211010009,353.15103095238135,307.72052,328.6,364.4357142857143,-35.83571428571429,-0.09833205934811157,0.09833205934811157,0.7896224826398267,142,False,WITHIN_THRESHOLD
2020-06-17 15:30:00,4136001,xMbIugepa2P7lBB,363.36666666666656,326.6866666666667,363.36666666666656,497.8133669702741,332.06762142857144,275.8997,326.6866666666667,363.36666666666656,-36.679999999999836,-0.1009448674433534,0.1009448674433534,0.9823653995011609,129,False,WITHIN_THRESHOLD
2020-06-17 15:30:00,4136001,xoJJ8DcxJEcupym,358.0357142857142,325.64666666666665,358.0357142857142,508.8349107133842,353.50312380952414,310.42633,325.64666666666665,358.0357142857142,-32.389047619047574,-0.09046317539484611,0.09046317539484611,0.8195700732505016,143,False,WITHIN_THRESHOLD
2020-06-17 15:45:00,4136001,4UPUqMRk7TRMgml,337.73999999999995,306.2,337.73999999999995,374.0674404197287,309.4770595238095,296.12616,306.2,337.73999999999995,-31.539999999999964,-0.0933854444247053,0.0933854444247053,1.0,105,False,WITHIN_THRESHOLD
2020-06-17 15:45:00,4136001,81aHJ1q11NBPMrL,327.0,298.8866666666667,327.0,351.652162683794,367.1097571428571,299.18347,298.8866666666667,327.0,-28.113333333333287,-0.08597349643221189,0.08597349643221189,0.7988725021368553,143,False,WITHIN_THRESHOLD
2020-06-17 15:45:00,4136001,9kRcWv60rDACzjR,323.5866666666667,296.71333333333337,323.5866666666667,349.6592727894578,373.61943333333335,323.9313,296.71333333333337,323.5866666666667,-26.873333333333335,-0.08304833326465862,0.08304833326465862,0.8376117177500583,127,False,WITHIN_THRESHOLD
2020-06-17 15:45:00,4136001,Et9kgGMDl729KT4,300.32666666666665,272.3533333333333,300.32666666666665,337.54978231931494,366.242854029304,323.1907,272.3533333333333,300.32666666666665,-27.973333333333358,-0.09314302204266474,0.09314302204266474,1.0,105,False,WITHIN_THRESHOLD
2020-06-17 15:45:00,4136001,IQ2d7wF4YD8zU1Q,330.76,301.6466666666667,330.76,361.8353838227043,340.46339047619057,317.44937,301.6466666666667,330.76,-29.113333333333287,-0.08801951062200172,0.08801951062200172,1.0,129,False,WITHIN_THRESHOLD
2020-06-17 15:45:00,4136001,LYwnQax7tkwH5Cb,307.62,281.47857142857146,307.62,332.11286212944617,401.8070690476191,331.4027,281.47857142857146,307.62,-26.14142857142855,-0.08497961306621334,0.08497961306621334,0.8540476989297716,143,False,WITHIN_THRESHOLD
2020-06-17 15:45:00,4136001,LlT2YUhhzqhg5Sw,318.88000000000005,291.70714285714286,318.88000000000005,341.4641595115339,372.76085641025634,305.00137,291.70714285714286,318.88000000000005,-27.172857142857197,-0.08521342556089184,0.08521342556089184,0.8849165458231198,127,False,WITHIN_THRESHOLD
2020-06-17 15:45:00,4136001,Mx2yZCDsyf6DPfv,336.22666666666663,305.25333333333333,336.22666666666663,371.00603723537137,311.5377095238095,295.4423,305.25333333333333,336.22666666666663,-30.9733333333333,-0.09212039497164602,0.09212039497164602,1.0,96,False,WITHIN_THRESHOLD
2020-06-17 15:45:00,4136001,NgDl19wMapZy17u,330.4933333333333,301.6066666666666,330.4933333333333,361.998734234185,336.97387619047623,317.44937,301.6066666666666,330.4933333333333,-28.886666666666656,-0.08740468794125951,0.08740468794125951,1.0,129,False,WITHIN_THRESHOLD
2020-06-17 15:45:00,4136001,PeE6FRyGXUgsRhN,321.61999999999995,293.01333333333326,321.61999999999995,350.9221951055007,372.9576880952381,324.09058,293.01333333333326,321.61999999999995,-28.606666666666683,-0.0889455465041561,0.0889455465041561,1.0050898489883968,130,False,WITHIN_THRESHOLD
2020-06-17 15:45:00,4136001,Qf4GUc1pJu5T6c6,335.4,304.25333333333333,335.4,373.64483428157695,300.7942428571428,293.69617,304.25333333333333,335.4,-31.146666666666647,-0.09286424170145095,0.09286424170145095,1.0,91,False,WITHIN_THRESHOLD
2020-06-17 15:45:00,4136001,Quc1TzYxW2pYoWX,275.8533333333333,249.82666666666665,275.8533333333333,316.6817747792319,398.462383333333,348.14557,249.82666666666665,275.8533333333333,-26.026666666666642,-0.09434965440572277,0.09434965440572277,1.0,108,False,WITHIN_THRESHOLD
2020-06-17 15:45:00,4136001,V94E5Ben1TlhnDV,325.3,295.7533333333334,325.3,353.9195820608547,367.5261380952381,324.09058,295.7533333333334,325.3,-29.546666666666624,-0.09082897837893214,0.09082897837893214,1.0842639735182622,98,False,WITHIN_THRESHOLD
2020-06-17 15:45:00,4136001,WcxssY2VbP4hApt,331.62666666666667,303.4,331.62666666666667,356.9578198855167,348.7957595238097,297.03333,303.4,331.62666666666667,-28.226666666666688,-0.0851157928594404,0.0851157928594404,0.8131277317394211,142,False,WITHIN_THRESHOLD
2020-06-17 15:45:00,4136001,mqwcsP2rE7J0TFp,332.3933333333334,282.34666666666664,332.3933333333334,366.316476563061,304.66900952380934,293.69617,282.34666666666664,332.3933333333334,-50.04666666666674,-0.1505645921498628,0.1505645921498628,1.0188512076579566,137,False,WITHIN_THRESHOLD
2020-06-17 15:45:00,4136001,oZ35aAeoifZaQzV,337.9,306.8066666666667,337.9,372.1518224660243,313.3210309523809,295.4423,306.8066666666667,337.9,-31.093333333333305,-0.09201933510900653,0.09201933510900653,1.0,97,False,WITHIN_THRESHOLD
2020-06-17 15:45:00,4136001,oZZkBaNadn6DNKz,331.28666666666663,300.2866666666667,331.28666666666663,360.07443076587225,342.8353380952383,322.46503,300.2866666666667,331.28666666666663,-30.999999999999943,-0.09357454772301918,0.09357454772301918,1.1151183176572743,114,False,WITHIN_THRESHOLD
2020-06-17 15:45:00,4136001,q49J1IKaHRwDQnt,321.88666666666666,294.1428571428572,321.88666666666666,346.0941218677892,372.4777595238095,304.3584,294.1428571428572,321.88666666666666,-27.743809523809432,-0.08619123560200101,0.08619123560200101,0.8617696945001074,143,False,WITHIN_THRESHOLD
2020-06-17 15:45:00,4136001,rrq4fwE8jgrTyWY,306.94,280.8642857142857,306.94,332.84714046379526,381.88228498168496,323.1613,280.8642857142857,306.94,-26.075714285714298,-0.0849537834290555,0.0849537834290555,1.0,135,False,WITHIN_THRESHOLD
2020-06-17 15:45:00,4136001,vOuJvMaM2sgwLmb,328.6,299.99333333333334,328.6,355.10374539779684,352.5808261904764,297.7172,299.99333333333334,328.6,-28.606666666666683,-0.08705619801176714,0.08705619801176714,0.7896224826398267,142,False,WITHIN_THRESHOLD
2020-06-17 15:45:00,4136001,xMbIugepa2P7lBB,326.6866666666667,298.46666666666664,326.6866666666667,355.64814458610203,361.72446904761927,322.46503,298.46666666666664,326.6866666666667,-28.220000000000084,-0.08638246637960965,0.08638246637960965,0.9823653995011609,129,False,WITHIN_THRESHOLD
2020-06-17 15:45:00,4136001,xoJJ8DcxJEcupym,325.64666666666665,296.8533333333333,325.64666666666665,351.46055492324354,368.9963142857143,324.09058,296.8533333333333,325.64666666666665,-28.79333333333335,-0.08841894077425436,0.08841894077425436,0.8195700732505016,143,False,WITHIN_THRESHOLD
2020-06-17 16:00:00,4136001,4UPUqMRk7TRMgml,306.2,299.25333333333333,306.2,306.6977519526424,281.90631904761904,296.75912,299.25333333333333,306.2,-6.946666666666658,-0.022686697147833633,0.022686697147833633,1.0,105,False,WITHIN_THRESHOLD
2020-06-17 16:00:00,4136001,81aHJ1q11NBPMrL,298.8866666666667,294.2333333333333,298.8866666666667,293.66135713830914,278.50402857142825,299.30112,294.2333333333333,298.8866666666667,-4.653333333333421,-0.015568888988022507,0.015568888988022507,0.7988725021368553,143,False,WITHIN_THRESHOLD
2020-06-17 16:00:00,4136001,9kRcWv60rDACzjR,296.71333333333337,294.18,296.71333333333337,290.8121451239337,274.12579999999963,299.30112,294.18,296.71333333333337,-2.53333333333336,-0.008537982789224255,0.008537982789224255,0.8376117177500583,127,False,WITHIN_THRESHOLD
2020-06-17 16:00:00,4136001,Et9kgGMDl729KT4,272.3533333333333,263.79999999999995,272.3533333333333,277.1852932941156,264.32530476190453,308.9054,263.79999999999995,272.3533333333333,-8.553333333333342,-0.03140528235380514,0.03140528235380514,1.0,105,False,WITHIN_THRESHOLD
2020-06-17 16:00:00,4136001,IQ2d7wF4YD8zU1Q,301.6466666666667,300.90714285714284,301.6466666666667,298.5145918156857,276.829564285714,299.95316,300.90714285714284,301.6466666666667,-0.7395238095238597,-0.002451622680588303,0.002451622680588303,1.0,129,False,WITHIN_THRESHOLD
2020-06-17 16:00:00,4136001,LYwnQax7tkwH5Cb,281.47857142857146,281.66666666666663,281.47857142857146,279.77025363869404,261.7966813186812,308.9054,281.66666666666663,281.47857142857146,0.1880952380951726,0.0006682399912026838,0.0006682399912026838,0.8540476989297716,143,False,WITHIN_THRESHOLD
2020-06-17 16:00:00,4136001,LlT2YUhhzqhg5Sw,291.70714285714286,291.88000000000005,291.70714285714286,288.5032360125381,269.41924285714265,309.31146,291.88000000000005,291.70714285714286,0.17285714285719678,0.0005925708269058388,0.0005925708269058388,0.8849165458231198,127,False,WITHIN_THRESHOLD
2020-06-17 16:00:00,4136001,Mx2yZCDsyf6DPfv,305.25333333333333,298.8533333333334,305.25333333333333,303.5519006219913,279.4390761904761,299.95316,298.8533333333334,305.25333333333333,-6.39999999999992,-0.020966192015374946,0.020966192015374946,1.0,96,False,WITHIN_THRESHOLD
2020-06-17 16:00:00,4136001,NgDl19wMapZy17u,301.6066666666666,301.1571428571429,301.6066666666666,298.26439580567967,275.09284047619013,299.95316,301.1571428571429,301.6066666666666,-0.4495238095237255,-0.001490430614455004,0.001490430614455004,1.0,129,False,WITHIN_THRESHOLD
2020-06-17 16:00:00,4136001,PeE6FRyGXUgsRhN,293.01333333333326,287.0933333333333,293.01333333333326,289.8337300779222,273.94202380952345,299.30112,287.0933333333333,293.01333333333326,-5.919999999999959,-0.020203858755005327,0.020203858755005327,1.0050898489883968,130,False,WITHIN_THRESHOLD
2020-06-17 16:00:00,4136001,Qf4GUc1pJu5T6c6,304.25333333333333,297.18666666666667,304.25333333333333,302.9005066875453,282.7160619047618,296.75912,297.18666666666667,304.25333333333333,-7.066666666666663,-0.02322625881940487,0.02322625881940487,1.0,91,False,WITHIN_THRESHOLD
2020-06-17 16:00:00,4136001,Quc1TzYxW2pYoWX,249.82666666666665,240.89333333333337,249.82666666666665,258.601474523318,261.2349857142854,304.81577,240.89333333333337,249.82666666666665,-8.93333333333328,-0.035758125633772536,0.035758125633772536,1.0,108,False,WITHIN_THRESHOLD
2020-06-17 16:00:00,4136001,V94E5Ben1TlhnDV,295.7533333333334,289.72666666666663,295.7533333333334,294.43556729826315,277.14049761904727,299.30112,289.72666666666663,295.7533333333334,-6.026666666666756,-0.020377341478259207,0.020377341478259207,1.0842639735182622,98,False,WITHIN_THRESHOLD
2020-06-17 16:00:00,4136001,WcxssY2VbP4hApt,303.4,298.96000000000004,303.4,297.3881718481789,278.04020476190453,300.75458,298.96000000000004,303.4,-4.439999999999941,-0.014634146341463221,0.014634146341463221,0.8131277317394211,142,False,WITHIN_THRESHOLD
2020-06-17 16:00:00,4136001,mqwcsP2rE7J0TFp,282.34666666666664,302.08571428571435,282.34666666666664,299.91132198492915,275.27095952380927,299.95316,302.08571428571435,282.34666666666664,19.73904761904771,0.06991068055480631,0.06991068055480631,1.0188512076579566,137,False,WITHIN_THRESHOLD
2020-06-17 16:00:00,4136001,oZ35aAeoifZaQzV,306.8066666666667,299.7066666666667,306.8066666666667,304.7962402791653,280.7100826007325,285.26398,299.7066666666667,306.8066666666667,-7.099999999999966,-0.02314160926533528,0.02314160926533528,1.0,97,False,WITHIN_THRESHOLD
2020-06-17 16:00:00,4136001,oZZkBaNadn6DNKz,300.2866666666667,293.44666666666666,300.2866666666667,297.5832086676154,277.1118166666664,300.75458,293.44666666666666,300.2866666666667,-6.840000000000032,-0.02277823413182969,0.02277823413182969,1.1151183176572743,114,False,WITHIN_THRESHOLD
2020-06-17 16:00:00,4136001,q49J1IKaHRwDQnt,294.1428571428572,292.06666666666666,294.1428571428572,291.22423025386223,271.4527761904759,315.18594,292.06666666666666,294.1428571428572,-2.076190476190561,-0.007058442609681362,0.007058442609681362,0.8617696945001074,143,False,WITHIN_THRESHOLD
2020-06-17 16:00:00,4136001,rrq4fwE8jgrTyWY,280.8642857142857,281.66,280.8642857142857,279.2368930233772,261.18652893772884,308.9054,281.66,280.8642857142857,0.7957142857143253,0.0028330917321534436,0.0028330917321534436,1.0,135,False,WITHIN_THRESHOLD
2020-06-17 16:00:00,4136001,vOuJvMaM2sgwLmb,299.99333333333334,294.96,299.99333333333334,295.3259060143068,278.03860238095206,299.30112,294.96,299.99333333333334,-5.03333333333336,-0.016778150625569546,0.016778150625569546,0.7896224826398267,142,False,WITHIN_THRESHOLD
2020-06-17 16:00:00,4136001,xMbIugepa2P7lBB,298.46666666666664,298.00714285714287,298.46666666666664,295.02102064655,273.4827809523805,299.30112,298.00714285714287,298.46666666666664,-0.45952380952377325,-0.0015396151759786909,0.0015396151759786909,0.9823653995011609,129,False,WITHIN_THRESHOLD
2020-06-17 16:00:00,4136001,xoJJ8DcxJEcupym,296.8533333333333,291.3066666666667,296.8533333333333,292.23765137974067,278.67212857142823,299.30112,291.3066666666667,296.8533333333333,-5.546666666666624,-0.01868487243981301,0.01868487243981301,0.8195700732505016,143,False,WITHIN_THRESHOLD
2020-06-17 16:15:00,4136001,4UPUqMRk7TRMgml,299.25333333333333,279.91428571428565,299.25333333333333,266.0250598454345,252.4148404761904,273.97794,279.91428571428565,299.25333333333333,-19.339047619047676,-0.06462433485245837,0.06462433485245837,1.0,105,False,WITHIN_THRESHOLD
2020-06-17 16:15:00,4136001,81aHJ1q11NBPMrL,294.2333333333333,278.14,294.2333333333333,258.57512323633614,250.75547142857124,262.01996,278.14,294.2333333333333,-16.093333333333305,-0.05469581964427316,0.05469581964427316,0.7988725021368553,143,False,WITHIN_THRESHOLD
2020-06-17 16:15:00,4136001,9kRcWv60rDACzjR,294.18,279.7,294.18,256.6573430340756,249.23903095238077,261.1826,279.7,294.18,-14.480000000000018,-0.04922156502821408,0.04922156502821408,0.8376117177500583,127,False,WITHIN_THRESHOLD
2020-06-17 16:15:00,4136001,Et9kgGMDl729KT4,263.79999999999995,240.78666666666663,263.79999999999995,241.6307330547763,245.18494999999987,260.34073,240.78666666666663,263.79999999999995,-23.01333333333332,-0.08723780641900426,0.08723780641900426,1.0,105,False,WITHIN_THRESHOLD
2020-06-17 16:15:00,4136001,IQ2d7wF4YD8zU1Q,300.90714285714284,290.58000000000004,300.90714285714284,261.116126844328,251.60417142857125,262.01996,290.58000000000004,300.90714285714284,-10.327142857142803,-0.03432003228333355,0.03432003228333355,1.0,129,False,WITHIN_THRESHOLD
2020-06-17 16:15:00,4136001,LYwnQax7tkwH5Cb,281.66666666666663,270.46666666666664,281.66666666666663,245.11391028797144,243.92299999999983,259.95236,270.46666666666664,281.66666666666663,-11.199999999999989,-0.03976331360946742,0.03976331360946742,0.8540476989297716,143,False,WITHIN_THRESHOLD
2020-06-17 16:15:00,4136001,LlT2YUhhzqhg5Sw,291.88000000000005,280.2466666666666,291.88000000000005,252.6534741854004,245.5144285714284,259.95236,280.2466666666666,291.88000000000005,-11.63333333333344,-0.0398565620574669,0.0398565620574669,0.8849165458231198,127,False,WITHIN_THRESHOLD
2020-06-17 16:15:00,4136001,Mx2yZCDsyf6DPfv,298.8533333333334,278.06428571428575,298.8533333333334,265.31574820773693,251.29827857142848,273.97794,278.06428571428575,298.8533333333334,-20.789047619047665,-0.06956270953103304,0.06956270953103304,1.0,96,False,WITHIN_THRESHOLD
2020-06-17 16:15:00,4136001,NgDl19wMapZy17u,301.1571428571429,291.61333333333334,301.1571428571429,261.02312245177563,250.81897142857127,262.01996,291.61333333333334,301.1571428571429,-9.543809523809557,-0.03169046376674109,0.03169046376674109,1.0,129,False,WITHIN_THRESHOLD
2020-06-17 16:15:00,4136001,PeE6FRyGXUgsRhN,287.0933333333333,270.3142857142857,287.0933333333333,254.9534252271699,248.4989380952379,259.95236,270.3142857142857,287.0933333333333,-16.779047619047617,-0.05844457418858311,0.05844457418858311,1.0050898489883968,130,False,WITHIN_THRESHOLD
2020-06-17 16:15:00,4136001,Qf4GUc1pJu5T6c6,297.18666666666667,278.21428571428567,297.18666666666667,264.52554378528873,250.80687857142848,273.97794,278.21428571428567,297.18666666666667,-18.972380952381002,-0.06383994667452893,0.06383994667452893,1.0,91,False,WITHIN_THRESHOLD
2020-06-17 16:15:00,4136001,Quc1TzYxW2pYoWX,240.89333333333337,217.92666666666665,240.89333333333337,225.34946019590225,241.311345238095,254.21231,217.92666666666665,240.89333333333337,-22.966666666666725,-0.09533956938063896,0.09533956938063896,1.0,108,False,WITHIN_THRESHOLD
2020-06-17 16:15:00,4136001,V94E5Ben1TlhnDV,289.72666666666663,270.36428571428576,289.72666666666663,257.24078566376227,250.21340476190457,259.28055,270.36428571428576,289.72666666666663,-19.362380952380875,-0.06682981989592793,0.06682981989592793,1.0842639735182622,98,False,WITHIN_THRESHOLD
2020-06-17 16:15:00,4136001,WcxssY2VbP4hApt,298.96000000000004,283.2333333333333,298.96000000000004,262.01152637099,251.9079809523808,262.01996,283.2333333333333,298.96000000000004,-15.726666666666745,-0.05260458478280286,0.05260458478280286,0.8131277317394211,142,False,WITHIN_THRESHOLD
2020-06-17 16:15:00,4136001,mqwcsP2rE7J0TFp,302.08571428571435,293.02666666666664,302.08571428571435,247.30590003038105,245.8589309523808,259.95236,293.02666666666664,302.08571428571435,-9.059047619047703,-0.029988335067310086,0.029988335067310086,1.0188512076579566,137,False,WITHIN_THRESHOLD
2020-06-17 16:15:00,4136001,oZ35aAeoifZaQzV,299.7066666666667,279.90714285714284,299.7066666666667,266.5245688202476,252.32746428571423,273.97794,279.90714285714284,299.7066666666667,-19.799523809523862,-0.06606300763921566,0.06606300763921566,1.0,97,False,WITHIN_THRESHOLD
2020-06-17 16:15:00,4136001,oZZkBaNadn6DNKz,293.44666666666666,272.65714285714284,293.44666666666666,260.942707658589,249.60748571428556,273.97794,272.65714285714284,293.44666666666666,-20.789523809523814,-0.07084600430353209,0.07084600430353209,1.1151183176572743,114,False,WITHIN_THRESHOLD
2020-06-17 16:15:00,4136001,q49J1IKaHRwDQnt,292.06666666666666,280.26666666666665,292.06666666666666,254.82319108552,248.1084238095236,261.1826,280.26666666666665,292.06666666666666,-11.800000000000011,-0.040401734763752604,0.040401734763752604,0.8617696945001074,143,False,WITHIN_THRESHOLD
2020-06-17 16:15:00,4136001,rrq4fwE8jgrTyWY,281.66,270.82666666666665,281.66,244.64273818363787,244.2876119047617,259.95236,270.82666666666665,281.66,-10.833333333333371,-0.03846244881535671,0.03846244881535671,1.0,135,False,WITHIN_THRESHOLD
2020-06-17 16:15:00,4136001,vOuJvMaM2sgwLmb,294.96,277.56,294.96,259.81690127998064,251.97253809523795,262.01996,277.56,294.96,-17.399999999999977,-0.05899104963384858,0.05899104963384858,0.7896224826398267,142,False,WITHIN_THRESHOLD
2020-06-17 16:15:00,4136001,xMbIugepa2P7lBB,298.00714285714287,286.9066666666667,298.00714285714287,258.499087000341,250.13507142857128,261.1826,286.9066666666667,298.00714285714287,-11.100476190476172,-0.03724902726844189,0.03724902726844189,0.9823653995011609,129,False,WITHIN_THRESHOLD
2020-06-17 16:15:00,4136001,xoJJ8DcxJEcupym,291.3066666666667,276.05000000000007,291.3066666666667,257.13355265664825,250.19220476190455,262.01996,276.05000000000007,291.3066666666667,-15.256666666666604,-0.05237321493958235,0.05237321493958235,0.8195700732505016,143,False,WITHIN_THRESHOLD
2020-06-17 16:30:00,4136001,4UPUqMRk7TRMgml,279.91428571428565,192.24,279.91428571428565,241.64753629154276,222.3024833333332,243.04266,192.24,279.91428571428565,-87.67428571428565,-0.3132183321424924,0.3132183321424924,1.0,105,False,WITHIN_THRESHOLD
2020-06-17 16:30:00,4136001,81aHJ1q11NBPMrL,278.14,177.51428571428573,278.14,237.0516928945464,221.60193571428564,243.04266,177.51428571428573,278.14,-100.62571428571425,-0.361780809253305,0.361780809253305,0.7988725021368553,143,False,WITHIN_THRESHOLD
2020-06-17 16:30:00,4136001,9kRcWv60rDACzjR,279.7,180.98571428571427,279.7,237.24944336928337,221.68455952380947,242.223,180.98571428571427,279.7,-98.71428571428572,-0.3529291587925839,0.3529291587925839,0.8376117177500583,127,False,WITHIN_THRESHOLD
2020-06-17 16:30:00,4136001,Et9kgGMDl729KT4,240.78666666666663,163.05714285714285,240.78666666666663,216.18919333223064,214.7283238095237,269.16992,163.05714285714285,240.78666666666663,-77.72952380952378,-0.32281490036625976,0.32281490036625976,1.0,105,False,WITHIN_THRESHOLD
2020-06-17 16:30:00,4136001,IQ2d7wF4YD8zU1Q,290.58000000000004,197.76666666666665,290.58000000000004,242.87743287262415,221.87577857142844,243.04266,197.76666666666665,290.58000000000004,-92.81333333333339,-0.3194071626861222,0.3194071626861222,1.0,129,False,WITHIN_THRESHOLD
2020-06-17 16:30:00,4136001,LYwnQax7tkwH5Cb,270.46666666666664,175.19333333333336,270.46666666666664,228.6268629830963,217.3448428571428,270.85565,175.19333333333336,270.46666666666664,-95.27333333333328,-0.3522553611042641,0.3522553611042641,0.8540476989297716,143,False,WITHIN_THRESHOLD
2020-06-17 16:30:00,4136001,LlT2YUhhzqhg5Sw,280.2466666666666,179.04666666666668,280.2466666666666,235.54076028335228,219.88370952380944,240.99281,179.04666666666668,280.2466666666666,-101.19999999999993,-0.3611104503175772,0.3611104503175772,0.8849165458231198,127,False,WITHIN_THRESHOLD
2020-06-17 16:30:00,4136001,Mx2yZCDsyf6DPfv,278.06428571428575,189.63333333333333,278.06428571428575,241.08617326436712,221.6659595238094,243.04266,189.63333333333333,278.06428571428575,-88.43095238095242,-0.3180234101398273,0.3180234101398273,1.0,96,False,WITHIN_THRESHOLD
2020-06-17 16:30:00,4136001,NgDl19wMapZy17u,291.61333333333334,199.22666666666663,291.61333333333334,243.15216606678237,221.87577857142844,243.04266,199.22666666666663,291.61333333333334,-92.38666666666671,-0.3168122170911254,0.3168122170911254,1.0,129,False,WITHIN_THRESHOLD
2020-06-17 16:30:00,4136001,PeE6FRyGXUgsRhN,270.3142857142857,177.80000000000004,270.3142857142857,232.2111108982141,219.014419047619,240.99281,177.80000000000004,270.3142857142857,-92.51428571428565,-0.34224711975478256,0.34224711975478256,1.0050898489883968,130,False,WITHIN_THRESHOLD
2020-06-17 16:30:00,4136001,Qf4GUc1pJu5T6c6,278.21428571428567,194.16666666666669,278.21428571428567,240.84994027190223,222.1349499999999,243.04266,194.16666666666669,278.21428571428567,-84.04761904761898,-0.3020967051775779,0.3020967051775779,1.0,91,False,WITHIN_THRESHOLD
2020-06-17 16:30:00,4136001,Quc1TzYxW2pYoWX,217.92666666666665,150.14999999999998,217.92666666666665,200.30626364138325,214.91095952380945,237.85162,150.14999999999998,217.92666666666665,-67.77666666666667,-0.3110067606840222,0.3110067606840222,1.0,108,False,WITHIN_THRESHOLD
2020-06-17 16:30:00,4136001,V94E5Ben1TlhnDV,270.36428571428576,174.74,270.36428571428576,233.82682526947,219.4544714285713,241.81247,174.74,270.36428571428576,-95.62428571428575,-0.35368682465456663,0.35368682465456663,1.0842639735182622,98,False,WITHIN_THRESHOLD
2020-06-17 16:30:00,4136001,WcxssY2VbP4hApt,283.2333333333333,184.4642857142857,283.2333333333333,240.83983095005004,220.6818928571428,243.04266,184.4642857142857,283.2333333333333,-98.7690476190476,-0.3487197162023571,0.3487197162023571,0.8131277317394211,142,False,WITHIN_THRESHOLD
2020-06-17 16:30:00,4136001,mqwcsP2rE7J0TFp,293.02666666666664,204.34666666666664,293.02666666666664,243.76000358367992,221.9812833333332,242.223,204.34666666666664,293.02666666666664,-88.68,-0.30263457250762166,0.30263457250762166,1.0188512076579566,137,False,WITHIN_THRESHOLD
2020-06-17 16:30:00,4136001,oZ35aAeoifZaQzV,279.90714285714284,189.12,279.90714285714284,241.66831070634308,221.64911666666657,243.04266,189.12,279.90714285714284,-90.78714285714284,-0.32434736009390863,0.32434736009390863,1.0,97,False,WITHIN_THRESHOLD
2020-06-17 16:30:00,4136001,oZZkBaNadn6DNKz,272.65714285714284,180.6133333333333,272.65714285714284,236.78758010306177,221.7561047619047,243.04266,180.6133333333333,272.65714285714284,-92.04380952380956,-0.33758077473890125,0.33758077473890125,1.1151183176572743,114,False,WITHIN_THRESHOLD
2020-06-17 16:30:00,4136001,q49J1IKaHRwDQnt,280.26666666666665,181.7,280.26666666666665,235.43904904470875,220.025338095238,240.99281,181.7,280.26666666666665,-98.56666666666666,-0.35168886774500474,0.35168886774500474,0.8617696945001074,143,False,WITHIN_THRESHOLD
2020-06-17 16:30:00,4136001,rrq4fwE8jgrTyWY,270.82666666666665,178.02,270.82666666666665,228.91474809948423,217.3448428571428,270.85565,178.02,270.82666666666665,-92.80666666666664,-0.34267920441118543,0.34267920441118543,1.0,135,False,WITHIN_THRESHOLD
2020-06-17 16:30:00,4136001,vOuJvMaM2sgwLmb,277.56,180.1071428571429,277.56,237.85611339122028,221.5059809523809,243.04266,180.1071428571429,277.56,-97.45285714285711,-0.35110555246742003,0.35110555246742003,0.7896224826398267,142,False,WITHIN_THRESHOLD
2020-06-17 16:30:00,4136001,xMbIugepa2P7lBB,286.9066666666667,191.64666666666668,286.9066666666667,240.5267369598276,221.69743809523803,242.223,191.64666666666668,286.9066666666667,-95.26000000000002,-0.3320243517055489,0.3320243517055489,0.9823653995011609,129,False,WITHIN_THRESHOLD
2020-06-17 16:30:00,4136001,xoJJ8DcxJEcupym,276.05000000000007,177.9,276.05000000000007,234.5851415831137,219.45720952380944,241.81247,177.9,276.05000000000007,-98.15000000000006,-0.3555515305198335,0.3555515305198335,0.8195700732505016,143,False,WITHIN_THRESHOLD
2020-06-17 16:45:00,4136001,4UPUqMRk7TRMgml,192.24,53.813333333333325,192.24,202.6366118617138,144.47490238095233,145.88646,53.813333333333325,192.24,-138.42666666666668,-0.7200721320571508,0.7200721320571508,1.0,105,False,WITHIN_THRESHOLD
2020-06-17 16:45:00,4136001,81aHJ1q11NBPMrL,177.51428571428573,50.900000000000006,177.51428571428573,201.83836394552492,143.41183095238094,146.89873,50.900000000000006,177.51428571428573,-126.61428571428573,-0.7132625140833736,0.7132625140833736,0.7988725021368553,143,False,WITHIN_THRESHOLD
2020-06-17 16:45:00,4136001,9kRcWv60rDACzjR,180.98571428571427,51.76,180.98571428571427,203.35371921751027,143.3336523809524,146.51039,51.76,180.98571428571427,-129.22571428571428,-0.7140105769989739,0.7140105769989739,0.8376117177500583,127,False,WITHIN_THRESHOLD
2020-06-17 16:45:00,4136001,Et9kgGMDl729KT4,163.05714285714285,46.54666666666667,163.05714285714285,174.86319631387013,135.22642619047627,145.14967,46.54666666666667,163.05714285714285,-116.51047619047618,-0.7145377022370188,0.7145377022370188,1.0,105,False,WITHIN_THRESHOLD
2020-06-17 16:45:00,4136001,IQ2d7wF4YD8zU1Q,197.76666666666665,57.53333333333334,197.76666666666665,211.14685315014933,144.322169047619,146.51039,57.53333333333334,197.76666666666665,-140.23333333333332,-0.7090847800438227,0.7090847800438227,1.0,129,False,WITHIN_THRESHOLD
2020-06-17 16:45:00,4136001,LYwnQax7tkwH5Cb,175.19333333333336,51.39333333333333,175.19333333333336,197.3557452719701,142.01590000000007,146.07907,51.39333333333333,175.19333333333336,-123.80000000000003,-0.7066478937554702,0.7066478937554702,0.8540476989297716,143,False,WITHIN_THRESHOLD
2020-06-17 16:45:00,4136001,LlT2YUhhzqhg5Sw,179.04666666666668,51.98,179.04666666666668,204.04840790348155,143.60010000000003,146.51039,51.98,179.04666666666668,-127.06666666666669,-0.7096846259820532,0.7096846259820532,0.8849165458231198,127,False,WITHIN_THRESHOLD
2020-06-17 16:45:00,4136001,Mx2yZCDsyf6DPfv,189.63333333333333,52.39333333333334,189.63333333333333,201.31899706941044,144.48603571428566,146.2748,52.39333333333334,189.63333333333333,-137.23999999999998,-0.7237124274916504,0.7237124274916504,1.0,96,False,WITHIN_THRESHOLD
2020-06-17 16:45:00,4136001,NgDl19wMapZy17u,199.22666666666663,58.12666666666666,199.22666666666663,211.991789575104,144.24786904761902,146.51039,58.12666666666666,199.22666666666663,-141.09999999999997,-0.7082385222861731,0.7082385222861731,1.0,129,False,WITHIN_THRESHOLD
2020-06-17 16:45:00,4136001,PeE6FRyGXUgsRhN,177.80000000000004,49.673333333333325,177.80000000000004,196.26019018137865,143.06588333333335,146.89873,49.673333333333325,177.80000000000004,-128.12666666666672,-0.7206224221972255,0.7206224221972255,1.0050898489883968,130,False,WITHIN_THRESHOLD
2020-06-17 16:45:00,4136001,Qf4GUc1pJu5T6c6,194.16666666666669,55.053333333333335,194.16666666666669,201.8157321004313,144.20130238095234,146.89873,55.053333333333335,194.16666666666669,-139.11333333333334,-0.7164635193133047,0.7164635193133047,1.0,91,False,WITHIN_THRESHOLD
2020-06-17 16:45:00,4136001,Quc1TzYxW2pYoWX,150.14999999999998,43.2,150.14999999999998,158.90947273582643,130.5565523809524,143.11388,43.2,150.14999999999998,-106.94999999999997,-0.7122877122877123,0.7122877122877123,1.0,108,False,WITHIN_THRESHOLD
2020-06-17 16:45:00,4136001,V94E5Ben1TlhnDV,174.74,47.98,174.74,196.1620240391521,143.1550785714286,146.89873,47.98,174.74,-126.76000000000002,-0.7254206249284653,0.7254206249284653,1.0842639735182622,98,False,WITHIN_THRESHOLD
2020-06-17 16:45:00,4136001,WcxssY2VbP4hApt,184.4642857142857,52.566666666666656,184.4642857142857,205.63814768125883,144.198169047619,146.51039,52.566666666666656,184.4642857142857,-131.89761904761903,-0.7150306550500162,0.7150306550500162,0.8131277317394211,142,False,WITHIN_THRESHOLD
2020-06-17 16:45:00,4136001,mqwcsP2rE7J0TFp,204.34666666666664,61.18666666666667,204.34666666666664,212.6327138350408,144.18040238095236,146.51039,61.18666666666667,204.34666666666664,-143.15999999999997,-0.7005741876549654,0.7005741876549654,1.0188512076579566,137,False,WITHIN_THRESHOLD
2020-06-17 16:45:00,4136001,oZ35aAeoifZaQzV,189.12,53.07333333333334,189.12,202.54009037100892,144.47490238095233,145.88646,53.07333333333334,189.12,-136.04666666666668,-0.7193668922729837,0.7193668922729837,1.0,97,False,WITHIN_THRESHOLD
2020-06-17 16:45:00,4136001,oZZkBaNadn6DNKz,180.6133333333333,49.78666666666666,180.6133333333333,197.72050006801905,143.40303095238093,146.89873,49.78666666666666,180.6133333333333,-130.82666666666663,-0.7243466706038683,0.7243466706038683,1.1151183176572743,114,False,WITHIN_THRESHOLD
2020-06-17 16:45:00,4136001,q49J1IKaHRwDQnt,181.7,52.92666666666666,181.7,203.99689902881607,143.67582380952376,146.51039,52.92666666666666,181.7,-128.7733333333333,-0.7087139974316639,0.7087139974316639,0.8617696945001074,143,False,WITHIN_THRESHOLD
2020-06-17 16:45:00,4136001,rrq4fwE8jgrTyWY,178.02,52.306666666666665,178.02,197.7375144526853,141.48030952380958,146.07907,52.306666666666665,178.02,-125.71333333333334,-0.7061753361045575,0.7061753361045575,1.0,135,False,WITHIN_THRESHOLD
2020-06-17 16:45:00,4136001,vOuJvMaM2sgwLmb,180.1071428571429,51.633333333333326,180.1071428571429,201.40940324985203,143.41123095238092,146.89873,51.633333333333326,180.1071428571429,-128.47380952380956,-0.7133187917245027,0.7133187917245027,0.7896224826398267,142,False,WITHIN_THRESHOLD
2020-06-17 16:45:00,4136001,xMbIugepa2P7lBB,191.64666666666668,55.266666666666666,191.64666666666668,208.5828552882342,144.28373571428563,146.51039,55.266666666666666,191.64666666666668,-136.38,-0.7116220823042404,0.7116220823042404,0.9823653995011609,129,False,WITHIN_THRESHOLD
2020-06-17 16:45:00,4136001,xoJJ8DcxJEcupym,177.9,49.57333333333333,177.9,200.1552047611665,143.47255952380954,146.89873,49.57333333333333,177.9,-128.32666666666668,-0.7213415776653551,0.7213415776653551,0.8195700732505016,143,False,WITHIN_THRESHOLD
2020-06-17 17:00:00,4136001,4UPUqMRk7TRMgml,53.813333333333325,134.60666666666668,53.813333333333325,129.86292800824742,40.92034285714285,48.16433,134.60666666666668,53.813333333333325,80.79333333333335,1.5013627353815664,1.5013627353815664,1.0,105,True,FLAGGED
2020-06-17 17:00:00,4136001,81aHJ1q11NBPMrL,50.900000000000006,131.96666666666667,50.900000000000006,120.17218536613592,40.83585476190474,49.194363,131.96666666666667,50.900000000000006,81.06666666666666,1.5926653569089715,1.5926653569089715,0.7988725021368553,143,True,FLAGGED
2020-06-17 17:00:00,4136001,9kRcWv60rDACzjR,51.76,133.36666666666667,51.76,123.15576672810543,40.36411190476189,49.15363,133.36666666666667,51.76,81.60666666666668,1.5766357547655852,1.5766357547655852,0.8376117177500583,127,True,FLAGGED
2020-06-17 17:00:00,4136001,IQ2d7wF4YD8zU1Q,57.53333333333334,138.65714285714284,57.53333333333334,135.1211370354419,40.56374285714284,48.16433,138.65714285714284,57.53333333333334,81.12380952380951,1.4100314517463992,1.4100314517463992,1.0,129,True,FLAGGED
2020-06-17 17:00:00,4136001,LYwnQax7tkwH5Cb,51.39333333333333,129.82857142857142,51.39333333333333,119.8641601775067,40.33616190476187,45.44221,129.82857142857142,51.39333333333333,78.43523809523809,1.5261753423642126,1.5261753423642126,0.8540476989297716,143,True,FLAGGED
2020-06-17 17:00:00,4136001,LlT2YUhhzqhg5Sw,51.98,133.65,51.98,122.20295678397896,40.722326190476174,49.15363,133.65,51.98,81.67000000000002,1.5711812235475187,1.5711812235475187,0.8849165458231198,127,True,FLAGGED
2020-06-17 17:00:00,4136001,Mx2yZCDsyf6DPfv,52.39333333333334,135.33333333333334,52.39333333333334,128.0002489894855,40.89464285714285,48.16433,135.33333333333334,52.39333333333334,82.94,1.5830258302583025,1.5830258302583025,1.0,96,True,FLAGGED
2020-06-17 17:00:00,4136001,NgDl19wMapZy17u,58.12666666666666,138.97142857142856,58.12666666666666,136.2796966208884,40.56374285714284,48.16433,138.97142857142856,58.12666666666666,80.8447619047619,1.390837743515803,1.390837743515803,1.0,129,True,FLAGGED
2020-06-17 17:00:00,4136001,Qf4GUc1pJu5T6c6,55.053333333333335,133.59333333333333,55.053333333333335,131.5742269987881,40.75834285714285,48.16433,133.59333333333333,55.053333333333335,78.53999999999999,1.4266166141922982,1.4266166141922982,1.0,91,True,FLAGGED
2020-06-17 17:00:00,4136001,WcxssY2VbP4hApt,52.566666666666656,134.90666666666667,52.566666666666656,125.2730568566885,40.83365476190475,49.15363,134.90666666666667,52.566666666666656,82.34,1.566391883322765,1.566391883322765,0.8131277317394211,142,True,FLAGGED
2020-06-17 17:00:00,4136001,mqwcsP2rE7J0TFp,61.18666666666667,140.12857142857143,61.18666666666667,139.54425913009456,40.233052380952365,48.16433,140.12857142857143,61.18666666666667,78.94190476190477,1.2901814898982038,1.2901814898982038,1.0188512076579566,137,True,FLAGGED
2020-06-17 17:00:00,4136001,oZ35aAeoifZaQzV,53.07333333333334,134.02000000000004,53.07333333333334,127.610467369537,40.89362142857142,48.16433,134.02000000000004,53.07333333333334,80.9466666666667,1.5251852782313784,1.5251852782313784,1.0,97,True,FLAGGED
2020-06-17 17:00:00,4136001,q49J1IKaHRwDQnt,52.92666666666666,134.9,52.92666666666666,123.9760937906825,40.70175952380951,49.15363,134.9,52.92666666666666,81.97333333333334,1.5488096737624388,1.5488096737624388,0.8617696945001074,143,True,FLAGGED
2020-06-17 17:00:00,4136001,rrq4fwE8jgrTyWY,52.306666666666665,130.45,52.306666666666665,122.03881758658396,40.16076190476188,45.44221,130.45,52.306666666666665,78.14333333333332,1.4939459597247002,1.4939459597247002,1.0,135,True,FLAGGED
2020-06-17 17:00:00,4136001,vOuJvMaM2sgwLmb,51.633333333333326,132.36666666666665,51.633333333333326,121.9635763655631,40.84845476190474,49.15363,132.36666666666665,51.633333333333326,80.73333333333332,1.5635894125242091,1.5635894125242091,0.7896224826398267,142,True,FLAGGED
2020-06-17 17:00:00,4136001,xMbIugepa2P7lBB,55.266666666666666,137.10714285714286,55.266666666666666,130.84700465838847,40.908276190476165,48.16433,137.10714285714286,55.266666666666666,81.8404761904762,1.480828881612959,1.480828881612959,0.9823653995011609,129,True,FLAGGED
2020-06-17 17:15:00,4136001,4UPUqMRk7TRMgml,134.60666666666668,136.82999999999998,134.60666666666668,62.88985964086864,107.01770476190482,71.79141,136.82999999999998,134.60666666666668,2.2233333333333007,0.016517260165419993,0.016517260165419993,1.0,105,False,WITHIN_THRESHOLD
2020-06-17 17:15:00,4136001,81aHJ1q11NBPMrL,131.96666666666667,135.29000000000002,131.96666666666667,61.67838611743609,105.91044761904764,71.79141,135.29000000000002,131.96666666666667,3.323333333333352,0.02518312705228607,0.02518312705228607,0.7988725021368553,143,False,WITHIN_THRESHOLD
2020-06-17 17:15:00,4136001,9kRcWv60rDACzjR,133.36666666666667,133.03000000000003,133.36666666666667,63.22877282772775,105.86400000000002,71.79141,133.03000000000003,133.36666666666667,-0.3366666666666447,-0.002524368907772892,0.002524368907772892,0.8376117177500583,127,False,WITHIN_THRESHOLD
2020-06-17 17:15:00,4136001,Et9kgGMDl729KT4,113.73333333333332,126.14,113.73333333333332,57.4715838340552,102.79531904761907,71.30974,126.14,113.73333333333332,12.40666666666668,0.1090855803048067,0.1090855803048067,1.0,105,False,WITHIN_THRESHOLD
2020-06-17 17:15:00,4136001,IQ2d7wF4YD8zU1Q,138.65714285714284,135.68,138.65714285714284,67.85863749422299,109.83923333333342,73.42164,135.68,138.65714285714284,-2.9771428571428373,-0.021471254893879934,0.021471254893879934,1.0,129,False,WITHIN_THRESHOLD
2020-06-17 17:15:00,4136001,LYwnQax7tkwH5Cb,129.82857142857142,126.51,129.82857142857142,64.34351073854657,105.6102761904762,67.557594,126.51,129.82857142857142,-3.318571428571417,-0.0255611795774647,0.0255611795774647,0.8540476989297716,143,False,WITHIN_THRESHOLD
2020-06-17 17:15:00,4136001,LlT2YUhhzqhg5Sw,133.65,131.39,133.65,63.95181914674245,105.80775000000006,71.30974,131.39,133.65,-2.2600000000000193,-0.016909839132061497,0.016909839132061497,0.8849165458231198,127,False,WITHIN_THRESHOLD
2020-06-17 17:15:00,4136001,Mx2yZCDsyf6DPfv,135.33333333333334,135.83999999999995,135.33333333333334,61.66033037668368,106.07853333333335,71.79141,135.83999999999995,135.33333333333334,0.5066666666666038,0.0037438423645315545,0.0037438423645315545,1.0,96,False,WITHIN_THRESHOLD
2020-06-17 17:15:00,4136001,NgDl19wMapZy17u,138.97142857142856,135.41999999999996,138.97142857142856,68.52819357158823,109.883261904762,73.42164,135.41999999999996,138.97142857142856,-3.551428571428602,-0.025555098684210745,0.025555098684210745,1.0,129,False,WITHIN_THRESHOLD
2020-06-17 17:15:00,4136001,PeE6FRyGXUgsRhN,128.54666666666665,132.85,128.54666666666665,60.76705388347604,104.7680261904762,71.30974,132.85,128.54666666666665,4.303333333333342,0.0334768177574941,0.0334768177574941,1.0050898489883968,130,False,WITHIN_THRESHOLD
2020-06-17 17:15:00,4136001,Qf4GUc1pJu5T6c6,133.59333333333333,134.92,133.59333333333333,64.5285855724149,108.86160000000004,71.79141,134.92,133.59333333333333,1.3266666666666538,0.009930635261240484,0.009930635261240484,1.0,91,False,WITHIN_THRESHOLD
2020-06-17 17:15:00,4136001,Quc1TzYxW2pYoWX,102.9,116.09,102.9,55.75098586385197,102.03987857142856,66.93366,116.09,102.9,13.189999999999998,0.12818270165208936,0.12818270165208936,1.0,108,False,WITHIN_THRESHOLD
2020-06-17 17:15:00,4136001,V94E5Ben1TlhnDV,126.50666666666665,134.95000000000002,126.50666666666665,58.71899802816505,103.4129547619048,71.79141,134.95000000000002,126.50666666666665,8.44333333333337,0.06674220067453657,0.06674220067453657,1.0842639735182622,98,False,WITHIN_THRESHOLD
2020-06-17 17:15:00,4136001,WcxssY2VbP4hApt,134.90666666666667,135.91,134.90666666666667,63.2201484142654,106.57873333333336,71.79141,135.91,134.90666666666667,1.0033333333333303,0.007437240561375743,0.007437240561375743,0.8131277317394211,142,False,WITHIN_THRESHOLD
2020-06-17 17:15:00,4136001,mqwcsP2rE7J0TFp,140.12857142857143,135.82,140.12857142857143,71.4623365571519,110.90936666666676,73.42164,135.82,140.12857142857143,-4.30857142857144,-0.030747272912631338,0.030747272912631338,1.0188512076579566,137,False,WITHIN_THRESHOLD
2020-06-17 17:15:00,4136001,oZ35aAeoifZaQzV,134.02000000000004,139.73999999999998,134.02000000000004,61.99246055163145,106.817580952381,71.79141,139.73999999999998,134.02000000000004,5.719999999999942,0.0426801969855241,0.0426801969855241,1.0,97,False,WITHIN_THRESHOLD
2020-06-17 17:15:00,4136001,oZZkBaNadn6DNKz,129.49333333333334,136.95,129.49333333333334,59.89138422017868,105.3187666666667,71.79141,136.95,129.49333333333334,7.456666666666649,0.057583401976935615,0.057583401976935615,1.1151183176572743,114,False,WITHIN_THRESHOLD
2020-06-17 17:15:00,4136001,q49J1IKaHRwDQnt,134.9,133.07,134.9,64.36149578921011,106.51939761904764,71.30974,133.07,134.9,-1.8300000000000125,-0.01356560415122322,0.01356560415122322,0.8617696945001074,143,False,WITHIN_THRESHOLD
2020-06-17 17:15:00,4136001,rrq4fwE8jgrTyWY,130.45,125.85,130.45,65.42334269468532,105.61500952380956,67.557594,125.85,130.45,-4.599999999999994,-0.0352625527021847,0.0352625527021847,1.0,135,False,WITHIN_THRESHOLD
2020-06-17 17:15:00,4136001,vOuJvMaM2sgwLmb,132.36666666666665,135.95,132.36666666666665,62.0825575221459,105.91044761904764,71.79141,135.95,132.36666666666665,3.583333333333343,0.027071266683455126,0.027071266683455126,0.7896224826398267,142,False,WITHIN_THRESHOLD
2020-06-17 17:15:00,4136001,xMbIugepa2P7lBB,137.10714285714286,135.13,137.10714285714286,66.25132830988629,109.03918095238105,71.79141,135.13,137.10714285714286,-1.9771428571428658,-0.01442042198489196,0.01442042198489196,0.9823653995011609,129,False,WITHIN_THRESHOLD
2020-06-17 17:15:00,4136001,xoJJ8DcxJEcupym,131.28,135.79000000000002,131.28,60.48130318404873,105.27411428571432,71.79141,135.79000000000002,131.28,4.510000000000019,0.034354052407069006,0.034354052407069006,0.8195700732505016,143,False,WITHIN_THRESHOLD
2020-06-17 17:30:00,4136001,4UPUqMRk7TRMgml,136.82999999999998,96.98666666666664,136.82999999999998,105.91054686250176,77.15652380952378,97.548134,96.98666666666664,136.82999999999998,-39.84333333333335,-0.2911885795025459,0.2911885795025459,1.0,105,False,WITHIN_THRESHOLD
2020-06-17 17:30:00,4136001,81aHJ1q11NBPMrL,135.29000000000002,96.38666666666664,135.29000000000002,104.56752112937708,76.6295928571428,97.548134,96.38666666666664,135.29000000000002,-38.90333333333338,-0.2875551284894181,0.2875551284894181,0.7988725021368553,143,False,WITHIN_THRESHOLD
2020-06-17 17:30:00,4136001,9kRcWv60rDACzjR,133.03000000000003,95.64,133.03000000000003,105.90159891411182,76.90356428571424,97.548134,95.64,133.03000000000003,-37.39000000000003,-0.281064421559047,0.281064421559047,0.8376117177500583,127,False,WITHIN_THRESHOLD
2020-06-17 17:30:00,4136001,Et9kgGMDl729KT4,126.14,86.44000000000001,126.14,91.32734537509548,76.05168095238088,97.1974,86.44000000000001,126.14,-39.69999999999999,-0.314729665451086,0.314729665451086,1.0,105,False,WITHIN_THRESHOLD
2020-06-17 17:30:00,4136001,IQ2d7wF4YD8zU1Q,135.68,95.96,135.68,109.9368530459315,82.58981666666664,97.23999,95.96,135.68,-39.72000000000001,-0.29274764150943405,0.29274764150943405,1.0,129,False,WITHIN_THRESHOLD
2020-06-17 17:30:00,4136001,LYwnQax7tkwH5Cb,126.51,90.38,126.51,104.02291588883638,76.31054999999995,97.548134,90.38,126.51,-36.13000000000001,-0.2855900719310727,0.2855900719310727,0.8540476989297716,143,False,WITHIN_THRESHOLD
2020-06-17 17:30:00,4136001,LlT2YUhhzqhg5Sw,131.39,93.95333333333336,131.39,106.44777453098442,76.90356428571424,97.548134,93.95333333333336,131.39,-37.436666666666625,-0.28492782302052383,0.28492782302052383,0.8849165458231198,127,False,WITHIN_THRESHOLD
2020-06-17 17:30:00,4136001,Mx2yZCDsyf6DPfv,135.83999999999995,98.06666666666666,135.83999999999995,106.41852863056516,77.43835952380948,97.548134,98.06666666666666,135.83999999999995,-37.773333333333284,-0.2780722418531603,0.2780722418531603,1.0,96,False,WITHIN_THRESHOLD
2020-06-17 17:30:00,4136001,NgDl19wMapZy17u,135.41999999999996,95.82,135.41999999999996,110.24650307216854,80.77324999999995,97.23999,95.82,135.41999999999996,-39.599999999999966,-0.29242357111209555,0.29242357111209555,1.0,129,False,WITHIN_THRESHOLD
2020-06-17 17:30:00,4136001,PeE6FRyGXUgsRhN,132.85,94.21333333333332,132.85,102.13223679691365,76.26612380952372,97.1974,94.21333333333332,132.85,-38.63666666666667,-0.2908292560531929,0.2908292560531929,1.0050898489883968,130,False,WITHIN_THRESHOLD
2020-06-17 17:30:00,4136001,Qf4GUc1pJu5T6c6,134.92,95.20666666666664,134.92,105.30073537934058,77.07179761904757,97.548134,95.20666666666664,134.92,-39.71333333333335,-0.2943472675165532,0.2943472675165532,1.0,91,False,WITHIN_THRESHOLD
2020-06-17 17:30:00,4136001,Quc1TzYxW2pYoWX,116.09,79.28666666666666,116.09,84.01696300664838,108.02504047619055,85.099846,79.28666666666666,116.09,-36.80333333333334,-0.31702414793120287,0.31702414793120287,1.0,108,False,WITHIN_THRESHOLD
2020-06-17 17:30:00,4136001,V94E5Ben1TlhnDV,134.95000000000002,95.10666666666668,134.95000000000002,100.3651920760661,76.16999761904752,97.1974,95.10666666666668,134.95000000000002,-39.843333333333334,-0.2952451525256267,0.2952451525256267,1.0842639735182622,98,False,WITHIN_THRESHOLD
2020-06-17 17:30:00,4136001,WcxssY2VbP4hApt,135.91,97.04666666666668,135.91,106.66282934819476,77.01502380952375,97.548134,97.04666666666668,135.91,-38.863333333333316,-0.2859490349005468,0.2859490349005468,0.8131277317394211,142,False,WITHIN_THRESHOLD
2020-06-17 17:30:00,4136001,mqwcsP2rE7J0TFp,135.82,96.10666666666664,135.82,111.41086216728768,80.26710238095232,97.23999,96.10666666666664,135.82,-39.71333333333335,-0.2923967996858589,0.2923967996858589,1.0188512076579566,137,False,WITHIN_THRESHOLD
2020-06-17 17:30:00,4136001,oZ35aAeoifZaQzV,139.73999999999998,96.65333333333336,139.73999999999998,105.4624273737744,77.12328333333329,97.548134,96.65333333333336,139.73999999999998,-43.086666666666616,-0.30833452602452144,0.30833452602452144,1.0,97,False,WITHIN_THRESHOLD
2020-06-17 17:30:00,4136001,oZZkBaNadn6DNKz,136.95,96.61999999999996,136.95,102.3524800975342,76.46223571428565,97.548134,96.61999999999996,136.95,-40.33000000000003,-0.29448703906535256,0.29448703906535256,1.1151183176572743,114,False,WITHIN_THRESHOLD
2020-06-17 17:30:00,4136001,q49J1IKaHRwDQnt,133.07,94.7,133.07,107.2120016233115,76.98829047619043,97.548134,94.7,133.07,-38.36999999999999,-0.2883444803486886,0.2883444803486886,0.8617696945001074,143,False,WITHIN_THRESHOLD
2020-06-17 17:30:00,4136001,rrq4fwE8jgrTyWY,125.85,89.68,125.85,104.52265990853115,76.2189166666666,97.548134,89.68,125.85,-36.16999999999999,-0.2874056416368692,0.2874056416368692,1.0,135,False,WITHIN_THRESHOLD
2020-06-17 17:30:00,4136001,vOuJvMaM2sgwLmb,135.95,96.69333333333334,135.95,104.76348737293384,76.6295928571428,97.548134,96.69333333333334,135.95,-39.256666666666646,-0.2887581218585263,0.2887581218585263,0.7896224826398267,142,False,WITHIN_THRESHOLD
2020-06-17 17:30:00,4136001,xMbIugepa2P7lBB,135.13,95.3,135.13,108.86815775326284,78.22621190476185,97.23999,95.3,135.13,-39.83,-0.29475320062162363,0.29475320062162363,0.9823653995011609,129,False,WITHIN_THRESHOLD
2020-06-17 17:30:00,4136001,xoJJ8DcxJEcupym,135.79000000000002,96.41333333333334,135.79000000000002,104.10783129445916,76.56505714285709,97.548134,96.41333333333334,135.79000000000002,-39.37666666666668,-0.2899820801728159,0.2899820801728159,0.8195700732505016,143,False,WITHIN_THRESHOLD
2020-06-17 17:45:00,4136001,4UPUqMRk7TRMgml,96.98666666666664,59.66666666666666,96.98666666666664,89.57274948036132,76.84368571428568,76.31644,59.66666666666666,96.98666666666664,-37.31999999999998,-0.3847951608468517,0.3847951608468517,1.0,105,False,WITHIN_THRESHOLD
2020-06-17 17:45:00,4136001,81aHJ1q11NBPMrL,96.38666666666664,59.90666666666667,96.38666666666664,88.35658778885644,76.61326190476184,76.62458,59.90666666666667,96.38666666666664,-36.47999999999997,-0.3784755844515145,0.3784755844515145,0.7988725021368553,143,False,WITHIN_THRESHOLD
2020-06-17 17:45:00,4136001,9kRcWv60rDACzjR,95.64,59.38666666666667,95.64,86.95703283632697,76.4455928571428,76.62458,59.38666666666667,95.64,-36.25333333333333,-0.37906036525860864,0.37906036525860864,0.8376117177500583,127,False,WITHIN_THRESHOLD
2020-06-17 17:45:00,4136001,Et9kgGMDl729KT4,86.44000000000001,53.66,86.44000000000001,82.744488838102,75.51809523809517,75.7935,53.66,86.44000000000001,-32.780000000000015,-0.3792225821378992,0.3792225821378992,1.0,105,False,WITHIN_THRESHOLD
2020-06-17 17:45:00,4136001,IQ2d7wF4YD8zU1Q,95.96,59.440000000000005,95.96,89.13482501497784,76.83828809523806,76.31644,59.440000000000005,95.96,-36.51999999999999,-0.3805752396832012,0.3805752396832012,1.0,129,False,WITHIN_THRESHOLD
2020-06-17 17:45:00,4136001,LYwnQax7tkwH5Cb,90.38,56.00666666666668,90.38,82.93411498310982,75.6039023809523,76.27385,56.00666666666668,90.38,-34.37333333333331,-0.38032012982223184,0.38032012982223184,0.8540476989297716,143,False,WITHIN_THRESHOLD
2020-06-17 17:45:00,4136001,LlT2YUhhzqhg5Sw,93.95333333333336,58.226666666666674,93.95333333333336,85.96084748561532,76.15072857142852,76.62458,58.226666666666674,93.95333333333336,-35.72666666666669,-0.3802597033988506,0.3802597033988506,0.8849165458231198,127,False,WITHIN_THRESHOLD
2020-06-17 17:45:00,4136001,Mx2yZCDsyf6DPfv,98.06666666666666,59.48,98.06666666666666,88.85892817491393,76.94921904761901,76.31644,59.48,98.06666666666666,-38.586666666666666,-0.39347382732834807,0.39347382732834807,1.0,96,False,WITHIN_THRESHOLD
2020-06-17 17:45:00,4136001,NgDl19wMapZy17u,95.82,59.51333333333334,95.82,89.00023688133226,76.78202619047615,76.62458,59.51333333333334,95.82,-36.30666666666665,-0.37890489111528547,0.37890489111528547,1.0,129,False,WITHIN_THRESHOLD
2020-06-17 17:45:00,4136001,PeE6FRyGXUgsRhN,94.21333333333332,58.06000000000001,94.21333333333332,86.93169929649059,76.40605952380947,76.62458,58.06000000000001,94.21333333333332,-36.153333333333315,-0.38373903198414927,0.38373903198414927,1.0050898489883968,130,False,WITHIN_THRESHOLD
2020-06-17 17:45:00,4136001,Qf4GUc1pJu5T6c6,95.20666666666664,58.68,95.20666666666664,88.39511115422903,76.66149999999995,76.62458,58.68,95.20666666666664,-36.526666666666635,-0.3836566066802043,0.3836566066802043,1.0,91,False,WITHIN_THRESHOLD
2020-06-17 17:45:00,4136001,Quc1TzYxW2pYoWX,79.28666666666666,49.16666666666667,79.28666666666666,76.3511703580524,74.32228809523802,75.7935,49.16666666666667,79.28666666666666,-30.11999999999999,-0.3798873286807365,0.3798873286807365,1.0,108,False,WITHIN_THRESHOLD
2020-06-17 17:45:00,4136001,V94E5Ben1TlhnDV,95.10666666666668,59.08666666666667,95.10666666666668,88.08854561450664,76.5109547619047,76.62458,59.08666666666667,95.10666666666668,-36.02000000000001,-0.3787326510584607,0.3787326510584607,1.0842639735182622,98,False,WITHIN_THRESHOLD
2020-06-17 17:45:00,4136001,WcxssY2VbP4hApt,97.04666666666668,60.1,97.04666666666668,88.78331501992389,76.93831190476187,76.31644,60.1,97.04666666666668,-36.94666666666668,-0.38071031119049265,0.38071031119049265,0.8131277317394211,142,False,WITHIN_THRESHOLD
2020-06-17 17:45:00,4136001,mqwcsP2rE7J0TFp,96.10666666666664,59.67333333333335,96.10666666666664,89.72447132281508,76.9634333333333,76.31644,59.67333333333335,96.10666666666664,-36.43333333333329,-0.37909267480577097,0.37909267480577097,1.0188512076579566,137,False,WITHIN_THRESHOLD
2020-06-17 17:45:00,4136001,oZ35aAeoifZaQzV,96.65333333333336,60.86666666666667,96.65333333333336,91.52775324326956,80.06373333333332,76.31644,60.86666666666667,96.65333333333336,-35.7866666666667,-0.3702579666160852,0.3702579666160852,1.0,97,False,WITHIN_THRESHOLD
2020-06-17 17:45:00,4136001,oZZkBaNadn6DNKz,96.61999999999996,60.04666666666667,96.61999999999996,89.52051892087036,76.86249047619043,76.31644,60.04666666666667,96.61999999999996,-36.573333333333295,-0.37852756503139423,0.37852756503139423,1.1151183176572743,114,False,WITHIN_THRESHOLD
2020-06-17 17:45:00,4136001,q49J1IKaHRwDQnt,94.7,58.886666666666656,94.7,87.19720017318599,76.49562619047613,76.62458,58.886666666666656,94.7,-35.81333333333335,-0.3781766983456531,0.3781766983456531,0.8617696945001074,143,False,WITHIN_THRESHOLD
2020-06-17 17:45:00,4136001,rrq4fwE8jgrTyWY,89.68,55.56666666666667,89.68,82.57427619776125,75.5910023809523,76.27385,55.56666666666667,89.68,-34.11333333333334,-0.3803895331549212,0.3803895331549212,1.0,135,False,WITHIN_THRESHOLD
2020-06-17 17:45:00,4136001,vOuJvMaM2sgwLmb,96.69333333333334,60.193333333333335,96.69333333333334,88.86869226642918,76.84280714285711,76.31644,60.193333333333335,96.69333333333334,-36.50000000000001,-0.37748207391064537,0.37748207391064537,0.7896224826398267,142,False,WITHIN_THRESHOLD
2020-06-17 17:45:00,4136001,xMbIugepa2P7lBB,95.3,59.48,95.3,88.73101530048751,76.59229285714281,76.62458,59.48,95.3,-35.82,-0.3758656873032529,0.3758656873032529,0.9823653995011609,129,False,WITHIN_THRESHOLD
2020-06-17 17:45:00,4136001,xoJJ8DcxJEcupym,96.41333333333334,59.453333333333326,96.41333333333334,88.81453581788199,76.76684047619044,76.31644,59.453333333333326,96.41333333333334,-36.960000000000015,-0.38334946757018407,0.38334946757018407,0.8195700732505016,143,False,WITHIN_THRESHOLD
2020-06-17 18:00:00,4136001,4UPUqMRk7TRMgml,59.66666666666666,31.053333333333327,59.66666666666666,57.0254513865904,52.5104690476191,35.32565,31.053333333333327,59.66666666666666,-28.61333333333333,-0.47955307262569835,0.47955307262569835,1.0,105,False,WITHIN_THRESHOLD
2020-06-17 18:00:00,4136001,81aHJ1q11NBPMrL,59.90666666666667,31.72,59.90666666666667,57.07681857706979,52.03232619047624,35.811115,31.72,59.90666666666667,-28.186666666666675,-0.47050968172713115,0.47050968172713115,0.7988725021368553,143,False,WITHIN_THRESHOLD
2020-06-17 18:00:00,4136001,9kRcWv60rDACzjR,59.38666666666667,31.75333333333333,59.38666666666667,56.49284110980112,52.08714047619051,35.811115,31.75333333333333,59.38666666666667,-27.63333333333334,-0.4653120790300854,0.4653120790300854,0.8376117177500583,127,False,WITHIN_THRESHOLD
2020-06-17 18:00:00,4136001,Et9kgGMDl729KT4,53.66,27.32,53.66,50.87146066046222,50.73577142857148,35.811115,27.32,53.66,-26.339999999999996,-0.4908684308609765,0.4908684308609765,1.0,105,False,WITHIN_THRESHOLD
2020-06-17 18:00:00,4136001,IQ2d7wF4YD8zU1Q,59.440000000000005,31.926666666666662,59.440000000000005,56.32798934990681,52.89789285714291,35.32565,31.926666666666662,59.440000000000005,-27.513333333333343,-0.4628757290264694,0.4628757290264694,1.0,129,False,WITHIN_THRESHOLD
2020-06-17 18:00:00,4136001,LYwnQax7tkwH5Cb,56.00666666666668,30.36,56.00666666666668,53.18210772868809,51.39462857142864,35.811115,30.36,56.00666666666668,-25.646666666666682,-0.4579216759909536,0.4579216759909536,0.8540476989297716,143,False,WITHIN_THRESHOLD
2020-06-17 18:00:00,4136001,LlT2YUhhzqhg5Sw,58.226666666666674,31.346666666666668,58.226666666666674,55.40489412639069,52.11907857142861,35.32565,31.346666666666668,58.226666666666674,-26.880000000000006,-0.4616441493015801,0.4616441493015801,0.8849165458231198,127,False,WITHIN_THRESHOLD
2020-06-17 18:00:00,4136001,Mx2yZCDsyf6DPfv,59.48,31.206666666666663,59.48,57.8545042647017,52.04948333333338,35.32565,31.206666666666663,59.48,-28.273333333333333,-0.4753418516027797,0.4753418516027797,1.0,96,False,WITHIN_THRESHOLD
2020-06-17 18:00:00,4136001,NgDl19wMapZy17u,59.51333333333334,32.1,59.51333333333334,56.20662238671586,52.89789285714291,35.32565,32.1,59.51333333333334,-27.41333333333334,-0.4606250700123222,0.4606250700123222,1.0,129,False,WITHIN_THRESHOLD
2020-06-17 18:00:00,4136001,PeE6FRyGXUgsRhN,58.06000000000001,30.25333333333333,58.06000000000001,55.64644240985172,52.054752380952415,35.811115,30.25333333333333,58.06000000000001,-27.80666666666668,-0.4789298426914687,0.4789298426914687,1.0050898489883968,130,False,WITHIN_THRESHOLD
2020-06-17 18:00:00,4136001,Qf4GUc1pJu5T6c6,58.68,30.28,58.68,55.73132598211699,52.435892857142896,35.32565,30.28,58.68,-28.4,-0.48398091342876615,0.48398091342876615,1.0,91,False,WITHIN_THRESHOLD
2020-06-17 18:00:00,4136001,V94E5Ben1TlhnDV,59.08666666666667,30.386666666666667,59.08666666666667,56.22238261453893,51.683580952381,35.811115,30.386666666666667,59.08666666666667,-28.700000000000006,-0.48572718041295276,0.48572718041295276,1.0842639735182622,98,False,WITHIN_THRESHOLD
2020-06-17 18:00:00,4136001,WcxssY2VbP4hApt,60.1,32.06,60.1,57.28267587263012,52.20182619047624,35.32565,32.06,60.1,-28.04,-0.4665557404326123,0.4665557404326123,0.8131277317394211,142,False,WITHIN_THRESHOLD
2020-06-17 18:00:00,4136001,mqwcsP2rE7J0TFp,59.67333333333335,32.26666666666667,59.67333333333335,57.10535817298605,53.00350238095243,35.32565,32.26666666666667,59.67333333333335,-27.40666666666668,-0.4592782929281645,0.4592782929281645,1.0188512076579566,137,False,WITHIN_THRESHOLD
2020-06-17 18:00:00,4136001,oZ35aAeoifZaQzV,60.86666666666667,31.28,60.86666666666667,56.906199477519934,52.52699285714291,35.32565,31.28,60.86666666666667,-29.586666666666666,-0.48608981380065713,0.48608981380065713,1.0,97,False,WITHIN_THRESHOLD
2020-06-17 18:00:00,4136001,oZZkBaNadn6DNKz,60.04666666666667,30.96666666666667,60.04666666666667,57.13758125925632,52.03232619047624,35.811115,30.96666666666667,60.04666666666667,-29.08,-0.4842899966692572,0.4842899966692572,1.1151183176572743,114,False,WITHIN_THRESHOLD
2020-06-17 18:00:00,4136001,q49J1IKaHRwDQnt,58.886666666666656,31.706666666666667,58.886666666666656,55.91693861527273,52.221747619047655,35.32565,31.706666666666667,58.886666666666656,-27.17999999999999,-0.4615645873429185,0.4615645873429185,0.8617696945001074,143,False,WITHIN_THRESHOLD
2020-06-17 18:00:00,4136001,rrq4fwE8jgrTyWY,55.56666666666667,29.98,55.56666666666667,52.64282454859551,51.024766666666736,35.32565,29.98,55.56666666666667,-25.58666666666667,-0.46046790641871627,0.46046790641871627,1.0,135,False,WITHIN_THRESHOLD
2020-06-17 18:00:00,4136001,vOuJvMaM2sgwLmb,60.193333333333335,31.986666666666668,60.193333333333335,57.25015180555085,52.04482619047624,35.811115,31.986666666666668,60.193333333333335,-28.206666666666667,-0.4686011739949053,0.4686011739949053,0.7896224826398267,142,False,WITHIN_THRESHOLD
2020-06-17 18:00:00,4136001,xMbIugepa2P7lBB,59.48,31.9,59.48,56.064492571396485,52.48390952380957,35.32565,31.9,59.48,-27.58,-0.4636852723604573,0.4636852723604573,0.9823653995011609,129,False,WITHIN_THRESHOLD
2020-06-17 18:00:00,4136001,xoJJ8DcxJEcupym,59.453333333333326,31.29333333333333,59.453333333333326,57.14066176353418,52.109140476190525,35.811115,31.29333333333333,59.453333333333326,-28.159999999999997,-0.4736488001794124,0.4736488001794124,0.8195700732505016,143,False,WITHIN_THRESHOLD
